,WT 21504029,R190W 21408046,R594Q 21615057,JLNS 21712024
Time,WT,LQT1_R190W,LQT1_R594Q,Compound JLNS
0,-76.99279785,-73.93188477,-76.77001953,-79.5715332
0.200000003,-76.98059082,-73.92883301,-76.74255371,-79.59594727
0.400000006,-76.9744873,-73.90136719,-76.73034668,-79.56542969
0.6000000238,-76.97143555,-73.91967773,-76.71813965,-79.55932617
0.8000000119,-76.94702148,-73.93493652,-76.7578125,-79.54711914
1,-76.91650391,-73.89831543,-76.75476074,-79.60510254
1.200000048,-76.88293457,-73.89526367,-76.80358887,-79.55627441
1.399999976,-76.8737793,-73.89831543,-76.81274414,-79.56542969
1.600000024,-76.85241699,-73.8861084,-76.83410645,-79.52575684
1.799999952,-76.87988281,-73.87084961,-76.86462402,-79.55627441
2,-76.84020996,-73.85253906,-76.84631348,-79.54406738
2.200000048,-76.84936523,-73.87390137,-76.8371582,-79.5715332
2.400000095,-76.80969238,-73.84643555,-76.88903809,-79.58374023
2.599999905,-76.81884766,-73.828125,-76.84326172,-79.55932617
2.799999952,-76.75476074,-73.81896973,-76.91650391,-79.55932617
3,-76.77001953,-73.82507324,-76.97753906,-79.6295166
3.200000048,-76.73950195,-73.80065918,-76.99279785,-79.62036133
3.400000095,-76.71508789,-73.80065918,-77.02026367,-79.62341309
3.599999905,-76.74560547,-73.76098633,-76.93786621,-79.59594727
3.799999952,-76.73339844,-73.78234863,-76.95007324,-79.62341309
4,-76.7364502,-73.7701416,-76.97753906,-79.63562012
4.199999809,-76.70288086,-73.77319336,-76.94702148,-79.71191406
4.400000095,-76.68457031,-73.76098633,-76.94091797,-79.65698242
4.599999905,-76.6204834,-73.7487793,-76.96228027,-79.6295166
4.800000191,-76.58996582,-73.74267578,-77.00500488,-79.63562012
5,-76.63574219,-73.73962402,-77.03857422,-79.6295166
5.199999809,-76.61132813,-73.7487793,-77.02331543,-79.6661377
5.400000095,-76.59912109,-73.71826172,-77.01416016,-79.64172363
5.599999905,-76.5625,-73.74267578,-77.04772949,-79.57763672
5.800000191,-76.59301758,-73.72131348,-77.02941895,-79.58374023
6,-76.53808594,-73.72741699,-77.12097168,-79.60510254
6.199999809,-76.5045166,-73.73046875,-77.08435059,-79.66308594
6.400000095,-76.53808594,-73.73657227,-77.00195313,-79.61425781
6.599999905,-76.45263672,-73.75488281,-77.02636719,-79.62036133
6.800000191,-76.44348145,-73.72741699,-77.08129883,-79.59594727
7,-76.4831543,-73.72436523,-77.0904541,-79.66003418
7.199999809,-76.45263672,-73.70300293,-77.01721191,-79.71191406
7.400000095,-76.45568848,-73.69689941,-77.00805664,-79.67834473
7.599999905,-76.46179199,-73.67248535,-77.03857422,-79.65698242
7.800000191,-76.42822266,-73.70605469,-77.05078125,-79.66308594
8,-76.40380859,-73.67553711,-77.11791992,-79.72412109
8.199999809,-76.39465332,-73.66333008,-77.14233398,-79.70275879
8.399999619,-76.35192871,-73.66943359,-77.13012695,-79.61425781
8.600000381,-76.3458252,-73.67248535,-77.15759277,-79.6295166
8.800000191,-76.31530762,-73.66638184,-77.15454102,-79.69970703
9,-76.2878418,-73.64807129,-77.12097168,-79.64477539
9.199999809,-76.31835938,-73.66943359,-77.10266113,-79.69665527
9.399999619,-76.26953125,-73.64501953,-77.16674805,-79.64782715
9.600000381,-76.27563477,-73.6541748,-77.11791992,-79.67529297
9.800000191,-76.25427246,-73.64501953,-77.10266113,-79.62341309
10,-76.26342773,-73.64196777,-77.10266113,-79.64477539
10.19999981,-76.27868652,-73.62670898,-77.1484375,-79.67224121
10.39999962,-76.24816895,-73.62670898,-77.14538574,-79.67224121
10.60000038,-76.24511719,-73.59008789,-77.11791992,-79.6295166
10.80000019,-76.27563477,-73.61450195,-77.10876465,-79.67224121
11,-76.22680664,-73.59924316,-77.14233398,-79.64782715
11.19999981,-76.20544434,-73.60839844,-77.11181641,-79.63256836
11.39999962,-76.16577148,-73.60229492,-77.0904541,-79.55322266
11.60000038,-76.18713379,-73.59313965,-77.10571289,-79.50134277
11.80000019,-76.21765137,-73.57177734,-77.0690918,-79.58984375
12,-76.18408203,-73.57177734,-77.05688477,-79.5501709
12.19999981,-76.14440918,-73.62060547,-77.0690918,-79.58984375
12.39999962,-76.16271973,-73.59619141,-77.07214355,-79.63256836
12.60000038,-76.15356445,-73.60229492,-77.03552246,-79.58984375
12.80000019,-76.20849609,-73.59313965,-76.99890137,-79.57763672
13,-76.12304688,-73.55957031,-77.0324707,-79.60510254
13.19999981,-76.17797852,-73.57788086,-76.98974609,-79.56542969
13.39999962,-76.15356445,-73.54736328,-76.95617676,-79.51965332
13.60000038,-76.08642578,-73.58398438,-76.99584961,-79.60510254
13.80000019,-76.08337402,-73.5534668,-76.98059082,-79.58679199
14,-76.10473633,-73.57788086,-76.96533203,-79.56542969
14.19999981,-76.13830566,-73.55041504,-77.02941895,-79.58679199
14.39999962,-76.04370117,-73.53820801,-77.04467773,-79.61120605
14.60000038,-76.11694336,-73.54736328,-76.96533203,-79.58068848
14.80000019,-76.08337402,-73.55041504,-76.91955566,-79.44641113
15,-76.10778809,-73.50769043,-76.953125,-79.46777344
15.19999981,-76.09558105,-73.54736328,-76.96228027,-79.55322266
15.39999962,-76.08947754,-73.54736328,-76.89208984,-79.55322266
15.60000038,-76.0559082,-73.54125977,-76.89208984,-79.57458496
15.80000019,-72.4395752,-70.82519531,-68.98803711,-73.34289551
16,-65.36865234,-66.57409668,-48.70605469,-57.74841309
16.20000076,-61.34338379,-63.79394531,-40.1184082,-51.0345459
16.39999962,-57.44018555,-61.02905273,-34.85412598,-46.85058594
16.60000038,-53.62243652,-58.32519531,-30.46569824,-43.29223633
16.79999924,-49.77722168,-55.6640625,-26.26953125,-39.81628418
17,-45.99304199,-52.98156738,-22.12524414,-36.38305664
17.20000076,-42.22717285,-50.32043457,-18.06335449,-33.03527832
17.39999962,-38.46130371,-47.65014648,-13.89160156,-29.62036133
17.60000038,-34.53979492,-45.01647949,-9.671020508,-26.19934082
17.79999924,-33.7097168,-44.98291016,-12.89978027,-28.6895752
18,-35.15014648,-46.17919922,-27.28271484,-40.00244141
18.20000076,-31.72302246,-46.0144043,-27.5390625,-41.88842773
18.39999962,-20.60852051,-45.78552246,-12.12768555,-40.33203125
18.60000038,18.64013672,-45.4498291,23.50769043,-36.04736328
18.79999924,43.44177246,-45.1385498,41.94030762,-18.71643066
19,48.3795166,-44.75708008,47.76916504,18.75610352
19.20000076,49.80163574,-44.25048828,49.75891113,36.59362793
19.39999962,50.53405762,-43.67370605,50.56762695,42.2088623
19.60000038,51.04675293,-42.97180176,50.93383789,44.52819824
19.79999924,51.4831543,-42.11120605,51.11694336,45.92895508
20,51.87683105,-41.00036621,51.2298584,47.0123291
20.20000076,52.19421387,-39.19067383,51.33056641,47.82409668
20.39999962,52.49938965,-33.84094238,51.39160156,48.51989746
20.60000038,52.68249512,-6.503295898,51.4465332,49.08447266
20.79999924,52.8503418,49.16992188,51.51977539,49.56970215
21,52.99377441,55.71899414,51.51367188,49.97253418
21.20000076,53.16467285,56.12182617,51.51367188,50.28381348
21.39999962,53.23791504,56.2713623,51.4465332,50.52185059
21.60000038,53.27758789,56.34155273,51.39465332,50.70495605
21.79999924,53.32336426,56.39648438,51.33972168,50.88500977
22,53.35388184,56.4239502,51.24511719,51.06811523
22.20000076,53.35998535,56.46362305,51.24206543,51.19018555
22.39999962,53.34472656,56.4666748,51.22375488,51.29089355
22.60000038,53.33862305,56.43615723,51.13830566,51.3458252
22.79999924,53.28674316,56.45446777,51.04370117,51.3885498
23,53.24401855,56.42089844,50.97045898,51.40380859
23.20000076,53.19519043,56.33850098,50.97045898,51.46484375
23.39999962,53.15246582,56.30187988,50.88500977,51.52282715
23.60000038,53.11584473,56.22558594,50.86975098,51.58081055
23.79999924,53.00598145,56.17980957,50.79040527,51.6204834
24,52.89001465,56.08215332,50.7232666,51.69067383
24.20000076,52.81066895,56.02416992,50.65307617,51.70898438
24.39999962,52.74963379,55.88684082,50.60119629,51.68762207
24.60000038,52.68859863,55.79223633,50.54931641,51.68457031
24.79999924,52.5970459,55.68237305,50.53710938,51.6784668
25,52.5390625,55.60913086,50.48828125,51.61437988
25.20000076,52.39257813,55.49316406,50.41809082,51.61437988
25.39999962,52.26135254,55.40161133,50.28991699,51.54418945
25.60000038,52.16064453,55.33752441,50.27160645,51.48620605
25.79999924,52.07519531,55.20019531,50.22277832,51.44348145
26,51.96533203,55.09338379,50.04882813,51.39770508
26.20000076,51.82495117,54.9407959,50.01831055,51.31225586
26.39999962,51.79443359,54.83703613,49.96948242,51.20239258
26.60000038,51.66320801,54.71801758,49.92980957,51.1505127
26.79999924,51.58691406,54.61425781,49.81384277,51.08947754
27,51.51062012,54.48303223,49.78637695,51.12609863
27.20000076,51.3671875,54.35791016,49.72229004,51.04064941
27.39999962,51.29699707,54.26635742,49.75280762,50.96130371
27.60000038,51.21765137,54.10766602,49.75891113,50.8605957
27.79999924,51.13220215,54.01306152,49.66125488,50.77514648
28,51.05285645,53.86657715,49.61242676,50.74768066
28.20000076,50.97351074,53.75671387,49.56665039,50.65307617
28.39999962,50.8605957,53.60412598,49.54223633,50.52490234
28.60000038,50.7598877,53.515625,49.45678711,50.47912598
28.79999924,50.69274902,53.41796875,49.37438965,50.44250488
29,50.61035156,53.30200195,49.35913086,50.4699707
29.20000076,50.53405762,53.18603516,49.25842285,50.4119873
29.39999962,50.46691895,53.04260254,49.21569824,50.32958984
29.60000038,50.46691895,52.93273926,49.14245605,50.25024414
29.79999924,50.39367676,52.78930664,49.1607666,50.1739502
30,50.2746582,52.64892578,49.0814209,50.11901855
30.20000076,50.21972656,52.55737305,49.0234375,50.06408691
30.39999962,50.09460449,52.46582031,48.91357422,50.02441406
30.60000038,50.09155273,52.34375,48.89526367,49.9206543
30.79999924,50.01220703,52.18200684,48.83728027,49.78027344
31,49.86572266,52.08740234,48.73962402,49.78637695
31.20000076,49.83825684,51.95007324,48.75793457,49.76196289
31.39999962,49.83520508,51.85241699,48.73352051,49.77111816
31.60000038,49.76196289,51.73950195,48.73962402,49.73144531
31.79999924,49.65515137,51.61743164,48.67553711,49.6887207
32,49.57580566,51.51672363,48.62670898,49.57885742
32.20000076,49.54528809,51.37939453,48.56872559,49.57275391
32.40000153,49.43237305,51.24206543,48.56567383,49.54833984
32.59999847,49.35913086,51.14135742,48.45581055,49.51477051
32.79999924,49.29504395,51.00708008,48.38256836,49.47509766
33,49.24621582,50.92468262,48.38256836,49.48120117
33.20000076,49.16687012,50.79650879,48.34594727,49.52087402
33.40000153,49.09362793,50.70495605,48.30322266,49.45068359
33.59999847,49.01733398,50.59204102,48.33679199,49.3927002
33.79999924,48.96240234,50.51574707,48.28186035,49.38354492
34,48.94714355,50.39672852,48.26049805,49.32556152
34.20000076,48.89221191,50.28381348,48.23608398,49.33166504
34.40000153,48.79455566,50.1953125,48.2421875,49.30725098
34.59999847,48.76708984,50.07019043,48.25134277,49.30114746
34.79999924,48.67553711,49.94812012,48.1628418,49.28894043
35,48.62060547,49.83215332,48.13232422,49.23706055
35.20000076,48.56262207,49.71008301,48.15673828,49.18518066
35.40000153,48.47106934,49.59106445,48.05603027,49.11804199
35.59999847,48.48327637,49.4720459,47.96142578,49.03259277
35.79999924,48.41918945,49.3927002,47.94921875,48.98376465
36,48.32458496,49.23400879,47.96142578,48.91357422
36.20000076,48.28186035,49.12109375,47.87597656,48.84338379
36.40000153,48.26049805,49.0447998,47.88513184,48.76098633
36.59999847,48.13842773,48.93188477,47.83630371,48.71826172
36.79999924,48.11096191,48.828125,47.84545898,48.64807129
37,48.05297852,48.68164063,47.7935791,48.5748291
37.20000076,48.00109863,48.56872559,47.75085449,48.54431152
37.40000153,47.90649414,48.48022461,47.73254395,48.47106934
37.59999847,47.82714844,48.3795166,47.69592285,48.40698242
37.79999924,47.77526855,48.27270508,47.69287109,48.33679199
38,47.6776123,48.17199707,47.64099121,48.35205078
38.20000076,47.62573242,48.03771973,47.56164551,48.25439453
38.40000153,47.5402832,47.94616699,47.56164551,48.14147949
38.59999847,47.45788574,47.84240723,47.47314453,48.03771973
38.79999924,47.3815918,47.72644043,47.45178223,48.03161621
39,47.35107422,47.64099121,47.43347168,47.93395996
39.20000076,47.31445313,47.5402832,47.43652344,47.86071777
39.40000153,47.31140137,47.44873047,47.39074707,47.88513184
39.59999847,47.27783203,47.34802246,47.35717773,47.8729248
39.79999924,47.23510742,47.22900391,47.33581543,47.7722168
40,47.17712402,47.13439941,47.27478027,47.72644043
40.20000076,47.1496582,47.03674316,47.28088379,47.66235352
40.40000153,47.10388184,46.90856934,47.2442627,47.69287109
40.59999847,47.0123291,46.80480957,47.18933105,47.66540527
40.79999924,46.98181152,46.69799805,47.18322754,47.68981934
41,46.96350098,46.6003418,47.12219238,47.67150879
41.20000076,46.90856934,46.47521973,47.05505371,47.65014648
41.40000153,46.87805176,46.35620117,47.04284668,47.60437012
41.59999847,46.85668945,46.25854492,47.08557129,47.57080078
41.79999924,46.79260254,46.20056152,46.99707031,47.5402832
42,46.80480957,46.11206055,46.97265625,47.51586914
42.20000076,46.76208496,45.99914551,46.9329834,47.52197266
42.40000153,46.71936035,45.91369629,46.93603516,47.50366211
42.59999847,46.69799805,45.79162598,46.91467285,47.4029541
42.79999924,46.59729004,45.68481445,46.8170166,47.37243652
43,46.59729004,45.57800293,46.76208496,47.43652344
43.20000076,46.52709961,45.48950195,46.68273926,47.33886719
43.40000153,46.51489258,45.37658691,46.70410156,47.28088379
43.59999847,46.46911621,45.2911377,46.61560059,47.23205566
43.79999924,46.42944336,45.1385498,46.58203125,47.20153809
44,46.35314941,45.05004883,46.51794434,47.15576172
44.20000076,46.30737305,44.96765137,46.49047852,47.10998535
44.40000153,46.26464844,44.84558105,46.38977051,47.10388184
44.59999847,46.23718262,44.74487305,46.33483887,47.08251953
44.79999924,46.15478516,44.62280273,46.29211426,46.9909668
45,46.1151123,44.54650879,46.19750977,46.94213867
45.20000076,46.06628418,44.43054199,46.16088867,46.8963623
45.40000153,46.01135254,44.3359375,46.15478516,46.83532715
45.59999847,45.93200684,44.2565918,46.02050781,46.7590332
45.79999924,45.85571289,44.13452148,45.97167969,46.70715332
46,45.83435059,44.03686523,45.95336914,46.67358398
46.20000076,45.80993652,43.95751953,45.97167969,46.63696289
46.40000153,45.77331543,43.84765625,45.86486816,46.59423828
46.59999847,45.62683105,43.76831055,45.85571289,46.52404785
46.79999924,45.5871582,43.65539551,45.78552246,46.51184082
47,45.54748535,43.56689453,45.68481445,46.42333984
47.20000076,45.47424316,43.47229004,45.6451416,46.4050293
47.40000153,45.38879395,43.37463379,45.62683105,46.36535645
47.59999847,45.34606934,43.30749512,45.65124512,46.29211426
47.79999924,45.35217285,43.1854248,45.59631348,46.2097168
48,45.28808594,43.10302734,45.47729492,46.14562988
48.20000076,45.23925781,43.00842285,45.41320801,46.06018066
48.40000153,45.12329102,42.89855957,45.37963867,46.04492188
48.59999847,45.01037598,42.7947998,45.36743164,45.99914551
48.79999924,44.93103027,42.67272949,45.33081055,45.94421387
49,44.85168457,42.58117676,45.29724121,45.8190918
49.20000076,44.81506348,42.48657227,45.27893066,45.82519531
49.40000153,44.75402832,42.38891602,45.18127441,45.82824707
49.59999847,44.71435547,42.26074219,45.18737793,45.81604004
49.79999924,44.6685791,42.16003418,45.1965332,45.70922852
50,44.6105957,42.02270508,45.11108398,45.67565918
50.20000076,44.5098877,41.88537598,45.0378418,45.67260742
50.40000153,44.44580078,41.77856445,45.01342773,45.54443359
50.59999847,44.34204102,41.61987305,44.97375488,45.52307129
50.79999924,44.29016113,41.47033691,44.9005127,45.46813965
51,44.21691895,41.3482666,44.86694336,45.40100098
51.20000076,44.2199707,41.18041992,44.84863281,45.36437988
51.40000153,44.13452148,41.07666016,44.77233887,45.33691406
51.59999847,44.01550293,40.96069336,44.77233887,45.30029297
51.79999924,43.93005371,40.83251953,44.73876953,45.20874023
52,43.86291504,40.70129395,44.67773438,45.04394531
52.20000076,43.82019043,40.59143066,44.54956055,45.02563477
52.40000153,43.74694824,40.45410156,44.53430176,45.01647949
52.59999847,43.6920166,40.34118652,44.52209473,44.91882324
52.79999924,43.61877441,40.23132324,44.51904297,44.82421875
53,43.58520508,40.0604248,44.46105957,44.7845459
53.20000076,43.54858398,39.94750977,44.50073242,44.78759766
53.40000153,43.42041016,39.82849121,44.49768066,44.75097656
53.59999847,43.35327148,39.70336914,44.38171387,44.6685791
53.79999924,43.29528809,39.57824707,44.34204102,44.68078613
54,43.21289063,39.46228027,44.29321289,44.60449219
54.20000076,43.15795898,39.33105469,44.22302246,44.60754395
54.40000153,43.09082031,39.1998291,44.17724609,44.59533691
54.59999847,43.00842285,39.05944824,44.15283203,44.5098877
54.79999924,42.95959473,38.96789551,44.12231445,44.41223145
55,42.89855957,38.8671875,44.05517578,44.38171387
55.20000076,42.79174805,38.72680664,44.02770996,44.32678223
55.40000153,42.73376465,38.60473633,44.01245117,44.25354004
55.59999847,42.67272949,38.48266602,43.93310547,44.19250488
55.79999924,42.58117676,38.33312988,43.8873291,44.15283203
56,42.50183105,38.21105957,43.85375977,44.00634766
56.20000076,42.41638184,38.07373047,43.87512207,43.95446777
56.40000153,42.34924316,37.96691895,43.77746582,43.90869141
56.59999847,42.25769043,37.82653809,43.72558594,43.86901855
56.79999924,42.19055176,37.74719238,43.6706543,43.78356934
57,42.08984375,37.64953613,43.59130859,43.70117188
57.20000076,42.01660156,37.48474121,43.59436035,43.60351563
57.40000153,41.91894531,37.33520508,43.56384277,43.64318848
57.59999847,41.88842773,37.19482422,43.48144531,43.53637695
57.79999924,41.77856445,37.07275391,43.46923828,43.45092773
58,41.69921875,36.93847656,43.41430664,43.38989258
58.20000076,41.63818359,36.8347168,43.32885742,43.33190918
58.40000153,41.50390625,36.67907715,43.32275391,43.3380127
58.59999847,41.42456055,36.59057617,43.1640625,43.23425293
58.79999924,41.33605957,36.45324707,43.06945801,43.20068359
59,41.30554199,36.35253906,42.97790527,43.16101074
59.20000076,41.2109375,36.22131348,42.9473877,43.10302734
59.40000153,41.16210938,36.10229492,42.92602539,43.02978516
59.59999847,41.07666016,36.00463867,42.89550781,42.98706055
59.79999924,40.96679688,35.89477539,42.81921387,42.93212891
60,40.92712402,35.77880859,42.71240234,42.87414551
60.20000076,40.83862305,35.70556641,42.64831543,42.84057617
60.40000153,40.71655273,35.6262207,42.57202148,42.81616211
60.59999847,40.63110352,35.52246094,42.54150391,42.76733398
60.79999924,40.53955078,35.40344238,42.51708984,42.68798828
61,40.48156738,35.25085449,42.41638184,42.62084961
61.20000076,40.38085938,35.12268066,42.37365723,42.54760742
61.40000153,40.27404785,35.01281738,42.31872559,42.50793457
61.59999847,40.22521973,34.90905762,42.23937988,42.43164063
61.79999924,40.08789063,34.78393555,42.1661377,42.38586426
62,40.03601074,34.64050293,42.13256836,42.30651855
62.20000076,39.97802734,34.51538086,42.06237793,42.23937988
62.40000153,39.98413086,34.40856934,41.9342041,42.23632813
62.59999847,39.87121582,34.26513672,41.90673828,42.20275879
62.79999924,39.81323242,34.12475586,41.84570313,42.16003418
63,39.83459473,34.03015137,41.7388916,42.1081543
63.20000076,39.73693848,33.8684082,41.76330566,42.03491211
63.40000153,39.6484375,33.72802734,41.6595459,41.97998047
63.59999847,39.55383301,33.62426758,41.59240723,41.94641113
63.79999924,39.49890137,33.43200684,41.53442383,41.90673828
64,39.44091797,33.33740234,41.49780273,41.81518555
64.19999695,39.35546875,33.17871094,41.41540527,41.76635742
64.40000153,39.27612305,33.06274414,41.34521484,41.77246094
64.59999847,39.1784668,32.97119141,41.31469727,41.74804688
64.80000305,39.12353516,32.84301758,41.21704102,41.63818359
65,38.99536133,32.71179199,41.21398926,41.6015625
65.19999695,38.93737793,32.62023926,41.11022949,41.54968262
65.40000153,38.85498047,32.49816895,40.9942627,41.47644043
65.59999847,38.78479004,32.40661621,40.93017578,41.3482666
65.80000305,38.69018555,32.2479248,40.83251953,41.33911133
66,38.64135742,32.14111328,40.79589844,41.28112793
66.19999695,38.51318359,32.00378418,40.74401855,41.21398926
66.40000153,38.36975098,31.86645508,40.77453613,41.16210938
66.59999847,38.33007813,31.71081543,40.67687988,41.10107422
66.80000305,38.21411133,31.60400391,40.52734375,41.015625
67,38.13171387,31.48193359,40.44494629,40.89355469
67.19999695,37.98522949,31.37512207,40.37475586,40.86914063
67.40000153,37.90893555,31.22253418,40.28930664,40.84777832
67.59999847,37.7746582,31.11572266,40.21911621,40.78979492
67.80000305,37.7166748,30.95397949,40.22827148,40.68908691
68,37.59765625,30.81359863,40.12145996,40.63720703
68.19999695,37.51525879,30.72509766,39.94750977,40.58837891
68.40000153,37.4420166,30.59692383,39.84985352,40.55175781
68.59999847,37.31079102,30.44128418,39.82849121,40.46325684
68.80000305,37.14599609,30.28869629,39.79492188,40.43884277
69,37.07275391,30.16357422,39.69421387,40.40222168
69.19999695,36.99035645,30.00488281,39.60266113,40.27404785
69.40000153,36.88659668,29.85839844,39.59350586,40.28015137
69.59999847,36.83166504,29.7088623,39.49584961,40.2557373
69.80000305,36.71569824,29.61730957,39.47753906,40.14892578
70,36.61499023,29.47692871,39.44396973,40.13671875
70.19999695,36.56311035,29.35791016,39.38903809,40.1184082
70.40000153,36.48986816,29.22058105,39.33410645,39.97497559
70.59999847,36.44104004,29.11376953,39.24865723,39.94445801
70.80000305,36.36169434,29.01000977,39.21813965,39.94140625
71,36.24572754,28.93981934,39.13574219,39.92004395
71.19999695,36.17553711,28.80859375,39.13574219,39.84375
71.40000153,36.1114502,28.69567871,39.15100098,39.7277832
71.59999847,36.05957031,28.55224609,39.12353516,39.74609375
71.80000305,35.99853516,28.46069336,39.08691406,39.70031738
72,35.83679199,28.33251953,38.96789551,39.67590332
72.19999695,35.7421875,28.18908691,38.9251709,39.55688477
72.40000153,35.65063477,28.07617188,38.83361816,39.52331543
72.59999847,35.57128906,28.0090332,38.73291016,39.48059082
72.80000305,35.49194336,27.88696289,38.65356445,39.41955566
73,35.41259766,27.76794434,38.5559082,39.34936523
73.19999695,35.29052734,27.64892578,38.51013184,39.31884766
73.40000153,35.18371582,27.49328613,38.49487305,39.24865723
73.59999847,35.09521484,27.38037109,38.42468262,39.2791748
73.80000305,35.02197266,27.27355957,38.26293945,39.21813965
74,34.95788574,27.14538574,38.16223145,39.18457031
74.19999695,34.84802246,27.03552246,38.06152344,39.09912109
74.40000153,34.77172852,26.91650391,37.98828125,39.01367188
74.59999847,34.67102051,26.7791748,37.92114258,38.97094727
74.80000305,34.56726074,26.67236328,37.90283203,38.99841309
75,34.42993164,26.46789551,37.83569336,38.94348145
75.19999695,34.36889648,26.33972168,37.78991699,38.90991211
75.40000153,34.24682617,26.15966797,37.72277832,38.85803223
75.59999847,34.16137695,26.07421875,37.67700195,38.83361816
75.80000305,34.03015137,25.93994141,37.59155273,38.7878418
76,33.95080566,25.79650879,37.51831055,38.7298584
76.19999695,33.84094238,25.66223145,37.49084473,38.63830566
76.40000153,33.74328613,25.50048828,37.47253418,38.58947754
76.59999847,33.67614746,25.32958984,37.46337891,38.55895996
76.80000305,33.56933594,25.15258789,37.38098145,38.42468262
77,33.43811035,24.98474121,37.33825684,38.43688965
77.19999695,33.34960938,24.81384277,37.29248047,38.36364746
77.40000153,33.25805664,24.66125488,37.2467041,38.35144043
77.59999847,33.203125,24.55749512,37.109375,38.33618164
77.80000305,33.05664063,24.40185547,37.17041016,38.25378418
78,32.96813965,24.23400879,37.10021973,38.21716309
78.19999695,32.88269043,24.12109375,37.02087402,38.11340332
78.40000153,32.83081055,23.95629883,36.89575195,38.03710938
78.59999847,32.65686035,23.82507324,36.82861328,37.93029785
78.80000305,32.57446289,23.66333008,36.74316406,37.92724609
79,32.49511719,23.51379395,36.6027832,37.89978027
79.19999695,32.38220215,23.36730957,36.51428223,37.78991699
79.40000153,32.33337402,23.23303223,36.48986816,37.7532959
79.59999847,32.31506348,23.06213379,36.41357422,37.66479492
79.80000305,32.17468262,22.89428711,36.328125,37.65563965
80,32.05566406,22.73254395,36.26708984,37.59155273
80.19999695,31.96105957,22.58300781,36.22741699,37.5579834
80.40000153,31.89697266,22.40600586,36.16333008,37.53051758
80.59999847,31.78405762,22.25036621,36.1328125,37.43591309
80.80000305,31.73522949,22.09777832,36.0534668,37.39013672
81,31.63146973,21.9329834,35.96191406,37.36572266
81.19999695,31.49108887,21.78649902,35.91003418,37.29858398
81.40000153,31.39038086,21.63696289,35.80627441,37.22839355
81.59999847,31.31713867,21.49658203,35.75439453,37.22229004
81.80000305,31.18896484,21.33789063,35.66589355,37.16125488
82,31.08215332,21.18835449,35.55603027,37.13378906
82.19999695,30.95703125,21.0723877,35.50720215,37.07275391
82.40000153,30.81665039,20.89538574,35.50109863,37.01477051
82.59999847,30.64880371,20.73364258,35.40649414,36.97509766
82.80000305,30.53588867,20.55664063,35.35461426,36.92321777
83,30.40771484,20.37963867,35.26306152,36.83776855
83.19999695,30.28869629,20.19042969,35.14709473,36.78894043
83.40000153,30.18188477,20.08972168,35.10742188,36.73095703
83.59999847,30.09643555,19.94018555,35.11352539,36.70349121
83.80000305,29.97436523,19.78759766,34.99450684,36.66992188
84,29.91027832,19.62890625,34.9609375,36.57836914
84.19999695,29.81567383,19.48852539,34.89990234,36.53259277
84.40000153,29.72717285,19.37255859,34.78088379,36.5234375
84.59999847,29.6081543,19.2565918,34.73510742,36.42883301
84.80000305,29.51965332,19.13452148,34.69543457,36.30981445
85,29.40979004,19.00634766,34.63134766,36.26708984
85.19999695,29.27246094,18.87817383,34.45739746,36.14196777
85.40000153,29.18395996,18.7286377,34.39331055,36.12365723
85.59999847,29.05273438,18.58520508,34.30175781,36.09619141
85.80000305,28.90930176,18.40209961,34.17358398,36.04125977
86,28.7902832,18.2220459,34.11254883,36.01989746
86.19999695,28.65905762,18.05725098,34.1003418,35.92224121
86.40000153,28.5736084,17.93823242,33.97827148,35.90087891
86.59999847,28.4942627,17.74597168,33.87145996,35.84289551
86.80000305,28.33557129,17.5994873,33.79211426,35.73913574
87,28.19213867,17.45910645,33.72192383,35.74523926
87.19999695,28.06396484,17.32177734,33.64562988,35.6842041
87.40000153,27.92663574,17.14172363,33.55102539,35.6048584
87.59999847,27.78320313,16.95556641,33.46252441,35.5255127
87.80000305,27.64587402,16.77856445,33.31604004,35.43395996
88,27.54516602,16.63818359,33.26416016,35.31799316
88.19999695,27.39868164,16.46728516,33.19396973,35.25695801
88.40000153,27.23999023,16.30249023,33.07495117,35.15319824
88.59999847,27.0690918,16.18347168,33.06884766,35.09521484
88.80000305,26.90124512,16.05834961,32.9864502,34.99145508
89,26.79443359,15.93322754,32.92236328,34.92126465
89.19999695,26.65100098,15.77453613,32.90100098,34.83581543
89.40000153,26.53198242,15.62194824,32.86132813,34.75036621
89.59999847,26.40991211,15.43579102,32.81555176,34.6862793
89.80000305,26.26037598,15.28625488,32.76062012,34.61608887
90,26.14440918,15.10009766,32.70568848,34.55505371
90.19999695,26.04064941,14.86206055,32.65991211,34.44824219
90.40000153,25.84533691,14.70947266,32.55615234,34.37194824
90.59999847,25.7019043,14.54162598,32.45544434,34.33227539
90.80000305,25.57067871,14.34326172,32.38830566,34.30480957
91,25.37841797,14.15710449,32.2265625,34.25292969
91.19999695,25.32958984,14.02282715,32.22961426,34.18273926
91.40000153,25.12512207,13.81835938,32.23876953,34.12475586
91.59999847,25.00915527,13.63525391,32.1685791,34.05151367
91.80000305,24.82910156,13.46130371,32.0892334,34.01184082
92,24.71618652,13.2598877,32.00073242,33.92028809
92.19999695,24.5880127,13.04931641,31.93359375,33.81347656
92.40000153,24.39575195,12.85095215,31.95800781,33.80432129
92.59999847,24.28283691,12.6739502,31.91223145,33.78601074
92.80000305,24.10888672,12.50610352,31.91833496,33.72802734
93,23.98986816,12.34741211,31.84509277,33.57849121
93.19999695,23.85253906,12.17651367,31.77185059,33.55712891
93.40000153,23.6907959,11.96594238,31.69555664,33.42895508
93.59999847,23.46191406,11.76147461,31.59179688,33.47473145
93.80000305,23.32763672,11.53564453,31.50939941,33.38012695
94,23.14147949,11.39526367,31.4239502,33.30993652
94.19999695,22.9888916,11.20605469,31.33239746,33.24890137
94.40000153,22.81494141,10.98632813,31.25610352,33.16955566
94.59999847,22.69897461,10.80932617,31.1706543,33.12683105
94.80000305,22.52502441,10.64758301,31.16760254,33.05664063
95,22.31750488,10.44616699,31.11572266,33.05358887
95.19999695,22.16186523,10.24169922,30.96618652,32.98034668
95.40000153,21.96044922,10.03112793,30.87158203,32.85217285
95.59999847,21.78955078,9.826660156,30.73425293,32.78198242
95.80000305,21.60949707,9.649658203,30.68847656,32.70874023
96,21.4630127,9.451293945,30.65185547,32.62939453
96.19999695,21.25549316,9.271240234,30.6060791,32.56225586
96.40000153,21.13037109,9.030151367,30.50231934,32.56530762
96.59999847,20.90454102,8.85925293,30.41381836,32.47680664
96.80000305,20.77026367,8.657836914,30.3314209,32.40661621
97,20.59936523,8.46862793,30.23071289,32.3059082
97.19999695,20.42541504,8.276367188,30.05981445,32.25402832
97.40000153,20.31860352,8.081054688,29.93469238,32.18383789
97.59999847,20.02868652,7.925415039,29.88586426,32.15637207
97.80000305,19.86999512,7.71484375,29.8034668,32.07702637
98,19.71740723,7.464599609,29.69970703,32.08007813
98.19999695,19.51599121,7.235717773,29.62341309,31.9519043
98.40000153,19.2779541,7.006835938,29.50134277,31.93359375
98.59999847,19.07043457,6.799316406,29.36706543,31.80847168
98.80000305,18.88122559,6.549072266,29.23278809,31.80236816
99,18.68896484,6.323242188,29.1595459,31.78100586
99.19999695,18.57299805,6.085205078,28.9855957,31.75964355
99.40000153,18.33496094,5.850219727,28.85437012,31.68029785
99.59999847,18.18237305,5.609130859,28.83605957,31.64672852
99.80000305,17.93823242,5.346679688,28.68041992,31.57653809
100,17.76428223,5.136108398,28.53088379,31.53076172
100.1999969,17.52319336,4.913330078,28.38439941,31.41479492
100.4000015,17.35534668,4.690551758,28.30810547,31.35070801
100.5999985,17.15393066,4.476928711,28.17687988,31.25
100.8000031,17.03186035,4.244995117,28.0670166,31.20727539
101,16.83654785,4.016113281,27.97546387,31.1126709
101.1999969,16.65039063,3.790283203,27.8717041,31.14929199
101.4000015,16.42456055,3.549194336,27.71606445,31.09130859
101.5999985,16.19873047,3.344726563,27.63366699,31.01806641
101.8000031,15.9942627,3.137207031,27.51464844,30.96923828
102,15.85998535,2.926635742,27.38952637,30.86547852
102.1999969,15.74401855,2.713012695,27.30102539,30.82580566
102.4000015,15.55175781,2.499389648,27.21862793,30.72814941
102.5999985,15.3717041,2.239990234,27.05993652,30.65795898
102.8000031,15.17944336,1.971435547,27.0324707,30.5847168
103,15.0390625,1.739501953,26.89819336,30.55114746
103.1999969,14.90478516,1.519775391,26.64794922,30.51452637
103.4000015,14.74914551,1.29699707,26.6418457,30.47485352
103.5999985,14.52941895,1.052856445,26.57165527,30.37719727
103.8000031,14.34631348,0.8178710938,26.47705078,30.2947998
104,14.11743164,0.5249023438,26.37023926,30.20935059
104.1999969,13.84887695,0.2502441406,26.29394531,30.10864258
104.4000015,13.68408203,-0.01220703125,26.16577148,30.07507324
104.5999985,13.42163086,-0.2777099609,26.00402832,30.04150391
104.8000031,13.24157715,-0.5157470703,25.91247559,29.95605469
105,13.0279541,-0.78125,25.75683594,29.91027832
105.1999969,12.82348633,-0.9887695313,25.63781738,29.86755371
105.4000015,12.60986328,-1.174926758,25.50354004,29.84619141
105.5999985,12.37182617,-1.39465332,25.43640137,29.84619141
105.8000031,12.10632324,-1.641845703,25.32043457,29.76379395
106,11.86828613,-1.907348633,25.20751953,29.69055176
106.1999969,11.63635254,-2.099609375,25.03356934,29.62646484
106.4000015,11.40136719,-2.34375,24.87792969,29.64477539
106.5999985,11.1114502,-2.581787109,24.81079102,29.53186035
106.8000031,10.80932617,-2.822875977,24.65820313,29.51049805
107,10.55603027,-3.076171875,24.53308105,29.49523926
107.1999969,10.28747559,-3.314208984,24.4354248,29.44030762
107.4000015,10.05859375,-3.536987305,24.31335449,29.34570313
107.5999985,9.783935547,-3.756713867,24.21264648,29.26330566
107.8000031,9.47265625,-4.00390625,24.10888672,29.13818359
108,9.201049805,-4.275512695,23.9440918,29.03137207
108.1999969,8.947753906,-4.568481445,23.85864258,29.00085449
108.4000015,8.703613281,-4.809570313,23.71520996,28.91235352
108.5999985,8.471679688,-5.047607422,23.62365723,28.89099121
108.8000031,8.206176758,-5.334472656,23.53210449,28.78417969
109,7.962036133,-5.59387207,23.4161377,28.65600586
109.1999969,7.71484375,-5.813598633,23.23608398,28.55224609
109.4000015,7.485961914,-6.0546875,23.14453125,28.50646973
109.5999985,7.208251953,-6.332397461,23.01330566,28.47290039
109.8000031,6.927490234,-6.564331055,22.92785645,28.39050293
110,6.646728516,-6.781005859,22.84545898,28.23791504
110.1999969,6.356811523,-7.043457031,22.71118164,28.25927734
110.4000015,6.121826172,-7.260131836,22.65014648,28.11584473
110.5999985,5.880737305,-7.476806641,22.57385254,28.07312012
110.8000031,5.548095703,-7.720947266,22.47619629,27.97546387
111,5.279541016,-7.974243164,22.33581543,27.92663574
111.1999969,4.928588867,-8.190917969,22.27783203,27.85949707
111.4000015,4.611206055,-8.428955078,22.19848633,27.70690918
111.5999985,4.275512695,-8.682250977,22.00622559,27.68249512
111.8000031,3.948974609,-8.920288086,21.8963623,27.71911621
112,3.643798828,-9.185791016,21.78649902,27.59094238
112.1999969,3.323364258,-9.432983398,21.64611816,27.47802734
112.4000015,2.996826172,-9.658813477,21.51794434,27.40783691
112.5999985,2.673339844,-9.899902344,21.38061523,27.38952637
112.8000031,2.380371094,-10.16540527,21.23413086,27.25830078
113,2.069091797,-10.42175293,21.08459473,27.24304199
113.1999969,1.669311523,-10.72387695,20.92285156,27.19421387
113.4000015,1.348876953,-11.02905273,20.82519531,27.15148926
113.5999985,1.025390625,-11.29760742,20.67565918,26.99584961
113.8000031,0.7476806641,-11.58752441,20.53833008,26.93786621
114,0.3601074219,-11.90185547,20.40405273,26.82800293
114.1999969,0.05187988281,-12.19787598,20.34606934,26.77001953
114.4000015,-0.2838134766,-12.46643066,20.22399902,26.71203613
114.5999985,-0.6225585938,-12.7532959,20.12329102,26.63269043
114.8000031,-0.8819580078,-13.0279541,20.01037598,26.62353516
115,-1.168823242,-13.29040527,19.88525391,26.56555176
115.1999969,-1.541137695,-13.56506348,19.68994141,26.47094727
115.4000015,-1.867675781,-13.8092041,19.48852539,26.39465332
115.5999985,-2.270507813,-14.09912109,19.38171387,26.3671875
115.8000031,-2.651977539,-14.40734863,19.23828125,26.26342773
116,-2.944946289,-14.63317871,19.10400391,26.14135742
116.1999969,-3.305053711,-14.88037109,19.00634766,26.0559082
116.4000015,-3.674316406,-15.14892578,18.82629395,26.07116699
116.5999985,-4.061889648,-15.40527344,18.62487793,25.97351074
116.8000031,-4.382324219,-15.65551758,18.48144531,25.89416504
117,-4.782104492,-15.91186523,18.2800293,25.72631836
117.1999969,-5.136108398,-16.13464355,18.10913086,25.67749023
117.4000015,-5.511474609,-16.36657715,17.92602539,25.61950684
117.5999985,-5.880737305,-16.60461426,17.74291992,25.50048828
117.8000031,-6.185913086,-16.84875488,17.53234863,25.45776367
118,-6.610107422,-17.09289551,17.3828125,25.39978027
118.1999969,-6.921386719,-17.3614502,17.15087891,25.26245117
118.4000015,-7.315063477,-17.61474609,16.99829102,25.18005371
118.5999985,-7.717895508,-17.87719727,16.75415039,25.0793457
118.8000031,-8.099365234,-18.13049316,16.61987305,25.00305176
119,-8.511352539,-18.40209961,16.40625,24.93591309
119.1999969,-8.917236328,-18.6706543,16.2109375,24.8260498
119.4000015,-9.292602539,-18.92700195,16.04309082,24.70703125
119.5999985,-9.692382813,-19.1619873,15.87524414,24.63378906
119.8000031,-10.11962891,-19.43054199,15.63110352,24.5513916
120,-10.50720215,-19.68383789,15.4510498,24.48120117
120.1999969,-10.86425781,-19.91271973,15.33203125,24.36523438
120.4000015,-11.27929688,-20.12023926,15.06652832,24.25842285
120.5999985,-11.68212891,-20.35217285,14.89562988,24.19128418
120.8000031,-11.99951172,-20.53222656,14.68811035,24.13330078
121,-12.48474121,-20.75805664,14.50195313,24.01733398
121.1999969,-12.79296875,-20.98999023,14.29138184,23.93188477
121.4000015,-13.21105957,-21.19750977,14.0625,23.78540039
121.5999985,-13.63830566,-21.42333984,13.84887695,23.7701416
121.8000031,-14.03198242,-21.65527344,13.5925293,23.68469238
122,-14.50195313,-21.83532715,13.40332031,23.61450195
122.1999969,-14.92004395,-22.09472656,13.27514648,23.60534668
122.4000015,-15.30761719,-22.30224609,13.0065918,23.45581055
122.5999985,-15.74401855,-22.50671387,12.70141602,23.38562012
122.8000031,-16.14685059,-22.68981934,12.4206543,23.33068848
123,-16.61987305,-22.93395996,12.18566895,23.28186035
123.1999969,-17.0135498,-23.11401367,11.93237305,23.19641113
123.4000015,-17.37976074,-23.32458496,11.68823242,23.11096191
123.5999985,-17.79174805,-23.55957031,11.45629883,23.06213379
123.8000031,-18.20678711,-23.73657227,11.19384766,22.98278809
124,-18.65844727,-23.92272949,10.97412109,22.96142578
124.1999969,-19.03076172,-24.13024902,10.77575684,22.86071777
124.4000015,-19.4732666,-24.3347168,10.546875,22.77526855
124.5999985,-19.87915039,-24.54528809,10.28137207,22.67456055
124.8000031,-20.25756836,-24.74975586,10.0402832,22.60131836
125,-20.65124512,-24.96948242,9.759521484,22.50976563
125.1999969,-21.02661133,-25.17700195,9.509277344,22.43347168
125.4000015,-21.45690918,-25.3692627,9.210205078,22.36633301
125.5999985,-21.85668945,-25.59509277,8.938598633,22.29309082
125.8000031,-22.25952148,-25.78430176,8.69140625,22.21984863
126,-22.66235352,-25.98571777,8.377075195,22.08862305
126.1999969,-23.046875,-26.15661621,8.166503906,22.00317383
126.4000015,-23.45275879,-26.3885498,7.836914063,21.8963623
126.5999985,-23.86474609,-26.55944824,7.443237305,21.82312012
126.8000031,-24.28283691,-26.6998291,7.229614258,21.69799805
127,-24.65209961,-26.91955566,6.93359375,21.6217041
127.1999969,-25.0793457,-27.13012695,6.460571289,21.50268555
127.4000015,-25.48522949,-27.34375,6.112670898,21.41723633
127.5999985,-25.82702637,-27.49938965,5.706787109,21.29821777
127.8000031,-26.23291016,-27.66113281,5.39855957,21.2097168
128,-26.67236328,-27.83813477,5.072021484,21.09375
128.1999969,-27.02636719,-28.0456543,4.760742188,21.0144043
128.3999939,-27.43530273,-28.22265625,4.336547852,20.90454102
128.6000061,-27.77404785,-28.40270996,3.945922852,20.83435059
128.8000031,-28.19519043,-28.59802246,3.567504883,20.67565918
129,-28.5736084,-28.80249023,3.210449219,20.57495117
129.1999969,-28.89404297,-28.98864746,2.868652344,20.38574219
129.3999939,-29.26330566,-29.13818359,2.487182617,20.29724121
129.6000061,-29.56237793,-29.33959961,2.166748047,20.19958496
129.8000031,-29.91027832,-29.49829102,1.812744141,20.0958252
130,-30.2734375,-29.61425781,1.458740234,20.01953125
130.1999969,-30.65490723,-29.78820801,1.080322266,19.91271973
130.3999939,-31.00280762,-29.97741699,0.6134033203,19.77844238
130.6000061,-31.36291504,-30.17883301,0.2105712891,19.71435547
130.8000031,-31.7565918,-30.38024902,-0.2014160156,19.64111328
131,-32.09838867,-30.56945801,-0.5279541016,19.56787109
131.1999969,-32.46154785,-30.75256348,-0.9429931641,19.45800781
131.3999939,-32.78503418,-30.91430664,-1.400756836,19.36645508
131.6000061,-33.14819336,-31.10046387,-1.864624023,19.23828125
131.8000031,-33.48083496,-31.28662109,-2.377319336,19.16809082
132,-33.83178711,-31.46972656,-2.731323242,19.08874512
132.1999969,-34.21020508,-31.66503906,-3.210449219,18.96362305
132.3999939,-34.53674316,-31.8572998,-3.634643555,18.91479492
132.6000061,-34.81750488,-32.01599121,-4.07409668,18.85986328
132.8000031,-35.20507813,-32.17468262,-4.501342773,18.76831055
133,-35.45837402,-32.35168457,-4.977416992,18.71337891
133.1999969,-35.81237793,-32.54394531,-5.532836914,18.60656738
133.3999939,-36.16027832,-32.71179199,-5.993652344,18.52111816
133.6000061,-36.40136719,-32.88879395,-6.539916992,18.39599609
133.8000031,-36.68212891,-33.02307129,-7.00378418,18.28308105
134,-36.96594238,-33.203125,-7.464599609,18.20678711
134.1999969,-37.33520508,-33.33435059,-7.962036133,18.15795898
134.3999939,-37.5793457,-33.52966309,-8.419799805,18.06640625
134.6000061,-37.82653809,-33.69140625,-8.853149414,18.04199219
134.8000031,-38.13781738,-33.8470459,-9.405517578,17.92297363
135,-38.41247559,-34.03930664,-9.89074707,17.91381836
135.1999969,-38.70849609,-34.19494629,-10.33935547,17.81921387
135.3999939,-39.01367188,-34.34143066,-10.79406738,17.72460938
135.6000061,-39.26086426,-34.5123291,-11.31286621,17.67272949
135.8000031,-39.52331543,-34.66491699,-11.8560791,17.58117676
136,-39.80407715,-34.80224609,-12.37487793,17.51403809
136.1999969,-40.0970459,-34.93041992,-12.78381348,17.44689941
136.3999939,-40.39306641,-35.04333496,-13.25378418,17.28820801
136.6000061,-40.7623291,-35.20812988,-13.70544434,17.21496582
136.8000031,-41.03393555,-35.37597656,-14.23950195,17.17834473
137,-41.27502441,-35.4888916,-14.75524902,17.08068848
137.1999969,-41.52832031,-35.61706543,-15.24047852,16.98303223
137.3999939,-41.85180664,-35.75744629,-15.79589844,16.89758301
137.6000061,-42.09594727,-35.86120605,-16.31774902,16.90063477
137.8000031,-42.33398438,-36.01989746,-16.80603027,16.80297852
138,-42.60864258,-36.17553711,-17.33398438,16.72058105
138.1999969,-42.90161133,-36.28845215,-17.92602539,16.61682129
138.3999939,-43.14880371,-36.42272949,-18.42041016,16.50390625
138.6000061,-43.41125488,-36.56616211,-18.93615723,16.41845703
138.8000031,-43.70727539,-36.67297363,-19.52209473,16.28417969
139,-43.92700195,-36.79504395,-20.08666992,16.1895752
139.1999969,-44.16503906,-36.93847656,-20.53527832,16.12548828
139.3999939,-44.4519043,-37.06970215,-21.05102539,16.04614258
139.6000061,-44.70825195,-37.18566895,-21.53015137,15.95458984
139.8000031,-44.95239258,-37.35046387,-22.08251953,15.75927734
140,-45.18432617,-37.47253418,-22.60742188,15.69519043
140.1999969,-45.4284668,-37.58850098,-23.05297852,15.59448242
140.3999939,-45.70617676,-37.72277832,-23.5168457,15.52124023
140.6000061,-45.9197998,-37.78991699,-24.05700684,15.44799805
140.8000031,-46.10290527,-37.92114258,-24.59411621,15.32287598
141,-46.37451172,-38.01879883,-25.13427734,15.18554688
141.1999969,-46.63391113,-38.12255859,-25.68359375,15.04821777
141.3999939,-46.80480957,-38.23547363,-26.23901367,14.95056152
141.6000061,-47.08251953,-38.36364746,-26.79748535,14.89562988
141.8000031,-47.32666016,-38.46435547,-27.31323242,14.66369629
142,-47.47009277,-38.57727051,-27.82897949,14.57214355
142.1999969,-47.75695801,-38.65966797,-28.33251953,14.42871094
142.3999939,-48.01635742,-38.74511719,-28.82080078,14.27612305
142.6000061,-48.21777344,-38.84277344,-29.31213379,14.26696777
142.8000031,-48.50463867,-38.94042969,-29.81262207,14.16931152
143,-48.63586426,-39.02587891,-30.2520752,13.95568848
143.1999969,-48.83422852,-39.1418457,-30.77697754,13.81530762
143.3999939,-48.98681641,-39.23950195,-31.24084473,13.72680664
143.6000061,-49.18212891,-39.34936523,-31.68640137,13.60473633
143.8000031,-49.40185547,-39.4317627,-32.15026855,13.42773438
144,-49.56665039,-39.56298828,-32.65380859,13.34228516
144.1999969,-49.76501465,-39.66369629,-33.08410645,13.17443848
144.3999939,-49.91455078,-39.75219727,-33.44421387,13.03405762
144.6000061,-50.12512207,-39.8651123,-33.89587402,12.9486084
144.8000031,-50.28991699,-39.94445801,-34.33227539,12.79602051
145,-50.49133301,-40.06652832,-34.72290039,12.65258789
145.1999969,-50.64086914,-40.13366699,-35.09216309,12.52441406
145.3999939,-50.80871582,-40.234375,-35.5255127,12.39318848
145.6000061,-50.94604492,-40.31982422,-35.93444824,12.2467041
145.8000031,-51.12609863,-40.43273926,-36.37390137,12.0880127
146,-51.29089355,-40.48156738,-36.77978516,11.9934082
146.1999969,-51.46484375,-40.56091309,-37.12463379,11.86523438
146.3999939,-51.59912109,-40.68908691,-37.50305176,11.70959473
146.6000061,-51.76391602,-40.7409668,-37.8112793,11.5447998
146.8000031,-51.8737793,-40.85693359,-38.22937012,11.4074707
147,-52.02636719,-40.92712402,-38.56506348,11.24267578
147.1999969,-52.22473145,-41.01257324,-38.91296387,11.16027832
147.3999939,-52.34680176,-41.14990234,-39.20288086,11.02905273
147.6000061,-52.49023438,-41.22924805,-39.47143555,10.87036133
147.8000031,-52.63671875,-41.29333496,-39.81018066,10.65368652
148,-52.78015137,-41.38793945,-40.10314941,10.5255127
148.1999969,-52.88085938,-41.43981934,-40.39611816,10.47363281
148.3999939,-53.01208496,-41.52832031,-40.66467285,10.25695801
148.6000061,-53.17382813,-41.64123535,-40.89660645,10.11657715
148.8000031,-53.27148438,-41.70837402,-41.22009277,9.985351563
149,-53.37524414,-41.81213379,-41.40625,9.851074219
149.1999969,-53.55224609,-41.90673828,-41.67480469,9.704589844
149.3999939,-53.63464355,-41.97998047,-41.90063477,9.5703125
149.6000061,-53.76281738,-42.06237793,-42.19970703,9.439086914
149.8000031,-53.87268066,-42.16308594,-42.40112305,9.359741211
150,-54.00085449,-42.2454834,-42.66662598,9.20715332
150.1999969,-54.05883789,-42.30957031,-42.86193848,9.094238281
150.3999939,-54.22973633,-42.3614502,-43.1060791,9.014892578
150.6000061,-54.36096191,-42.45605469,-43.30444336,8.840942383
150.8000031,-54.40673828,-42.52929688,-43.48754883,8.694458008
151,-54.54711914,-42.62390137,-43.78662109,8.538818359
151.1999969,-54.66918945,-42.70324707,-43.95751953,8.447265625
151.3999939,-54.77905273,-42.81616211,-44.11621094,8.346557617
151.6000061,-54.87060547,-42.86804199,-44.33898926,8.233642578
151.8000031,-55.03540039,-42.98400879,-44.53735352,8.041381836
152,-55.09643555,-43.06030273,-44.74182129,7.867431641
152.1999969,-55.24291992,-43.15490723,-44.92797852,7.778930664
152.3999939,-55.3527832,-43.21289063,-45.13244629,7.675170898
152.6000061,-55.37719727,-43.32885742,-45.30639648,7.504272461
152.8000031,-55.52368164,-43.37768555,-45.54443359,7.244873047
153,-55.58166504,-43.44177246,-45.72143555,7.110595703
153.1999969,-55.67016602,-43.50891113,-45.83129883,7.006835938
153.3999939,-55.79223633,-43.55773926,-45.93505859,6.811523438
153.6000061,-55.90515137,-43.63098145,-46.10595703,6.622314453
153.8000031,-55.98144531,-43.69506836,-46.2677002,6.51550293
154,-56.12182617,-43.76525879,-46.47521973,6.295776367
154.1999969,-56.15844727,-43.78356934,-46.63391113,6.140136719
154.3999939,-56.23779297,-43.88122559,-46.78039551,6.033325195
154.6000061,-56.36291504,-43.90563965,-46.8536377,5.877685547
154.8000031,-56.4666748,-43.96362305,-47.00927734,5.758666992
155,-56.59179688,-44.02770996,-47.1282959,5.603027344
155.1999969,-56.63757324,-44.10400391,-47.25036621,5.46875
155.3999939,-56.6986084,-44.16503906,-47.39379883,5.313110352
155.6000061,-56.83288574,-44.23217773,-47.42126465,5.172729492
155.8000031,-56.9152832,-44.29016113,-47.63793945,4.959106445
156,-56.9519043,-44.36035156,-47.76306152,4.754638672
156.1999969,-57.04650879,-44.40307617,-47.87597656,4.598999023
156.3999939,-57.11669922,-44.4519043,-47.98278809,4.46472168
156.6000061,-57.23876953,-44.51599121,-48.13842773,4.287719727
156.8000031,-57.32116699,-44.58618164,-48.17810059,4.147338867
157,-57.35473633,-44.61669922,-48.33068848,4.013061523
157.1999969,-57.46459961,-44.73266602,-48.46801758,3.768920898
157.3999939,-57.55615234,-44.76623535,-48.51989746,3.668212891
157.6000061,-57.63549805,-44.79675293,-48.62365723,3.564453125
157.8000031,-57.70874023,-44.84558105,-48.72436523,3.381347656
158,-57.77282715,-44.86083984,-48.76098633,3.29284668
158.1999969,-57.91320801,-44.9432373,-48.88916016,3.109741211
158.3999939,-57.99255371,-45.00732422,-48.97766113,2.893066406
158.6000061,-58.00476074,-45.08361816,-49.09362793,2.700805664
158.8000031,-58.07800293,-45.10192871,-49.20959473,2.557373047
159,-58.19091797,-45.15991211,-49.26452637,2.349853516
159.1999969,-58.23974609,-45.22094727,-49.34387207,2.224731445
159.3999939,-58.27636719,-45.26062012,-49.4354248,2.062988281
159.6000061,-58.32824707,-45.27893066,-49.48730469,1.88293457
159.8000031,-58.40454102,-45.35217285,-49.55749512,1.78527832
160,-58.41674805,-45.40405273,-49.60632324,1.577758789
160.1999969,-58.47473145,-45.48339844,-49.61853027,1.333618164
160.3999939,-58.5357666,-45.53527832,-49.75585938,1.211547852
160.6000061,-58.59680176,-45.59326172,-49.86572266,0.9918212891
160.8000031,-58.71276855,-45.65429688,-49.83520508,0.7537841797
161,-58.7310791,-45.68481445,-49.87182617,0.537109375
161.1999969,-58.77075195,-45.69396973,-49.9786377,0.390625
161.3999939,-58.78601074,-45.73059082,-50.10986328,0.1403808594
161.6000061,-58.86230469,-45.77941895,-50.15563965,0.02746582031
161.8000031,-58.92028809,-45.83740234,-50.21057129,-0.2227783203
162,-58.92944336,-45.84960938,-50.24414063,-0.4730224609
162.1999969,-59.01489258,-45.89538574,-50.28686523,-0.7263183594
162.3999939,-59.1217041,-45.91369629,-50.30822754,-0.9765625
162.6000061,-59.13696289,-45.97167969,-50.40283203,-1.153564453
162.8000031,-59.17053223,-46.00830078,-50.37231445,-1.379394531
163,-59.19799805,-46.05102539,-50.49438477,-1.644897461
163.1999969,-59.28955078,-46.07849121,-50.55541992,-1.876831055
163.3999939,-59.27124023,-46.11206055,-50.55847168,-2.114868164
163.6000061,-59.35668945,-46.14562988,-50.58898926,-2.288818359
163.8000031,-59.39941406,-46.17614746,-50.61950684,-2.523803711
164,-59.40551758,-46.22802734,-50.66223145,-2.789306641
164.1999969,-59.43603516,-46.27380371,-50.70495605,-3.033447266
164.3999939,-59.47570801,-46.31958008,-50.7232666,-3.231811523
164.6000061,-59.52758789,-46.38977051,-50.77209473,-3.497314453
164.8000031,-59.54589844,-46.41418457,-50.79040527,-3.823852539
165,-59.60693359,-46.43554688,-50.83312988,-4.07409668
165.1999969,-59.5916748,-46.45080566,-50.83618164,-4.354858398
165.3999939,-59.64050293,-46.51794434,-50.90332031,-4.620361328
165.6000061,-59.63745117,-46.58203125,-50.85754395,-4.864501953
165.8000031,-59.65881348,-46.63391113,-50.94299316,-5.191040039
166,-59.72595215,-46.6796875,-51.02844238,-5.413818359
166.1999969,-59.71984863,-46.75598145,-51.03149414,-5.718994141
166.3999939,-59.78393555,-46.78344727,-51.04675293,-6.030273438
166.6000061,-59.82666016,-46.78955078,-51.06811523,-6.338500977
166.8000031,-59.89379883,-46.8536377,-51.08642578,-6.597900391
167,-59.92126465,-46.86889648,-51.13830566,-6.826782227
167.1999969,-59.94262695,-46.90856934,-51.17492676,-7.150268555
167.3999939,-59.95483398,-46.93603516,-51.171875,-7.455444336
167.6000061,-59.98535156,-46.97570801,-51.13220215,-7.775878906
167.8000031,-60.02502441,-47.03979492,-51.06811523,-8.108520508
168,-60.05859375,-47.05505371,-51.12915039,-8.493041992
168.1999969,-60.08911133,-47.05505371,-51.1932373,-8.7890625
168.3999939,-60.08605957,-47.13745117,-51.21765137,-9.161376953
168.6000061,-60.13793945,-47.15270996,-51.22375488,-9.567260742
168.8000031,-60.2142334,-47.1862793,-51.16882324,-9.854125977
169,-60.25695801,-47.24731445,-51.18103027,-10.15625
169.1999969,-60.29663086,-47.265625,-51.21154785,-10.44616699
169.3999939,-60.38208008,-47.29614258,-51.27258301,-10.7635498
169.6000061,-60.39428711,-47.35717773,-51.18408203,-11.09924316
169.8000031,-60.4309082,-47.37854004,-51.1932373,-11.52038574
170,-60.40649414,-47.43041992,-51.18713379,-11.85913086
170.1999969,-60.47668457,-47.43041992,-51.22375488,-12.20092773
170.3999939,-60.56518555,-47.49450684,-51.18408203,-12.58850098
170.6000061,-60.55297852,-47.50061035,-51.11999512,-12.9699707
170.8000031,-60.6048584,-47.52197266,-51.09558105,-13.29956055
171,-60.66894531,-47.54638672,-51.04980469,-13.62915039
171.1999969,-60.69335938,-47.61047363,-51.1505127,-13.94958496
171.3999939,-60.70251465,-47.59521484,-51.1505127,-14.36462402
171.6000061,-60.7635498,-47.58300781,-51.13220215,-14.73693848
171.8000031,-60.75439453,-47.60742188,-51.13830566,-15.06652832
172,-60.79711914,-47.63793945,-51.15661621,-15.52734375
172.1999969,-60.87341309,-47.68066406,-51.171875,-15.91491699
172.3999939,-60.87646484,-47.69897461,-51.171875,-16.29333496
172.6000061,-60.88867188,-47.73254395,-51.19628906,-16.6809082
172.8000031,-60.96191406,-47.74780273,-51.07116699,-17.05627441
173,-60.96496582,-47.76611328,-51.06811523,-17.47436523
173.1999969,-60.99243164,-47.82714844,-51.10168457,-17.84973145
173.3999939,-61.03515625,-47.83935547,-51.11999512,-18.25256348
173.6000061,-61.08398438,-47.88818359,-51.16882324,-18.64013672
173.8000031,-61.12060547,-47.91564941,-51.10778809,-19.04296875
174,-61.14196777,-47.9675293,-51.12915039,-19.45800781
174.1999969,-61.15722656,-48.00109863,-51.12609863,-19.87915039
174.3999939,-61.18469238,-47.97973633,-51.1505127,-20.28198242
174.6000061,-61.23962402,-48.04382324,-51.11694336,-20.66040039
174.8000031,-61.22131348,-48.07739258,-51.12915039,-21.00830078
175,-61.30981445,-48.09265137,-51.08032227,-21.38977051
175.1999969,-61.34033203,-48.11096191,-51.08947754,-21.78344727
175.3999939,-61.37084961,-48.13842773,-50.97045898,-22.15576172
175.6000061,-61.39526367,-48.17504883,-50.9765625,-22.52807617
175.8000031,-61.4440918,-48.18725586,-50.96435547,-22.86071777
176,-61.47766113,-48.23913574,-50.91552734,-23.25439453
176.1999969,-61.52648926,-48.25744629,-50.89111328,-23.67248535
176.3999939,-61.56005859,-48.30627441,-50.86364746,-24.06921387
176.6000061,-61.56921387,-48.32763672,-50.87585449,-24.45678711
176.8000031,-61.62414551,-48.40393066,-50.82092285,-24.75891113
177,-61.63330078,-48.40698242,-50.74157715,-25.1739502
177.1999969,-61.68212891,-48.45275879,-50.78735352,-25.58288574
177.3999939,-61.6607666,-48.49243164,-50.74462891,-25.97961426
177.6000061,-61.68212891,-48.54431152,-50.67138672,-26.33361816
177.8000031,-61.74621582,-48.5748291,-50.65917969,-26.59606934
178,-61.72485352,-48.6328125,-50.62255859,-26.92565918
178.1999969,-61.74926758,-48.61755371,-50.6652832,-27.37121582
178.3999939,-61.78894043,-48.65112305,-50.63171387,-27.74353027
178.6000061,-61.81030273,-48.6907959,-50.64086914,-28.07006836
178.8000031,-61.84692383,-48.72741699,-50.58288574,-28.38134766
179,-61.91101074,-48.77319336,-50.6072998,-28.81774902
179.1999969,-61.87744141,-48.81286621,-50.54016113,-29.1809082
179.3999939,-61.92932129,-48.84033203,-50.49133301,-29.56848145
179.6000061,-61.90490723,-48.89526367,-50.50964355,-29.93774414
179.8000031,-61.95678711,-48.90441895,-50.4699707,-30.28869629
180,-61.97509766,-48.93798828,-50.48217773,-30.62133789
180.1999969,-61.98425293,-48.96850586,-50.44555664,-30.99975586
180.3999939,-62.00866699,-49.01733398,-50.41503906,-31.37207031
180.6000061,-62.01782227,-49.03869629,-50.37536621,-31.67419434
180.8000031,-62.06665039,-49.05700684,-50.40283203,-31.98852539
181,-62.09106445,-49.11193848,-50.41503906,-32.37609863
181.1999969,-62.11242676,-49.1394043,-50.34790039,-32.70874023
181.3999939,-62.1307373,-49.25537109,-50.38452148,-33.0871582
181.6000061,-62.14904785,-49.22790527,-50.38452148,-33.44421387
181.8000031,-62.14599609,-49.25537109,-50.3692627,-33.74633789
182,-62.17346191,-49.30114746,-50.34179688,-34.10949707
182.1999969,-62.20397949,-49.32861328,-50.3692627,-34.50012207
182.3999939,-62.21618652,-49.3927002,-50.36010742,-34.75952148
182.6000061,-62.28027344,-49.42016602,-50.36315918,-35.07080078
182.8000031,-62.26806641,-49.45983887,-50.35705566,-35.3302002
183,-62.3260498,-49.50561523,-50.29907227,-35.64758301
183.1999969,-62.32910156,-49.53308105,-50.2746582,-35.9588623
183.3999939,-62.34741211,-49.54833984,-50.35095215,-36.35864258
183.6000061,-62.37487793,-49.57275391,-50.32653809,-36.61193848
183.8000031,-62.42370605,-49.59106445,-50.24414063,-36.8560791
184,-62.40539551,-49.61853027,-50.18005371,-37.16125488
184.1999969,-62.46643066,-49.65209961,-50.20141602,-37.46337891
184.3999939,-62.49084473,-49.70397949,-50.19836426,-37.75634766
184.6000061,-62.45727539,-49.72839355,-50.18005371,-38.05847168
184.8000031,-62.50610352,-49.75585938,-50.18005371,-38.3972168
185,-62.50305176,-49.77416992,-50.19836426,-38.66882324
185.1999969,-62.50610352,-49.79248047,-50.18920898,-38.99230957
185.3999939,-62.54577637,-49.84741211,-50.14953613,-39.27307129
185.6000061,-62.56103516,-49.90539551,-50.19836426,-39.55078125
185.8000031,-62.64038086,-49.91455078,-50.14648438,-39.83459473
186,-62.59765625,-49.96032715,-50.17089844,-40.11535645
186.1999969,-62.61291504,-49.9786377,-50.10986328,-40.46020508
186.3999939,-62.62207031,-50.03356934,-50.12207031,-40.77148438
186.6000061,-62.62817383,-50.07019043,-50.16174316,-41.04309082
186.8000031,-62.67700195,-50.12512207,-50.15258789,-41.35742188
187,-62.65258789,-50.13122559,-50.11901855,-41.62597656
187.1999969,-62.7166748,-50.15563965,-50.10375977,-41.87927246
187.3999939,-62.70141602,-50.18615723,-50.08850098,-42.17834473
187.6000061,-62.7166748,-50.24414063,-50.06713867,-42.51098633
187.8000031,-62.70751953,-50.24414063,-50.07019043,-42.76428223
188,-62.71362305,-50.27160645,-50.00610352,-43.01452637
188.1999969,-62.72888184,-50.29907227,-49.95422363,-43.26171875
188.3999939,-62.80517578,-50.31433105,-49.99389648,-43.5333252
188.6000061,-62.79602051,-50.34790039,-49.99084473,-43.81713867
188.8000031,-62.78381348,-50.38146973,-49.96032715,-43.93005371
189,-62.82043457,-50.41503906,-49.93286133,-44.19250488
189.1999969,-62.82653809,-50.43640137,-49.92675781,-44.4732666
189.3999939,-62.82958984,-50.47912598,-49.95727539,-44.68994141
189.6000061,-62.88757324,-50.5279541,-49.86877441,-44.92797852
189.8000031,-62.90588379,-50.56152344,-49.81079102,-45.16296387
190,-62.92419434,-50.61035156,-49.79553223,-45.46813965
190.1999969,-62.91503906,-50.65917969,-49.8046875,-45.67565918
190.3999939,-62.94250488,-50.69580078,-49.83520508,-45.91674805
190.6000061,-62.95471191,-50.70800781,-49.85656738,-46.20056152
190.8000031,-62.96386719,-50.73852539,-49.83520508,-46.40197754
191,-62.93029785,-50.80566406,-49.83215332,-46.56982422
191.1999969,-62.99133301,-50.79040527,-49.76806641,-46.77429199
191.3999939,-63.0279541,-50.84533691,-49.76806641,-47.00317383
191.6000061,-63.03100586,-50.88195801,-49.76196289,-47.2442627
191.8000031,-63.07983398,-50.93078613,-49.71008301,-47.4822998
192,-63.07983398,-50.97961426,-49.70092773,-47.68371582
192.1999969,-63.09814453,-51.01318359,-49.69177246,-47.84851074
192.3999939,-63.13171387,-51.0559082,-49.6673584,-48.06213379
192.6000061,-63.16223145,-51.08947754,-49.61242676,-48.20556641
192.8000031,-63.15917969,-51.10473633,-49.65515137,-48.41003418
193,-63.18054199,-51.14440918,-49.5300293,-48.53515625
193.1999969,-63.18359375,-51.171875,-49.54528809,-48.7487793
193.3999939,-63.22937012,-51.22375488,-49.57580566,-48.93493652
193.6000061,-63.22937012,-51.24206543,-49.53918457,-49.02038574
193.8000031,-63.25073242,-51.26953125,-49.47814941,-49.25537109
194,-63.27209473,-51.33056641,-49.48730469,-49.40490723
194.1999969,-63.27819824,-51.35498047,-49.42626953,-49.50561523
194.3999939,-63.31481934,-51.38549805,-49.35913086,-49.67346191
194.6000061,-63.30871582,-51.40991211,-49.3927002,-49.8260498
194.8000031,-63.35144043,-51.46179199,-49.41101074,-49.93591309
195,-63.42773438,-51.46484375,-49.31030273,-50.06408691
195.1999969,-63.44299316,-51.52893066,-49.28894043,-50.21057129
195.3999939,-63.45825195,-51.53198242,-49.27978516,-50.31433105
195.6000061,-63.47045898,-51.58081055,-49.25842285,-50.49438477
195.8000031,-63.50402832,-51.57775879,-49.23706055,-50.65612793
196,-63.51623535,-51.62658691,-49.24316406,-50.8026123
196.1999969,-63.51013184,-51.65405273,-49.18518066,-50.90942383
196.3999939,-63.50708008,-51.69372559,-49.16381836,-51.08337402
196.6000061,-63.56201172,-51.72729492,-49.15466309,-51.22680664
196.8000031,-63.57727051,-51.76086426,-49.14855957,-51.29394531
197,-63.58337402,-51.80053711,-49.08447266,-51.40075684
197.1999969,-63.64746094,-51.80969238,-49.05395508,-51.51062012
197.3999939,-63.65356445,-51.85852051,-49.09057617,-51.6204834
197.6000061,-63.63525391,-51.90429688,-49.08752441,-51.73339844
197.8000031,-63.64440918,-51.94702148,-49.08447266,-51.80358887
198,-63.64135742,-51.95617676,-49.06005859,-51.93786621
198.1999969,-63.69934082,-52.01721191,-48.98681641,-52.02941895
198.3999939,-63.68408203,-52.03552246,-48.96240234,-52.14538574
198.6000061,-63.72070313,-52.07519531,-48.98986816,-52.30407715
198.8000031,-63.75732422,-52.09960938,-49.0234375,-52.39562988
199,-63.74206543,-52.16064453,-49.00512695,-52.43835449
199.1999969,-63.75427246,-52.17590332,-49.04174805,-52.55126953
199.3999939,-63.79699707,-52.21557617,-49.0814209,-52.65197754
199.6000061,-63.82446289,-52.22167969,-48.98986816,-52.7923584
199.8000031,-63.79699707,-52.26745605,-48.98376465,-52.86560059
200,-63.81225586,-52.31933594,-49.0447998,-52.97851563
200.1999969,-63.7878418,-52.33764648,-48.95324707,-53.05175781
200.3999939,-63.85498047,-52.35595703,-48.92272949,-53.11279297
200.6000061,-63.87634277,-52.39257813,-48.92883301,-53.25622559
200.8000031,-63.90075684,-52.43530273,-48.88305664,-53.36608887
201,-63.94348145,-52.43225098,-48.87695313,-53.42102051
201.1999969,-63.94348145,-52.45666504,-48.9654541,-53.46069336
201.3999939,-63.9251709,-52.50854492,-48.93493652,-53.5949707
201.6000061,-63.9831543,-52.54516602,-48.93493652,-53.68652344
201.8000031,-64.01977539,-52.55126953,-48.95935059,-53.72314453
202,-64.05334473,-52.5604248,-48.95324707,-53.8269043
202.1999969,-64.04418945,-52.62145996,-48.86779785,-53.84216309
202.3999939,-64.08081055,-52.60925293,-48.89526367,-53.91235352
202.6000061,-64.09606934,-52.6550293,-48.90441895,-54.03442383
202.8000031,-64.10522461,-52.7130127,-48.95629883,-54.19616699
203,-64.13879395,-52.70996094,-48.93188477,-54.17785645
203.1999969,-64.11132813,-52.72521973,-48.91967773,-54.296875
203.3999939,-64.09912109,-52.76184082,-48.96850586,-54.36706543
203.6000061,-64.15100098,-52.76794434,-48.95629883,-54.39758301
203.8000031,-64.16320801,-52.77709961,-49.0447998,-54.47387695
204,-64.24255371,-52.81066895,-49.11804199,-54.5501709
204.1999969,-64.2364502,-52.84729004,-49.05700684,-54.60205078
204.3999939,-64.22729492,-52.85644531,-49.07836914,-54.72106934
204.6000061,-64.26086426,-52.91442871,-49.07226563,-54.76074219
204.8000031,-64.25170898,-52.93273926,-49.06005859,-54.79125977
205,-64.3157959,-52.94799805,-49.03564453,-54.81567383
205.1999969,-64.27612305,-52.99377441,-49.02648926,-54.91333008
205.3999939,-64.34020996,-53.01513672,-49.02038574,-54.94384766
205.6000061,-64.34936523,-53.04260254,-49.06005859,-55.02624512
205.8000031,-64.35852051,-53.09448242,-49.13635254,-55.05065918
206,-64.35852051,-53.10668945,-49.12414551,-55.10559082
206.1999969,-64.32800293,-53.13720703,-49.14245605,-55.15441895
206.3999939,-64.34631348,-53.19824219,-49.13330078,-55.25817871
206.6000061,-64.36157227,-53.19519043,-49.22485352,-55.28869629
206.8000031,-64.40734863,-53.21960449,-49.20959473,-55.32226563
207,-64.41040039,-53.28369141,-49.19128418,-55.39550781
207.1999969,-64.38598633,-53.30505371,-49.19128418,-55.41687012
207.3999939,-64.40429688,-53.33557129,-49.2401123,-55.41687012
207.6000061,-64.44702148,-53.36608887,-49.31335449,-55.42907715
207.8000031,-64.46533203,-53.40881348,-49.21569824,-55.53894043
208,-64.44396973,-53.42102051,-49.1973877,-55.58776855
208.1999969,-64.44702148,-53.4576416,-49.25842285,-55.53894043
208.3999939,-64.49279785,-53.50646973,-49.33166504,-55.59082031
208.6000061,-64.47753906,-53.515625,-49.31335449,-55.62438965
208.8000031,-64.53552246,-53.55224609,-49.34387207,-55.7434082
209,-64.53552246,-53.55224609,-49.31945801,-55.81054688
209.1999969,-64.52636719,-53.5949707,-49.30419922,-55.75256348
209.3999939,-64.53552246,-53.62854004,-49.31030273,-55.77697754
209.6000061,-64.5690918,-53.66821289,-49.33776855,-55.81665039
209.8000031,-64.58740234,-53.68652344,-49.37438965,-55.84716797
210,-64.53552246,-53.71398926,-49.43847656,-55.94482422
210.1999969,-64.61181641,-53.72009277,-49.42626953,-55.94482422
210.3999939,-64.64538574,-53.77197266,-49.36218262,-55.99060059
210.6000061,-64.62097168,-53.79943848,-49.42626953,-56.01501465
210.8000031,-64.66064453,-53.86962891,-49.3927002,-56.06689453
211,-64.63317871,-53.89404297,-49.3927002,-56.08520508
211.1999969,-64.64538574,-53.93371582,-49.35913086,-56.14318848
211.3999939,-64.68200684,-53.97033691,-49.29504395,-56.14013672
211.6000061,-64.71862793,-53.9855957,-49.34387207,-56.16760254
211.8000031,-64.69116211,-54.04968262,-49.38049316,-56.18591309
212,-64.76745605,-54.06799316,-49.37133789,-56.29272461
212.1999969,-64.78271484,-54.09545898,-49.4140625,-56.29272461
212.3999939,-64.77661133,-54.12902832,-49.4140625,-56.37817383
212.6000061,-64.79797363,-54.1809082,-49.42321777,-56.4239502
212.8000031,-64.8223877,-54.19921875,-49.47814941,-56.39038086
213,-64.8223877,-54.22058105,-49.46899414,-56.39038086
213.1999969,-64.83764648,-54.26330566,-49.45068359,-56.43615723
213.3999939,-64.87121582,-54.31213379,-49.4354248,-56.43920898
213.6000061,-64.87426758,-54.33959961,-49.41711426,-56.51245117
213.8000031,-64.88647461,-54.36706543,-49.4720459,-56.5246582
214,-64.86816406,-54.42810059,-49.5300293,-56.56738281
214.1999969,-64.94140625,-54.4708252,-49.49951172,-56.52770996
214.3999939,-64.99633789,-54.48303223,-49.49951172,-56.64978027
214.6000061,-65.0177002,-54.51965332,-49.44763184,-56.66503906
214.8000031,-65.04516602,-54.56848145,-49.50866699,-56.66809082
215,-65.09094238,-54.62341309,-49.51477051,-56.68945313
215.1999969,-65.09399414,-54.68139648,-49.49035645,-56.73522949
215.3999939,-65.11535645,-54.7088623,-49.46289063,-56.75964355
215.6000061,-65.1184082,-54.75769043,-49.50256348,-56.76574707
215.8000031,-65.14282227,-54.81262207,-49.54223633,-56.81152344
216,-65.1550293,-54.83703613,-49.46289063,-56.81762695
216.1999969,-65.17333984,-54.88586426,-49.51477051,-56.7779541
216.3999939,-65.21606445,-54.91943359,-49.52087402,-56.82373047
216.6000061,-65.18554688,-54.93774414,-49.51477051,-56.87255859
216.8000031,-65.20690918,-54.99267578,-49.51782227,-56.91223145
217,-65.23132324,-55.01403809,-49.59716797,-56.93969727
217.1999969,-65.22521973,-55.02319336,-49.609375,-56.97937012
217.3999939,-65.20080566,-55.08117676,-49.54528809,-56.96716309
217.6000061,-65.17944336,-55.12390137,-49.59106445,-56.9519043
217.8000031,-65.20690918,-55.12390137,-49.56359863,-56.91833496
218,-65.29846191,-55.17578125,-49.52087402,-56.99462891
218.1999969,-65.33508301,-55.19104004,-49.57275391,-56.98242188
218.3999939,-65.32897949,-55.22460938,-49.63989258,-57.06787109
218.6000061,-65.34729004,-55.26733398,-49.65820313,-57.10144043
218.8000031,-65.35644531,-55.31005859,-49.62463379,-57.07397461
219,-65.35949707,-55.35888672,-49.63989258,-57.13195801
219.1999969,-65.36560059,-55.40161133,-49.61242676,-57.18688965
219.3999939,-65.34729004,-55.45043945,-49.6673584,-57.17773438
219.6000061,-65.36560059,-55.48400879,-49.6673584,-57.15942383
219.8000031,-65.39916992,-55.52978516,-49.68261719,-57.1685791
220,-65.39306641,-55.54199219,-49.74365234,-57.15637207
220.1999969,-65.41442871,-55.5480957,-49.75585938,-57.21435547
220.3999939,-65.38391113,-55.59692383,-49.75280762,-57.16247559
220.6000061,-65.46325684,-55.62438965,-49.79553223,-57.15026855
220.8000031,-65.46630859,-55.65490723,-49.81079102,-57.18078613
221,-65.47546387,-55.67321777,-49.80163574,-57.18688965
221.1999969,-65.53344727,-55.71899414,-49.79248047,-57.22961426
221.3999939,-65.53039551,-55.7434082,-49.85351563,-57.26623535
221.6000061,-65.51818848,-55.7800293,-49.91760254,-57.27539063
221.8000031,-65.5456543,-55.78918457,-49.94812012,-57.29064941
222,-65.53039551,-55.81970215,-49.95117188,-57.3059082
222.1999969,-65.55480957,-55.86242676,-49.95422363,-57.29675293
222.3999939,-65.60058594,-55.88989258,-49.96032715,-57.27539063
222.6000061,-65.63415527,-55.91430664,-49.96032715,-57.30285645
222.8000031,-65.65246582,-55.98449707,-49.9786377,-57.37609863
223,-65.67382813,-56.00280762,-50.02441406,-57.41577148
223.1999969,-65.65246582,-56.04248047,-50.0579834,-57.40356445
223.3999939,-65.64331055,-56.0760498,-50.13427734,-57.37915039
223.6000061,-65.67077637,-56.1340332,-50.14953613,-57.36999512
223.8000031,-65.65551758,-56.14013672,-50.16479492,-57.40661621
224,-65.65856934,-56.19506836,-50.15563965,-57.48901367
224.1999969,-65.69213867,-56.21032715,-50.18005371,-57.52563477
224.3999939,-65.72265625,-56.25610352,-50.17700195,-57.55310059
224.6000061,-65.71960449,-56.27746582,-50.20446777,-57.50427246
224.8000031,-65.7409668,-56.29272461,-50.30822754,-57.52868652
225,-65.75317383,-56.34155273,-50.2532959,-57.5592041
225.1999969,-65.75012207,-56.40258789,-50.2746582,-57.56835938
225.3999939,-65.74401855,-56.40869141,-50.38757324,-57.57751465
225.6000061,-65.75927734,-56.44226074,-50.41809082,-57.56835938
225.8000031,-65.7409668,-56.43920898,-50.32653809,-57.66296387
226,-65.78674316,-56.49719238,-50.34179688,-57.63549805
226.1999969,-65.80810547,-56.53991699,-50.38146973,-57.59277344
226.3999939,-65.8416748,-56.57958984,-50.41503906,-57.64770508
226.6000061,-65.83557129,-56.60095215,-50.4119873,-57.66906738
226.8000031,-65.83251953,-56.62536621,-50.4699707,-57.74230957
227,-65.85083008,-56.65588379,-50.50964355,-57.74230957
227.1999969,-65.84777832,-56.71386719,-50.51269531,-57.72094727
227.3999939,-65.8996582,-56.75964355,-50.57373047,-57.71179199
227.6000061,-65.87219238,-56.78710938,-50.55541992,-57.70874023
227.8000031,-65.90576172,-56.82678223,-50.55541992,-57.72399902
228,-65.93322754,-56.86035156,-50.60424805,-57.71179199
228.1999969,-65.96984863,-56.89086914,-50.69580078,-57.71179199
228.3999939,-66.02172852,-56.94274902,-50.75683594,-57.7545166
228.6000061,-65.98205566,-56.97937012,-50.71411133,-57.71484375
228.8000031,-66.03393555,-56.99768066,-50.69274902,-57.78198242
229,-66.07971191,-57.03735352,-50.76293945,-57.82165527
229.1999969,-66.02783203,-57.08007813,-50.75378418,-57.88574219
229.3999939,-66.0949707,-57.11975098,-50.78735352,-57.90100098
229.6000061,-66.03393555,-57.15637207,-50.76293945,-57.80334473
229.8000031,-66.08886719,-57.20825195,-50.81481934,-57.82470703
230,-66.0736084,-57.26013184,-50.89111328,-57.88269043
230.1999969,-66.11328125,-57.26928711,-50.87890625,-57.90405273
230.3999939,-66.13464355,-57.30285645,-50.90637207,-57.91625977
230.6000061,-66.17431641,-57.35473633,-50.93383789,-57.9284668
230.8000031,-66.15905762,-57.40661621,-50.9552002,-57.95288086
231,-66.16516113,-57.44018555,-50.95214844,-57.97424316
231.1999969,-66.19567871,-57.48291016,-50.9979248,-57.95288086
231.3999939,-66.22009277,-57.5012207,-51.03149414,-57.99865723
231.6000061,-66.20483398,-57.5378418,-50.97351074,-57.95593262
231.8000031,-66.22619629,-57.58666992,-51.01623535,-57.90100098
232,-66.25671387,-57.61413574,-51.08642578,-57.93457031
232.1999969,-66.25366211,-57.6751709,-51.12609863,-58.02001953
232.3999939,-66.28112793,-57.73010254,-51.11999512,-58.05053711
232.6000061,-66.30554199,-57.75756836,-51.10473633,-58.12683105
232.8000031,-66.28417969,-57.80334473,-51.1505127,-58.05969238
233,-66.34521484,-57.83691406,-51.20544434,-58.05664063
233.1999969,-66.35742188,-57.85827637,-51.19934082,-58.06274414
233.3999939,-66.3848877,-57.91320801,-51.22070313,-58.11462402
233.6000061,-66.33911133,-57.91625977,-51.22070313,-58.18481445
233.8000031,-66.37268066,-57.96813965,-51.26647949,-58.13903809
234,-66.43981934,-58.00476074,-51.25427246,-58.203125
234.1999969,-66.40014648,-58.05358887,-51.28173828,-58.17871094
234.3999939,-66.41845703,-58.0871582,-51.32141113,-58.20922852
234.6000061,-66.46118164,-58.11767578,-51.31225586,-58.16345215
234.8000031,-66.47644043,-58.13903809,-51.32446289,-58.23669434
235,-66.51000977,-58.19091797,-51.33972168,-58.20922852
235.1999969,-66.52832031,-58.23669434,-51.32141113,-58.25195313
235.3999939,-66.56799316,-58.24584961,-51.37939453,-58.24279785
235.6000061,-66.53442383,-58.24890137,-51.41906738,-58.35266113
235.8000031,-66.57714844,-58.30688477,-51.39465332,-58.27331543
236,-66.6229248,-58.32824707,-51.39160156,-58.26416016
236.1999969,-66.64733887,-58.41064453,-51.49841309,-58.26721191
236.3999939,-66.67175293,-58.40454102,-51.44348145,-58.27941895
236.6000061,-66.67785645,-58.45947266,-51.52893066,-58.23669434
236.8000031,-66.69311523,-58.48083496,-51.55944824,-58.24279785
237,-66.70837402,-58.5144043,-51.55944824,-58.21533203
237.1999969,-66.67175293,-58.52661133,-51.58081055,-58.24890137
237.3999939,-66.74194336,-58.5723877,-51.59606934,-58.30688477
237.6000061,-66.76330566,-58.59985352,-51.65710449,-58.27636719
237.8000031,-66.76330566,-58.65783691,-51.6418457,-58.20007324
238,-66.80603027,-58.65783691,-51.59606934,-58.21533203
238.1999969,-66.84875488,-58.71582031,-51.61132813,-58.30078125
238.3999939,-66.85791016,-58.75854492,-51.66931152,-58.35876465
238.6000061,-66.90063477,-58.77990723,-51.74560547,-58.33435059
238.8000031,-66.95251465,-58.79211426,-51.86767578,-58.33129883
239,-66.9128418,-58.85620117,-51.88598633,-58.30078125
239.1999969,-66.9342041,-58.89892578,-51.87683105,-58.36181641
239.3999939,-66.96777344,-58.91723633,-51.85241699,-58.37097168
239.6000061,-66.99523926,-58.95690918,-51.82800293,-58.40759277
239.8000031,-66.9921875,-58.95690918,-51.91345215,-58.38012695
240,-66.9921875,-59.01489258,-51.91650391,-58.36181641
240.1999969,-66.98608398,-59.0423584,-51.96533203,-58.41369629
240.3999939,-67.06237793,-59.07287598,-51.8951416,-58.46252441
240.6000061,-67.10205078,-59.1217041,-51.94702148,-58.49914551
240.8000031,-67.08374023,-59.17663574,-51.9744873,-58.47167969
241,-67.06542969,-59.18273926,-51.98059082,-58.44421387
241.1999969,-67.11730957,-59.23461914,-52.02636719,-58.46862793
241.3999939,-67.13867188,-59.28344727,-52.09960938,-58.53271484
241.6000061,-67.19360352,-59.3170166,-52.11486816,-58.53271484
241.8000031,-67.19360352,-59.35668945,-52.17285156,-58.55407715
242,-67.22717285,-59.38720703,-52.13928223,-58.54187012
242.1999969,-67.24243164,-59.41772461,-52.1270752,-58.51745605
242.3999939,-67.23937988,-59.43908691,-52.19116211,-58.58154297
242.6000061,-67.27600098,-59.45739746,-52.27661133,-58.56933594
242.8000031,-67.26989746,-59.48791504,-52.24914551,-58.60900879
243,-67.28515625,-59.48791504,-52.30102539,-58.63037109
243.1999969,-67.3614502,-59.57641602,-52.33764648,-58.68530273
243.3999939,-67.35229492,-59.60693359,-52.34069824,-58.79211426
243.6000061,-67.41943359,-59.64355469,-52.37121582,-58.78601074
243.8000031,-67.43164063,-59.68017578,-52.39257813,-58.74633789
244,-67.43774414,-59.74121094,-52.38952637,-58.67004395
244.1999969,-67.44689941,-59.74121094,-52.42919922,-58.7097168
244.3999939,-67.48046875,-59.77478027,-52.51159668,-58.81347656
244.6000061,-67.45605469,-59.84802246,-52.52990723,-58.90197754
244.8000031,-67.48352051,-59.86022949,-52.5390625,-58.89587402
245,-67.50183105,-59.91516113,-52.55126953,-58.78295898
245.1999969,-67.50793457,-59.94567871,-52.57263184,-58.85314941
245.3999939,-67.51403809,-59.97924805,-52.63671875,-58.85314941
245.6000061,-67.53234863,-60.00976563,-52.70690918,-58.91113281
245.8000031,-67.60253906,-60.06469727,-52.70080566,-58.92028809
246,-67.61779785,-60.09521484,-52.69165039,-58.92333984
246.1999969,-67.56286621,-60.11962891,-52.72521973,-58.93859863
246.3999939,-67.53234863,-60.15930176,-52.76184082,-58.91418457
246.6000061,-67.59338379,-60.1776123,-52.80151367,-58.9630127
246.8000031,-67.60864258,-60.20202637,-52.89001465,-59.02709961
247,-67.59338379,-60.26611328,-52.91442871,-59.02709961
247.1999969,-67.64526367,-60.2935791,-52.94494629,-58.94775391
247.3999939,-67.68188477,-60.31188965,-52.97546387,-58.95385742
247.6000061,-67.65441895,-60.3515625,-53.01208496,-59.02709961
247.8000031,-67.66662598,-60.40649414,-53.05786133,-59.03930664
248,-67.67578125,-60.41870117,-53.07922363,-59.06677246
248.1999969,-67.69104004,-60.4309082,-53.14331055,-59.07897949
248.3999939,-67.7154541,-60.46142578,-53.17993164,-59.1217041
248.6000061,-67.70019531,-60.48278809,-53.27148438,-59.14916992
248.8000031,-67.74291992,-60.5255127,-53.33557129,-59.18273926
249,-67.77954102,-60.57128906,-53.32946777,-59.19189453
249.1999969,-67.80395508,-60.63232422,-53.40576172,-59.17358398
249.3999939,-67.82226563,-60.65673828,-53.47290039,-59.1796875
249.6000061,-67.80395508,-60.7208252,-53.4576416,-59.26208496
249.8000031,-67.83447266,-60.76660156,-53.50341797,-59.24072266
250,-67.85888672,-60.77880859,-53.50646973,-59.28039551
250.1999969,-67.86804199,-60.83679199,-53.52172852,-59.28955078
250.3999939,-67.86804199,-60.84289551,-53.56750488,-59.3170166
250.6000061,-67.87414551,-60.87341309,-53.61328125,-59.30480957
250.8000031,-67.87414551,-60.93444824,-53.66821289,-59.33837891
251,-67.89550781,-60.91003418,-53.66516113,-59.31396484
251.1999969,-67.92297363,-60.97412109,-53.65600586,-59.32922363
251.3999939,-67.96264648,-60.98327637,-53.68041992,-59.30480957
251.6000061,-67.93212891,-61.0534668,-53.67736816,-59.36279297
251.8000031,-67.96569824,-61.09619141,-53.79943848,-59.34753418
252,-67.99926758,-61.12060547,-53.83300781,-59.35974121
252.1999969,-67.99621582,-61.18774414,-53.86657715,-59.39941406
252.3999939,-68.03283691,-61.23657227,-53.92150879,-59.50622559
252.6000061,-68.01147461,-61.2487793,-53.87268066,-59.53979492
252.8000031,-68.08166504,-61.27624512,-53.97033691,-59.49707031
253,-68.09997559,-61.328125,-53.9276123,-59.53369141
253.1999969,-68.11218262,-61.33117676,-53.91540527,-59.50927734
253.3999939,-68.13049316,-61.37695313,-53.97949219,-59.56726074
253.6000061,-68.1427002,-61.42578125,-53.93371582,-59.58557129
253.8000031,-68.13354492,-61.46850586,-53.9855957,-59.53369141
254,-68.09387207,-61.51733398,-53.98254395,-59.58251953
254.1999969,-68.15490723,-61.54785156,-54.06188965,-59.52758789
254.3999939,-68.16711426,-61.56311035,-54.06188965,-59.54589844
254.6000061,-68.17932129,-61.60583496,-54.11376953,-59.56115723
254.8000031,-68.20373535,-61.66992188,-54.05578613,-59.59472656
255,-68.21594238,-61.67907715,-54.11376953,-59.5916748
255.1999969,-68.2220459,-61.72485352,-54.14123535,-59.60083008
255.3999939,-68.24645996,-61.77978516,-54.18701172,-59.61608887
255.6000061,-68.25561523,-61.82556152,-54.15344238,-59.69238281
255.8000031,-68.2800293,-61.85302734,-54.1015625,-59.68017578
256,-68.29833984,-61.89575195,-54.07104492,-59.72595215
256.2000122,-68.31970215,-61.95373535,-54.11376953,-59.71374512
256.3999939,-68.33496094,-61.97509766,-54.17175293,-59.67102051
256.6000061,-68.36242676,-62.03918457,-54.21447754,-59.71069336
256.7999878,-68.35021973,-62.07885742,-54.2388916,-59.77478027
257,-68.38989258,-62.11242676,-54.26330566,-59.81140137
257.2000122,-68.39904785,-62.17651367,-54.2388916,-59.74731445
257.3999939,-68.45703125,-62.20703125,-54.29992676,-59.82666016
257.6000061,-68.4173584,-62.27111816,-54.36401367,-59.82666016
257.7999878,-68.44787598,-62.2833252,-54.40063477,-59.78088379
258,-68.46618652,-62.34130859,-54.42504883,-59.765625
258.2000122,-68.52111816,-62.37487793,-54.40673828,-59.86022949
258.3999939,-68.49365234,-62.42370605,-54.46166992,-59.89990234
258.6000061,-68.50280762,-62.45422363,-54.5135498,-59.88769531
258.7999878,-68.48144531,-62.50305176,-54.52270508,-59.91821289
259,-68.50585938,-62.55187988,-54.60510254,-59.98535156
259.2000122,-68.54553223,-62.60681152,-54.62036133,-59.98840332
259.3999939,-68.56994629,-62.65563965,-54.62646484,-59.99145508
259.6000061,-68.58520508,-62.70751953,-54.6875,-60.0189209
259.7999878,-68.57910156,-62.71057129,-54.70275879,-60.06164551
260,-68.59741211,-62.77770996,-54.67834473,-60.08605957
260.2000122,-68.60961914,-62.83569336,-54.70275879,-60.03723145
260.3999939,-68.64013672,-62.84179688,-54.73937988,-60.01586914
260.6000061,-68.6340332,-62.90588379,-54.7668457,-60.12573242
260.7999878,-68.6706543,-62.9486084,-54.78210449,-60.15930176
261,-68.65539551,-63.00964355,-54.91027832,-60.12268066
261.2000122,-68.65539551,-63.03100586,-54.93469238,-60.11047363
261.3999939,-68.70727539,-63.0859375,-54.94384766,-60.15319824
261.6000061,-68.74389648,-63.10119629,-54.94689941,-60.11657715
261.7999878,-68.70117188,-63.15612793,-54.97436523,-60.16845703
262,-68.75610352,-63.19885254,-55.01403809,-60.14404297
262.2000122,-68.70422363,-63.24768066,-55.02319336,-60.18371582
262.3999939,-68.82019043,-63.29040527,-55.078125,-60.16845703
262.6000061,-68.77441406,-63.31787109,-55.08117676,-60.22644043
262.7999878,-68.80187988,-63.36975098,-55.12084961,-60.31188965
263,-68.79882813,-63.37890625,-55.20935059,-60.29968262
263.2000122,-68.78662109,-63.43078613,-55.26123047,-60.38513184
263.3999939,-68.80187988,-63.46130371,-55.30700684,-60.34545898
263.6000061,-68.83544922,-63.50097656,-55.2947998,-60.39733887
263.7999878,-68.8293457,-63.54064941,-55.40466309,-60.45532227
264,-68.8079834,-63.59863281,-55.39855957,-60.47668457
264.2000122,-68.83544922,-63.63220215,-55.42602539,-60.45532227
264.3999939,-68.87512207,-63.65966797,-55.42297363,-60.47058105
264.6000061,-68.87817383,-63.66577148,-55.49316406,-60.4888916
264.7999878,-68.85375977,-63.71459961,-55.51757813,-60.53161621
265,-68.90869141,-63.76342773,-55.59387207,-60.50109863
265.2000122,-68.93920898,-63.80004883,-55.65185547,-60.59875488
265.3999939,-68.90563965,-63.85498047,-55.61218262,-60.57434082
265.6000061,-68.91479492,-63.8885498,-55.65795898,-60.59265137
265.7999878,-68.95141602,-63.93737793,-55.67321777,-60.59875488
266,-68.96362305,-63.9465332,-55.71289063,-60.61401367
266.2000122,-68.9666748,-63.99536133,-55.77087402,-60.71472168
266.3999939,-69.0246582,-64.02587891,-55.7800293,-60.73303223
266.6000061,-69.04296875,-64.06555176,-55.85632324,-60.71166992
266.7999878,-69.04907227,-64.10827637,-55.89599609,-60.76660156
267,-69.00024414,-64.10827637,-55.97229004,-60.8215332
267.2000122,-69.07043457,-64.19677734,-55.98754883,-60.84899902
267.3999939,-69.03686523,-64.21203613,-55.97839355,-60.85205078
267.6000061,-69.10095215,-64.24865723,-56.02111816,-60.89782715
267.7999878,-69.13757324,-64.28222656,-56.01806641,-60.88867188
268,-69.11315918,-64.30969238,-56.10656738,-60.92834473
268.2000122,-69.09484863,-64.36157227,-56.1340332,-60.9375
268.3999939,-69.09179688,-64.42565918,-56.18286133,-61.02294922
268.6000061,-69.08874512,-64.41650391,-56.18896484,-60.97717285
268.7999878,-69.16503906,-64.47753906,-56.25915527,-61.02905273
269,-69.16809082,-64.50805664,-56.35375977,-61.05651855
269.2000122,-69.16503906,-64.52941895,-56.35986328,-61.00463867
269.3999939,-69.17724609,-64.56604004,-56.34765625,-61.04431152
269.6000061,-69.14672852,-64.60266113,-56.45446777,-61.10534668
269.7999878,-69.15893555,-64.66674805,-56.41479492,-61.16027832
270,-69.2199707,-64.69116211,-56.4239502,-61.14807129
270.2000122,-69.20471191,-64.72473145,-56.43920898,-61.19689941
270.3999939,-69.1986084,-64.75524902,-56.46057129,-61.21826172
270.6000061,-69.20776367,-64.77661133,-56.48803711,-61.19995117
270.7999878,-69.22607422,-64.8223877,-56.57653809,-61.25183105
271,-69.20776367,-64.8651123,-56.59484863,-61.30065918
271.2000122,-69.2199707,-64.91088867,-56.59484863,-61.27624512
271.3999939,-69.21691895,-64.92919922,-56.63146973,-61.24572754
271.6000061,-69.2565918,-64.9597168,-56.57348633,-61.23046875
271.7999878,-69.29016113,-65.02075195,-56.70166016,-61.28234863
272,-69.21081543,-65.07263184,-56.71386719,-61.25488281
272.2000122,-69.23522949,-65.1184082,-56.78100586,-61.28540039
272.3999939,-69.29016113,-65.13061523,-56.81152344,-61.2701416
272.6000061,-69.32678223,-65.17028809,-56.84814453,-61.34643555
272.7999878,-69.3145752,-65.18554688,-56.8359375,-61.28845215
273,-69.30541992,-65.21911621,-56.78710938,-61.33422852
273.2000122,-69.34509277,-65.23742676,-56.82373047,-61.3067627
273.3999939,-69.37866211,-65.32287598,-56.7779541,-61.34643555
273.6000061,-69.46716309,-65.3503418,-56.84204102,-61.40441895
273.7999878,-69.44274902,-65.40527344,-56.89086914,-61.4440918
274,-69.4732666,-65.44189453,-56.96105957,-61.4654541
274.2000122,-69.50683594,-65.46936035,-57.00073242,-61.38916016
274.3999939,-69.4519043,-65.51513672,-57.0098877,-61.38916016
274.6000061,-69.52514648,-65.53649902,-56.97021484,-61.41967773
274.7999878,-69.57092285,-65.57922363,-57.01904297,-61.48376465
275,-69.58007813,-65.60668945,-57.04345703,-61.45324707
275.2000122,-69.60144043,-65.64941406,-57.05566406,-61.51733398
275.3999939,-69.62890625,-65.70739746,-57.11364746,-61.51428223
275.6000061,-69.6472168,-65.73791504,-57.15332031,-61.50512695
275.7999878,-69.65026855,-65.77758789,-57.15332031,-61.48071289
276,-69.68994141,-65.83862305,-57.13500977,-61.5020752
276.2000122,-69.68688965,-65.84472656,-57.25708008,-61.52038574
276.3999939,-69.71130371,-65.8996582,-57.3059082,-61.54785156
276.6000061,-69.7265625,-65.93322754,-57.25708008,-61.55395508
276.7999878,-69.75402832,-65.94543457,-57.27233887,-61.5814209
277,-69.76623535,-65.98205566,-57.34558105,-61.5814209
277.2000122,-69.81201172,-66.02478027,-57.37915039,-61.59667969
277.3999939,-69.78759766,-66.08276367,-57.3425293,-61.68212891
277.6000061,-69.80895996,-66.13769531,-57.38830566,-61.69128418
277.7999878,-69.8425293,-66.17126465,-57.41577148,-61.62109375
278,-69.83947754,-66.1895752,-57.43713379,-61.61804199
278.2000122,-69.87609863,-66.24755859,-57.48596191,-61.66381836
278.3999939,-69.91882324,-66.25061035,-57.51953125,-61.74621582
278.6000061,-69.94018555,-66.30249023,-57.59277344,-61.74316406
278.7999878,-69.95544434,-66.37573242,-57.64465332,-61.70349121
279,-70.01342773,-66.40625,-57.6965332,-61.74926758
279.2000122,-70.00732422,-66.41235352,-57.63244629,-61.79199219
279.3999939,-70.01342773,-66.47644043,-57.70874023,-61.7980957
279.6000061,-70.0012207,-66.49169922,-57.71179199,-61.7401123
279.7999878,-70.0378418,-66.51916504,-57.73010254,-61.78894043
280,-70.01037598,-66.58630371,-57.76367188,-61.84997559
280.2000122,-70.02258301,-66.62902832,-57.84301758,-61.8927002
280.3999939,-70.04089355,-66.65039063,-57.87963867,-61.88049316
280.6000061,-70.08361816,-66.69616699,-57.93457031,-61.88354492
280.7999878,-70.11413574,-66.71142578,-57.9498291,-61.88354492
281,-70.1171875,-66.75415039,-57.98950195,-61.9140625
281.2000122,-70.1171875,-66.79992676,-58.05358887,-61.97814941
281.3999939,-70.11108398,-66.86706543,-58.07189941,-61.97814941
281.6000061,-70.15380859,-66.87316895,-58.0871582,-61.96899414
281.7999878,-70.13244629,-66.89147949,-58.203125,-62.03613281
282,-70.12023926,-66.93725586,-58.24279785,-62.03308105
282.2000122,-70.14465332,-66.96472168,-58.25500488,-62.00561523
282.3999939,-70.1751709,-67.01049805,-58.26721191,-62.11242676
282.6000061,-70.21789551,-67.08068848,-58.35571289,-62.17346191
282.7999878,-70.22399902,-67.06542969,-58.33129883,-62.06665039
283,-70.21179199,-67.12341309,-58.3984375,-62.06665039
283.2000122,-70.24230957,-67.15698242,-58.49304199,-62.20703125
283.3999939,-70.22094727,-67.17224121,-58.46862793,-62.28027344
283.6000061,-70.26367188,-67.20581055,-58.48999023,-62.23449707
283.7999878,-70.23620605,-67.23022461,-58.50219727,-62.23144531
284,-70.27587891,-67.26074219,-58.60595703,-62.20703125
284.2000122,-70.27282715,-67.29431152,-58.69750977,-62.23449707
284.3999939,-70.2911377,-67.33093262,-58.77380371,-62.31384277
284.6000061,-70.33081055,-67.37976074,-58.77380371,-62.3626709
284.7999878,-70.33996582,-67.39196777,-58.71887207,-62.32299805
285,-70.32775879,-67.45910645,-58.79821777,-62.37487793
285.2000122,-70.35827637,-67.48352051,-58.8684082,-62.39318848
285.3999939,-70.3704834,-67.48962402,-58.93249512,-62.40234375
285.6000061,-70.36743164,-67.53234863,-59.01794434,-62.4420166
285.7999878,-70.3704834,-67.56896973,-59.05456543,-62.41760254
286,-70.38269043,-67.57507324,-59.1217041,-62.43896484
286.2000122,-70.40710449,-67.63000488,-59.18884277,-62.46337891
286.3999939,-70.46508789,-67.66052246,-59.13085938,-62.53967285
286.6000061,-70.48950195,-67.68493652,-59.22546387,-62.56103516
286.7999878,-70.49560547,-67.73071289,-59.2956543,-62.57324219
287,-70.51391602,-67.7734375,-59.32006836,-62.55187988
287.2000122,-70.5078125,-67.80090332,-59.40246582,-62.55187988
287.3999939,-70.51086426,-67.83447266,-59.40856934,-62.56408691
287.6000061,-70.52307129,-67.83752441,-59.41772461,-62.58239746
287.7999878,-70.55053711,-67.89550781,-59.48486328,-62.62207031
288,-70.56884766,-67.91687012,-59.5123291,-62.68615723
288.2000122,-70.55969238,-67.92602539,-59.52453613,-62.71362305
288.3999939,-70.57189941,-67.97485352,-59.58862305,-62.76245117
288.6000061,-70.55053711,-68.00231934,-59.62219238,-62.82348633
288.7999878,-70.53527832,-68.04504395,-59.64660645,-62.81738281
289,-70.56884766,-68.06945801,-59.6496582,-62.78686523
289.2000122,-70.5871582,-68.09997559,-59.68017578,-62.75024414
289.3999939,-70.61462402,-68.11218262,-59.76867676,-62.82958984
289.6000061,-70.64208984,-68.15490723,-59.78393555,-62.87841797
289.7999878,-70.63293457,-68.17016602,-59.86938477,-62.89672852
290,-70.65429688,-68.23120117,-59.86938477,-62.84790039
290.2000122,-70.69091797,-68.27087402,-59.93347168,-62.93640137
290.3999939,-70.703125,-68.3013916,-59.95178223,-62.94250488
290.6000061,-70.70617676,-68.32580566,-59.99755859,-62.98828125
290.7999878,-70.74584961,-68.35021973,-60.06164551,-62.93945313
291,-70.74890137,-68.40515137,-60.07995605,-62.94250488
291.2000122,-70.75805664,-68.42651367,-60.11047363,-63.00964355
291.3999939,-70.75805664,-68.45397949,-60.12573242,-62.95166016
291.6000061,-70.77026367,-68.48144531,-60.1776123,-63.07678223
291.7999878,-70.78552246,-68.5333252,-60.17150879,-63.10119629
292,-70.82519531,-68.57299805,-60.18981934,-63.0645752
292.2000122,-70.86486816,-68.59130859,-60.19287109,-63.10119629
292.3999939,-70.89233398,-68.6126709,-60.22033691,-63.13476563
292.6000061,-70.90454102,-68.65234375,-60.2935791,-63.16833496
292.7999878,-70.94116211,-68.6920166,-60.37902832,-63.18969727
293,-70.93200684,-68.74084473,-60.40039063,-63.16223145
293.2000122,-70.86791992,-68.74694824,-60.40344238,-63.19274902
293.3999939,-70.90454102,-68.8079834,-60.42480469,-63.21411133
293.6000061,-70.90148926,-68.83544922,-60.46447754,-63.22021484
293.7999878,-70.93505859,-68.87512207,-60.45227051,-63.25073242
294,-70.91064453,-68.91784668,-60.49499512,-63.26293945
294.2000122,-70.92590332,-68.95751953,-60.53771973,-63.21411133
294.3999939,-70.93505859,-68.97277832,-60.5682373,-63.2598877
294.6000061,-70.93200684,-69.00634766,-60.54077148,-63.31481934
294.7999878,-70.98693848,-69.04907227,-60.57128906,-63.37585449
295,-71.03881836,-69.03076172,-60.61706543,-63.33312988
295.2000122,-71.0144043,-69.09179688,-60.59265137,-63.33007813
295.3999939,-70.99914551,-69.14672852,-60.59875488,-63.35754395
295.6000061,-71.04187012,-69.16503906,-60.54382324,-63.37585449
295.7999878,-71.02355957,-69.21081543,-60.61706543,-63.40026855
296,-71.06018066,-69.22302246,-60.68725586,-63.45214844
296.2000122,-71.05102539,-69.29321289,-60.73913574,-63.42773438
296.3999939,-71.09069824,-69.3145752,-60.76965332,-63.44909668
296.6000061,-71.06018066,-69.32983398,-60.77575684,-63.44299316
296.7999878,-71.0723877,-69.34204102,-60.76660156,-63.48266602
297,-71.09069824,-69.38171387,-60.79406738,-63.46740723
297.2000122,-71.11206055,-69.40917969,-60.81237793,-63.51318359
297.3999939,-71.12121582,-69.45495605,-60.84289551,-63.5345459
297.6000061,-71.17004395,-69.48242188,-60.89782715,-63.52539063
297.7999878,-71.17614746,-69.48547363,-60.89782715,-63.50402832
298,-71.1517334,-69.52819824,-60.96496582,-63.58947754
298.2000122,-71.21887207,-69.55871582,-60.9588623,-63.54064941
298.3999939,-71.20056152,-69.58312988,-60.9588623,-63.62609863
298.6000061,-71.20666504,-69.6105957,-60.98022461,-63.63220215
298.7999878,-71.21276855,-69.67468262,-61.02294922,-63.66577148
299,-71.20666504,-69.66552734,-61.0534668,-63.67492676
299.2000122,-71.24633789,-69.69909668,-61.09924316,-63.64746094
299.3999939,-71.29516602,-69.72961426,-61.11755371,-63.69934082
299.6000061,-71.27075195,-69.75402832,-61.1907959,-63.71459961
299.7999878,-71.30432129,-69.80285645,-61.21826172,-63.68103027
300,-71.33483887,-69.84863281,-61.23352051,-63.71154785
300.2000122,-71.32873535,-69.85168457,-61.25183105,-63.72375488
300.3999939,-71.3684082,-69.87304688,-61.24267578,-63.81530762
300.6000061,-71.38977051,-69.9005127,-61.31896973,-63.82141113
300.7999878,-71.41113281,-69.93103027,-61.41662598,-63.80615234
301,-71.4263916,-70.0012207,-61.42883301,-63.83972168
301.2000122,-71.43859863,-69.99206543,-61.47155762,-63.83361816
301.3999939,-71.44165039,-70.02563477,-61.59057617,-63.85803223
301.6000061,-71.51794434,-70.06835938,-61.63330078,-63.92211914
301.7999878,-71.48742676,-70.10803223,-61.57531738,-63.9465332
302,-71.49353027,-70.10803223,-61.64855957,-63.8671875
302.2000122,-71.49963379,-70.13549805,-61.67297363,-63.89160156
302.3999939,-71.46911621,-70.15686035,-61.67602539,-63.95263672
302.6000061,-71.53930664,-70.18432617,-61.67907715,-63.96179199
302.7999878,-71.54541016,-70.22094727,-61.73706055,-63.95874023
303,-71.56982422,-70.24230957,-61.86218262,-64.01062012
303.2000122,-71.60339355,-70.26367188,-61.7980957,-64.09301758
303.3999939,-71.64916992,-70.30334473,-61.86828613,-64.10522461
303.6000061,-71.62475586,-70.32470703,-61.93237305,-64.14794922
303.7999878,-71.68273926,-70.35827637,-61.94458008,-64.20593262
304,-71.68273926,-70.37963867,-62.02392578,-64.1784668
304.2000122,-71.70410156,-70.41015625,-62.03613281,-64.16320801
304.3999939,-71.69189453,-70.46203613,-62.04833984,-64.19067383
304.6000061,-71.70715332,-70.49865723,-62.10632324,-64.22119141
304.7999878,-71.69189453,-70.53833008,-62.11547852,-64.26391602
305,-71.67358398,-70.55969238,-62.15820313,-64.21508789
305.2000122,-71.69189453,-70.57800293,-62.28027344,-64.27307129
305.3999939,-71.77734375,-70.61157227,-62.36877441,-64.33105469
305.6000061,-71.71020508,-70.63903809,-62.28637695,-64.3157959
305.7999878,-71.69799805,-70.63293457,-62.35046387,-64.34631348
306,-71.72851563,-70.6817627,-62.43286133,-64.33410645
306.2000122,-71.76208496,-70.67871094,-62.42675781,-64.37683105
306.3999939,-71.80175781,-70.74279785,-62.51220703,-64.40429688
306.6000061,-71.77734375,-70.73669434,-62.53967285,-64.41955566
306.7999878,-71.7590332,-70.79467773,-62.59765625,-64.44702148
307,-71.81396484,-70.80688477,-62.58544922,-64.45922852
307.2000122,-71.84753418,-70.83740234,-62.6739502,-64.49279785
307.3999939,-71.80786133,-70.8770752,-62.74719238,-64.48669434
307.6000061,-71.87805176,-70.8984375,-62.80517578,-64.5904541
307.7999878,-71.89025879,-70.93505859,-62.84179688,-64.62097168
308,-71.91162109,-70.95947266,-62.87231445,-64.60266113
308.2000122,-71.90551758,-70.98083496,-62.92114258,-64.59960938
308.3999939,-71.98486328,-71.01745605,-62.97302246,-64.60876465
308.6000061,-71.91467285,-71.01745605,-63.01879883,-64.65759277
308.7999878,-71.9329834,-71.08154297,-63.07373047,-64.70031738
309,-72.00012207,-71.13037109,-63.11035156,-64.70031738
309.2000122,-71.95739746,-71.15783691,-63.11645508,-64.74914551
309.3999939,-71.95129395,-71.15783691,-63.19274902,-64.73693848
309.6000061,-71.98181152,-71.20056152,-63.2232666,-64.72167969
309.7999878,-71.98486328,-71.22192383,-63.21716309,-64.74304199
310,-72.0123291,-71.25854492,-63.25683594,-64.73693848
310.2000122,-72.03063965,-71.26159668,-63.24768066,-64.75524902
310.3999939,-72.03063965,-71.31347656,-63.26904297,-64.81018066
310.6000061,-72.08251953,-71.3470459,-63.29345703,-64.89868164
310.7999878,-72.10998535,-71.37451172,-63.29650879,-64.84680176
311,-72.13745117,-71.38977051,-63.36975098,-64.84985352
311.2000122,-72.14660645,-71.43249512,-63.42468262,-64.86206055
311.3999939,-72.1282959,-71.45690918,-63.38500977,-64.89868164
311.6000061,-72.22595215,-71.49963379,-63.34533691,-64.95056152
311.7999878,-72.17102051,-71.54541016,-63.45214844,-64.97802734
312,-72.2076416,-71.55151367,-63.42468262,-65.0177002
312.2000122,-72.19238281,-71.58813477,-63.48266602,-64.94750977
312.3999939,-72.2442627,-71.58813477,-63.51013184,-65.01159668
312.6000061,-72.26867676,-71.63391113,-63.52539063,-65.02990723
312.7999878,-72.31140137,-71.64916992,-63.57116699,-65.0604248
313,-72.23510742,-71.72241211,-63.52539063,-65.0604248
313.2000122,-72.22290039,-71.73461914,-63.5925293,-65.06958008
313.3999939,-72.27478027,-71.75598145,-63.64746094,-65.10925293
313.6000061,-72.32055664,-71.81091309,-63.66577148,-65.05737305
313.7999878,-72.37548828,-71.82617188,-63.70849609,-65.1184082
314,-72.34191895,-71.87194824,-63.72680664,-65.12451172
314.2000122,-72.37243652,-71.87194824,-63.70239258,-65.10620117
314.3999939,-72.40905762,-71.91162109,-63.77258301,-65.11535645
314.6000061,-72.42736816,-71.92077637,-63.77868652,-65.09094238
314.7999878,-72.43041992,-71.96350098,-63.74816895,-65.1550293
315,-72.49145508,-71.9909668,-63.80310059,-65.17944336
315.2000122,-72.49145508,-72.00927734,-63.80310059,-65.1763916
315.3999939,-72.50061035,-72.03979492,-63.83972168,-65.14587402
315.6000061,-72.55554199,-72.08251953,-63.85498047,-65.19470215
315.7999878,-72.56469727,-72.10998535,-63.90075684,-65.20996094
316,-72.57995605,-72.1282959,-63.99536133,-65.27404785
316.2000122,-72.58911133,-72.15270996,-64.01977539,-65.22827148
316.3999939,-72.59216309,-72.19543457,-63.96789551,-65.21911621
316.6000061,-72.61047363,-72.21679688,-63.99230957,-65.24353027
316.7999878,-72.64709473,-72.24121094,-64.02587891,-65.21911621
317,-72.60437012,-72.2442627,-64.04418945,-65.28320313
317.2000122,-72.68371582,-72.25341797,-63.98010254,-65.27709961
317.3999939,-72.72033691,-72.28088379,-63.98010254,-65.26184082
317.6000061,-72.67456055,-72.34191895,-64.06555176,-65.31677246
317.7999878,-72.71728516,-72.33581543,-64.1204834,-65.37475586
318,-72.74169922,-72.38464355,-64.12658691,-65.39306641
318.2000122,-72.72644043,-72.38464355,-64.16931152,-65.37780762
318.3999939,-72.77526855,-72.42431641,-64.15405273,-65.44189453
318.6000061,-72.83325195,-72.44567871,-64.19677734,-65.43579102
318.7999878,-72.84240723,-72.48535156,-64.22424316,-65.46630859
319,-72.86071777,-72.50366211,-64.2364502,-65.4296875
319.2000122,-72.87902832,-72.49755859,-64.31274414,-65.50598145
319.3999939,-72.89123535,-72.55249023,-64.28833008,-65.49377441
319.6000061,-72.92785645,-72.58605957,-64.33410645,-65.47241211
319.7999878,-72.99499512,-72.61352539,-64.29748535,-65.46630859
320,-72.99194336,-72.61657715,-64.3951416,-65.52429199
320.2000122,-72.96447754,-72.63183594,-64.44702148,-65.5670166
320.3999939,-72.99804688,-72.66235352,-64.44091797,-65.59143066
320.6000061,-73.0682373,-72.67150879,-64.46228027,-65.5456543
320.7999878,-73.08349609,-72.69287109,-64.58435059,-65.59753418
321,-73.12316895,-72.72949219,-64.53552246,-65.61279297
321.2000122,-73.1262207,-72.76000977,-64.55383301,-65.68908691
321.3999939,-73.13232422,-72.78747559,-64.6270752,-65.73181152
321.6000061,-73.19641113,-72.83630371,-64.66674805,-65.67993164
321.7999878,-73.15368652,-72.82104492,-64.69726563,-65.67077637
322,-73.19030762,-72.85461426,-64.70336914,-65.75012207
322.2000122,-73.16589355,-72.90344238,-64.71862793,-65.81726074
322.3999939,-73.17504883,-72.87902832,-64.77966309,-65.77453613
322.6000061,-73.23608398,-72.91259766,-64.81323242,-65.74707031
322.7999878,-73.26049805,-72.93701172,-64.86816406,-65.84472656
323,-73.27575684,-72.94616699,-64.94445801,-65.89355469
323.2000122,-73.31542969,-72.9675293,-65.04821777,-65.94238281
323.3999939,-73.30627441,-72.99804688,-65.0390625,-65.93933105
323.6000061,-73.30932617,-73.00415039,-65.06347656,-65.94543457
323.7999878,-73.34594727,-73.0255127,-65.1184082,-65.97595215
324,-73.33068848,-73.03771973,-65.11535645,-65.96374512
324.2000122,-73.38867188,-73.07128906,-65.14587402,-66.00036621
324.3999939,-73.36730957,-73.08044434,-65.20996094,-66.02478027
324.6000061,-73.40393066,-73.12011719,-65.25268555,-66.04919434
324.7999878,-73.45581055,-73.13537598,-65.31066895,-66.0369873
325,-73.48937988,-73.16589355,-65.30151367,-66.06750488
325.2000122,-73.47412109,-73.17504883,-65.28320313,-66.12243652
325.3999939,-73.50769043,-73.19641113,-65.36254883,-66.0736084
325.6000061,-73.55041504,-73.22387695,-65.37780762,-66.10717773
325.7999878,-73.56262207,-73.26965332,-65.41137695,-66.18041992
326,-73.58703613,-73.27270508,-65.45715332,-66.22314453
326.2000122,-73.61755371,-73.28186035,-65.46936035,-66.23535156
326.3999939,-73.57788086,-73.32458496,-65.48156738,-66.22009277
326.6000061,-73.52600098,-73.33984375,-65.57617188,-66.17736816
326.7999878,-73.59924316,-73.3581543,-65.59753418,-66.25061035
327,-73.62976074,-73.36120605,-65.67382813,-66.25366211
327.2000122,-73.65112305,-73.38867188,-65.62194824,-66.31164551
327.3999939,-73.6328125,-73.39172363,-65.68603516,-66.33911133
327.6000061,-73.62365723,-73.40393066,-65.77453613,-66.4855957
327.7999878,-73.66638184,-73.44055176,-65.75317383,-66.43371582
328,-73.69995117,-73.4588623,-65.80810547,-66.45202637
328.2000122,-73.69384766,-73.47106934,-65.86914063,-66.45507813
328.3999939,-73.72436523,-73.53515625,-65.85388184,-66.47949219
328.6000061,-73.69995117,-73.50463867,-65.84777832,-66.47033691
328.7999878,-73.73962402,-73.54125977,-65.91796875,-66.54052734
329,-73.7701416,-73.55957031,-65.97290039,-66.53747559
329.2000122,-73.75183105,-73.60229492,-65.96984863,-66.51306152
329.3999939,-73.8067627,-73.62060547,-66.04003906,-66.5435791
329.6000061,-73.77929688,-73.62670898,-66.05224609,-66.52526855
329.7999878,-73.81896973,-73.64501953,-65.99731445,-66.53442383
330,-73.83728027,-73.65112305,-66.07971191,-66.66259766
330.2000122,-73.89526367,-73.68469238,-66.0736084,-66.65649414
330.3999939,-73.91052246,-73.68774414,-66.18041992,-66.64123535
330.6000061,-73.88305664,-73.73962402,-66.17431641,-66.64733887
330.7999878,-73.8861084,-73.75793457,-66.25366211,-66.66259766
331,-73.9074707,-73.77319336,-66.28112793,-66.6809082
331.2000122,-73.90136719,-73.79150391,-66.24450684,-66.7175293
331.3999939,-73.91967773,-73.83422852,-66.24450684,-66.67175293
331.6000061,-73.95324707,-73.8494873,-66.27807617,-66.72058105
331.7999878,-73.99291992,-73.87084961,-66.31164551,-66.68701172
332,-73.99902344,-73.89831543,-66.24145508,-66.7755127
332.2000122,-74.03259277,-73.92272949,-66.33911133,-66.78771973
332.3999939,-74.03564453,-73.93798828,-66.3482666,-66.76330566
332.6000061,-74.00817871,-73.9654541,-66.40319824,-66.76025391
332.7999878,-74.04174805,-74.00817871,-66.38183594,-66.83654785
333,-74.05395508,-73.99902344,-66.43371582,-66.80297852
333.2000122,-74.07226563,-74.04174805,-66.44592285,-66.79077148
333.3999939,-74.0814209,-74.08447266,-66.41845703,-66.80297852
333.6000061,-74.15771484,-74.04785156,-66.45507813,-66.83044434
333.7999878,-74.15771484,-74.08447266,-66.53137207,-66.83959961
334,-74.11193848,-74.09667969,-66.53747559,-66.91894531
334.2000122,-74.13024902,-74.10583496,-66.59851074,-66.84570313
334.3999939,-74.15466309,-74.15161133,-66.62902832,-66.86401367
334.6000061,-74.14550781,-74.15466309,-66.57104492,-66.8548584
334.7999878,-74.17602539,-74.18518066,-66.55273438,-66.85180664
335,-74.16381836,-74.22790527,-66.6229248,-66.89147949
335.2000122,-74.23706055,-74.24316406,-66.69616699,-66.88537598
335.3999939,-74.27978516,-74.2401123,-66.65649414,-66.9342041
335.6000061,-74.26452637,-74.25842285,-66.71142578,-66.95251465
335.7999878,-74.26147461,-74.29504395,-66.69311523,-66.97692871
336,-74.28894043,-74.32861328,-66.68395996,-66.95861816
336.2000122,-74.2767334,-74.3560791,-66.69616699,-66.90063477
336.3999939,-74.33166504,-74.38354492,-66.76940918,-66.98913574
336.6000061,-74.37438965,-74.40490723,-66.77856445,-67.01049805
336.7999878,-74.38659668,-74.42016602,-66.8182373,-66.98913574
337,-74.39880371,-74.4354248,-66.78466797,-66.99523926
337.2000122,-74.44763184,-74.45983887,-66.80908203,-67.0501709
337.3999939,-74.45373535,-74.49035645,-66.86706543,-67.07763672
337.6000061,-74.43237305,-74.51171875,-66.87927246,-67.07458496
337.7999878,-74.46594238,-74.48730469,-66.91894531,-67.03491211
338,-74.47814941,-74.5300293,-66.83654785,-67.0501709
338.2000122,-74.49645996,-74.59106445,-66.86096191,-67.1295166
338.3999939,-74.53918457,-74.57580566,-66.88842773,-67.16308594
338.6000061,-74.50561523,-74.56665039,-66.93115234,-67.19055176
338.7999878,-74.52392578,-74.609375,-66.9921875,-67.1661377
339,-74.52087402,-74.64904785,-66.99523926,-67.13867188
339.2000122,-74.51782227,-74.63989258,-66.96777344,-67.1661377
339.3999939,-74.52697754,-74.69177246,-66.95861816,-67.17224121
339.6000061,-74.5300293,-74.70397949,-67.02575684,-67.23022461
339.7999878,-74.57580566,-74.71008301,-67.03186035,-67.23937988
340,-74.56359863,-74.6887207,-67.01660156,-67.26074219
340.2000122,-74.56359863,-74.71923828,-67.06848145,-67.24243164
340.3999939,-74.52087402,-74.72229004,-67.09594727,-67.27905273
340.6000061,-74.59106445,-74.73754883,-67.12341309,-67.26379395
340.7999878,-74.59106445,-74.78027344,-67.14172363,-67.34619141
341,-74.60632324,-74.79858398,-67.18139648,-67.34924316
341.2000122,-74.62463379,-74.81384277,-67.1661377,-67.34924316
341.3999939,-74.61547852,-74.81079102,-67.25463867,-67.33703613
341.6000061,-74.6673584,-74.81079102,-67.3034668,-67.38586426
341.7999878,-74.65515137,-74.81689453,-67.37670898,-67.4407959
342,-74.65209961,-74.84130859,-67.29736328,-67.4407959
342.2000122,-74.60327148,-74.84436035,-67.32177734,-67.4407959
342.3999939,-74.64294434,-74.87792969,-67.33703613,-67.42553711
342.6000061,-74.64904785,-74.90844727,-67.3828125,-67.45910645
342.7999878,-74.65820313,-74.91760254,-67.37670898,-67.52929688
343,-74.62158203,-74.93896484,-67.41027832,-67.54455566
343.2000122,-74.60632324,-74.9420166,-67.49267578,-67.61169434
343.3999939,-74.62463379,-74.95727539,-67.55371094,-67.62695313
343.6000061,-74.6307373,-74.92980957,-67.59643555,-67.63916016
343.7999878,-74.59716797,-74.9420166,-67.54455566,-67.60253906
344,-74.67956543,-74.9786377,-67.57202148,-67.63000488
344.2000122,-74.62768555,-74.97558594,-67.578125,-67.67272949
344.3999939,-74.63378906,-75,-67.62390137,-67.73986816
344.6000061,-74.6887207,-75.00305176,-67.66052246,-67.70019531
344.7999878,-74.67651367,-75.01525879,-67.72460938,-67.77038574
345,-74.7253418,-75.03051758,-67.78564453,-67.74291992
345.2000122,-74.74365234,-75.04577637,-67.7947998,-67.77038574
345.3999939,-74.6673584,-75.04882813,-67.82836914,-67.83447266
345.6000061,-74.72839355,-75.09155273,-67.88330078,-67.78564453
345.7999878,-74.74060059,-75.0793457,-67.85888672,-67.78259277
346,-74.66430664,-75.0793457,-67.83752441,-67.81616211
346.2000122,-74.64904785,-75.05493164,-67.93518066,-67.7947998
346.3999939,-74.66430664,-75.08544922,-67.98095703,-67.83752441
346.6000061,-74.68566895,-75.13427734,-67.97180176,-67.84973145
346.7999878,-74.66125488,-75.11291504,-68.01757813,-67.89245605
347,-74.68566895,-75.16784668,-68.05725098,-67.92602539
347.2000122,-74.69482422,-75.17089844,-68.10302734,-67.9473877
347.3999939,-74.6673584,-75.18005371,-68.13049316,-68.00537109
347.6000061,-74.67041016,-75.20751953,-68.17626953,-68.00537109
347.7999878,-74.6887207,-75.23803711,-68.17932129,-68.0480957
348,-74.6887207,-75.21972656,-68.19152832,-68.07861328
348.2000122,-74.72839355,-75.23498535,-68.21899414,-68.05114746
348.3999939,-74.73449707,-75.26550293,-68.21594238,-68.07250977
348.6000061,-74.71618652,-75.2746582,-68.28613281,-68.12438965
348.7999878,-74.73754883,-75.32043457,-68.20068359,-68.13049316
349,-74.7833252,-75.35400391,-68.22509766,-68.16101074
349.2000122,-74.8046875,-75.3326416,-68.29528809,-68.11828613
349.3999939,-74.78027344,-75.3692627,-68.25866699,-68.17016602
349.6000061,-74.81384277,-75.390625,-68.25866699,-68.1854248
349.7999878,-74.80773926,-75.43029785,-68.31359863,-68.19152832
350,-74.80163574,-75.42419434,-68.37768555,-68.27697754
350.2000122,-74.81994629,-75.41503906,-68.36242676,-68.24035645
350.3999939,-74.85656738,-75.44250488,-68.39904785,-68.28613281
350.6000061,-74.81994629,-75.4699707,-68.40820313,-68.29833984
350.7999878,-74.87182617,-75.45471191,-68.45092773,-68.31665039
351,-74.8840332,-75.46691895,-68.45703125,-68.34106445
351.2000122,-74.85961914,-75.50354004,-68.45092773,-68.29528809
351.3999939,-74.8046875,-75.51879883,-68.46313477,-68.32580566
351.6000061,-74.81079102,-75.55236816,-68.48144531,-68.30444336
351.7999878,-74.8260498,-75.54931641,-68.49060059,-68.31665039
352,-74.8840332,-75.56762695,-68.46008301,-68.35632324
352.2000122,-74.86877441,-75.61340332,-68.51196289,-68.41125488
352.3999939,-74.89318848,-75.62255859,-68.5333252,-68.4387207
352.6000061,-74.86572266,-75.6439209,-68.56689453,-68.37768555
352.7999878,-74.8840332,-75.65002441,-68.5760498,-68.44177246
353,-74.89929199,-75.67749023,-68.56079102,-68.38684082
353.2000122,-74.89013672,-75.71411133,-68.56079102,-68.42346191
353.3999939,-74.90844727,-75.7232666,-68.58215332,-68.48449707
353.6000061,-74.96032715,-75.75683594,-68.56994629,-68.45397949
353.7999878,-75.02441406,-75.75683594,-68.63708496,-68.48449707
354,-74.94506836,-75.76599121,-68.62487793,-68.52111816
354.2000122,-74.97253418,-75.7598877,-68.65844727,-68.52111816
354.3999939,-75.0213623,-75.78735352,-68.64013672,-68.45397949
354.6000061,-75.04577637,-75.81787109,-68.62182617,-68.50280762
354.7999878,-74.96643066,-75.81176758,-68.5760498,-68.54858398
355,-75.03356934,-75.82092285,-68.67675781,-68.58520508
355.2000122,-75.07324219,-75.82092285,-68.66455078,-68.56689453
355.3999939,-75.08544922,-75.85144043,-68.66760254,-68.54553223
355.6000061,-75.07324219,-75.8605957,-68.68286133,-68.5333252
355.7999878,-75.07629395,-75.8972168,-68.71337891,-68.55163574
356,-75.1159668,-75.87585449,-68.68896484,-68.60961914
356.2000122,-75.14343262,-75.87890625,-68.66455078,-68.55163574
356.3999939,-75.14953613,-75.91247559,-68.68286133,-68.6126709
356.6000061,-75.19836426,-75.92773438,-68.67370605,-68.61877441
356.7999878,-75.1739502,-75.95214844,-68.69812012,-68.61572266
357,-75.19836426,-75.95825195,-68.75610352,-68.65539551
357.2000122,-75.2166748,-75.98266602,-68.79272461,-68.65234375
357.3999939,-75.21972656,-75.96740723,-68.79272461,-68.70117188
357.6000061,-75.24108887,-76.00708008,-68.8293457,-68.74084473
357.7999878,-75.25024414,-76.02844238,-68.8873291,-68.70117188
358,-75.23498535,-76.00708008,-68.91479492,-68.68286133
358.2000122,-75.26855469,-76.04064941,-68.93005371,-68.76220703
358.3999939,-75.24414063,-76.03149414,-68.93615723,-68.83239746
358.6000061,-75.30517578,-76.03149414,-68.92089844,-68.77441406
358.7999878,-75.30517578,-76.06201172,-68.93310547,-68.75
359,-75.31738281,-76.07116699,-68.96362305,-68.85070801
359.2000122,-75.34790039,-76.0925293,-68.97277832,-68.83850098
359.3999939,-75.29296875,-76.10168457,-68.97583008,-68.91479492
359.6000061,-75.34790039,-76.11999512,-68.90869141,-68.88122559
359.7999878,-75.42419434,-76.12915039,-68.94836426,-68.8659668
360,-75.41503906,-76.14135742,-68.96362305,-68.87207031
360.2000122,-75.40893555,-76.15356445,-68.98498535,-68.90563965
360.3999939,-75.38757324,-76.19934082,-69.02770996,-68.93310547
360.6000061,-75.46386719,-76.19628906,-69.10705566,-68.94836426
360.7999878,-75.49133301,-76.21154785,-69.13146973,-68.96362305
361,-75.52185059,-76.24511719,-69.12231445,-68.93310547
361.2000122,-75.54016113,-76.25732422,-69.140625,-68.95141602
361.3999939,-75.56762695,-76.24816895,-69.18029785,-69.00939941
361.6000061,-75.57983398,-76.24511719,-69.16809082,-68.98193359
361.7999878,-75.55847168,-76.23901367,-69.22607422,-69.05212402
362,-75.65002441,-76.27258301,-69.20471191,-69.07043457
362.2000122,-75.61950684,-76.27563477,-69.25354004,-69.06433105
362.3999939,-75.6439209,-76.26647949,-69.28100586,-69.04602051
362.6000061,-75.66833496,-76.27563477,-69.29626465,-69.14978027
362.7999878,-75.6652832,-76.28479004,-69.36950684,-69.19250488
363,-75.68054199,-76.31530762,-69.40917969,-69.24438477
363.2000122,-75.66833496,-76.30004883,-69.48242188,-69.19555664
363.3999939,-75.71716309,-76.32141113,-69.46716309,-69.18334961
363.6000061,-75.71105957,-76.32751465,-69.52209473,-69.16503906
363.7999878,-75.72631836,-76.33666992,-69.53125,-69.21691895
364,-75.74462891,-76.35192871,-69.57397461,-69.17724609
364.2000122,-75.76293945,-76.36108398,-69.57702637,-69.24133301
364.3999939,-75.76293945,-76.38549805,-69.59838867,-69.2565918
364.6000061,-75.8026123,-76.37634277,-69.7052002,-69.28100586
364.7999878,-75.78430176,-76.39465332,-69.74487305,-69.29016113
365,-75.8026123,-76.41296387,-69.75708008,-69.29321289
365.2000122,-75.79345703,-76.37939453,-69.74182129,-69.31152344
365.3999939,-75.75073242,-76.41906738,-69.65942383,-69.3145752
365.6000061,-75.81481934,-76.43127441,-69.7479248,-69.37866211
365.7999878,-75.82397461,-76.46179199,-69.81811523,-69.39697266
366,-75.83007813,-76.45568848,-69.86694336,-69.43359375
366.2000122,-75.84533691,-76.44958496,-69.92797852,-69.41223145
366.3999939,-75.85754395,-76.49536133,-69.94628906,-69.42443848
366.6000061,-75.83007813,-76.46484375,-69.96459961,-69.4519043
366.7999878,-75.82702637,-76.51977539,-69.97070313,-69.52209473
367,-75.81787109,-76.48620605,-70.05004883,-69.56176758
367.2000122,-75.8392334,-76.49536133,-70.08361816,-69.52819824
367.3999939,-75.85754395,-76.49841309,-70.08361816,-69.58007813
367.6000061,-75.85754395,-76.51062012,-70.11108398,-69.53125
367.7999878,-75.91247559,-76.50146484,-70.16296387,-69.57092285
368,-75.92468262,-76.54724121,-70.1965332,-69.62280273
368.2000122,-75.88806152,-76.54724121,-70.26062012,-69.62280273
368.3999939,-75.90332031,-76.59912109,-70.26062012,-69.66247559
368.6000061,-75.95214844,-76.59301758,-70.26367188,-69.65332031
368.7999878,-75.92468262,-76.60217285,-70.28198242,-69.66247559
369,-75.92163086,-76.60522461,-70.30334473,-69.65942383
369.2000122,-75.93383789,-76.59912109,-70.36437988,-69.69299316
369.3999939,-75.97961426,-76.63574219,-70.40100098,-69.73571777
369.6000061,-75.98266602,-76.63269043,-70.39794922,-69.7265625
369.7999878,-75.98876953,-76.66015625,-70.42541504,-69.75708008
370,-76.01623535,-76.62963867,-70.3704834,-69.79370117
370.2000122,-76.01928711,-76.63574219,-70.43457031,-69.77233887
370.3999939,-76.03149414,-76.66320801,-70.52001953,-69.84558105
370.6000061,-76.05285645,-76.66015625,-70.48950195,-69.82421875
370.7999878,-76.00097656,-76.66015625,-70.54138184,-69.80285645
371,-76.04370117,-76.63574219,-70.53527832,-69.8425293
371.2000122,-76.06811523,-76.61437988,-70.60241699,-69.94628906
371.3999939,-76.04370117,-76.6418457,-70.57189941,-69.87304688
371.6000061,-76.04370117,-76.64794922,-70.55664063,-69.88220215
371.7999878,-76.06506348,-76.63574219,-70.59326172,-69.97070313
372,-76.09558105,-76.63574219,-70.61462402,-69.93713379
372.2000122,-76.06201172,-76.66320801,-70.65124512,-69.88830566
372.3999939,-76.14746094,-76.63879395,-70.70007324,-69.91882324
372.6000061,-76.11694336,-76.63269043,-70.63293457,-69.95239258
372.7999878,-76.1138916,-76.62353516,-70.66040039,-69.86694336
373,-76.12304688,-76.62353516,-70.75195313,-69.88525391
373.2000122,-76.12609863,-76.62963867,-70.72753906,-69.91882324
373.3999939,-76.13830566,-76.63574219,-70.69702148,-69.96765137
373.6000061,-76.11694336,-76.61437988,-70.74890137,-69.99511719
373.7999878,-76.18103027,-76.60827637,-70.73364258,-70.0012207
374,-76.17492676,-76.58081055,-70.75805664,-70.06835938
374.2000122,-76.16577148,-76.60827637,-70.82214355,-70.01647949
374.3999939,-76.15356445,-76.59301758,-70.7611084,-69.99511719
374.6000061,-76.16882324,-76.60827637,-70.77941895,-69.98596191
374.7999878,-76.14440918,-76.60522461,-70.82824707,-70.01342773
375,-76.20544434,-76.61132813,-70.80383301,-70.07751465
375.2000122,-76.16577148,-76.61132813,-70.86486816,-70.12023926
375.3999939,-76.17492676,-76.60522461,-70.83740234,-70.16296387
375.6000061,-76.20849609,-76.61743164,-70.8404541,-70.14770508
375.7999878,-76.2512207,-76.60522461,-70.83435059,-70.07751465
376,-76.22375488,-76.61132813,-70.87097168,-70.14465332
376.2000122,-76.23596191,-76.61743164,-70.90148926,-70.17211914
376.3999939,-76.26647949,-76.6204834,-70.9197998,-70.17211914
376.6000061,-76.24816895,-76.60217285,-70.8770752,-70.15686035
376.7999878,-76.26953125,-76.63269043,-70.86181641,-70.15991211
377,-76.2298584,-76.59606934,-70.88623047,-70.18127441
377.2000122,-76.24816895,-76.5838623,-70.90759277,-70.16296387
377.3999939,-76.25732422,-76.5838623,-70.94726563,-70.17211914
377.6000061,-76.27258301,-76.61437988,-70.91369629,-70.25756836
377.7999878,-76.29394531,-76.61437988,-70.91369629,-70.21484375
378,-76.33056641,-76.5838623,-70.93505859,-70.22094727
378.2000122,-76.37023926,-76.59606934,-70.90759277,-70.27282715
378.3999939,-76.38549805,-76.59301758,-70.93200684,-70.31555176
378.6000061,-76.30615234,-76.59606934,-70.93811035,-70.25756836
378.7999878,-76.37023926,-76.5838623,-70.93505859,-70.28198242
379,-76.3671875,-76.59301758,-70.95336914,-70.35217285
379.2000122,-76.42211914,-76.58081055,-70.96862793,-70.32775879
379.3999939,-76.36413574,-76.5625,-70.96252441,-70.30029297
379.6000061,-76.38549805,-76.60827637,-70.97473145,-70.33691406
379.7999878,-76.37634277,-76.59606934,-70.98693848,-70.35217285
380,-76.40991211,-76.58081055,-70.96862793,-70.33691406
380.2000122,-76.41601563,-76.58691406,-70.98388672,-70.39794922
380.3999939,-76.42211914,-76.59606934,-70.99304199,-70.43457031
380.6000061,-76.41906738,-76.56555176,-71.04187012,-70.37353516
380.7999878,-76.43127441,-76.58996582,-71.03881836,-70.42541504
381,-76.44958496,-76.60827637,-71.02966309,-70.52307129
381.2000122,-76.44348145,-76.58691406,-71.08764648,-70.52307129
381.3999939,-76.46179199,-76.60217285,-71.09680176,-70.49560547
381.6000061,-76.47399902,-76.58081055,-71.18225098,-70.57495117
381.7999878,-76.48620605,-76.58691406,-71.14562988,-70.59020996
382,-76.46789551,-76.58081055,-71.2097168,-70.59020996
382.2000122,-76.51672363,-76.58996582,-71.2677002,-70.5657959
382.3999939,-76.47705078,-76.58996582,-71.24938965,-70.59631348
382.6000061,-76.44958496,-76.58691406,-71.25244141,-70.60241699
382.7999878,-76.48620605,-76.59301758,-71.26464844,-70.62988281
383,-76.45874023,-76.57775879,-71.29211426,-70.71228027
383.2000122,-76.49841309,-76.57775879,-71.39892578,-70.71838379
383.3999939,-76.51672363,-76.58081055,-71.41418457,-70.71838379
383.6000061,-76.50146484,-76.55639648,-71.45080566,-70.77636719
383.7999878,-76.57165527,-76.56555176,-71.44470215,-70.77026367
384,-76.57470703,-76.54724121,-71.484375,-70.79467773
384.2000122,-76.57165527,-76.56860352,-71.53930664,-70.77331543
384.3999939,-76.58691406,-76.57470703,-71.5423584,-70.82214355
384.6000061,-76.64794922,-76.56555176,-71.58203125,-70.86181641
384.7999878,-76.63879395,-76.55639648,-71.63696289,-70.84960938
385,-76.60827637,-76.55639648,-71.61560059,-70.85266113
385.2000122,-76.63574219,-76.54418945,-71.7010498,-70.93811035
385.3999939,-76.66625977,-76.55029297,-71.7376709,-70.93811035
385.6000061,-76.66625977,-76.54724121,-71.79260254,-70.91064453
385.7999878,-76.68762207,-76.55639648,-71.81396484,-70.93200684
386,-76.68457031,-76.53808594,-71.82617188,-70.98693848
386.2000122,-76.69677734,-76.55639648,-71.84753418,-71.03881836
386.3999939,-76.73034668,-76.55639648,-71.86279297,-71.06323242
386.6000061,-76.71508789,-76.53808594,-71.90856934,-71.05102539
386.7999878,-76.72729492,-76.5625,-71.88110352,-70.98999023
387,-76.73339844,-76.55639648,-71.92687988,-70.96862793
387.2000122,-76.74865723,-76.53808594,-71.8963623,-71.0144043
387.3999939,-76.73950195,-76.5411377,-71.95739746,-71.06628418
387.6000061,-76.79138184,-76.53808594,-72.00622559,-71.06933594
387.7999878,-76.79748535,-76.51062012,-72.02148438,-71.16088867
388,-76.79443359,-76.52282715,-72.07641602,-71.19445801
388.2000122,-76.80664063,-76.53808594,-72.12219238,-71.10900879
388.3999939,-76.80053711,-76.52893066,-72.07336426,-71.1517334
388.6000061,-76.85852051,-76.53503418,-72.0916748,-71.19140625
388.7999878,-76.86462402,-76.54418945,-72.12219238,-71.21887207
389,-76.85852051,-76.53808594,-72.13439941,-71.19750977
389.2000122,-76.91955566,-76.55334473,-72.18933105,-71.22192383
389.3999939,-76.88903809,-76.55334473,-72.22290039,-71.24633789
389.6000061,-76.90124512,-76.52587891,-72.19543457,-71.22192383
389.7999878,-76.93786621,-76.52587891,-72.26257324,-71.29516602
390,-76.92871094,-76.55334473,-72.26257324,-71.3684082
390.2000122,-76.92871094,-76.53198242,-72.23815918,-71.34094238
390.3999939,-76.953125,-76.54724121,-72.27172852,-71.42028809
390.6000061,-76.96533203,-76.5411377,-72.26867676,-71.42333984
390.7999878,-77.0324707,-76.5411377,-72.32971191,-71.41418457
391,-77.03552246,-76.52282715,-72.35412598,-71.33178711
391.2000122,-77.02026367,-76.55639648,-72.33581543,-71.38366699
391.3999939,-77.03857422,-76.52282715,-72.33886719,-71.39587402
391.6000061,-77.02941895,-76.52587891,-72.37548828,-71.39587402
391.7999878,-77.08740234,-76.5411377,-72.36633301,-71.47827148
392,-77.0904541,-76.52282715,-72.39685059,-71.48742676
392.2000122,-77.11486816,-76.53503418,-72.40600586,-71.49047852
392.3999939,-77.15148926,-76.53198242,-72.38464355,-71.49658203
392.6000061,-77.1484375,-76.56555176,-72.41210938,-71.47827148
392.7999878,-77.1697998,-76.54418945,-72.45788574,-71.48742676
393,-77.21252441,-76.55029297,-72.43041992,-71.53015137
393.2000122,-77.23999023,-76.56555176,-72.38464355,-71.49658203
393.3999939,-77.23083496,-76.57165527,-72.35412598,-71.45690918
393.6000061,-77.23693848,-76.55944824,-72.39074707,-71.52404785
393.7999878,-77.2644043,-76.56860352,-72.4395752,-71.45080566
394,-77.2644043,-76.60522461,-72.4029541,-71.53625488
394.2000122,-77.31933594,-76.58691406,-72.39990234,-71.56066895
394.3999939,-77.28271484,-76.59606934,-72.40905762,-71.57897949
394.6000061,-77.33459473,-76.58081055,-72.45788574,-71.55761719
394.7999878,-77.34680176,-76.61743164,-72.4609375,-71.6003418
395,-77.36816406,-76.60522461,-72.41516113,-71.59729004
395.2000122,-77.33764648,-76.6204834,-72.37548828,-71.53930664
395.3999939,-77.38037109,-76.61437988,-72.38769531,-71.60949707
395.6000061,-77.4230957,-76.6418457,-72.40600586,-71.63696289
395.7999878,-77.44445801,-76.62353516,-72.39074707,-71.69799805
396,-77.45666504,-76.62963867,-72.36938477,-71.63696289
396.2000122,-77.43530273,-76.63269043,-72.41821289,-71.66442871
396.3999939,-77.47192383,-76.61437988,-72.42126465,-71.68579102
396.6000061,-77.45666504,-76.60827637,-72.48840332,-71.69189453
396.7999878,-77.51159668,-76.61132813,-72.50366211,-71.70715332
397,-77.52380371,-76.63879395,-72.4609375,-71.67053223
397.2000122,-77.52685547,-76.66931152,-72.50366211,-71.71630859
397.3999939,-77.52685547,-76.6418457,-72.50061035,-71.72851563
397.6000061,-77.56652832,-76.67541504,-72.51586914,-71.71630859
397.7999878,-77.53601074,-76.65100098,-72.58300781,-71.71325684
398,-77.54821777,-76.6784668,-72.49755859,-71.72546387
398.2000122,-77.55126953,-76.67541504,-72.56469727,-71.78955078
398.3999939,-77.5390625,-76.66625977,-72.53417969,-71.81396484
398.6000061,-77.55432129,-76.69372559,-72.5769043,-71.82006836
398.7999878,-77.57873535,-76.68151855,-72.65625,-71.74987793
399,-77.58789063,-76.73034668,-72.66845703,-71.82006836
399.2000122,-77.59094238,-76.69372559,-72.62878418,-71.77429199
399.3999939,-77.61535645,-76.72729492,-72.68371582,-71.82006836
399.6000061,-77.67028809,-76.70898438,-72.72644043,-71.84143066
399.7999878,-77.64282227,-76.72119141,-72.65930176,-71.88110352
400,-77.62451172,-76.73339844,-72.67150879,-71.88415527
400.2000122,-77.69165039,-76.69067383,-72.71118164,-71.8963623
400.3999939,-77.6550293,-76.72729492,-72.76306152,-71.88415527
400.6000061,-77.67028809,-76.73034668,-72.73864746,-71.90246582
400.7999878,-77.72521973,-76.72729492,-72.72949219,-71.96960449
401,-77.67944336,-76.70288086,-72.74475098,-71.95739746
401.2000122,-77.67944336,-76.7364502,-72.80578613,-71.93908691
401.3999939,-77.6763916,-76.7578125,-72.83630371,-71.94213867
401.6000061,-77.64892578,-76.70288086,-72.81799316,-72.03369141
401.7999878,-77.6763916,-76.71508789,-72.86682129,-72.03979492
402,-77.72216797,-76.71203613,-72.86682129,-72.05505371
402.2000122,-77.734375,-76.71508789,-72.83630371,-72.07336426
402.3999939,-77.71606445,-76.71508789,-72.90649414,-72.0916748
402.6000061,-77.69775391,-76.72424316,-72.96447754,-72.14660645
402.7999878,-77.734375,-76.71508789,-72.94311523,-72.11914063
403,-77.65808105,-76.70898438,-72.9888916,-72.15881348
403.2000122,-77.7130127,-76.72119141,-73.09570313,-72.1496582
403.3999939,-77.67944336,-76.71813965,-73.05603027,-72.14660645
403.6000061,-77.69165039,-76.71203613,-73.05603027,-72.1862793
403.7999878,-77.72521973,-76.71203613,-73.08654785,-72.21679688
404,-77.7130127,-76.71813965,-73.17810059,-72.21679688
404.2000122,-77.73742676,-76.6998291,-73.16589355,-72.23205566
404.3999939,-77.71606445,-76.74865723,-73.22387695,-72.25646973
404.6000061,-77.72827148,-76.70593262,-73.23303223,-72.29919434
404.7999878,-77.71606445,-76.72119141,-73.22387695,-72.33276367
405,-77.70996094,-76.72424316,-73.28186035,-72.33581543
405.2000122,-77.74353027,-76.76696777,-73.32763672,-72.30834961
405.3999939,-77.74047852,-76.74255371,-73.33679199,-72.3449707
405.6000061,-77.74658203,-76.73034668,-73.30932617,-72.36328125
405.7999878,-77.73742676,-76.74560547,-73.31237793,-72.39074707
406,-77.74963379,-76.74560547,-73.27880859,-72.42126465
406.2000122,-77.70080566,-76.74560547,-73.33984375,-72.42736816
406.3999939,-77.74963379,-76.7364502,-73.40393066,-72.44567871
406.6000061,-77.74353027,-76.74255371,-73.4375,-72.4609375
406.7999878,-77.70996094,-76.72424316,-73.48022461,-72.54333496
407,-77.69775391,-76.74865723,-73.4161377,-72.5402832
407.2000122,-77.7130127,-76.75476074,-73.43139648,-72.5189209
407.3999939,-77.70690918,-76.74255371,-73.48937988,-72.5402832
407.6000061,-77.7130127,-76.75170898,-73.48327637,-72.55859375
407.7999878,-77.74047852,-76.77001953,-73.52294922,-72.5982666
408,-77.74353027,-76.74865723,-73.50769043,-72.57385254
408.2000122,-77.70996094,-76.74560547,-73.56262207,-72.53723145
408.3999939,-77.71606445,-76.73339844,-73.5748291,-72.65014648
408.6000061,-77.69165039,-76.75170898,-73.60229492,-72.65319824
408.7999878,-77.7130127,-76.75476074,-73.54736328,-72.69592285
409,-77.76794434,-76.7364502,-73.60229492,-72.64404297
409.2000122,-77.76794434,-76.74865723,-73.6114502,-72.61962891
409.3999939,-77.79846191,-76.77307129,-73.6541748,-72.67456055
409.6000061,-77.72521973,-76.74865723,-73.62670898,-72.69897461
409.7999878,-77.76184082,-76.78527832,-73.7121582,-72.75390625
410,-77.77404785,-76.78222656,-73.74267578,-72.73864746
410.2000122,-77.78625488,-76.78222656,-73.7487793,-72.76916504
410.3999939,-77.76489258,-76.74865723,-73.73962402,-72.81188965
410.6000061,-77.77099609,-76.76391602,-73.7487793,-72.78137207
410.7999878,-77.78625488,-76.78222656,-73.80371094,-72.87597656
411,-77.77404785,-76.82189941,-73.73657227,-72.75390625
411.2000122,-77.8137207,-76.81274414,-73.73657227,-72.80578613
411.3999939,-77.8137207,-76.82800293,-73.73352051,-72.7935791
411.6000061,-77.85339355,-76.80358887,-73.74572754,-72.89123535
411.7999878,-77.82287598,-76.83105469,-73.80981445,-72.8515625
412,-77.88696289,-76.85852051,-73.78845215,-72.86376953
412.2000122,-77.90222168,-76.86157227,-73.7487793,-72.87597656
412.3999939,-77.96020508,-76.85852051,-73.8067627,-72.83630371
412.6000061,-77.9083252,-76.86462402,-73.77319336,-72.87597656
412.7999878,-77.92358398,-76.87988281,-73.78234863,-72.90039063
413,-77.9296875,-76.90734863,-73.80371094,-72.87902832
413.2000122,-77.93273926,-76.87072754,-73.82202148,-72.88818359
413.3999939,-77.94189453,-76.90124512,-73.71826172,-72.83630371
413.6000061,-77.99987793,-76.91040039,-73.78540039,-72.9309082
413.7999878,-78.02124023,-76.90124512,-73.72131348,-72.91564941
414,-77.95410156,-76.91345215,-73.73962402,-72.97668457
414.2000122,-77.96936035,-76.93481445,-73.80371094,-72.93701172
414.3999939,-77.98461914,-76.97143555,-73.85253906,-72.92480469
414.6000061,-78.0456543,-76.95007324,-73.82202148,-72.91870117
414.7999878,-77.99682617,-76.94091797,-73.77319336,-73.00720215
415,-78.07922363,-76.95007324,-73.80371094,-73.00720215
415.2000122,-78.07006836,-76.93786621,-73.80065918,-72.94616699
415.3999939,-78.02734375,-76.95617676,-73.76403809,-72.94616699
415.6000061,-78.07006836,-76.96533203,-73.79760742,-72.94311523
415.7999878,-78.06091309,-76.9744873,-73.81286621,-72.97363281
416,-78.08837891,-76.99890137,-73.79455566,-73.01940918
416.2000122,-78.15246582,-76.96533203,-73.82202148,-72.99804688
416.3999939,-78.16772461,-76.98669434,-73.83422852,-73.04077148
416.6000061,-78.12805176,-76.953125,-73.89831543,-72.96447754
416.7999878,-78.11889648,-76.96838379,-73.86169434,-72.97363281
417,-78.18603516,-76.97143555,-73.89221191,-73.04382324
417.2000122,-78.18603516,-76.94091797,-73.89526367,-73.04382324
417.3999939,-78.19213867,-76.97753906,-73.84338379,-73.04382324
417.6000061,-78.20739746,-76.9744873,-73.85864258,-73.01635742
417.7999878,-78.19519043,-76.97753906,-73.85559082,-73.03161621
418,-78.21655273,-76.96228027,-73.86474609,-73.09570313
418.2000122,-78.21960449,-76.98364258,-73.85253906,-73.12927246
418.3999939,-78.23791504,-77.0111084,-73.80065918,-73.15368652
418.6000061,-78.3203125,-77.01416016,-73.87695313,-73.17810059
418.7999878,-78.29284668,-77.01721191,-73.92272949,-73.14147949
419,-78.33251953,-77.01416016,-73.91967773,-73.16589355
419.2000122,-78.32641602,-77.04467773,-73.88000488,-73.12011719
419.3999939,-78.30200195,-77.02941895,-73.8494873,-73.15063477
419.6000061,-78.30200195,-77.02941895,-73.86169434,-73.1628418
419.7999878,-78.31726074,-77.04772949,-73.91357422,-73.18115234
420,-78.32641602,-77.04467773,-73.9440918,-73.17810059
420.2000122,-78.32641602,-77.06298828,-73.88000488,-73.26660156
420.3999939,-78.30810547,-77.03857422,-73.98986816,-73.2421875
420.6000061,-78.35388184,-77.05383301,-73.98071289,-73.2635498
420.7999878,-78.35388184,-77.05688477,-73.94714355,-73.30627441
421,-78.39050293,-77.0690918,-73.9440918,-73.27880859
421.2000122,-78.36914063,-77.08740234,-73.97155762,-73.33068848
421.3999939,-78.38134766,-77.08740234,-73.97155762,-73.35205078
421.6000061,-78.35693359,-77.0904541,-74.03564453,-73.35205078
421.7999878,-78.39660645,-77.08740234,-73.98986816,-73.41003418
422,-78.42102051,-77.0690918,-73.98071289,-73.37036133
422.2000122,-78.4576416,-77.06604004,-74.02038574,-73.39782715
422.3999939,-78.43933105,-77.08740234,-74.06005859,-73.38562012
422.6000061,-78.47595215,-77.07519531,-74.0447998,-73.36120605
422.7999878,-78.4576416,-77.09655762,-74.05395508,-73.41918945
423,-78.46069336,-77.06298828,-74.09057617,-73.48327637
423.2000122,-78.47595215,-77.09960938,-74.14550781,-73.45275879
423.3999939,-78.4576416,-77.08129883,-74.18518066,-73.47717285
423.6000061,-78.515625,-77.0690918,-74.20043945,-73.51074219
423.7999878,-78.50646973,-77.08129883,-74.17907715,-73.46496582
424,-78.46679688,-77.08740234,-74.22485352,-73.50158691
424.2000122,-78.53393555,-77.09960938,-74.22180176,-73.5168457
424.3999939,-78.55224609,-77.10876465,-74.22180176,-73.5534668
424.6000061,-78.51867676,-77.09655762,-74.24621582,-73.60229492
424.7999878,-78.4942627,-77.07824707,-74.21569824,-73.63891602
425,-78.50952148,-77.11181641,-74.1973877,-73.63586426
425.2000122,-78.515625,-77.10266113,-74.22485352,-73.66027832
425.3999939,-78.515625,-77.0690918,-74.24316406,-73.60839844
425.6000061,-78.52783203,-77.07214355,-74.28894043,-73.6328125
425.7999878,-78.54003906,-77.0690918,-74.3347168,-73.68469238
426,-78.52172852,-77.07519531,-74.42016602,-73.70910645
426.2000122,-78.5369873,-77.04772949,-74.38049316,-73.70300293
426.3999939,-78.57055664,-77.04467773,-74.42932129,-73.71520996
426.6000061,-78.55529785,-77.04772949,-74.40185547,-73.68469238
426.7999878,-78.59191895,-77.03552246,-74.40490723,-73.72741699
427,-78.5949707,-77.05078125,-74.44152832,-73.73962402
427.2000122,-78.51867676,-77.05383301,-74.48120117,-73.73352051
427.3999939,-78.52478027,-77.00805664,-74.44763184,-73.79455566
427.6000061,-78.52783203,-77.02026367,-74.51782227,-73.77319336
427.7999878,-78.51867676,-77.00805664,-74.56054688,-73.85559082
428,-78.60412598,-77.0111084,-74.54833984,-73.89221191
428.2000122,-78.60717773,-77.02636719,-74.57885742,-73.86474609
428.3999939,-78.58581543,-77.02941895,-74.56359863,-73.92883301
428.6000061,-78.64074707,-77.04772949,-74.64904785,-73.88916016
428.7999878,-78.66821289,-77.00500488,-74.6887207,-73.9440918
429,-78.63769531,-77.02026367,-74.66430664,-73.92883301
429.2000122,-78.6315918,-77.02941895,-74.68261719,-73.91357422
429.3999939,-78.66516113,-76.98364258,-74.69482422,-73.94714355
429.6000061,-78.61022949,-77.0111084,-74.68566895,-73.96850586
429.7999878,-78.61633301,-77.0111084,-74.74365234,-73.9440918
430,-78.61938477,-77.01416016,-74.82910156,-73.97460938
430.2000122,-78.62243652,-77.02026367,-74.83215332,-73.97155762
430.3999939,-78.61328125,-77.05993652,-74.82299805,-74.07531738
430.6000061,-78.63769531,-77.00500488,-74.81689453,-74.09973145
430.7999878,-78.63769531,-77.02331543,-74.83215332,-74.04785156
431,-78.66210938,-77.01416016,-74.87182617,-74.04174805
431.2000122,-78.64074707,-76.99279785,-74.90539551,-74.05090332
431.3999939,-78.69262695,-76.96228027,-74.88098145,-74.0814209
431.6000061,-78.69567871,-76.98364258,-74.92980957,-74.03259277
431.7999878,-78.65905762,-76.96838379,-74.97253418,-74.0020752
432,-78.66516113,-77.02026367,-74.97558594,-74.05090332
432.2000122,-78.6315918,-77.00500488,-74.98168945,-74.14550781
432.3999939,-78.67736816,-77.00500488,-75.00610352,-74.11499023
432.6000061,-78.64990234,-77.01416016,-74.97253418,-74.09362793
432.7999878,-78.64990234,-77.01721191,-75.03051758,-74.12414551
433,-78.64074707,-77.00500488,-74.92370605,-74.09973145
433.2000122,-78.70178223,-76.98059082,-74.96643066,-74.13635254
433.3999939,-78.61633301,-76.97753906,-74.96032715,-74.12109375
433.6000061,-78.7109375,-76.95617676,-74.92370605,-74.1394043
433.7999878,-78.68652344,-76.9744873,-74.91149902,-74.15771484
434,-78.68041992,-76.96838379,-74.93896484,-74.19128418
434.2000122,-78.6895752,-76.96228027,-74.98168945,-74.17907715
434.3999939,-78.6895752,-76.95922852,-74.96337891,-74.19128418
434.6000061,-78.67736816,-76.9317627,-74.98474121,-74.15771484
434.7999878,-78.68347168,-76.96228027,-74.96948242,-74.17297363
435,-78.71398926,-76.96228027,-74.9420166,-74.22180176
435.2000122,-78.7322998,-76.95922852,-74.96032715,-74.2401123
435.3999939,-78.72314453,-76.94396973,-74.97253418,-74.1973877
435.6000061,-78.72009277,-76.96228027,-74.8840332,-74.17297363
435.7999878,-78.67736816,-76.97143555,-74.95117188,-74.18518066
436,-78.72009277,-76.953125,-74.9786377,-74.2767334
436.2000122,-78.7109375,-76.97143555,-75.03662109,-74.24926758
436.3999939,-78.72314453,-76.97753906,-74.96337891,-74.23400879
436.6000061,-78.70788574,-76.98669434,-75.00610352,-74.27368164
436.7999878,-78.70178223,-76.9744873,-75.03051758,-74.25231934
437,-78.68041992,-76.98364258,-74.9786377,-74.2767334
437.2000122,-78.7109375,-76.97143555,-74.96032715,-74.28283691
437.3999939,-78.72619629,-76.97143555,-75.03051758,-74.31945801
437.6000061,-78.70178223,-76.95922852,-75.04272461,-74.30725098
437.7999878,-78.68652344,-76.9317627,-75.03356934,-74.30725098
438,-78.69567871,-76.94396973,-75.00305176,-74.2980957
438.2000122,-78.72314453,-76.96228027,-75.0213623,-74.29199219
438.3999939,-78.7689209,-76.953125,-74.98168945,-74.37744141
438.6000061,-78.7322998,-76.92260742,-74.96643066,-74.34387207
438.7999878,-78.76586914,-76.92871094,-75.04577637,-74.34082031
439,-78.75366211,-76.8951416,-75.02746582,-74.35913086
439.2000122,-78.74450684,-76.9317627,-75,-74.36218262
439.3999939,-78.76586914,-76.91345215,-74.96948242,-74.38354492
439.6000061,-78.77197266,-76.953125,-74.95727539,-74.4140625
439.7999878,-78.77807617,-76.91345215,-74.96643066,-74.42626953
440,-78.78723145,-76.90124512,-75.02746582,-74.44152832
440.2000122,-78.78417969,-76.92260742,-75.05187988,-74.42626953
440.3999939,-78.7689209,-76.91040039,-75.00305176,-74.46594238
440.6000061,-78.7902832,-76.90429688,-75.01525879,-74.47509766
440.7999878,-78.79943848,-76.91040039,-75.06103516,-74.45678711
441,-78.77197266,-76.90124512,-75.03662109,-74.48425293
441.2000122,-78.79638672,-76.88903809,-75.07019043,-74.5300293
441.3999939,-78.81469727,-76.91955566,-75.12207031,-74.50561523
441.6000061,-78.84521484,-76.91040039,-75.21057129,-74.54833984
441.7999878,-78.81164551,-76.90734863,-75.17700195,-74.51782227
442,-78.84521484,-76.89819336,-75.16174316,-74.53918457
442.2000122,-78.80554199,-76.88293457,-75.14648438,-74.56359863
442.3999939,-78.81164551,-76.86157227,-75.19226074,-74.54223633
442.6000061,-78.81774902,-76.88293457,-75.18005371,-74.54223633
442.7999878,-78.79638672,-76.87072754,-75.2166748,-74.57885742
443,-78.78112793,-76.87072754,-75.25939941,-74.62463379
443.2000122,-78.81469727,-76.89208984,-75.2746582,-74.65820313
443.3999939,-78.80859375,-76.86767578,-75.26855469,-74.59716797
443.6000061,-78.7689209,-76.85852051,-75.29602051,-74.68261719
443.7999878,-78.7902832,-76.87988281,-75.24108887,-74.67956543
444,-78.80554199,-76.83410645,-75.32348633,-74.62463379
444.2000122,-78.8269043,-76.8371582,-75.33569336,-74.65515137
444.3999939,-78.78417969,-76.80053711,-75.28991699,-74.71618652
444.6000061,-78.77502441,-76.81884766,-75.3326416,-74.74060059
444.7999878,-78.76281738,-76.8157959,-75.38757324,-74.71618652
445,-78.77197266,-76.81274414,-75.43945313,-74.76196289
445.2000122,-78.77197266,-76.79443359,-75.42724609,-74.80773926
445.3999939,-78.77502441,-76.83105469,-75.42724609,-74.75280762
445.6000061,-78.73840332,-76.80664063,-75.41809082,-74.78942871
445.7999878,-78.73840332,-76.79748535,-75.46081543,-74.77722168
446,-78.77502441,-76.80358887,-75.46386719,-74.77416992
446.2000122,-78.64685059,-76.78833008,-75.49743652,-74.83825684
446.3999939,-78.6895752,-76.78222656,-75.48828125,-74.90234375
446.6000061,-78.66516113,-76.77307129,-75.5279541,-74.90844727
446.7999878,-78.70788574,-76.76086426,-75.5645752,-74.90539551
447,-78.70178223,-76.77612305,-75.63781738,-74.89318848
447.2000122,-78.70483398,-76.73339844,-75.59509277,-74.85961914
447.3999939,-78.72924805,-76.76391602,-75.61340332,-74.83520508
447.6000061,-78.6895752,-76.75170898,-75.65612793,-74.86572266
447.7999878,-78.69262695,-76.74865723,-75.63476563,-74.89624023
448,-78.75366211,-76.71508789,-75.68664551,-74.93286133
448.2000122,-78.72619629,-76.72729492,-75.67443848,-74.92675781
448.3999939,-78.69873047,-76.74865723,-75.7232666,-74.94812012
448.6000061,-78.70178223,-76.71813965,-75.74157715,-74.97253418
448.7999878,-78.70788574,-76.69372559,-75.72631836,-74.99694824
449,-78.72314453,-76.72424316,-75.68969727,-74.96948242
449.2000122,-78.76281738,-76.6998291,-75.6652832,-74.9420166
449.3999939,-78.74145508,-76.69372559,-75.69885254,-74.98779297
449.6000061,-78.75976563,-76.67236328,-75.72631836,-75.03051758
449.7999878,-78.72314453,-76.66320801,-75.72631836,-74.99389648
450,-78.75671387,-76.64794922,-75.72021484,-75.0579834
450.2000122,-78.76586914,-76.59606934,-75.78125,-75.06713867
450.3999939,-78.78112793,-76.57470703,-75.79956055,-75.05493164
450.6000061,-78.81164551,-76.61743164,-75.77514648,-75.09155273
450.7999878,-78.81469727,-76.58996582,-75.79956055,-75.04272461
451,-78.81164551,-76.57470703,-75.8605957,-75.08850098
451.2000122,-78.83911133,-76.61132813,-75.83007813,-75.10375977
451.3999939,-78.84521484,-76.57165527,-75.83312988,-75.09155273
451.6000061,-78.86962891,-76.55334473,-75.79040527,-75.07629395
451.7999878,-78.87268066,-76.55334473,-75.79650879,-75.1159668
452,-78.86352539,-76.55944824,-75.8026123,-75.10375977
452.2000122,-78.85742188,-76.55944824,-75.76904297,-75.13122559
452.3999939,-78.86657715,-76.55029297,-75.80871582,-75.10681152
452.6000061,-78.86657715,-76.56860352,-75.82397461,-75.11901855
452.7999878,-78.86047363,-76.55334473,-75.82092285,-75.08544922
453,-78.88793945,-76.55029297,-75.89111328,-75.1159668
453.2000122,-78.91540527,-76.52893066,-75.87890625,-75.10375977
453.3999939,-78.88793945,-76.55944824,-75.83618164,-75.14648438
453.6000061,-78.92456055,-76.5625,-75.82702637,-75.11291504
453.7999878,-78.93371582,-76.53198242,-75.87585449,-75.13122559
454,-78.90930176,-76.50146484,-75.8972168,-75.18310547
454.2000122,-78.91540527,-76.49230957,-75.9185791,-75.18920898
454.3999939,-78.98254395,-76.49230957,-75.8972168,-75.20446777
454.6000061,-78.96728516,-76.44958496,-75.85144043,-75.20141602
454.7999878,-78.94287109,-76.47399902,-75.83007813,-75.18920898
455,-78.95202637,-76.47094727,-75.82092285,-75.1739502
455.2000122,-78.9642334,-76.48010254,-75.82702637,-75.17089844
455.3999939,-78.9642334,-76.44958496,-75.8605957,-75.15258789
455.6000061,-78.97949219,-76.42822266,-75.86975098,-75.24719238
455.7999878,-78.94897461,-76.44042969,-75.89416504,-75.2166748
456,-78.98254395,-76.43737793,-75.91247559,-75.13122559
456.2000122,-79.02526855,-76.41906738,-75.82397461,-75.13427734
456.3999939,-79.01000977,-76.39770508,-75.92468262,-75.20141602
456.6000061,-79.02526855,-76.41601563,-75.8972168,-75.2166748
456.7999878,-79.05883789,-76.39160156,-75.82702637,-75.24414063
457,-79.03747559,-76.3885498,-75.84228516,-75.25939941
457.2000122,-79.03137207,-76.37939453,-75.88195801,-75.24719238
457.3999939,-79.05578613,-76.36108398,-75.85144043,-75.21057129
457.6000061,-79.06799316,-76.40075684,-75.77209473,-75.23193359
457.7999878,-79.03442383,-76.38244629,-75.78430176,-75.18615723
458,-79.03137207,-76.37023926,-75.84533691,-75.23803711
458.2000122,-79.05883789,-76.3671875,-75.79040527,-75.24108887
458.3999939,-79.07104492,-76.37329102,-75.77514648,-75.30212402
458.6000061,-79.06799316,-76.39160156,-75.76904297,-75.2532959
458.7999878,-79.06799316,-76.37023926,-75.78735352,-75.26550293
459,-79.10461426,-76.3458252,-75.87585449,-75.28686523
459.2000122,-79.06188965,-76.38244629,-75.8972168,-75.27770996
459.3999939,-79.08935547,-76.35803223,-75.87280273,-75.28686523
459.6000061,-79.10766602,-76.38244629,-75.88195801,-75.32653809
459.7999878,-79.05578613,-76.39770508,-75.90942383,-75.32958984
460,-79.07714844,-76.39160156,-75.94604492,-75.3326416
460.2000122,-79.09851074,-76.3885498,-75.98571777,-75.36315918
460.3999939,-79.13818359,-76.37329102,-75.93078613,-75.32958984
460.6000061,-79.08325195,-76.39160156,-75.9185791,-75.34790039
460.7999878,-79.05273438,-76.3885498,-75.94604492,-75.36010742
461,-79.09240723,-76.37939453,-76.00097656,-75.35705566
461.2000122,-79.09545898,-76.39770508,-76.04980469,-75.4119873
461.3999939,-79.12902832,-76.40075684,-76.10168457,-75.40283203
461.6000061,-79.11071777,-76.39770508,-76.11999512,-75.43945313
461.7999878,-79.11071777,-76.37023926,-76.13525391,-75.47912598
462,-79.15344238,-76.37023926,-76.1932373,-75.43640137
462.2000122,-79.06799316,-76.36108398,-76.18103027,-75.46691895
462.3999939,-79.10766602,-76.39770508,-76.13525391,-75.48522949
462.6000061,-79.1229248,-76.37939453,-76.18713379,-75.47607422
462.7999878,-79.09545898,-76.39160156,-76.24816895,-75.45166016
463,-79.07104492,-76.3885498,-76.19018555,-75.50964355
463.2000122,-79.07714844,-76.37634277,-76.30615234,-75.54626465
463.3999939,-79.05883789,-76.3885498,-76.28479004,-75.51574707
463.6000061,-79.06188965,-76.3671875,-76.34887695,-75.57067871
463.7999878,-79.08630371,-76.34887695,-76.33666992,-75.5859375
464,-79.07104492,-76.3458252,-76.41906738,-75.54321289
464.2000122,-79.08630371,-76.32751465,-76.36108398,-75.57678223
464.3999939,-79.08630371,-76.32446289,-76.32141113,-75.63781738
464.6000061,-79.10461426,-76.3458252,-76.39770508,-75.61950684
464.7999878,-79.11376953,-76.32446289,-76.37939453,-75.61035156
465,-79.06799316,-76.30004883,-76.34277344,-75.60424805
465.2000122,-79.05578613,-76.30310059,-76.33666992,-75.62561035
465.3999939,-79.09545898,-76.30615234,-76.38549805,-75.62866211
465.6000061,-79.09851074,-76.34277344,-76.4465332,-75.62255859
465.7999878,-79.08630371,-76.32141113,-76.46484375,-75.5859375
466,-79.06494141,-76.32751465,-76.39160156,-75.63781738
466.2000122,-79.06188965,-76.33056641,-76.40991211,-75.6652832
466.3999939,-79.10461426,-76.33361816,-76.44042969,-75.65917969
466.6000061,-79.10461426,-76.3458252,-76.44042969,-75.67443848
466.7999878,-79.0802002,-76.32141113,-76.47094727,-75.64697266
467,-79.07409668,-76.33056641,-76.44348145,-75.65002441
467.2000122,-79.06494141,-76.32141113,-76.55639648,-75.65612793
467.3999939,-79.04968262,-76.30004883,-76.53503418,-75.71411133
467.6000061,-79.0802002,-76.30310059,-76.59912109,-75.74157715
467.7999878,-79.04968262,-76.33666992,-76.56555176,-75.74768066
468,-79.03442383,-76.32446289,-76.52282715,-75.76293945
468.2000122,-79.05578613,-76.32446289,-76.5625,-75.75683594
468.3999939,-79.06188965,-76.35803223,-76.60827637,-75.72631836
468.6000061,-79.07409668,-76.36108398,-76.64794922,-75.83312988
468.7999878,-79.0222168,-76.35192871,-76.65405273,-75.82397461
469,-79.03137207,-76.35803223,-76.60827637,-75.84838867
469.2000122,-79.06494141,-76.32141113,-76.61132813,-75.8026123
469.3999939,-79.07104492,-76.34277344,-76.58691406,-75.75073242
469.6000061,-79.06799316,-76.35192871,-76.70288086,-75.79650879
469.7999878,-79.02526855,-76.37329102,-76.73339844,-75.86975098
470,-79.02832031,-76.37023926,-76.71203613,-75.85144043
470.2000122,-79.01306152,-76.39465332,-76.68457031,-75.87280273
470.3999939,-79.04663086,-76.38244629,-76.71813965,-75.86975098
470.6000061,-79.03442383,-76.38549805,-76.76086426,-75.89111328
470.7999878,-79.06188965,-76.37634277,-76.83410645,-75.87280273
471,-79.0435791,-76.40686035,-76.79748535,-75.85754395
471.2000122,-79.03747559,-76.39770508,-76.8157959,-75.86669922
471.3999939,-79.04968262,-76.39770508,-76.83410645,-75.80566406
471.6000061,-78.98254395,-76.41601563,-76.85852051,-75.90026855
471.7999878,-79.03137207,-76.39770508,-76.89208984,-75.81176758
472,-79.06494141,-76.40686035,-76.90124512,-75.88806152
472.2000122,-79.05273438,-76.42822266,-76.91040039,-75.89416504
472.3999939,-79.06494141,-76.42822266,-76.91040039,-75.92468262
472.6000061,-79.08630371,-76.44042969,-76.86767578,-75.87280273
472.7999878,-79.0435791,-76.43737793,-76.8737793,-75.91552734
473,-79.05273438,-76.43127441,-76.83410645,-75.94909668
473.2000122,-79.05578613,-76.44042969,-76.85546875,-75.96740723
473.3999939,-79.07409668,-76.43432617,-76.79443359,-75.90332031
473.6000061,-79.11071777,-76.44958496,-76.81274414,-75.88195801
473.7999878,-79.09545898,-76.4251709,-76.79138184,-75.94299316
474,-79.11682129,-76.45568848,-76.80664063,-75.87280273
474.2000122,-79.06188965,-76.46789551,-76.79443359,-75.94909668
474.3999939,-79.08630371,-76.46789551,-76.79748535,-75.9185791
474.6000061,-79.08935547,-76.45874023,-76.76086426,-75.92163086
474.7999878,-79.10461426,-76.48925781,-76.79748535,-75.91552734
475,-79.11071777,-76.47094727,-76.80969238,-75.92163086
475.2000122,-79.08935547,-76.4831543,-76.74255371,-75.9552002
475.3999939,-79.07409668,-76.4831543,-76.74255371,-75.89416504
475.6000061,-79.06799316,-76.49230957,-76.76086426,-75.9185791
475.7999878,-79.0222168,-76.49841309,-76.70898438,-75.97045898
476,-79.0435791,-76.5045166,-76.7364502,-75.9552002
476.2000122,-79.07104492,-76.51977539,-76.77307129,-75.94299316
476.3999939,-79.0435791,-76.53198242,-76.72119141,-75.93994141
476.6000061,-79.06799316,-76.51672363,-76.75170898,-75.92468262
476.7999878,-79.09851074,-76.51367188,-76.71508789,-76.00097656
477,-79.06188965,-76.53503418,-76.73034668,-75.94604492
477.2000122,-79.08630371,-76.50756836,-76.71508789,-75.97045898
477.3999939,-79.1015625,-76.53198242,-76.67236328,-75.98266602
477.6000061,-79.07409668,-76.53808594,-76.66625977,-76.06506348
477.7999878,-79.04663086,-76.51367188,-76.6998291,-75.90332031
478,-79.10766602,-76.55029297,-76.69677734,-75.93688965
478.2000122,-79.15344238,-76.55944824,-76.71508789,-75.94299316
478.3999939,-79.13818359,-76.56860352,-76.67541504,-75.96740723
478.6000061,-79.17175293,-76.5625,-76.65710449,-75.9765625
478.7999878,-79.2175293,-76.57470703,-76.65100098,-75.98876953
479,-79.29077148,-76.58996582,-76.66320801,-75.97351074
479.2000122,-79.22363281,-76.57470703,-76.67236328,-75.93383789
479.3999939,-79.21447754,-76.57775879,-76.72729492,-75.9765625
479.6000061,-79.19616699,-76.56555176,-76.79748535,-76.00402832
479.7999878,-79.22058105,-76.58081055,-76.69677734,-76.01013184
480,-79.25720215,-76.57775879,-76.74865723,-75.9979248
480.2000122,-79.25720215,-76.59912109,-76.74255371,-76.03759766
480.3999939,-79.26330566,-76.59912109,-76.71813965,-76.05285645
480.6000061,-79.27246094,-76.57775879,-76.67236328,-76.00708008
480.7999878,-79.30297852,-76.57165527,-76.6998291,-76.04064941
481,-79.2755127,-76.59606934,-76.69677734,-76.05895996
481.2000122,-79.30297852,-76.58996582,-76.69067383,-76.08032227
481.3999939,-79.3548584,-76.60217285,-76.72729492,-76.12609863
481.6000061,-79.36096191,-76.60827637,-76.72729492,-76.0925293
481.7999878,-79.39453125,-76.57775879,-76.78527832,-76.05285645
482,-79.40979004,-76.55639648,-76.79443359,-76.0925293
482.2000122,-79.40368652,-76.55944824,-76.73339844,-76.13220215
482.3999939,-79.39147949,-76.60217285,-76.71203613,-76.13830566
482.6000061,-79.42810059,-76.5838623,-76.71203613,-76.16882324
482.7999878,-79.44335938,-76.60522461,-76.73950195,-76.1932373
483,-79.43725586,-76.58081055,-76.6998291,-76.23291016
483.2000122,-79.43115234,-76.60217285,-76.71203613,-76.18713379
483.3999939,-79.41894531,-76.57775879,-76.73034668,-76.20239258
483.6000061,-79.4128418,-76.5625,-76.78527832,-76.23596191
483.7999878,-79.38842773,-76.57165527,-76.76391602,-76.2512207
484,-79.40673828,-76.5838623,-76.80969238,-76.21154785
484.2000122,-79.46777344,-76.5838623,-76.79443359,-76.22680664
484.3999939,-79.42810059,-76.58691406,-76.79138184,-76.24511719
484.6000061,-79.48303223,-76.58996582,-76.74560547,-76.26953125
484.7999878,-79.5135498,-76.57470703,-76.80358887,-76.27563477
485,-79.4708252,-76.58996582,-76.77001953,-76.29699707
485.2000122,-79.46777344,-76.59301758,-76.77001953,-76.28173828
485.3999939,-79.50744629,-76.56860352,-76.8157959,-76.30004883
485.6000061,-79.53186035,-76.61132813,-76.81884766,-76.31530762
485.7999878,-79.5135498,-76.5838623,-76.88903809,-76.31835938
486,-79.52270508,-76.57470703,-76.82189941,-76.37329102
486.2000122,-79.47998047,-76.59912109,-76.86157227,-76.3885498
486.3999939,-79.47387695,-76.56860352,-76.87988281,-76.41906738
486.6000061,-79.53491211,-76.5838623,-76.9744873,-76.37634277
486.7999878,-79.47692871,-76.57470703,-76.92871094,-76.4251709
487,-79.4921875,-76.5625,-76.97143555,-76.42822266
487.2000122,-79.48913574,-76.57165527,-76.94702148,-76.44348145
487.3999939,-79.45556641,-76.55944824,-76.94702148,-76.46484375
487.6000061,-79.45861816,-76.53808594,-76.98669434,-76.45874023
487.7999878,-79.48913574,-76.5625,-77.0111084,-76.4831543
488,-79.50744629,-76.55639648,-77.09960938,-76.46484375
488.2000122,-79.5135498,-76.54418945,-77.11791992,-76.5045166
488.3999939,-79.47998047,-76.52587891,-77.10571289,-76.5045166
488.6000061,-79.51965332,-76.53198242,-77.04162598,-76.52587891
488.7999878,-79.51965332,-76.52893066,-77.0324707,-76.53808594
489,-79.52270508,-76.51367188,-77.03552246,-76.51672363
489.2000122,-79.54711914,-76.51367188,-77.05993652,-76.53808594
489.3999939,-79.52575684,-76.5045166,-77.06604004,-76.55334473
489.6000061,-79.52270508,-76.49230957,-77.1270752,-76.59301758
489.7999878,-79.48608398,-76.51367188,-77.06298828,-76.59606934
490,-79.51965332,-76.49230957,-77.05688477,-76.61132813
490.2000122,-79.50439453,-76.48620605,-77.00195313,-76.60827637
490.3999939,-79.56542969,-76.48925781,-77.00805664,-76.63574219
490.6000061,-79.56542969,-76.48925781,-77.04772949,-76.60217285
490.7999878,-79.53796387,-76.44958496,-76.97143555,-76.58996582
491,-79.55932617,-76.44348145,-76.98059082,-76.6204834
491.2000122,-79.55322266,-76.45568848,-77.0111084,-76.61132813
491.3999939,-79.55322266,-76.45874023,-77.0324707,-76.66015625
491.6000061,-79.52270508,-76.44958496,-77.02636719,-76.61437988
491.7999878,-79.52880859,-76.44958496,-77.06298828,-76.60827637
492,-79.55322266,-76.47399902,-77.02941895,-76.6204834
492.2000122,-79.55322266,-76.46179199,-77.04467773,-76.63879395
492.3999939,-79.5501709,-76.45874023,-77.07214355,-76.63269043
492.6000061,-79.56237793,-76.46789551,-77.06298828,-76.63269043
492.7999878,-79.5501709,-76.48925781,-77.0111084,-76.63879395
493,-79.56237793,-76.48010254,-77.04772949,-76.60217285
493.2000122,-79.58374023,-76.47094727,-77.08740234,-76.57470703
493.3999939,-79.56542969,-76.46789551,-77.06298828,-76.67541504
493.6000061,-79.60510254,-76.45874023,-77.04772949,-76.66625977
493.7999878,-79.58984375,-76.44958496,-77.01721191,-76.63879395
494,-79.60510254,-76.44042969,-77.0324707,-76.63879395
494.2000122,-79.64782715,-76.47399902,-77.00805664,-76.65405273
494.3999939,-79.63256836,-76.45874023,-76.93786621,-76.65710449
494.6000061,-79.63256836,-76.47094727,-76.96533203,-76.64794922
494.7999878,-79.62341309,-76.4831543,-76.96228027,-76.63269043
495,-79.64782715,-76.45874023,-76.99584961,-76.69067383
495.2000122,-79.64782715,-76.45568848,-76.953125,-76.69677734
495.3999939,-79.69970703,-76.46789551,-76.94396973,-76.71813965
495.6000061,-79.73022461,-76.46179199,-76.95617676,-76.66931152
495.7999878,-79.71801758,-76.45263672,-76.953125,-76.68151855
496,-79.69360352,-76.46484375,-76.94702148,-76.69067383
496.2000122,-79.65087891,-76.47399902,-76.95922852,-76.68151855
496.3999939,-79.69970703,-76.45874023,-77.0111084,-76.69067383
496.6000061,-79.63867188,-76.47399902,-77.01721191,-76.66931152
496.7999878,-79.68139648,-76.47094727,-77.00195313,-76.71813965
497,-79.69970703,-76.47094727,-76.98059082,-76.71203613
497.2000122,-79.72106934,-76.49536133,-76.9744873,-76.71813965
497.3999939,-79.70581055,-76.47705078,-77.03857422,-76.7364502
497.6000061,-79.70581055,-76.45568848,-77.00500488,-76.68762207
497.7999878,-79.69055176,-76.48010254,-76.98669434,-76.67541504
498,-79.69970703,-76.48620605,-76.94702148,-76.71813965
498.2000122,-79.73937988,-76.44958496,-76.95922852,-76.71203613
498.3999939,-79.69055176,-76.46484375,-76.953125,-76.8157959
498.6000061,-79.65087891,-76.46484375,-76.91955566,-76.75476074
498.7999878,-79.71191406,-76.45874023,-76.98974609,-76.74255371
499,-79.66918945,-76.46179199,-77.02636719,-76.79443359
499.2000122,-79.66918945,-76.44348145,-76.98669434,-76.76391602
499.3999939,-79.63562012,-76.45263672,-76.95007324,-76.79443359
499.6000061,-79.62646484,-76.47094727,-76.90429688,-76.77612305
499.7999878,-79.62341309,-76.44958496,-76.96533203,-76.7578125
500,-79.6661377,-76.44958496,-77.0324707,-76.76086426
500.2000122,-79.6295166,-76.44348145,-77.05078125,-76.79443359
500.3999939,-79.61425781,-76.44348145,-77.05383301,-76.80053711
500.6000061,-79.6295166,-76.44958496,-76.96533203,-76.74865723
500.7999878,-79.65087891,-76.42822266,-77.03552246,-76.79138184
501,-79.60510254,-76.42211914,-77.04467773,-76.85546875
501.2000122,-79.62036133,-76.41296387,-77.02636719,-76.83410645
501.3999939,-79.63562012,-76.40380859,-77.08435059,-76.87072754
501.6000061,-79.59289551,-76.40991211,-77.13012695,-76.88903809
501.7999878,-79.58374023,-76.41906738,-77.14233398,-76.85241699
502,-79.5715332,-76.36413574,-77.19116211,-76.90429688
502.2000122,-79.58679199,-76.39465332,-77.1484375,-76.8737793
502.3999939,-79.55627441,-76.40380859,-77.13012695,-76.88598633
502.6000061,-79.57763672,-76.38244629,-77.13317871,-76.86767578
502.7999878,-79.54711914,-76.3885498,-77.12402344,-76.91345215
503,-79.54406738,-76.37023926,-77.19116211,-76.95617676
503.2000122,-79.52880859,-76.36413574,-77.2277832,-76.90124512
503.3999939,-79.51660156,-76.36413574,-77.27966309,-76.90429688
503.6000061,-79.51049805,-76.35192871,-77.27661133,-76.96533203
503.7999878,-79.51049805,-76.32446289,-77.23083496,-76.91955566
504,-79.5501709,-76.33666992,-77.23693848,-76.92871094
504.2000122,-79.53186035,-76.33056641,-77.29797363,-76.9317627
504.3999939,-79.54711914,-76.33056641,-77.31323242,-76.98974609
504.6000061,-79.57458496,-76.33056641,-77.34069824,-77.01721191
504.7999878,-79.56237793,-76.30004883,-77.39257813,-76.98669434
505,-79.48913574,-76.30310059,-77.34985352,-76.96533203
505.2000122,-79.51049805,-76.31225586,-77.43225098,-76.94396973
505.3999939,-79.50744629,-76.30004883,-77.44140625,-77.02026367
505.6000061,-79.50439453,-76.30310059,-77.38952637,-77.10266113
505.7999878,-79.47692871,-76.25732422,-77.46582031,-77.07214355
506,-79.48913574,-76.2512207,-77.49633789,-77.05688477
506.2000122,-79.50744629,-76.24816895,-77.4597168,-77.0324707
506.3999939,-79.47692871,-76.2298584,-77.4230957,-77.06298828
506.6000061,-79.48608398,-76.23596191,-77.49938965,-77.08740234
506.7999878,-79.47998047,-76.23291016,-77.52990723,-77.1270752
507,-79.48608398,-76.21765137,-77.5390625,-77.10571289
507.2000122,-79.46777344,-76.21765137,-77.63671875,-77.09960938
507.3999939,-79.50744629,-76.19934082,-77.62756348,-77.1697998
507.6000061,-79.4708252,-76.20239258,-77.64282227,-77.10266113
507.7999878,-79.46472168,-76.1932373,-77.62145996,-77.12097168
508,-79.50439453,-76.22680664,-77.60925293,-77.15148926
508.2000122,-79.48303223,-76.19018555,-77.60009766,-77.0904541
508.3999939,-79.44030762,-76.1932373,-77.64282227,-77.10266113
508.6000061,-79.45556641,-76.14746094,-77.69775391,-77.15759277
508.7999878,-79.46472168,-76.18408203,-77.69470215,-77.14233398
509,-79.50439453,-76.15661621,-77.65197754,-77.07824707
509.2000122,-79.52575684,-76.16271973,-77.70996094,-77.11486816
509.3999939,-79.53186035,-76.17492676,-77.69470215,-77.14233398
509.6000061,-79.48608398,-76.13830566,-77.69165039,-77.18505859
509.7999878,-79.49829102,-76.14746094,-77.70996094,-77.18505859
510,-79.46472168,-76.15356445,-77.71911621,-77.20031738
510.2000122,-79.46777344,-76.16882324,-77.71911621,-77.13317871
510.3999939,-79.4708252,-76.14135742,-77.70690918,-77.18200684
510.6000061,-79.4921875,-76.1505127,-77.73742676,-77.17285156
510.7999878,-79.50439453,-76.15966797,-77.73132324,-77.13317871
511,-79.54406738,-76.15661621,-77.71911621,-77.23693848
511.2000122,-79.50744629,-76.15356445,-77.7130127,-77.20336914
511.3999939,-79.51965332,-76.13830566,-77.6763916,-77.24609375
511.6000061,-79.52575684,-76.14440918,-77.6763916,-77.21862793
511.7999878,-79.52575684,-76.13830566,-77.69470215,-77.19421387
512,-79.52880859,-76.11694336,-77.70385742,-77.21557617
512.2000122,-79.51965332,-76.14440918,-77.69470215,-77.20336914
512.4000244,-79.52575684,-76.14746094,-77.72216797,-77.18200684
512.5999756,-79.57763672,-76.14135742,-77.73132324,-77.18811035
512.7999878,-79.50439453,-76.14135742,-77.66418457,-77.24304199
513,-79.54101563,-76.11694336,-77.69165039,-77.24304199
513.2000122,-79.58374023,-76.13220215,-77.66723633,-77.21252441
513.4000244,-79.58679199,-76.14746094,-77.6550293,-77.23999023
513.5999756,-79.55932617,-76.12915039,-77.62451172,-77.20947266
513.7999878,-79.53796387,-76.12609863,-77.60009766,-77.22167969
514,-79.58374023,-76.11999512,-77.58789063,-77.23693848
514.2000122,-79.54406738,-76.10168457,-77.63061523,-77.23388672
514.4000244,-79.55322266,-76.10473633,-77.63061523,-77.27966309
514.5999756,-79.55627441,-76.1138916,-77.57263184,-77.29797363
514.7999878,-79.56848145,-76.12915039,-77.56347656,-77.25830078
515,-79.56542969,-76.10778809,-77.57873535,-77.23999023
515.2000122,-79.55322266,-76.08947754,-77.59399414,-77.26135254
515.4000244,-79.58374023,-76.10473633,-77.5177002,-77.23388672
515.5999756,-79.57763672,-76.11999512,-77.4810791,-77.27661133
515.7999878,-79.54711914,-76.12304688,-77.48718262,-77.33459473
516,-79.55627441,-76.13830566,-77.50244141,-77.29797363
516.2000122,-79.54406738,-76.08337402,-77.45666504,-77.2857666
516.4000244,-79.58068848,-76.10473633,-77.49328613,-77.2857666
516.5999756,-79.58068848,-76.1138916,-77.51159668,-77.28881836
516.7999878,-79.62341309,-76.0925293,-77.42004395,-77.23693848
517,-79.60205078,-76.04064941,-77.44445801,-77.26135254
517.2000122,-79.58984375,-76.04370117,-77.46582031,-77.27355957
517.4000244,-79.57458496,-76.08642578,-77.4597168,-77.2644043
517.5999756,-79.59289551,-76.07421875,-77.41088867,-77.20031738
517.7999878,-79.59899902,-76.05895996,-77.42614746,-77.18811035
518,-79.57763672,-76.05285645,-77.42919922,-77.25524902
518.2000122,-79.62036133,-76.04370117,-77.45056152,-77.26745605
518.4000244,-79.61730957,-76.05895996,-77.47497559,-77.27966309
518.5999756,-79.61730957,-76.01928711,-77.46276855,-77.2064209
518.7999878,-79.59594727,-76.04370117,-77.4597168,-77.24304199
519,-79.57763672,-76.05285645,-77.46582031,-77.26135254
519.2000122,-79.58679199,-76.03149414,-77.44445801,-77.26745605
519.4000244,-79.61425781,-76.04675293,-77.47497559,-77.24609375
519.5999756,-79.62646484,-76.02844238,-77.45666504,-77.23693848
519.7999878,-79.64172363,-76.04064941,-77.44140625,-77.27355957
520,-79.64782715,-76.0345459,-77.49938965,-77.27966309
520.2000122,-79.65087891,-76.02539063,-77.4230957,-77.27050781
520.4000244,-79.63256836,-76.00402832,-77.39257813,-77.27661133
520.5999756,-79.66308594,-76.03759766,-77.40478516,-77.30407715
520.7999878,-79.62646484,-76.01318359,-77.36206055,-77.29797363
521,-79.68444824,-75.9979248,-77.3223877,-77.32849121
521.2000122,-79.59594727,-76.02233887,-77.39562988,-77.28881836
521.4000244,-79.63867188,-75.98876953,-77.39562988,-77.32849121
521.5999756,-79.69665527,-76.02233887,-77.41699219,-77.40783691
521.7999878,-79.6875,-76.00402832,-77.43530273,-77.4017334
522,-79.64172363,-76.00402832,-77.50854492,-77.41394043
522.2000122,-79.69055176,-75.9765625,-77.49938965,-77.35900879
522.4000244,-79.69055176,-75.96130371,-77.49938965,-77.38037109
522.5999756,-79.65698242,-75.94909668,-77.45361328,-77.39562988
522.7999878,-79.6661377,-75.9765625,-77.48718262,-77.36816406
523,-79.67224121,-75.97351074,-77.52380371,-77.49023438
523.2000122,-79.68444824,-75.96130371,-77.54516602,-77.40783691
523.4000244,-79.66918945,-75.93383789,-77.50854492,-77.43835449
523.5999756,-79.63562012,-75.92163086,-77.52380371,-77.3651123
523.7999878,-79.67224121,-75.8972168,-77.56347656,-77.41088867
524,-79.6295166,-75.91247559,-77.57873535,-77.39257813
524.2000122,-79.6295166,-75.90942383,-77.52380371,-77.49328613
524.4000244,-79.64782715,-75.90026855,-77.55737305,-77.4810791
524.5999756,-79.62341309,-75.87585449,-77.55737305,-77.41699219
524.7999878,-79.61730957,-75.90332031,-77.5604248,-77.49328613
525,-79.56237793,-75.89416504,-77.56958008,-77.50244141
525.2000122,-79.54406738,-75.85449219,-77.62756348,-77.48413086
525.4000244,-79.52880859,-75.8605957,-77.65197754,-77.41699219
525.5999756,-79.57458496,-75.86669922,-77.6184082,-77.4810791
525.7999878,-79.55627441,-75.83007813,-77.63061523,-77.46276855
526,-79.55322266,-75.8392334,-77.6763916,-77.49938965
526.2000122,-79.54406738,-75.84228516,-77.62451172,-77.48413086
526.4000244,-79.48608398,-75.82397461,-77.69165039,-77.46887207
526.5999756,-79.5135498,-75.8026123,-77.68554688,-77.47497559
526.7999878,-79.55932617,-75.83312988,-77.67028809,-77.52075195
527,-79.50439453,-75.79345703,-77.63671875,-77.52990723
527.2000122,-79.53796387,-75.77819824,-77.70385742,-77.56652832
527.4000244,-79.54711914,-75.79650879,-77.74963379,-77.52380371
527.5999756,-79.48913574,-75.79345703,-77.68249512,-77.52075195
527.7999878,-79.51049805,-75.78430176,-77.67944336,-77.57263184
528,-79.46777344,-75.7598877,-77.69775391,-77.6184082
528.2000122,-79.50134277,-75.73242188,-77.77709961,-77.59399414
528.4000244,-79.50439453,-75.73852539,-77.78930664,-77.57568359
528.5999756,-79.47387695,-75.72631836,-77.81066895,-77.62451172
528.7999878,-79.46166992,-75.72937012,-77.8137207,-77.62756348
529,-79.51965332,-75.72631836,-77.84729004,-77.6184082
529.2000122,-79.47998047,-75.74157715,-77.81982422,-77.64892578
529.4000244,-79.47692871,-75.72021484,-77.83508301,-77.58178711
529.5999756,-79.47387695,-75.71411133,-77.83508301,-77.57873535
529.7999878,-79.41894531,-75.72937012,-77.83813477,-77.61535645
530,-79.42810059,-75.73547363,-77.87475586,-77.63366699
530.2000122,-79.40063477,-75.74768066,-77.85949707,-77.66418457
530.4000244,-79.37316895,-75.72021484,-77.80456543,-77.6550293
530.5999756,-79.40063477,-75.72937012,-77.83813477,-77.68249512
530.7999878,-79.39147949,-75.74462891,-77.8717041,-77.7130127
531,-79.41894531,-75.76599121,-77.86560059,-77.72827148
531.2000122,-79.36401367,-75.74768066,-77.7923584,-77.68859863
531.4000244,-79.33654785,-75.73547363,-77.77709961,-77.66113281
531.5999756,-79.35180664,-75.72937012,-77.7557373,-77.58789063
531.7999878,-79.34265137,-75.72631836,-77.81066895,-77.60314941
532,-79.30908203,-75.70800781,-77.80761719,-77.67944336
532.2000122,-79.35180664,-75.75073242,-77.77099609,-77.67944336
532.4000244,-79.37927246,-75.7232666,-77.74353027,-77.68859863
532.5999756,-79.36401367,-75.73242188,-77.8137207,-77.63366699
532.7999878,-79.33349609,-75.7598877,-77.78930664,-77.60925293
533,-79.36096191,-75.72937012,-77.73132324,-77.59094238
533.2000122,-79.32739258,-75.73547363,-77.67944336,-77.66418457
533.4000244,-79.34265137,-75.72021484,-77.74963379,-77.62145996
533.5999756,-79.3762207,-75.72631836,-77.74047852,-77.65197754
533.7999878,-79.39453125,-75.71716309,-77.67028809,-77.59399414
534,-79.37011719,-75.71411133,-77.70385742,-77.67028809
534.2000122,-79.38537598,-75.69580078,-77.70690918,-77.66418457
534.4000244,-79.39147949,-75.69274902,-77.6763916,-77.6550293
534.5999756,-79.40979004,-75.68054199,-77.64892578,-77.59399414
534.7999878,-79.40979004,-75.72937012,-77.66113281,-77.64892578
535,-79.41894531,-75.68359375,-77.63366699,-77.62756348
535.2000122,-79.4128418,-75.71411133,-77.60925293,-77.64892578
535.4000244,-79.37927246,-75.68054199,-77.62756348,-77.63061523
535.5999756,-79.38842773,-75.72021484,-77.65197754,-77.6550293
535.7999878,-79.40063477,-75.71411133,-77.63977051,-77.65197754
536,-79.44030762,-75.67749023,-77.59399414,-77.6763916
536.2000122,-79.44335938,-75.70800781,-77.62451172,-77.61535645
536.4000244,-79.44641113,-75.66223145,-77.62145996,-77.66113281
536.5999756,-79.43725586,-75.67749023,-77.57568359,-77.65808105
536.7999878,-79.44946289,-75.73242188,-77.60009766,-77.62451172
537,-79.46777344,-75.74462891,-77.56347656,-77.62451172
537.2000122,-79.44946289,-75.74157715,-77.61230469,-77.69470215
537.4000244,-79.50744629,-75.74462891,-77.54211426,-77.7130127
537.5999756,-79.52270508,-75.77209473,-77.47802734,-77.64892578
537.7999878,-79.51660156,-75.75683594,-77.4810791,-77.63061523
538,-79.50134277,-75.77514648,-77.47192383,-77.68249512
538.2000122,-79.47387695,-75.78125,-77.49938965,-77.65808105
538.4000244,-79.48303223,-75.75683594,-77.41394043,-77.66723633
538.5999756,-79.47998047,-75.77209473,-77.42004395,-77.70385742
538.7999878,-79.49523926,-75.78125,-77.41394043,-77.66723633
539,-79.50744629,-75.79040527,-77.47497559,-77.65197754
539.2000122,-79.5135498,-75.77514648,-77.4017334,-77.66113281
539.4000244,-79.51049805,-75.79956055,-77.41699219,-77.74353027
539.5999756,-79.53796387,-75.80566406,-77.38952637,-77.70996094
539.7999878,-79.54711914,-75.81176758,-77.45056152,-77.70690918
540,-79.56848145,-75.81481934,-77.39562988,-77.77709961
540.2000122,-79.58374023,-75.82397461,-77.37121582,-77.73742676
540.4000244,-79.55627441,-75.81787109,-77.45666504,-77.73742676
540.5999756,-79.53491211,-75.81481934,-77.47192383,-77.77709961
540.7999878,-79.59594727,-75.82397461,-77.44140625,-77.81982422
541,-79.59594727,-75.82092285,-77.45666504,-77.79846191
541.2000122,-79.58984375,-75.81481934,-77.46887207,-77.81066895
541.4000244,-79.55932617,-75.79650879,-77.46887207,-77.78015137
541.5999756,-79.53186035,-75.77514648,-77.41699219,-77.7557373
541.7999878,-79.5501709,-75.77514648,-77.38952637,-77.75878906
542,-79.50134277,-75.78430176,-77.47802734,-77.76489258
542.2000122,-79.52880859,-75.75378418,-77.4230957,-77.78625488
542.4000244,-79.51049805,-75.75683594,-77.4597168,-77.82592773
542.5999756,-79.51049805,-75.82702637,-77.48413086,-77.79541016
542.7999878,-79.54711914,-75.78125,-77.48413086,-77.81066895
543,-79.53186035,-75.76904297,-77.49633789,-77.84118652
543.2000122,-79.53796387,-75.77819824,-77.50854492,-77.88696289
543.4000244,-79.52880859,-75.76904297,-77.47497559,-77.86865234
543.5999756,-79.4921875,-75.72631836,-77.50549316,-77.81982422
543.7999878,-79.48608398,-75.75683594,-77.50854492,-77.89611816
544,-79.54406738,-75.78735352,-77.44750977,-77.84729004
544.2000122,-79.52880859,-75.75073242,-77.46887207,-77.85949707
544.4000244,-79.51660156,-75.74462891,-77.52990723,-77.94799805
544.5999756,-79.53491211,-75.75073242,-77.49023438,-77.88391113
544.7999878,-79.53491211,-75.75378418,-77.48413086,-77.89001465
545,-79.55322266,-75.77209473,-77.55432129,-77.93273926
545.2000122,-79.52880859,-75.78125,-77.55737305,-77.91748047
545.4000244,-79.5501709,-75.75378418,-77.53295898,-77.9083252
545.5999756,-79.57458496,-75.76293945,-77.56958008,-77.92053223
545.7999878,-79.54101563,-75.77514648,-77.60314941,-77.88391113
546,-79.48608398,-75.76904297,-77.58483887,-77.9083252
546.2000122,-79.4921875,-75.74462891,-77.6763916,-77.96325684
546.4000244,-79.48608398,-75.75683594,-77.7130127,-77.93884277
546.5999756,-79.45251465,-75.79956055,-77.66418457,-77.94494629
546.7999878,-79.46166992,-75.78735352,-77.74353027,-77.97851563
547,-79.47692871,-75.76293945,-77.77404785,-77.97546387
547.2000122,-79.43725586,-75.7598877,-77.80456543,-77.99682617
547.4000244,-79.44335938,-75.76904297,-77.78930664,-77.99987793
547.5999756,-79.3762207,-75.75073242,-77.78930664,-78.03344727
547.7999878,-79.42810059,-75.76904297,-77.78320313,-78.05786133
548,-79.45251465,-75.78430176,-77.81982422,-78.07312012
548.2000122,-79.38537598,-75.77209473,-77.82897949,-78.0456543
548.4000244,-79.37927246,-75.76904297,-77.83508301,-78.0670166
548.5999756,-79.3762207,-75.78430176,-77.84118652,-78.08532715
548.7999878,-79.38537598,-75.75378418,-77.78625488,-78.0456543
549,-79.40063477,-75.77514648,-77.80151367,-77.99987793
549.2000122,-79.34265137,-75.79040527,-77.8503418,-78.03344727
549.4000244,-79.30297852,-75.82092285,-77.87780762,-78.09753418
549.5999756,-79.3182373,-75.81787109,-77.86560059,-78.0456543
549.7999878,-79.30603027,-75.80566406,-77.88391113,-77.99987793
550,-79.29382324,-75.80566406,-77.81677246,-78.04870605
550.2000122,-79.3182373,-75.79345703,-77.8717041,-78.04260254
550.4000244,-79.35180664,-75.84533691,-77.9296875,-78.06091309
550.5999756,-79.32739258,-75.8392334,-77.93273926,-78.03649902
550.7999878,-79.28466797,-75.8392334,-77.94494629,-78.07006836
551,-79.34570313,-75.79956055,-77.93884277,-78.0670166
551.2000122,-79.28466797,-75.79956055,-77.94494629,-78.07312012
551.4000244,-79.33654785,-75.83312988,-77.96936035,-78.14331055
551.5999756,-79.33044434,-75.8392334,-77.92663574,-78.03955078
551.7999878,-79.33044434,-75.86669922,-77.9510498,-78.08227539
552,-79.32128906,-75.85144043,-77.97851563,-78.08227539
552.2000122,-79.37011719,-75.84838867,-78.03955078,-78.09448242
552.4000244,-79.36401367,-75.85754395,-78.02124023,-78.09143066
552.5999756,-79.38537598,-75.85754395,-77.95715332,-78.06091309
552.7999878,-79.37927246,-75.87280273,-77.93273926,-78.07006836
553,-79.39453125,-75.88195801,-77.98461914,-78.00598145
553.2000122,-79.4128418,-75.88195801,-77.93884277,-78.04260254
553.4000244,-79.40063477,-75.86975098,-77.97851563,-78.06396484
553.5999756,-79.39453125,-75.85449219,-77.8717041,-78.13415527
553.7999878,-79.39453125,-75.87585449,-77.90222168,-78.10058594
554,-79.41894531,-75.88806152,-77.97241211,-78.11889648
554.2000122,-79.43725586,-75.87585449,-77.97241211,-78.06091309
554.4000244,-79.39758301,-75.86975098,-77.96020508,-78.08837891
554.5999756,-79.43725586,-75.86364746,-77.99682617,-78.04260254
554.7999878,-79.40979004,-75.87585449,-77.93273926,-78.05786133
555,-79.45251465,-75.90332031,-77.96325684,-78.08837891
555.2000122,-79.4128418,-75.85754395,-77.89916992,-78.08532715
555.4000244,-79.44641113,-75.88195801,-77.87780762,-78.13415527
555.5999756,-79.47998047,-75.86975098,-77.9083252,-78.13415527
555.7999878,-79.48913574,-75.90332031,-77.91137695,-78.10058594
556,-79.53186035,-75.86669922,-77.92663574,-78.09143066
556.2000122,-79.52575684,-75.87890625,-77.97241211,-78.12194824
556.4000244,-79.54406738,-75.88806152,-77.96936035,-78.11889648
556.5999756,-79.57763672,-75.90026855,-77.99682617,-78.10974121
556.7999878,-79.57458496,-75.91247559,-77.97851563,-78.13415527
557,-79.58679199,-75.90026855,-77.96936035,-78.09753418
557.2000122,-79.58984375,-75.9185791,-77.92053223,-78.07312012
557.4000244,-79.61425781,-75.91247559,-77.92358398,-78.09753418
557.5999756,-79.67834473,-75.86669922,-77.96936035,-78.10058594
557.7999878,-79.68139648,-75.88500977,-77.92358398,-78.05480957
558,-79.69665527,-75.88806152,-77.92663574,-78.10668945
558.2000122,-79.72106934,-75.88195801,-77.88391113,-78.13415527
558.4000244,-79.75463867,-75.88195801,-77.93273926,-78.20129395
558.5999756,-79.81262207,-75.87585449,-77.91748047,-78.17993164
558.7999878,-79.83703613,-75.89111328,-77.93884277,-78.14025879
559,-79.86450195,-75.86975098,-77.99377441,-78.125
559.2000122,-79.80041504,-75.87280273,-77.99987793,-78.12805176
559.4000244,-79.85534668,-75.85449219,-78.0090332,-78.15856934
559.5999756,-79.87060547,-75.8605957,-77.97241211,-78.13415527
559.7999878,-79.87976074,-75.85754395,-78.04260254,-78.11279297
560,-79.88586426,-75.83618164,-78.03649902,-78.125
560.2000122,-79.90112305,-75.85144043,-77.9876709,-78.17382813
560.4000244,-79.93774414,-75.89111328,-77.99377441,-78.11889648
560.5999756,-79.95605469,-75.85449219,-77.98461914,-78.17382813
560.7999878,-79.94995117,-75.85754395,-78.0670166,-78.12194824
561,-79.98657227,-75.84228516,-78.07617188,-78.16162109
561.2000122,-80.01708984,-75.84838867,-78.06091309,-78.17687988
561.4000244,-80.00793457,-75.85754395,-78.125,-78.15551758
561.5999756,-80.04455566,-75.84228516,-78.20129395,-78.25622559
561.7999878,-80.02319336,-75.82092285,-78.22570801,-78.25927734
562,-80.00793457,-75.8392334,-78.2043457,-78.2043457
562.2000122,-80.05981445,-75.82092285,-78.16467285,-78.21960449
562.4000244,-80.0994873,-75.78125,-78.15246582,-78.17993164
562.5999756,-80.09033203,-75.79345703,-78.11279297,-78.23486328
562.7999878,-80.0994873,-75.75378418,-78.1463623,-78.22570801
563,-80.07202148,-75.73547363,-78.125,-78.2623291
563.2000122,-80.11474609,-75.76293945,-78.15856934,-78.25927734
563.4000244,-80.08117676,-75.74768066,-78.23181152,-78.22265625
563.5999756,-80.09643555,-75.74157715,-78.25927734,-78.23486328
563.7999878,-80.0567627,-75.7232666,-78.20129395,-78.25317383
564,-80.10559082,-75.72631836,-78.19824219,-78.22570801
564.2000122,-80.13000488,-75.68969727,-78.19824219,-78.27453613
564.4000244,-80.14526367,-75.72631836,-78.25012207,-78.28369141
564.5999756,-80.10559082,-75.68664551,-78.25927734,-78.33251953
564.7999878,-80.10253906,-75.67443848,-78.27453613,-78.35083008
565,-80.13916016,-75.6652832,-78.28979492,-78.33557129
565.2000122,-80.1361084,-75.65612793,-78.25622559,-78.35693359
565.4000244,-80.16357422,-75.66223145,-78.28369141,-78.31420898
565.5999756,-80.13305664,-75.64086914,-78.30810547,-78.3416748
565.7999878,-80.10559082,-75.61950684,-78.30200195,-78.30810547
566,-80.16052246,-75.62866211,-78.32946777,-78.29589844
566.2000122,-80.17578125,-75.63476563,-78.37524414,-78.39660645
566.4000244,-80.21240234,-75.63476563,-78.32946777,-78.3416748
566.5999756,-80.23376465,-75.59204102,-78.29589844,-78.32946777
566.7999878,-80.21850586,-75.57983398,-78.28674316,-78.37524414
567,-80.20019531,-75.52185059,-78.33862305,-78.3782959
567.2000122,-80.1940918,-75.49438477,-78.33251953,-78.27758789
567.4000244,-80.20935059,-75.49438477,-78.38439941,-78.39050293
567.5999756,-80.23681641,-75.48828125,-78.33557129,-78.37524414
567.7999878,-80.2520752,-75.45776367,-78.38745117,-78.37524414
568,-80.20019531,-75.4699707,-78.42407227,-78.3996582
568.2000122,-80.17578125,-75.46691895,-78.44238281,-78.39660645
568.4000244,-80.20019531,-75.46386719,-78.45458984,-78.39050293
568.5999756,-80.20629883,-75.42419434,-78.46069336,-78.42712402
568.7999878,-80.24597168,-75.39367676,-78.38745117,-78.44238281
569,-80.20324707,-75.38146973,-78.41186523,-78.46984863
569.2000122,-80.19714355,-75.390625,-78.46374512,-78.48205566
569.4000244,-80.23681641,-75.35400391,-78.46374512,-78.48815918
569.5999756,-80.2734375,-75.35705566,-78.47290039,-78.47290039
569.7999878,-80.26733398,-75.28381348,-78.48205566,-78.48510742
570,-80.25512695,-75.32348633,-78.54919434,-78.44543457
570.2000122,-80.24597168,-75.31433105,-78.50036621,-78.38745117
570.4000244,-80.24597168,-75.27770996,-78.43933105,-78.46069336
570.5999756,-80.26123047,-75.27160645,-78.4576416,-78.49731445
570.7999878,-80.22766113,-75.23193359,-78.46679688,-78.48510742
571,-80.18798828,-75.23803711,-78.52478027,-78.47290039
571.2000122,-80.16967773,-75.18615723,-78.4942627,-78.50646973
571.4000244,-80.20629883,-75.18920898,-78.45458984,-78.46069336
571.5999756,-80.14831543,-75.15258789,-78.46984863,-78.48205566
571.7999878,-80.18798828,-75.1373291,-78.42407227,-78.515625
572,-80.16052246,-75.1159668,-78.41491699,-78.47290039
572.2000122,-80.16357422,-75.10070801,-78.45458984,-78.44848633
572.4000244,-80.17272949,-75.06103516,-78.49121094,-78.42102051
572.5999756,-80.17272949,-75.02746582,-78.515625,-78.46374512
572.7999878,-80.20324707,-75.01525879,-78.50646973,-78.54309082
573,-80.20935059,-75.00305176,-78.4942627,-78.51867676
573.2000122,-80.17883301,-74.97253418,-78.4942627,-78.41491699
573.4000244,-80.15441895,-74.95117188,-78.52783203,-78.42407227
573.5999756,-80.17883301,-74.90844727,-78.48205566,-78.44543457
573.7999878,-80.16052246,-74.87487793,-78.47900391,-78.50952148
574,-80.16357422,-74.86572266,-78.46069336,-78.50341797
574.2000122,-80.16052246,-74.82299805,-78.4576416,-78.49731445
574.4000244,-80.14221191,-74.77722168,-78.47595215,-78.46984863
574.5999756,-80.17883301,-74.73754883,-78.44848633,-78.48815918
574.7999878,-80.17883301,-74.76501465,-78.46069336,-78.44543457
575,-80.19714355,-74.69177246,-78.43322754,-78.4576416
575.2000122,-80.20019531,-74.66430664,-78.37524414,-78.47900391
575.4000244,-80.23986816,-74.65209961,-78.36608887,-78.3996582
575.5999756,-80.20629883,-74.65515137,-78.3996582,-78.46374512
575.7999878,-80.16967773,-74.6307373,-78.40270996,-78.4362793
576,-80.18493652,-74.55749512,-78.38745117,-78.4576416
576.2000122,-80.20019531,-74.55749512,-78.39355469,-78.45153809
576.4000244,-80.24291992,-74.56359863,-78.31115723,-78.4362793
576.5999756,-80.25817871,-74.54528809,-78.27758789,-78.42102051
576.7999878,-80.26733398,-74.52697754,-78.27758789,-78.35998535
577,-80.23986816,-74.50256348,-78.2623291,-78.41491699
577.2000122,-80.2734375,-74.47814941,-78.29284668,-78.40270996
577.4000244,-80.27038574,-74.45373535,-78.32641602,-78.40881348
577.5999756,-80.27038574,-74.42626953,-78.25317383,-78.35693359
577.7999878,-80.2520752,-74.39575195,-78.26538086,-78.40576172
578,-80.24597168,-74.36828613,-78.28063965,-78.43017578
578.2000122,-80.28869629,-74.31945801,-78.17382813,-78.40881348
578.4000244,-80.2947998,-74.32556152,-78.17382813,-78.41796875
578.5999756,-80.28869629,-74.31640625,-78.22570801,-78.36303711
578.7999878,-80.28869629,-74.29199219,-78.24401855,-78.3996582
579,-80.29785156,-74.23095703,-78.21350098,-78.42712402
579.2000122,-80.27954102,-74.18212891,-78.21655273,-78.43322754
579.4000244,-80.2520752,-74.16992188,-78.21960449,-78.43322754
579.5999756,-80.28869629,-74.16687012,-78.13415527,-78.43322754
579.7999878,-80.26428223,-74.1027832,-78.16467285,-78.4362793
580,-80.28259277,-74.08752441,-78.19824219,-78.38439941
580.2000122,-80.27648926,-74.07226563,-78.20739746,-78.40881348
580.4000244,-80.24291992,-74.06005859,-78.17687988,-78.39355469
580.5999756,-80.26733398,-74.02954102,-78.18603516,-78.42712402
580.7999878,-80.2520752,-73.98986816,-78.15246582,-78.42407227
581,-80.27648926,-73.95935059,-78.17382813,-78.3996582
581.2000122,-80.22460938,-73.94714355,-78.15856934,-78.45153809
581.4000244,-80.25817871,-73.93798828,-78.19213867,-78.47290039
581.5999756,-80.25512695,-73.87695313,-78.15856934,-78.46679688
581.7999878,-80.26733398,-73.85864258,-78.20129395,-78.52478027
582,-80.23376465,-73.85559082,-78.25927734,-78.5369873
582.2000122,-80.23376465,-73.81286621,-78.25622559,-78.48510742
582.4000244,-80.22155762,-73.84033203,-78.22875977,-78.50036621
582.5999756,-80.21850586,-73.79455566,-78.18603516,-78.47290039
582.7999878,-80.26123047,-73.72436523,-78.24401855,-78.52478027
583,-80.26733398,-73.67858887,-78.27453613,-78.55529785
583.2000122,-80.26428223,-73.67858887,-78.27453613,-78.53393555
583.4000244,-80.25817871,-73.6541748,-78.31115723,-78.54003906
583.5999756,-80.24902344,-73.60534668,-78.32336426,-78.51867676
583.7999878,-80.28869629,-73.59008789,-78.29284668,-78.52478027
584,-80.26123047,-73.56567383,-78.3416748,-78.53088379
584.2000122,-80.20629883,-73.52600098,-78.35998535,-78.515625
584.4000244,-80.21850586,-73.50769043,-78.34472656,-78.54309082
584.5999756,-80.20935059,-73.48937988,-78.35083008,-78.46984863
584.7999878,-80.18798828,-73.46801758,-78.38439941,-78.48205566
585,-80.20629883,-73.44055176,-78.39355469,-78.54919434
585.2000122,-80.17883301,-73.43444824,-78.35693359,-78.55529785
585.4000244,-80.17272949,-73.38256836,-78.35693359,-78.52172852
585.5999756,-80.17578125,-73.36730957,-78.38745117,-78.54919434
585.7999878,-80.14221191,-73.34289551,-78.47290039,-78.5369873
586,-80.1574707,-73.31848145,-78.50341797,-78.52478027
586.2000122,-80.10864258,-73.32458496,-78.50646973,-78.57666016
586.4000244,-80.13000488,-73.30627441,-78.52478027,-78.57971191
586.5999756,-80.18188477,-73.24829102,-78.55529785,-78.60412598
586.7999878,-80.17883301,-73.21472168,-78.56445313,-78.57055664
587,-80.17578125,-73.18115234,-78.57055664,-78.61022949
587.2000122,-80.16662598,-73.16894531,-78.57055664,-78.62548828
587.4000244,-80.23071289,-73.15673828,-78.57971191,-78.61022949
587.5999756,-80.2154541,-73.11096191,-78.60412598,-78.60717773
587.7999878,-80.23681641,-73.07739258,-78.61938477,-78.65600586
588,-80.26733398,-73.08654785,-78.70483398,-78.64990234
588.2000122,-80.22460938,-73.01940918,-78.77502441,-78.64379883
588.4000244,-80.23376465,-73.00109863,-78.74755859,-78.66821289
588.5999756,-80.22460938,-72.99804688,-78.74145508,-78.64990234
588.7999878,-80.24597168,-72.95837402,-78.74145508,-78.64074707
589,-80.21850586,-72.91564941,-78.7689209,-78.69567871
589.2000122,-80.23681641,-72.90344238,-78.75061035,-78.69873047
589.4000244,-80.21240234,-72.88208008,-78.82385254,-78.71398926
589.5999756,-80.27038574,-72.86376953,-78.83911133,-78.68652344
589.7999878,-80.24902344,-72.85766602,-78.7902832,-78.61938477
590,-80.23681641,-72.7935791,-78.78112793,-78.66516113
590.2000122,-80.24597168,-72.7935791,-78.75976563,-78.70178223
590.4000244,-80.22766113,-72.78137207,-78.81164551,-78.67126465
590.5999756,-80.28564453,-72.76000977,-78.79333496,-78.61633301
590.7999878,-80.26733398,-72.72644043,-78.81164551,-78.64074707
591,-80.2734375,-72.69287109,-78.84521484,-78.61938477
591.2000122,-80.23681641,-72.64709473,-78.88183594,-78.6895752
591.4000244,-80.22460938,-72.61352539,-78.88183594,-78.71704102
591.5999756,-80.24597168,-72.59521484,-78.80859375,-78.64074707
591.7999878,-80.24597168,-72.56774902,-78.78112793,-78.68041992
592,-80.25512695,-72.56164551,-78.74755859,-78.68041992
592.2000122,-80.27648926,-72.57385254,-78.73840332,-78.74755859
592.4000244,-80.26123047,-72.50671387,-78.78112793,-78.68347168
592.5999756,-80.26733398,-72.49755859,-78.75671387,-78.66821289
592.7999878,-80.27954102,-72.43652344,-78.75061035,-78.66516113
593,-80.2947998,-72.43652344,-78.65600586,-78.6895752
593.2000122,-80.2947998,-72.43347168,-78.67736816,-78.63769531
593.4000244,-80.32836914,-72.39990234,-78.67736816,-78.68041992
593.5999756,-80.25512695,-72.39990234,-78.64990234,-78.6315918
593.7999878,-80.27648926,-72.36938477,-78.60717773,-78.63464355
594,-80.2734375,-72.33581543,-78.63464355,-78.58886719
594.2000122,-80.23376465,-72.32666016,-78.65905762,-78.63464355
594.4000244,-80.23986816,-72.27172852,-78.5736084,-78.65600586
594.5999756,-80.21240234,-72.265625,-78.62548828,-78.64074707
594.7999878,-80.28869629,-72.24121094,-78.56750488,-78.67126465
595,-80.28869629,-72.23815918,-78.55834961,-78.60717773
595.2000122,-80.2734375,-72.19543457,-78.51867676,-78.62548828
595.4000244,-80.24902344,-72.16491699,-78.60107422,-78.62854004
595.5999756,-80.23986816,-72.1282959,-78.56140137,-78.60717773
595.7999878,-80.24291992,-72.14050293,-78.57055664,-78.57971191
596,-80.23376465,-72.11608887,-78.60107422,-78.59191895
596.2000122,-80.16967773,-72.07946777,-78.60107422,-78.54614258
596.4000244,-80.19714355,-72.03063965,-78.58581543,-78.62243652
596.5999756,-80.14831543,-71.99401855,-78.58886719,-78.5949707
596.7999878,-80.16662598,-71.96960449,-78.61633301,-78.59802246
597,-80.17883301,-71.98181152,-78.5949707,-78.61328125
597.2000122,-80.11474609,-71.93908691,-78.56750488,-78.64990234
597.4000244,-80.09033203,-71.94213867,-78.57055664,-78.61328125
597.5999756,-80.11169434,-71.92382813,-78.58276367,-78.58886719
597.7999878,-80.10253906,-71.89025879,-78.59191895,-78.57666016
598,-80.11779785,-71.87805176,-78.57971191,-78.61022949
598.2000122,-80.07202148,-71.84143066,-78.50036621,-78.60717773
598.4000244,-80.04455566,-71.82922363,-78.55224609,-78.64379883
598.5999756,-80.04150391,-71.81396484,-78.54919434,-78.60107422
598.7999878,-80.09643555,-71.78344727,-78.47900391,-78.62243652
599,-80.04760742,-71.77734375,-78.50036621,-78.61022949
599.2000122,-80.05981445,-71.74682617,-78.54614258,-78.64074707
599.4000244,-80.04760742,-71.73461914,-78.54614258,-78.65600586
599.5999756,-80.05065918,-71.72241211,-78.515625,-78.65600586
599.7999878,-80.03845215,-71.70715332,-78.49121094,-78.6529541
600,-80.02319336,-71.67053223,-78.54003906,-78.67431641
600.2000122,-80.03234863,-71.60949707,-78.51257324,-78.62548828
600.4000244,-80.02319336,-71.60339355,-78.515625,-78.67431641
600.5999756,-80.04760742,-71.58508301,-78.51257324,-78.66516113
600.7999878,-79.9987793,-71.56677246,-78.45458984,-78.64990234
601,-80.02624512,-71.55761719,-78.50341797,-78.64074707
601.2000122,-80.01098633,-71.53015137,-78.515625,-78.66821289
601.4000244,-80.07507324,-71.5423584,-78.47290039,-78.70178223
601.5999756,-80.05371094,-71.53320313,-78.43017578,-78.69873047
601.7999878,-80.03845215,-71.49963379,-78.46374512,-78.69567871
602,-80.03540039,-71.47827148,-78.44238281,-78.66821289
602.2000122,-80.02319336,-71.45690918,-78.46984863,-78.72009277
602.4000244,-79.96520996,-71.42333984,-78.53088379,-78.71398926
602.5999756,-80.01708984,-71.42944336,-78.53393555,-78.78112793
602.7999878,-80.02319336,-71.38671875,-78.52783203,-78.6895752
603,-79.97436523,-71.41113281,-78.60717773,-78.72314453
603.2000122,-80.00183105,-71.43859863,-78.61633301,-78.72314453
603.4000244,-79.97436523,-71.40197754,-78.59191895,-78.71398926
603.5999756,-79.97131348,-71.39587402,-78.71398926,-78.72924805
603.7999878,-79.94995117,-71.38977051,-78.64074707,-78.69873047
604,-79.97436523,-71.40808105,-78.65905762,-78.68652344
604.2000122,-79.96520996,-71.37451172,-78.64990234,-78.75671387
604.4000244,-79.95300293,-71.34094238,-78.60107422,-78.77502441
604.5999756,-79.9621582,-71.33789063,-78.60107422,-78.7689209
604.7999878,-79.91333008,-71.34094238,-78.73840332,-78.75671387
605,-79.95605469,-71.33789063,-78.77502441,-78.76281738
605.2000122,-79.94689941,-71.34094238,-78.70788574,-78.77807617
605.4000244,-79.93774414,-71.32263184,-78.68347168,-78.80249023
605.5999756,-79.94689941,-71.31958008,-78.62243652,-78.78723145
605.7999878,-79.94995117,-71.30737305,-78.60412598,-78.7322998
606,-79.9621582,-71.28295898,-78.61938477,-78.75671387
606.2000122,-79.98657227,-71.28601074,-78.67736816,-78.85742188
606.4000244,-79.91638184,-71.27075195,-78.71704102,-78.84216309
606.5999756,-79.9407959,-71.25244141,-78.76281738,-78.86047363
606.7999878,-79.92248535,-71.22192383,-78.75366211,-78.83300781
607,-79.89807129,-71.22192383,-78.69567871,-78.76281738
607.2000122,-79.89196777,-71.19750977,-78.75366211,-78.84216309
607.4000244,-79.89807129,-71.18835449,-78.8269043,-78.88183594
607.5999756,-79.87670898,-71.18225098,-78.82080078,-78.85131836
607.7999878,-79.87365723,-71.19140625,-78.80859375,-78.8482666
608,-79.92858887,-71.16699219,-78.78723145,-78.88793945
608.2000122,-79.84313965,-71.17614746,-78.80249023,-78.93981934
608.4000244,-79.87670898,-71.14562988,-78.81469727,-78.89404297
608.5999756,-79.84619141,-71.12731934,-78.83605957,-78.93981934
608.7999878,-79.85229492,-71.12426758,-78.8482666,-78.94287109
609,-79.87365723,-71.12426758,-78.74450684,-78.85742188
609.2000122,-79.86755371,-71.12121582,-78.83911133,-78.87878418
609.4000244,-79.84619141,-71.10595703,-78.89099121,-78.84216309
609.5999756,-79.82788086,-71.08154297,-78.81164551,-78.88183594
609.7999878,-79.8248291,-71.05407715,-78.87268066,-78.90625
610,-79.84313965,-71.06628418,-78.88793945,-78.86352539
610.2000122,-79.86755371,-71.06628418,-78.82995605,-78.91235352
610.4000244,-79.8248291,-71.0723877,-78.8848877,-78.89099121
610.5999756,-79.86755371,-71.04797363,-78.94592285,-78.93371582
610.7999878,-79.8248291,-71.05102539,-78.92456055,-78.9642334
611,-79.80041504,-71.02661133,-78.86047363,-78.95507813
611.2000122,-79.82177734,-71.06933594,-78.83605957,-78.91235352
611.4000244,-79.84008789,-71.0357666,-78.84216309,-78.89404297
611.5999756,-79.8034668,-71.02355957,-78.81164551,-78.89404297
611.7999878,-79.84924316,-71.03271484,-78.76281738,-78.91235352
612,-79.85839844,-71.02661133,-78.78417969,-78.88793945
612.2000122,-79.85839844,-71.04797363,-78.75976563,-78.88793945
612.4000244,-79.86450195,-71.02966309,-78.7689209,-78.86352539
612.5999756,-79.86450195,-71.02661133,-78.82080078,-78.90319824
612.7999878,-79.85229492,-71.02661133,-78.70178223,-78.86352539
613,-79.80651855,-71.00524902,-78.70788574,-78.83300781
613.2000122,-79.84313965,-71.0144043,-78.69567871,-78.90014648
613.4000244,-79.82177734,-71.00219727,-78.66210938,-78.90319824
613.5999756,-79.8248291,-70.99609375,-78.69873047,-78.92150879
613.7999878,-79.87670898,-71.0144043,-78.64074707,-78.89099121
614,-79.86755371,-70.99609375,-78.6315918,-78.93066406
614.2000122,-79.81872559,-71.0144043,-78.61633301,-78.90319824
614.4000244,-79.84313965,-71.02355957,-78.60412598,-78.88183594
614.5999756,-79.81262207,-70.98999023,-78.55834961,-78.85742188
614.7999878,-79.84313965,-71.00219727,-78.50646973,-78.85437012
615,-79.8248291,-71.0144043,-78.58276367,-78.85131836
615.2000122,-79.80957031,-71.02355957,-78.50036621,-78.86047363
615.4000244,-79.82788086,-71.0357666,-78.51867676,-78.84216309
615.5999756,-79.80041504,-71.03271484,-78.61938477,-78.86047363
615.7999878,-79.84008789,-71.04797363,-78.515625,-78.86657715
616,-79.84008789,-71.06628418,-78.51867676,-78.82995605
616.2000122,-79.81872559,-71.05712891,-78.47900391,-78.79638672
616.4000244,-79.8034668,-71.08459473,-78.4576416,-78.81774902
616.5999756,-79.79736328,-71.06018066,-78.43933105,-78.84216309
616.7999878,-79.79431152,-71.05712891,-78.46984863,-78.80554199
617,-79.8034668,-71.06018066,-78.46374512,-78.82385254
617.2000122,-79.80651855,-71.06018066,-78.46984863,-78.81164551
617.4000244,-79.78210449,-71.06323242,-78.46069336,-78.82995605
617.5999756,-79.80957031,-71.10290527,-78.45153809,-78.87878418
617.7999878,-79.78515625,-71.08154297,-78.4362793,-78.83605957
618,-79.77294922,-71.08459473,-78.4362793,-78.81469727
618.2000122,-79.76379395,-71.09375,-78.42712402,-78.83605957
618.4000244,-79.7668457,-71.09375,-78.36914063,-78.92150879
618.5999756,-79.78210449,-71.07849121,-78.39050293,-78.86962891
618.7999878,-79.8034668,-71.09069824,-78.41491699,-78.86352539
619,-79.81262207,-71.10595703,-78.45153809,-78.8269043
619.2000122,-79.83703613,-71.09069824,-78.45458984,-78.83605957
619.4000244,-79.75463867,-71.13342285,-78.4576416,-78.8269043
619.5999756,-79.77600098,-71.10900879,-78.48205566,-78.82080078
619.7999878,-79.75158691,-71.1517334,-78.45458984,-78.8482666
620,-79.78515625,-71.13647461,-78.39355469,-78.85131836
620.2000122,-79.76074219,-71.14868164,-78.3996582,-78.83911133
620.4000244,-79.76379395,-71.16394043,-78.40881348,-78.7902832
620.5999756,-79.73937988,-71.14257813,-78.47290039,-78.86962891
620.7999878,-79.77905273,-71.14562988,-78.5369873,-78.89709473
621,-79.77600098,-71.17919922,-78.54919434,-78.83605957
621.2000122,-79.78515625,-71.21582031,-78.58276367,-78.86962891
621.4000244,-79.76989746,-71.17614746,-78.55529785,-78.90014648
621.5999756,-79.73937988,-71.16699219,-78.55224609,-78.86047363
621.7999878,-79.74243164,-71.15783691,-78.6315918,-78.93981934
622,-79.72717285,-71.1730957,-78.60717773,-78.93371582
622.2000122,-79.70275879,-71.17004395,-78.57971191,-78.88183594
622.4000244,-79.68139648,-71.18530273,-78.56140137,-78.90014648
622.5999756,-79.70581055,-71.22192383,-78.65600586,-78.88793945
622.7999878,-79.66918945,-71.19750977,-78.63769531,-78.96728516
623,-79.63562012,-71.20666504,-78.61328125,-78.98254395
623.2000122,-79.63867188,-71.19445801,-78.68347168,-78.98254395
623.4000244,-79.69055176,-71.20666504,-78.74450684,-79.00390625
623.5999756,-79.65393066,-71.22192383,-78.7109375,-78.97338867
623.7999878,-79.65087891,-71.19445801,-78.71398926,-78.98254395
624,-79.69055176,-71.2097168,-78.75976563,-78.99475098
624.2000122,-79.67529297,-71.20361328,-78.75366211,-79.03747559
624.4000244,-79.65393066,-71.22497559,-78.81469727,-78.9855957
624.5999756,-79.66003418,-71.2097168,-78.80554199,-79.00695801
624.7999878,-79.6875,-71.22802734,-78.87878418,-79.04968262
625,-79.69665527,-71.2310791,-78.92456055,-79.05883789
625.2000122,-79.65087891,-71.24023438,-78.86352539,-79.02526855
625.4000244,-79.68444824,-71.23718262,-78.89404297,-79.02832031
625.5999756,-79.65393066,-71.23718262,-78.91845703,-79.03747559
625.7999878,-79.65393066,-71.23718262,-78.93676758,-79.03137207
626,-79.65698242,-71.25549316,-78.94897461,-79.05578613
626.2000122,-79.62646484,-71.25244141,-78.94897461,-79.03442383
626.4000244,-79.64172363,-71.25549316,-78.99169922,-79.02832031
626.5999756,-79.68139648,-71.2677002,-79.01306152,-79.02832031
626.7999878,-79.68139648,-71.26464844,-79.07714844,-79.06799316
627,-79.64782715,-71.25549316,-79.06494141,-79.08325195
627.2000122,-79.66918945,-71.27685547,-79.0222168,-79.04663086
627.4000244,-79.66918945,-71.29211426,-79.0222168,-79.09545898
627.5999756,-79.67529297,-71.26464844,-79.09545898,-79.08935547
627.7999878,-79.70275879,-71.27380371,-79.11987305,-79.16259766
628,-79.67224121,-71.31347656,-79.06799316,-79.16870117
628.2000122,-79.71191406,-71.30432129,-79.1015625,-79.17480469
628.4000244,-79.63562012,-71.30737305,-79.14428711,-79.06799316
628.5999756,-79.67834473,-71.29516602,-79.1809082,-79.13513184
628.7999878,-79.64477539,-71.32568359,-79.19921875,-79.13208008
629,-79.70581055,-71.33789063,-79.16870117,-79.1229248
629.2000122,-79.6875,-71.36535645,-79.16564941,-79.09240723
629.4000244,-79.63256836,-71.32263184,-79.16259766,-79.07714844
629.5999756,-79.6295166,-71.35620117,-79.17480469,-79.14733887
629.7999878,-79.65087891,-71.3470459,-79.19311523,-79.18701172
630,-79.63256836,-71.37756348,-79.22363281,-79.17785645
630.2000122,-79.66003418,-71.36535645,-79.20837402,-79.14428711
630.4000244,-79.66003418,-71.35314941,-79.23583984,-79.15039063
630.5999756,-79.67224121,-71.35925293,-79.21447754,-79.1595459
630.7999878,-79.66918945,-71.38366699,-79.19006348,-79.18395996
631,-79.63562012,-71.4050293,-79.18395996,-79.15344238
631.2000122,-79.6081543,-71.37145996,-79.19311523,-79.06799316
631.4000244,-79.66003418,-71.41113281,-79.19311523,-79.12597656
631.5999756,-79.64172363,-71.39587402,-79.20837402,-79.09545898
631.7999878,-79.62646484,-71.44165039,-79.28466797,-79.13208008
632,-79.58679199,-71.44775391,-79.17785645,-79.12902832
632.2000122,-79.59289551,-71.45996094,-79.23583984,-79.14123535
632.4000244,-79.59899902,-71.48132324,-79.2755127,-79.16564941
632.5999756,-79.62036133,-71.47521973,-79.22973633,-79.12902832
632.7999878,-79.57763672,-71.45080566,-79.19616699,-79.12597656
633,-79.58679199,-71.49047852,-79.23583984,-79.1015625
633.2000122,-79.58374023,-71.51184082,-79.18701172,-79.0802002
633.4000244,-79.54711914,-71.53015137,-79.22058105,-79.08325195
633.5999756,-79.58374023,-71.49963379,-79.16870117,-79.13208008
633.7999878,-79.57763672,-71.52099609,-79.23278809,-79.10766602
634,-79.5715332,-71.55761719,-79.24499512,-79.12597656
634.2000122,-79.56237793,-71.52709961,-79.13818359,-79.08935547
634.4000244,-79.58068848,-71.5637207,-79.13513184,-79.11682129
634.5999756,-79.52270508,-71.55456543,-79.17480469,-79.11071777
634.7999878,-79.54711914,-71.60644531,-79.22973633,-79.06799316
635,-79.51965332,-71.60644531,-79.18701172,-79.03747559
635.2000122,-79.57458496,-71.59729004,-79.18395996,-79.05273438
635.4000244,-79.52575684,-71.59729004,-79.12902832,-79.02832031
635.5999756,-79.55627441,-71.61865234,-79.15039063,-79.01611328
635.7999878,-79.53491211,-71.63085938,-79.15039063,-79.07409668
636,-79.53796387,-71.64611816,-79.09545898,-79.02832031
636.2000122,-79.53491211,-71.6583252,-79.10461426,-79.09851074
636.4000244,-79.56237793,-71.65527344,-79.12597656,-79.12597656
636.5999756,-79.53491211,-71.65222168,-79.1015625,-79.11071777
636.7999878,-79.57458496,-71.66137695,-79.11376953,-79.11071777
637,-79.58374023,-71.68273926,-79.13513184,-79.05883789
637.2000122,-79.56237793,-71.68579102,-79.06188965,-79.0435791
637.4000244,-79.5501709,-71.72546387,-79.04663086,-79.06494141
637.5999756,-79.50744629,-71.73461914,-79.13208008,-79.03747559
637.7999878,-79.50134277,-71.7376709,-79.11376953,-78.99475098
638,-79.46166992,-71.75598145,-79.11987305,-79.04052734
638.2000122,-79.53796387,-71.73461914,-79.09240723,-79.06799316
638.4000244,-79.51049805,-71.77124023,-79.06494141,-79.10461426
638.5999756,-79.48608398,-71.77734375,-79.08630371,-79.09545898
638.7999878,-79.53491211,-71.80786133,-79.13818359,-79.1015625
639,-79.51660156,-71.82006836,-79.16564941,-79.09545898
639.2000122,-79.50134277,-71.81091309,-79.08630371,-79.08630371
639.4000244,-79.48913574,-71.83227539,-79.11987305,-79.04968262
639.5999756,-79.48608398,-71.82006836,-79.11376953,-79.09545898
639.7999878,-79.48913574,-71.83837891,-79.14733887,-79.10461426
640,-79.51049805,-71.84143066,-79.15344238,-79.06799316
640.2000122,-79.53491211,-71.88720703,-79.15649414,-79.09851074
640.4000244,-79.52270508,-71.875,-79.11987305,-79.07409668
640.5999756,-79.47387695,-71.875,-79.14428711,-79.1229248
640.7999878,-79.50134277,-71.89331055,-79.20227051,-79.08935547
641,-79.51965332,-71.91162109,-79.16870117,-79.07714844
641.2000122,-79.51965332,-71.90856934,-79.15344238,-79.13208008
641.4000244,-79.53796387,-71.92993164,-79.17480469,-79.09240723
641.5999756,-79.52575684,-71.92077637,-79.13513184,-79.10461426
641.7999878,-79.48608398,-71.94519043,-79.11987305,-79.15649414
642,-79.48608398,-71.93603516,-79.11682129,-79.13818359
642.2000122,-79.47998047,-71.92382813,-79.21142578,-79.15344238
642.4000244,-79.47998047,-71.92687988,-79.23278809,-79.1595459
642.5999756,-79.45556641,-71.94519043,-79.23278809,-79.13818359
642.7999878,-79.4921875,-71.92993164,-79.20227051,-79.13208008
643,-79.47998047,-71.9543457,-79.2388916,-79.14733887
643.2000122,-79.40673828,-71.99707031,-79.25720215,-79.1809082
643.4000244,-79.42810059,-71.97875977,-79.26940918,-79.15649414
643.5999756,-79.4128418,-71.96044922,-79.26940918,-79.17480469
643.7999878,-79.40063477,-71.97875977,-79.28466797,-79.21447754
644,-79.41589355,-72.00317383,-79.30603027,-79.19921875
644.2000122,-79.37316895,-71.9909668,-79.29382324,-79.24194336
644.4000244,-79.36096191,-72.01538086,-79.32434082,-79.1809082
644.5999756,-79.36706543,-72.01538086,-79.34265137,-79.26330566
644.7999878,-79.36096191,-72.03674316,-79.35180664,-79.23278809
645,-79.33654785,-72.05505371,-79.4128418,-79.31213379
645.2000122,-79.31518555,-72.06726074,-79.39758301,-79.28771973
645.4000244,-79.31518555,-72.0916748,-79.42810059,-79.2755127
645.5999756,-79.33654785,-72.08557129,-79.35791016,-79.25415039
645.7999878,-79.32739258,-72.10388184,-79.39147949,-79.22973633
646,-79.32739258,-72.14050293,-79.45251465,-79.22973633
646.2000122,-79.19311523,-72.12524414,-79.45251465,-79.21447754
646.4000244,-79.22668457,-72.1282959,-79.47998047,-79.20227051
646.5999756,-79.20227051,-72.14660645,-79.48303223,-79.23278809
646.7999878,-79.19921875,-72.12524414,-79.4921875,-79.30297852
647,-79.14123535,-72.11914063,-79.53186035,-79.2755127
647.2000122,-79.20837402,-72.14660645,-79.56848145,-79.2755127
647.4000244,-79.15344238,-72.13439941,-79.58068848,-79.29077148
647.5999756,-79.13208008,-72.15270996,-79.53491211,-79.31518555
647.7999878,-79.15039063,-72.14355469,-79.57763672,-79.30908203
648,-79.14428711,-72.17102051,-79.58068848,-79.33959961
648.2000122,-79.11376953,-72.19238281,-79.63256836,-79.37927246
648.4000244,-79.08325195,-72.17407227,-79.63562012,-79.3182373
648.5999756,-79.1229248,-72.15881348,-79.6295166,-79.34265137
648.7999878,-79.11376953,-72.18322754,-79.65393066,-79.38232422
649,-79.0435791,-72.1862793,-79.66918945,-79.39758301
649.2000122,-79.08630371,-72.22595215,-79.69970703,-79.40368652
649.4000244,-79.09545898,-72.25036621,-79.76989746,-79.34570313
649.5999756,-79.11071777,-72.265625,-79.73327637,-79.3182373
649.7999878,-79.09851074,-72.265625,-79.71191406,-79.296875
650,-79.07714844,-72.29614258,-79.70275879,-79.37011719
650.2000122,-79.07409668,-72.27172852,-79.69665527,-79.39147949
650.4000244,-79.03137207,-72.29309082,-79.70581055,-79.34570313
650.5999756,-79.00695801,-72.30224609,-79.70581055,-79.3762207
650.7999878,-79.01306152,-72.29003906,-79.70275879,-79.3762207
651,-79.04663086,-72.30834961,-79.73022461,-79.3762207
651.2000122,-79.00695801,-72.29919434,-79.74243164,-79.38232422
651.4000244,-79.01916504,-72.33581543,-79.7088623,-79.37316895
651.5999756,-78.98864746,-72.33581543,-79.66003418,-79.2755127
651.7999878,-78.9855957,-72.32666016,-79.69970703,-79.3762207
652,-79.02526855,-72.36022949,-79.7668457,-79.40673828
652.2000122,-79.01306152,-72.35717773,-79.67834473,-79.36401367
652.4000244,-78.98254395,-72.36328125,-79.62341309,-79.41589355
652.5999756,-79.00085449,-72.38769531,-79.68139648,-79.36096191
652.7999878,-78.99780273,-72.36633301,-79.7088623,-79.3762207
653,-78.97338867,-72.39990234,-79.69055176,-79.32739258
653.2000122,-79.01916504,-72.42431641,-79.67529297,-79.35180664
653.4000244,-78.97033691,-72.41821289,-79.69360352,-79.34570313
653.5999756,-78.99169922,-72.40905762,-79.69360352,-79.36096191
653.7999878,-79.01306152,-72.44873047,-79.68444824,-79.35791016
654,-79.02832031,-72.45788574,-79.66308594,-79.41894531
654.2000122,-78.96118164,-72.47924805,-79.69055176,-79.35791016
654.4000244,-78.98254395,-72.50366211,-79.6875,-79.3548584
654.5999756,-78.93981934,-72.48535156,-79.67834473,-79.32434082
654.7999878,-78.99780273,-72.50976563,-79.61425781,-79.26635742
655,-78.9855957,-72.50366211,-79.65393066,-79.28771973
655.2000122,-79.02526855,-72.52197266,-79.70581055,-79.28161621
655.4000244,-79.00695801,-72.54943848,-79.63867188,-79.37011719
655.5999756,-79.04968262,-72.5402832,-79.6661377,-79.33654785
655.7999878,-79.06188965,-72.55249023,-79.65087891,-79.33654785
656,-79.09545898,-72.5769043,-79.65393066,-79.3548584
656.2000122,-79.07409668,-72.56164551,-79.6661377,-79.34875488
656.4000244,-79.02832031,-72.56164551,-79.65087891,-79.29992676
656.5999756,-79.07714844,-72.58300781,-79.65087891,-79.28161621
656.7999878,-79.08935547,-72.5769043,-79.59594727,-79.28161621
657,-79.05578613,-72.58605957,-79.59899902,-79.28771973
657.2000122,-79.05273438,-72.62268066,-79.58068848,-79.30908203
657.4000244,-79.05578613,-72.61047363,-79.64782715,-79.31213379
657.5999756,-79.03137207,-72.62268066,-79.62646484,-79.33044434
657.7999878,-79.04663086,-72.60131836,-79.63867188,-79.25720215
658,-79.0802002,-72.64404297,-79.57763672,-79.25720215
658.2000122,-79.06494141,-72.63183594,-79.59289551,-79.30297852
658.4000244,-79.08325195,-72.60742188,-79.59899902,-79.33044434
658.5999756,-79.07714844,-72.65319824,-79.65698242,-79.26330566
658.7999878,-79.06799316,-72.67150879,-79.62341309,-79.31518555
659,-79.08630371,-72.6776123,-79.60205078,-79.3182373
659.2000122,-79.08325195,-72.67150879,-79.64477539,-79.27856445
659.4000244,-79.07714844,-72.67456055,-79.65087891,-79.27856445
659.5999756,-79.08935547,-72.69592285,-79.64477539,-79.30908203
659.7999878,-79.07409668,-72.72949219,-79.6295166,-79.29382324
660,-79.10461426,-72.72338867,-79.63256836,-79.27246094
660.2000122,-79.10461426,-72.69592285,-79.62341309,-79.28771973
660.4000244,-79.08630371,-72.73254395,-79.59594727,-79.29382324
660.5999756,-79.11987305,-72.74169922,-79.61730957,-79.38842773
660.7999878,-79.14123535,-72.73254395,-79.6081543,-79.33044434
661,-79.14428711,-72.73864746,-79.64477539,-79.28161621
661.2000122,-79.11682129,-72.73254395,-79.65393066,-79.39758301
661.4000244,-79.1229248,-72.74169922,-79.68444824,-79.31518555
661.5999756,-79.12597656,-72.76916504,-79.66918945,-79.32739258
661.7999878,-79.13208008,-72.75085449,-79.67224121,-79.34265137
662,-79.12902832,-72.7722168,-79.72717285,-79.30297852
662.2000122,-79.1229248,-72.75085449,-79.74243164,-79.36401367
662.4000244,-79.11071777,-72.76306152,-79.67529297,-79.34265137
662.5999756,-79.1229248,-72.76306152,-79.66918945,-79.40368652
662.7999878,-79.1015625,-72.7935791,-79.70581055,-79.40979004
663,-79.10766602,-72.79052734,-79.71191406,-79.42199707
663.2000122,-79.11376953,-72.78747559,-79.62341309,-79.35791016
663.4000244,-79.11682129,-72.78747559,-79.74243164,-79.44946289
663.5999756,-79.11071777,-72.7722168,-79.76074219,-79.40063477
663.7999878,-79.06494141,-72.80883789,-79.8034668,-79.33654785
664,-79.08935547,-72.7935791,-79.77905273,-79.37011719
664.2000122,-79.13513184,-72.77526855,-79.76074219,-79.38842773
664.4000244,-79.14733887,-72.79052734,-79.80957031,-79.39453125
664.5999756,-79.11987305,-72.79968262,-79.8034668,-79.42199707
664.7999878,-79.13818359,-72.80273438,-79.81872559,-79.47998047
665,-79.15649414,-72.78747559,-79.81262207,-79.49523926
665.2000122,-79.11987305,-72.79052734,-79.85229492,-79.4342041
665.4000244,-79.14733887,-72.79663086,-79.91638184,-79.46166992
665.5999756,-79.12597656,-72.78137207,-79.93774414,-79.46166992
665.7999878,-79.16564941,-72.7722168,-79.91943359,-79.50134277
666,-79.15344238,-72.80578613,-79.98962402,-79.51049805
666.2000122,-79.10766602,-72.83630371,-80.02929688,-79.51049805
666.4000244,-79.13818359,-72.81799316,-80.02929688,-79.52270508
666.5999756,-79.15344238,-72.81188965,-80.03540039,-79.5135498
666.7999878,-79.14733887,-72.79968262,-80.04455566,-79.52575684
667,-79.15039063,-72.81188965,-80.05981445,-79.51660156
667.2000122,-79.15344238,-72.79968262,-80.06591797,-79.48303223
667.4000244,-79.15344238,-72.80883789,-80.10864258,-79.53491211
667.5999756,-79.13818359,-72.80273438,-80.13916016,-79.56542969
667.7999878,-79.14733887,-72.82714844,-80.07507324,-79.5715332
668,-79.15649414,-72.82409668,-80.07507324,-79.54711914
668.2000122,-79.17785645,-72.81799316,-80.09033203,-79.58068848
668.4000244,-79.16870117,-72.80883789,-80.11779785,-79.58984375
668.5999756,-79.22363281,-72.83630371,-80.14526367,-79.53491211
668.7999878,-79.16870117,-72.82104492,-80.14831543,-79.54101563
669,-79.11987305,-72.84545898,-80.15441895,-79.52270508
669.2000122,-79.18395996,-72.83935547,-80.14221191,-79.52575684
669.4000244,-79.18395996,-72.83935547,-80.09643555,-79.51965332
669.5999756,-79.21447754,-72.82104492,-80.12695313,-79.53186035
669.7999878,-79.21447754,-72.82714844,-80.11779785,-79.51965332
670,-79.16259766,-72.85461426,-80.16052246,-79.52575684
670.2000122,-79.21447754,-72.86376953,-80.27648926,-79.53796387
670.4000244,-79.22668457,-72.84545898,-80.21850586,-79.51965332
670.5999756,-79.20227051,-72.85461426,-80.13000488,-79.52270508
670.7999878,-79.17785645,-72.86376953,-80.19714355,-79.50134277
671,-79.19006348,-72.88208008,-80.1940918,-79.52270508
671.2000122,-79.19921875,-72.86071777,-80.20324707,-79.48303223
671.4000244,-79.18701172,-72.86987305,-80.23986816,-79.49523926
671.5999756,-79.15649414,-72.84851074,-80.1940918,-79.54711914
671.7999878,-79.19616699,-72.8729248,-80.12695313,-79.53186035
672,-79.16564941,-72.8729248,-80.14831543,-79.52270508
672.2000122,-79.19921875,-72.87597656,-80.17578125,-79.48608398
672.4000244,-79.25109863,-72.90039063,-80.20324707,-79.46166992
672.5999756,-79.26940918,-72.86682129,-80.18798828,-79.46777344
672.7999878,-79.25415039,-72.8729248,-80.10864258,-79.49829102
673,-79.29992676,-72.87902832,-80.13305664,-79.44641113
673.2000122,-79.28161621,-72.91564941,-80.0994873,-79.41894531
673.4000244,-79.29992676,-72.88208008,-80.0994873,-79.46166992
673.5999756,-79.2755127,-72.90344238,-80.13000488,-79.47692871
673.7999878,-79.29382324,-72.87902832,-80.13000488,-79.48608398
674,-79.25415039,-72.88513184,-80.14831543,-79.47387695
674.2000122,-79.26940918,-72.90649414,-80.11779785,-79.45556641
674.4000244,-79.29077148,-72.90344238,-80.0994873,-79.4708252
674.5999756,-79.30297852,-72.89428711,-80.05981445,-79.4921875
674.7999878,-79.2755127,-72.92480469,-80.00488281,-79.51965332
675,-79.296875,-72.93395996,-80.09338379,-79.50439453
675.2000122,-79.28161621,-72.90649414,-80.01403809,-79.42810059
675.4000244,-79.24194336,-72.92785645,-80.03234863,-79.4342041
675.5999756,-79.25109863,-72.92785645,-80.03845215,-79.48303223
675.7999878,-79.27246094,-72.92785645,-80.03234863,-79.48913574
676,-79.30297852,-72.92785645,-79.97131348,-79.44641113
676.2000122,-79.296875,-72.92785645,-79.97436523,-79.41894531
676.4000244,-79.31518555,-72.94311523,-79.98962402,-79.44946289
676.5999756,-79.32128906,-72.9309082,-79.94689941,-79.46166992
676.7999878,-79.33044434,-72.96447754,-79.95605469,-79.46472168
677,-79.33349609,-72.95227051,-79.93164063,-79.44030762
677.2000122,-79.31518555,-72.97363281,-79.88586426,-79.4921875
677.4000244,-79.29382324,-72.97973633,-79.84619141,-79.44946289
677.5999756,-79.30297852,-72.98583984,-79.88891602,-79.40368652
677.7999878,-79.29992676,-73.00109863,-79.92858887,-79.37927246
678,-79.28466797,-72.98583984,-79.86450195,-79.44946289
678.2000122,-79.31518555,-73.00720215,-79.83398438,-79.46472168
678.4000244,-79.29077148,-72.99499512,-79.8614502,-79.43725586
678.5999756,-79.26940918,-72.97973633,-79.80957031,-79.4342041
678.7999878,-79.26940918,-73.00720215,-79.87365723,-79.44030762
679,-79.31518555,-73.01025391,-79.87060547,-79.40673828
679.2000122,-79.25415039,-73.00415039,-79.83703613,-79.45556641
679.4000244,-79.2175293,-73.0255127,-79.82177734,-79.46166992
679.5999756,-79.23583984,-73.046875,-79.80957031,-79.42810059
679.7999878,-79.25720215,-73.03771973,-79.78820801,-79.40368652
680,-79.27856445,-73.02856445,-79.80041504,-79.39453125
680.2000122,-79.24499512,-73.03771973,-79.74853516,-79.4921875
680.4000244,-79.24804688,-73.06518555,-79.72717285,-79.42199707
680.5999756,-79.29077148,-73.05297852,-79.76379395,-79.4128418
680.7999878,-79.29077148,-73.06213379,-79.76379395,-79.46166992
681,-79.296875,-73.046875,-79.75463867,-79.48913574
681.2000122,-79.30603027,-73.04992676,-79.77294922,-79.52575684
681.4000244,-79.30908203,-73.04077148,-79.76074219,-79.4708252
681.5999756,-79.28771973,-73.02856445,-79.80651855,-79.42810059
681.7999878,-79.32434082,-73.04992676,-79.72412109,-79.4342041
682,-79.29077148,-73.04992676,-79.73022461,-79.40063477
682.2000122,-79.29992676,-73.08349609,-79.77600098,-79.44641113
682.4000244,-79.31213379,-73.06213379,-79.76379395,-79.43725586
682.5999756,-79.35180664,-73.05603027,-79.77600098,-79.44946289
682.7999878,-79.36096191,-73.06213379,-79.77905273,-79.51660156
683,-79.39453125,-73.07128906,-79.75463867,-79.5135498
683.2000122,-79.36401367,-73.07434082,-79.71496582,-79.47387695
683.4000244,-79.34875488,-73.046875,-79.80651855,-79.43115234
683.5999756,-79.36096191,-73.0682373,-79.78515625,-79.48913574
683.7999878,-79.35791016,-73.05908203,-79.81567383,-79.51660156
684,-79.37316895,-73.0682373,-79.8248291,-79.58679199
684.2000122,-79.40673828,-73.06518555,-79.80651855,-79.58068848
684.4000244,-79.39147949,-73.05297852,-79.76379395,-79.53186035
684.5999756,-79.39147949,-73.06213379,-79.77905273,-79.5501709
684.7999878,-79.38842773,-73.05908203,-79.79125977,-79.58068848
685,-79.37011719,-73.08349609,-79.76074219,-79.57763672
685.2000122,-79.40063477,-73.046875,-79.77905273,-79.58374023
685.4000244,-79.38842773,-73.05297852,-79.80651855,-79.59594727
685.5999756,-79.40979004,-73.05908203,-79.78820801,-79.55627441
685.7999878,-79.41589355,-73.04992676,-79.81262207,-79.55627441
686,-79.42199707,-73.046875,-79.76074219,-79.55322266
686.2000122,-79.42504883,-73.04992676,-79.79736328,-79.5715332
686.4000244,-79.4128418,-73.046875,-79.80957031,-79.60205078
686.5999756,-79.40063477,-73.07434082,-79.81872559,-79.61730957
686.7999878,-79.38537598,-73.05908203,-79.86450195,-79.59594727
687,-79.34570313,-73.0682373,-79.94995117,-79.54101563
687.2000122,-79.39453125,-73.06213379,-79.84619141,-79.51660156
687.4000244,-79.33654785,-73.07128906,-79.89501953,-79.5715332
687.5999756,-79.36706543,-73.1048584,-79.9621582,-79.55932617
687.7999878,-79.31518555,-73.07128906,-79.95605469,-79.63256836
688,-79.34265137,-73.07128906,-79.99267578,-79.65698242
688.2000122,-79.34570313,-73.08654785,-79.93469238,-79.60510254
688.4000244,-79.35180664,-73.07434082,-79.95300293,-79.62036133
688.5999756,-79.37011719,-73.11706543,-79.94995117,-79.65087891
688.7999878,-79.36706543,-73.07739258,-79.95605469,-79.63867188
689,-79.33959961,-73.08959961,-79.98657227,-79.65087891
689.2000122,-79.37316895,-73.07128906,-79.91333008,-79.69055176
689.4000244,-79.38232422,-73.07128906,-79.90112305,-79.67224121
689.5999756,-79.36401367,-73.0682373,-79.94995117,-79.66308594
689.7999878,-79.37316895,-73.10180664,-79.94689941,-79.63562012
690,-79.36706543,-73.08654785,-79.9621582,-79.67834473
690.2000122,-79.34570313,-73.08349609,-80.00488281,-79.61730957
690.4000244,-79.33044434,-73.1048584,-80.04455566,-79.6295166
690.5999756,-79.37011719,-73.10180664,-80.0201416,-79.62341309
690.7999878,-79.40979004,-73.09875488,-80.04150391,-79.59289551
691,-79.37927246,-73.09570313,-80.04760742,-79.64477539
691.2000122,-79.38842773,-73.08044434,-80.03234863,-79.63562012
691.4000244,-79.39147949,-73.11096191,-80.02929688,-79.60205078
691.5999756,-79.39758301,-73.07739258,-80.05371094,-79.60205078
691.7999878,-79.40979004,-73.07128906,-80.04760742,-79.62341309
692,-79.39453125,-73.11096191,-80.01403809,-79.60510254
692.2000122,-79.35791016,-73.12316895,-80.06286621,-79.59289551
692.4000244,-79.40368652,-73.13842773,-80.06896973,-79.59594727
692.5999756,-79.42199707,-73.1262207,-80.01403809,-79.55932617
692.7999878,-79.43725586,-73.12927246,-79.94995117,-79.54711914
693,-79.4921875,-73.12927246,-79.9407959,-79.5715332
693.2000122,-79.47387695,-73.12011719,-79.91638184,-79.57763672
693.4000244,-79.48303223,-73.12011719,-79.91943359,-79.56237793
693.5999756,-79.49829102,-73.11706543,-79.93469238,-79.64172363
693.7999878,-79.51049805,-73.13537598,-79.96520996,-79.57458496
694,-79.48303223,-73.12011719,-79.9621582,-79.56237793
694.2000122,-79.52270508,-73.13842773,-79.9407959,-79.55932617
694.4000244,-79.50439453,-73.16894531,-79.91638184,-79.59594727
694.5999756,-79.53186035,-73.17504883,-79.81262207,-79.58068848
694.7999878,-79.56848145,-73.15979004,-79.86755371,-79.61425781
695,-79.51965332,-73.17810059,-79.91638184,-79.6295166
695.2000122,-79.52270508,-73.15368652,-79.87365723,-79.51049805
695.4000244,-79.53796387,-73.1628418,-79.80041504,-79.57458496
695.5999756,-79.58068848,-73.15979004,-79.76989746,-79.58374023
695.7999878,-79.54101563,-73.17504883,-79.76989746,-79.57763672
696,-79.50744629,-73.16589355,-79.81567383,-79.53796387
696.2000122,-79.49523926,-73.17504883,-79.78210449,-79.5715332
696.4000244,-79.4921875,-73.19335938,-79.75463867,-79.55932617
696.5999756,-79.48913574,-73.17810059,-79.76379395,-79.53186035
696.7999878,-79.51660156,-73.2208252,-79.72412109,-79.4921875
697,-79.52270508,-73.1842041,-79.7454834,-79.55627441
697.2000122,-79.51965332,-73.20251465,-79.72717285,-79.5715332
697.4000244,-79.51660156,-73.17810059,-79.70275879,-79.54101563
697.5999756,-79.50134277,-73.18115234,-79.70275879,-79.50744629
697.7999878,-79.5135498,-73.19946289,-79.69970703,-79.47692871
698,-79.50744629,-73.18725586,-79.68139648,-79.5501709
698.2000122,-79.52880859,-73.19946289,-79.67834473,-79.54406738
698.4000244,-79.49523926,-73.19335938,-79.67834473,-79.52575684
698.5999756,-79.47692871,-73.20251465,-79.63256836,-79.47387695
698.7999878,-79.48608398,-73.22998047,-79.62646484,-79.55322266
699,-79.49829102,-73.19335938,-79.65698242,-79.54101563
699.2000122,-79.49829102,-73.20861816,-79.6295166,-79.51049805
699.4000244,-79.51965332,-73.20251465,-79.6295166,-79.48913574
699.5999756,-79.51049805,-73.21472168,-79.59594727,-79.52880859
699.7999878,-79.56237793,-73.20861816,-79.56542969,-79.52880859
700,-79.54711914,-73.22692871,-79.56542969,-79.55627441
700.2000122,-79.52880859,-73.19946289,-79.6081543,-79.5135498
700.4000244,-79.51660156,-73.1842041,-79.6081543,-79.54406738
700.5999756,-79.4921875,-73.21472168,-79.61425781,-79.62646484
700.7999878,-79.48913574,-73.22998047,-79.59289551,-79.52880859
701,-79.4921875,-73.23303223,-79.55627441,-79.52270508
701.2000122,-79.4921875,-73.24829102,-79.53796387,-79.58984375
701.4000244,-79.51965332,-73.23303223,-79.56237793,-79.51049805
701.5999756,-79.46472168,-73.24523926,-79.61730957,-79.5715332
701.7999878,-79.50134277,-73.25134277,-79.64172363,-79.56237793
702,-79.53491211,-73.23303223,-79.66308594,-79.5135498
702.2000122,-79.50744629,-73.23913574,-79.65393066,-79.57763672
702.4000244,-79.47692871,-73.24829102,-79.61120605,-79.59594727
702.5999756,-79.48913574,-73.23913574,-79.66003418,-79.59594727
702.7999878,-79.51965332,-73.22998047,-79.64477539,-79.53796387
703,-79.4921875,-73.27270508,-79.63867188,-79.59594727
703.2000122,-79.45861816,-73.22692871,-79.65087891,-79.58984375
703.4000244,-79.50744629,-73.2421875,-79.67224121,-79.6295166
703.5999756,-79.49829102,-73.21472168,-79.67834473,-79.67224121
703.7999878,-79.49523926,-73.26049805,-79.71801758,-79.62341309
704,-79.48303223,-73.23608398,-79.69970703,-79.58679199
704.2000122,-79.4921875,-73.24829102,-79.71496582,-79.58984375
704.4000244,-79.50744629,-73.25744629,-79.6875,-79.63867188
704.5999756,-79.4921875,-73.25744629,-79.76074219,-79.65393066
704.7999878,-79.44030762,-73.25134277,-79.76074219,-79.64782715
705,-79.44641113,-73.25744629,-79.73937988,-79.65087891
705.2000122,-79.40368652,-73.26660156,-79.74853516,-79.61120605
705.4000244,-79.40979004,-73.30322266,-79.82177734,-79.66308594
705.5999756,-79.38232422,-73.28491211,-79.83398438,-79.62341309
705.7999878,-79.38537598,-73.26965332,-79.79736328,-79.62646484
706,-79.36706543,-73.29406738,-79.75158691,-79.60510254
706.2000122,-79.35791016,-73.27270508,-79.84008789,-79.59899902
706.4000244,-79.34265137,-73.25744629,-79.8248291,-79.60205078
706.5999756,-79.33349609,-73.2635498,-79.80957031,-79.62646484
706.7999878,-79.32434082,-73.2421875,-79.87060547,-79.61730957
707,-79.28771973,-73.24523926,-79.81262207,-79.64477539
707.2000122,-79.26635742,-73.27575684,-79.78210449,-79.67224121
707.4000244,-79.22668457,-73.27575684,-79.87670898,-79.6661377
707.5999756,-79.19921875,-73.27575684,-79.79125977,-79.70581055
707.7999878,-79.16259766,-73.29406738,-79.78515625,-79.71496582
708,-79.14428711,-73.32458496,-79.87976074,-79.7668457
708.2000122,-79.07104492,-73.30322266,-79.8614502,-79.73022461
708.4000244,-79.01000977,-73.29406738,-79.84008789,-79.68139648
708.5999756,-78.97338867,-73.29101563,-79.85229492,-79.65393066
708.7999878,-78.97033691,-73.31848145,-79.81567383,-79.65087891
709,-78.99475098,-73.31237793,-79.8248291,-79.77294922
709.2000122,-78.97033691,-73.3215332,-79.84313965,-79.69055176
709.4000244,-78.97949219,-73.32763672,-79.89807129,-79.74243164
709.5999756,-78.92456055,-73.33068848,-79.9041748,-79.73327637
709.7999878,-78.93981934,-73.28491211,-79.81872559,-79.73632813
710,-78.96728516,-73.33374023,-79.80651855,-79.75158691
710.2000122,-78.92456055,-73.32458496,-79.78210449,-79.71801758
710.4000244,-78.91235352,-73.33984375,-79.8828125,-79.78515625
710.5999756,-78.88793945,-73.36120605,-79.88586426,-79.71191406
710.7999878,-78.90014648,-73.31848145,-79.87670898,-79.68444824
711,-78.94592285,-73.34899902,-79.84313965,-79.68139648
711.2000122,-78.92150879,-73.34899902,-79.82177734,-79.69055176
711.4000244,-78.96728516,-73.35510254,-79.84924316,-79.78210449
711.5999756,-78.9276123,-73.34899902,-79.83398438,-79.77294922
711.7999878,-78.92456055,-73.35205078,-79.84008789,-79.7668457
712,-78.94592285,-73.37036133,-79.71496582,-79.70581055
712.2000122,-78.89099121,-73.35205078,-79.76379395,-79.72717285
712.4000244,-78.90625,-73.35205078,-79.79736328,-79.63256836
712.5999756,-78.89099121,-73.37036133,-79.80957031,-79.69055176
712.7999878,-78.86352539,-73.39172363,-79.81872559,-79.6661377
713,-78.83911133,-73.39477539,-79.84924316,-79.69360352
713.2000122,-78.9276123,-73.39477539,-79.80651855,-79.63867188
713.4000244,-78.90014648,-73.41918945,-79.77600098,-79.64477539
713.5999756,-78.95812988,-73.41918945,-79.7668457,-79.65393066
713.7999878,-78.90319824,-73.42529297,-79.81567383,-79.67529297
714,-78.9276123,-73.41308594,-79.80957031,-79.66918945
714.2000122,-78.91540527,-73.43444824,-79.8034668,-79.65698242
714.4000244,-78.90625,-73.44360352,-79.7668457,-79.62341309
714.5999756,-78.89404297,-73.44970703,-79.76989746,-79.65393066
714.7999878,-78.89099121,-73.46191406,-79.7668457,-79.67529297
715,-78.92150879,-73.4588623,-79.78210449,-79.61425781
715.2000122,-78.9642334,-73.45581055,-79.77600098,-79.56237793
715.4000244,-78.94897461,-73.43444824,-79.77905273,-79.62646484
715.5999756,-78.93676758,-73.47412109,-79.72412109,-79.65698242
715.7999878,-78.95812988,-73.46801758,-79.71496582,-79.64477539
716,-78.95202637,-73.48327637,-79.7088623,-79.59289551
716.2000122,-78.9642334,-73.46801758,-79.6661377,-79.57763672
716.4000244,-78.95812988,-73.51074219,-79.71191406,-79.63256836
716.5999756,-79.01000977,-73.52294922,-79.71191406,-79.59289551
716.7999878,-79.02526855,-73.50158691,-79.70275879,-79.63256836
717,-79.01611328,-73.50769043,-79.68139648,-79.67224121
717.2000122,-79.01916504,-73.53210449,-79.68444824,-79.62341309
717.4000244,-79.06799316,-73.52600098,-79.64477539,-79.60205078
717.5999756,-79.03747559,-73.51379395,-79.63867188,-79.62646484
717.7999878,-79.03442383,-73.50463867,-79.69665527,-79.60510254
718,-79.00390625,-73.5168457,-79.68139648,-79.61425781
718.2000122,-79.0435791,-73.52600098,-79.63562012,-79.65698242
718.4000244,-79.07714844,-73.52905273,-79.64782715,-79.67529297
718.5999756,-79.02832031,-73.53515625,-79.69970703,-79.66918945
718.7999878,-79.05883789,-73.53820801,-79.7454834,-79.62036133
719,-79.09851074,-73.54736328,-79.7088623,-79.58984375
719.2000122,-79.10461426,-73.5534668,-79.68139648,-79.59289551
719.4000244,-79.10766602,-73.56262207,-79.63256836,-79.59289551
719.5999756,-79.15649414,-73.58093262,-79.65393066,-79.58679199
719.7999878,-79.13208008,-73.58398438,-79.71801758,-79.60205078
720,-79.11682129,-73.56567383,-79.73327637,-79.59594727
720.2000122,-79.11071777,-73.58703613,-79.7088623,-79.60205078
720.4000244,-79.15039063,-73.56567383,-79.76379395,-79.57458496
720.5999756,-79.11987305,-73.59313965,-79.69055176,-79.59899902
720.7999878,-79.17785645,-73.55651855,-79.70581055,-79.63256836
721,-79.16564941,-73.60229492,-79.72106934,-79.60510254
721.2000122,-79.19616699,-73.59008789,-79.7668457,-79.63867188
721.4000244,-79.15649414,-73.60839844,-79.78515625,-79.65087891
721.5999756,-79.15039063,-73.58093262,-79.80651855,-79.62341309
721.7999878,-79.17480469,-73.60229492,-79.76379395,-79.64782715
722,-79.18701172,-73.59313965,-79.73327637,-79.63562012
722.2000122,-79.15344238,-73.64196777,-79.80957031,-79.59899902
722.4000244,-79.15649414,-73.6114502,-79.87670898,-79.60510254
722.5999756,-79.20837402,-73.62976074,-79.81567383,-79.62341309
722.7999878,-79.20227051,-73.62670898,-79.84619141,-79.6295166
723,-79.2175293,-73.6541748,-79.80957031,-79.66918945
723.2000122,-79.16870117,-73.63891602,-79.80041504,-79.60510254
723.4000244,-79.18701172,-73.64196777,-79.9407959,-79.61120605
723.5999756,-79.17175293,-73.6541748,-79.98046875,-79.6661377
723.7999878,-79.20837402,-73.67858887,-79.92553711,-79.68139648
724,-79.16870117,-73.6541748,-80.02319336,-79.67834473
724.2000122,-79.1809082,-73.6541748,-79.97436523,-79.6875
724.4000244,-79.16259766,-73.65722656,-80.04455566,-79.68444824
724.5999756,-79.19311523,-73.65722656,-80.00488281,-79.69055176
724.7999878,-79.16259766,-73.67553711,-80.0201416,-79.69970703
725,-79.17480469,-73.67553711,-80.04455566,-79.70275879
725.2000122,-79.19006348,-73.69689941,-80.05981445,-79.67224121
725.4000244,-79.16564941,-73.71520996,-80.05371094,-79.72717285
725.5999756,-79.13208008,-73.69689941,-80.0567627,-79.68444824
725.7999878,-79.11071777,-73.73046875,-80.05981445,-79.70581055
726,-79.1809082,-73.73352051,-80.02624512,-79.73327637
726.2000122,-79.16564941,-73.71520996,-80.08422852,-79.78515625
726.4000244,-79.15649414,-73.71520996,-80.10253906,-79.73327637
726.5999756,-79.16564941,-73.73962402,-80.078125,-79.73632813
726.7999878,-79.11987305,-73.74267578,-80.10559082,-79.72106934
727,-79.12597656,-73.74267578,-80.08422852,-79.73632813
727.2000122,-79.12902832,-73.75488281,-80.09643555,-79.70581055
727.4000244,-79.06799316,-73.76403809,-80.09033203,-79.73937988
727.5999756,-79.16259766,-73.80065918,-80.10559082,-79.79736328
727.7999878,-79.15344238,-73.75488281,-80.14526367,-79.7454834
728,-79.15649414,-73.79455566,-80.17272949,-79.85534668
728.2000122,-79.23583984,-73.76098633,-80.16052246,-79.77905273
728.4000244,-79.17175293,-73.77319336,-80.17578125,-79.76074219
728.5999756,-79.1809082,-73.78234863,-80.16967773,-79.73022461
728.7999878,-79.1595459,-73.8067627,-80.18798828,-79.73632813
729,-79.15344238,-73.80371094,-80.1940918,-79.75158691
729.2000122,-79.14733887,-73.82202148,-80.13305664,-79.8034668
729.4000244,-79.15039063,-73.80981445,-80.15441895,-79.73632813
729.5999756,-79.1015625,-73.81896973,-80.24902344,-79.74853516
729.7999878,-79.14123535,-73.84033203,-80.23376465,-79.75769043
730,-79.10766602,-73.82202148,-80.22766113,-79.74853516
730.2000122,-79.08325195,-73.83117676,-80.24597168,-79.76379395
730.4000244,-79.08935547,-73.8494873,-80.20935059,-79.75158691
730.5999756,-79.1229248,-73.87390137,-80.22155762,-79.74243164
730.7999878,-79.05883789,-73.92272949,-80.22155762,-79.6661377
731,-79.03747559,-73.88000488,-80.2520752,-79.72106934
731.2000122,-79.07409668,-73.86779785,-80.21850586,-79.73327637
731.4000244,-79.0435791,-73.86779785,-80.24597168,-79.73022461
731.5999756,-79.08325195,-73.87084961,-80.22460938,-79.75463867
731.7999878,-79.09851074,-73.90136719,-80.2154541,-79.74853516
732,-79.08630371,-73.91052246,-80.18798828,-79.77905273
732.2000122,-79.05273438,-73.97460938,-80.20324707,-79.77600098
732.4000244,-79.08630371,-73.9440918,-80.22460938,-79.7454834
732.5999756,-79.13818359,-73.93798828,-80.21240234,-79.7668457
732.7999878,-79.10461426,-73.95019531,-80.1940918,-79.75769043
733,-79.0802002,-73.9654541,-80.20019531,-79.75158691
733.2000122,-79.08630371,-73.99291992,-80.18493652,-79.76379395
733.4000244,-79.11682129,-73.9654541,-80.16052246,-79.74853516
733.5999756,-79.08325195,-73.96850586,-80.18188477,-79.71496582
733.7999878,-79.14733887,-73.99291992,-80.12084961,-79.72717285
734,-79.12902832,-73.98986816,-80.0994873,-79.73937988
734.2000122,-79.13513184,-74.01733398,-80.11169434,-79.72106934
734.4000244,-79.1595459,-74.01733398,-80.10559082,-79.71496582
734.5999756,-79.17785645,-74.06005859,-80.13000488,-79.69970703
734.7999878,-79.14428711,-74.04785156,-80.10559082,-79.6875
735,-79.11071777,-74.05700684,-80.09338379,-79.69970703
735.2000122,-79.11376953,-74.06005859,-80.13305664,-79.65393066
735.4000244,-79.14733887,-74.07836914,-80.14526367,-79.69970703
735.5999756,-79.15039063,-74.08752441,-80.07507324,-79.71496582
735.7999878,-79.15039063,-74.08447266,-80.0567627,-79.69970703
736,-79.16259766,-74.08752441,-80.01708984,-79.68139648
736.2000122,-79.14428711,-74.10888672,-79.96826172,-79.63256836
736.4000244,-79.15344238,-74.11804199,-79.98352051,-79.68139648
736.5999756,-79.16564941,-74.13330078,-80.00488281,-79.72412109
736.7999878,-79.18395996,-74.14855957,-80.03234863,-79.73327637
737,-79.13818359,-74.11804199,-80.06286621,-79.73632813
737.2000122,-79.14123535,-74.10583496,-80.04150391,-79.74243164
737.4000244,-79.16564941,-74.17602539,-79.94689941,-79.69360352
737.5999756,-79.15039063,-74.17907715,-79.93774414,-79.63562012
737.7999878,-79.1595459,-74.19433594,-79.94384766,-79.65087891
738,-79.13513184,-74.19433594,-79.94689941,-79.70581055
738.2000122,-79.16259766,-74.18518066,-79.94995117,-79.72412109
738.4000244,-79.19006348,-74.23400879,-79.95300293,-79.69055176
738.5999756,-79.20227051,-74.22180176,-79.92858887,-79.66003418
738.7999878,-79.19921875,-74.23706055,-79.93469238,-79.69055176
739,-79.17785645,-74.25537109,-79.87670898,-79.6875
739.2000122,-79.17480469,-74.25537109,-79.87670898,-79.69665527
739.4000244,-79.20837402,-74.24926758,-79.87670898,-79.63256836
739.5999756,-79.20532227,-74.26757813,-79.88586426,-79.65393066
739.7999878,-79.18395996,-74.27978516,-79.87670898,-79.63562012
740,-79.22668457,-74.29199219,-79.91027832,-79.69665527
740.2000122,-79.25720215,-74.28283691,-79.90722656,-79.74853516
740.4000244,-79.22363281,-74.27368164,-79.89807129,-79.67224121
740.5999756,-79.22363281,-74.25537109,-79.84924316,-79.67224121
740.7999878,-79.24804688,-74.24926758,-79.90112305,-79.69055176
741,-79.22668457,-74.25842285,-79.91943359,-79.66003418
741.2000122,-79.22668457,-74.28588867,-79.92553711,-79.73022461
741.4000244,-79.26940918,-74.27368164,-79.91027832,-79.74853516
741.5999756,-79.22668457,-74.27978516,-79.92248535,-79.71191406
741.7999878,-79.25109863,-74.28283691,-79.93469238,-79.68444824
742,-79.27856445,-74.29199219,-79.90112305,-79.67529297
742.2000122,-79.29077148,-74.27368164,-79.92858887,-79.67529297
742.4000244,-79.2388916,-74.30114746,-79.89196777,-79.67834473
742.5999756,-79.22973633,-74.31030273,-79.91333008,-79.66918945
742.7999878,-79.22668457,-74.31945801,-79.94384766,-79.72717285
743,-79.26940918,-74.31945801,-79.91638184,-79.75769043
743.2000122,-79.26635742,-74.35913086,-79.92553711,-79.76989746
743.4000244,-79.22363281,-74.36218262,-79.8828125,-79.75158691
743.5999756,-79.26635742,-74.3560791,-79.93164063,-79.71801758
743.7999878,-79.23278809,-74.33776855,-79.87976074,-79.73937988
744,-79.24804688,-74.34387207,-79.90112305,-79.74243164
744.2000122,-79.22973633,-74.34387207,-79.85229492,-79.81872559
744.4000244,-79.22363281,-74.31945801,-79.90722656,-79.83398438
744.5999756,-79.19311523,-74.3560791,-79.89196777,-79.7668457
744.7999878,-79.23583984,-74.34997559,-79.9041748,-79.78210449
745,-79.27246094,-74.35913086,-79.95300293,-79.83703613
745.2000122,-79.25415039,-74.34082031,-79.97131348,-79.76989746
745.4000244,-79.24499512,-74.3347168,-79.98657227,-79.75158691
745.5999756,-79.26025391,-74.35302734,-79.99572754,-79.74853516
745.7999878,-79.2388916,-74.36523438,-79.98046875,-79.74853516
746,-79.20227051,-74.34692383,-80.01098633,-79.75769043
746.2000122,-79.19311523,-74.3347168,-80.0201416,-79.81872559
746.4000244,-79.19921875,-74.3347168,-79.9987793,-79.7668457
746.5999756,-79.16259766,-74.36828613,-79.9407959,-79.76074219
746.7999878,-79.16870117,-74.36218262,-79.9621582,-79.78820801
747,-79.13818359,-74.34692383,-80.01708984,-79.79125977
747.2000122,-79.11376953,-74.38049316,-80.05981445,-79.78820801
747.4000244,-79.13208008,-74.36828613,-80.01403809,-79.81872559
747.5999756,-79.15649414,-74.37133789,-80.04455566,-79.75158691
747.7999878,-79.12902832,-74.38964844,-80.05065918,-79.76989746
748,-79.15344238,-74.39880371,-80.05065918,-79.83093262
748.2000122,-79.12597656,-74.3927002,-80.04455566,-79.86450195
748.4000244,-79.12597656,-74.40795898,-80.01098633,-79.87060547
748.5999756,-79.16259766,-74.38354492,-80.01098633,-79.77600098
748.7999878,-79.14123535,-74.4354248,-80.02929688,-79.73937988
749,-79.11987305,-74.44763184,-80.0994873,-79.79736328
749.2000122,-79.08935547,-74.45068359,-80.05981445,-79.83093262
749.4000244,-79.10461426,-74.46289063,-80.06896973,-79.79125977
749.5999756,-79.08630371,-74.44458008,-79.99267578,-79.7668457
749.7999878,-79.11682129,-74.46594238,-79.96520996,-79.83398438
750,-79.11071777,-74.44458008,-79.97741699,-79.83703613
750.2000122,-79.08325195,-74.45068359,-80.00488281,-79.76989746
750.4000244,-79.06188965,-74.49035645,-79.97741699,-79.78820801
750.5999756,-79.04663086,-74.47814941,-79.98352051,-79.84313965
750.7999878,-79.04663086,-74.4934082,-80.05981445,-79.7668457
751,-79.06799316,-74.51171875,-80.01403809,-79.8248291
751.2000122,-79.03137207,-74.48730469,-79.97131348,-79.79125977
751.4000244,-78.99780273,-74.50561523,-79.95300293,-79.81262207
751.5999756,-79.0222168,-74.49035645,-79.89196777,-79.79125977
751.7999878,-79.07104492,-74.52392578,-79.90112305,-79.84313965
752,-79.05883789,-74.51171875,-79.95605469,-79.8248291
752.2000122,-79.09851074,-74.54833984,-79.92858887,-79.77294922
752.4000244,-79.11071777,-74.54528809,-79.93774414,-79.75158691
752.5999756,-79.05578613,-74.53918457,-79.89807129,-79.73632813
752.7999878,-79.04052734,-74.54833984,-79.85229492,-79.71801758
753,-79.04663086,-74.54833984,-79.89501953,-79.68444824
753.2000122,-79.06188965,-74.56665039,-79.91027832,-79.77905273
753.4000244,-79.07409668,-74.56665039,-79.89196777,-79.73937988
753.5999756,-79.06494141,-74.56665039,-79.89807129,-79.70275879
753.7999878,-79.12902832,-74.56665039,-79.93164063,-79.75463867
754,-79.1015625,-74.55749512,-79.85839844,-79.72106934
754.2000122,-79.08630371,-74.60632324,-79.84924316,-79.65087891
754.4000244,-79.07714844,-74.60327148,-79.83398438,-79.65087891
754.5999756,-79.04968262,-74.60327148,-79.80957031,-79.64782715
754.7999878,-79.07409668,-74.60632324,-79.80651855,-79.67834473
755,-79.05578613,-74.62768555,-79.7454834,-79.68139648
755.2000122,-79.05883789,-74.65820313,-79.7454834,-79.65087891
755.4000244,-79.10461426,-74.65820313,-79.76989746,-79.65087891
755.5999756,-79.07714844,-74.6673584,-79.67529297,-79.65087891
755.7999878,-79.08935547,-74.6673584,-79.73632813,-79.67529297
756,-79.06494141,-74.66125488,-79.72717285,-79.66918945
756.2000122,-79.10766602,-74.65515137,-79.70581055,-79.65087891
756.4000244,-79.09240723,-74.63989258,-79.72412109,-79.63867188
756.5999756,-79.08630371,-74.69177246,-79.75769043,-79.57458496
756.7999878,-79.12597656,-74.67041016,-79.68444824,-79.6295166
757,-79.08630371,-74.67346191,-79.71496582,-79.66308594
757.2000122,-79.13208008,-74.70703125,-79.69665527,-79.65087891
757.4000244,-79.09851074,-74.6887207,-79.72717285,-79.58068848
757.5999756,-79.08935547,-74.70397949,-79.61730957,-79.5501709
757.7999878,-79.11376953,-74.68566895,-79.58374023,-79.58374023
758,-79.11376953,-74.73144531,-79.61120605,-79.59289551
758.2000122,-79.09240723,-74.72229004,-79.63256836,-79.61425781
758.4000244,-79.09545898,-74.73754883,-79.63562012,-79.6661377
758.5999756,-79.15649414,-74.75280762,-79.59289551,-79.66003418
758.7999878,-79.15649414,-74.7467041,-79.55627441,-79.60510254
759,-79.16870117,-74.73449707,-79.53796387,-79.60205078
759.2000122,-79.1015625,-74.75280762,-79.64172363,-79.61425781
759.4000244,-79.10461426,-74.78027344,-79.65698242,-79.61730957
759.5999756,-79.15344238,-74.77416992,-79.58984375,-79.6081543
759.7999878,-79.13818359,-74.75891113,-79.56848145,-79.61120605
760,-79.14428711,-74.77111816,-79.58374023,-79.65698242
760.2000122,-79.16870117,-74.80163574,-79.57763672,-79.62646484
760.4000244,-79.08935547,-74.77416992,-79.5715332,-79.62036133
760.5999756,-79.09851074,-74.79553223,-79.55322266,-79.5715332
760.7999878,-79.10766602,-74.79248047,-79.47387695,-79.63867188
761,-79.14123535,-74.78027344,-79.54711914,-79.66003418
761.2000122,-79.10461426,-74.79553223,-79.49523926,-79.6295166
761.4000244,-79.11987305,-74.79553223,-79.59289551,-79.70581055
761.5999756,-79.12597656,-74.8046875,-79.58679199,-79.6661377
761.7999878,-79.06799316,-74.81994629,-79.5715332,-79.70275879
762,-79.09851074,-74.81079102,-79.54406738,-79.64782715
762.2000122,-79.08935547,-74.85046387,-79.57458496,-79.65698242
762.4000244,-79.07409668,-74.79858398,-79.60205078,-79.63562012
762.5999756,-79.11071777,-74.81994629,-79.61120605,-79.65087891
762.7999878,-79.07104492,-74.81994629,-79.62036133,-79.6875
763,-79.08935547,-74.8260498,-79.66308594,-79.67529297
763.2000122,-79.05578613,-74.81689453,-79.66918945,-79.67224121
763.4000244,-79.05273438,-74.8046875,-79.63562012,-79.6875
763.5999756,-79.06188965,-74.82910156,-79.63256836,-79.69360352
763.7999878,-79.00390625,-74.82910156,-79.58374023,-79.68444824
764,-78.9642334,-74.81689453,-79.59899902,-79.69970703
764.2000122,-78.98254395,-74.84130859,-79.64172363,-79.6661377
764.4000244,-78.97338867,-74.83215332,-79.64172363,-79.71191406
764.5999756,-78.95202637,-74.84741211,-79.65698242,-79.73937988
764.7999878,-78.9276123,-74.8260498,-79.64782715,-79.74243164
765,-78.92456055,-74.79248047,-79.66308594,-79.72412109
765.2000122,-78.89709473,-74.80773926,-79.72717285,-79.68444824
765.4000244,-78.84216309,-74.8260498,-79.68444824,-79.6875
765.5999756,-78.88183594,-74.83825684,-79.69360352,-79.69970703
765.7999878,-78.86047363,-74.82299805,-79.7088623,-79.73327637
766,-78.86657715,-74.82910156,-79.78515625,-79.75463867
766.2000122,-78.78417969,-74.82910156,-79.71496582,-79.74853516
766.4000244,-78.83300781,-74.80773926,-79.75158691,-79.79125977
766.5999756,-78.83911133,-74.8046875,-79.76989746,-79.81567383
766.7999878,-78.78417969,-74.78942871,-79.81262207,-79.76989746
767,-78.75366211,-74.78942871,-79.85534668,-79.69360352
767.2000122,-78.76586914,-74.79553223,-79.88586426,-79.6661377
767.4000244,-78.73535156,-74.81079102,-79.93469238,-79.77600098
767.5999756,-78.72619629,-74.79248047,-79.91027832,-79.73937988
767.7999878,-78.72619629,-74.79553223,-79.92858887,-79.79125977
768,-78.68347168,-74.81079102,-79.95300293,-79.73327637
768.2000122,-78.74755859,-74.81994629,-79.94995117,-79.80651855
768.4000244,-78.70788574,-74.83215332,-79.9987793,-79.80041504
768.5999756,-78.68652344,-74.81384277,-80.05065918,-79.83703613
768.7999878,-78.61938477,-74.83215332,-80.02319336,-79.80041504
769,-78.62243652,-74.82299805,-80.0201416,-79.80041504
769.2000122,-78.66210938,-74.84436035,-79.9621582,-79.81262207
769.4000244,-78.58886719,-74.85656738,-79.93469238,-79.87976074
769.5999756,-78.63769531,-74.85046387,-79.98352051,-79.84313965
769.7999878,-78.60412598,-74.84741211,-80.02319336,-79.81872559
770,-78.59191895,-74.83825684,-80.02319336,-79.81567383
770.2000122,-78.61022949,-74.85961914,-80.01403809,-79.83398438
770.4000244,-78.54614258,-74.84436035,-79.97436523,-79.79431152
770.5999756,-78.52172852,-74.88708496,-80.00183105,-79.83398438
770.7999878,-78.4942627,-74.87487793,-79.98352051,-79.80651855
771,-78.46069336,-74.87182617,-79.99267578,-79.83703613
771.2000122,-78.46984863,-74.8626709,-79.93469238,-79.80041504
771.4000244,-78.45458984,-74.89624023,-79.92553711,-79.81567383
771.5999756,-78.44543457,-74.89318848,-79.87976074,-79.77294922
771.7999878,-78.39660645,-74.90844727,-79.88586426,-79.8248291
772,-78.38439941,-74.9206543,-79.91638184,-79.80041504
772.2000122,-78.3996582,-74.91149902,-79.89196777,-79.74853516
772.4000244,-78.39355469,-74.91455078,-79.89501953,-79.77905273
772.5999756,-78.40270996,-74.93896484,-79.87670898,-79.78515625
772.7999878,-78.38439941,-74.95422363,-79.85534668,-79.75158691
773,-78.35388184,-74.93286133,-79.87670898,-79.77294922
773.2000122,-78.40881348,-74.93896484,-79.79736328,-79.74243164
773.4000244,-78.35998535,-74.96337891,-79.82788086,-79.77600098
773.5999756,-78.36303711,-74.96337891,-79.81262207,-79.76989746
773.7999878,-78.36608887,-74.95422363,-79.77600098,-79.71191406
774,-78.34777832,-74.96337891,-79.73632813,-79.71801758
774.2000122,-78.32641602,-74.96032715,-79.72717285,-79.67834473
774.4000244,-78.35083008,-74.98168945,-79.7454834,-79.71496582
774.5999756,-78.3203125,-74.96337891,-79.76989746,-79.7454834
774.7999878,-78.29284668,-74.96032715,-79.78210449,-79.67529297
775,-78.30810547,-74.95117188,-79.79125977,-79.65698242
775.2000122,-78.32336426,-74.97558594,-79.75769043,-79.63256836
775.4000244,-78.26843262,-74.99084473,-79.69055176,-79.66918945
775.5999756,-78.26538086,-74.95727539,-79.79736328,-79.69665527
775.7999878,-78.24401855,-74.98168945,-79.76074219,-79.69970703
776,-78.22875977,-74.98474121,-79.73937988,-79.67529297
776.2000122,-78.19519043,-75.00610352,-79.78210449,-79.6875
776.4000244,-78.21960449,-74.99694824,-79.77905273,-79.63256836
776.5999756,-78.17077637,-75.01220703,-79.70581055,-79.66308594
776.7999878,-78.20739746,-75.00305176,-79.72106934,-79.63256836
777,-78.18908691,-75.00610352,-79.71801758,-79.67834473
777.2000122,-78.1463623,-75.0213623,-79.72106934,-79.67224121
777.4000244,-78.18603516,-74.99389648,-79.68444824,-79.65087891
777.5999756,-78.14331055,-75.00915527,-79.73632813,-79.6295166
777.7999878,-78.11584473,-75.02441406,-79.75769043,-79.58068848
778,-78.14941406,-75.01525879,-79.66918945,-79.6295166
778.2000122,-78.1463623,-74.99389648,-79.71801758,-79.7088623
778.4000244,-78.10668945,-75.02746582,-79.69055176,-79.65393066
778.5999756,-78.12194824,-74.98474121,-79.69360352,-79.67834473
778.7999878,-78.11889648,-74.98779297,-79.74243164,-79.64477539
779,-78.17687988,-74.99389648,-79.74853516,-79.66918945
779.2000122,-78.15856934,-74.99084473,-79.7088623,-79.62341309
779.4000244,-78.10974121,-75.00305176,-79.67224121,-79.62646484
779.5999756,-78.15856934,-75.00305176,-79.68139648,-79.58984375
779.7999878,-78.15551758,-74.98779297,-79.64477539,-79.59899902
780,-78.10668945,-75.0213623,-79.65393066,-79.65087891
780.2000122,-78.12805176,-75.00305176,-79.67529297,-79.59594727
780.4000244,-78.1036377,-74.98779297,-79.63562012,-79.61425781
780.5999756,-78.05480957,-74.99084473,-79.6295166,-79.61120605
780.7999878,-78.10058594,-74.97558594,-79.65393066,-79.62341309
781,-78.09448242,-74.95727539,-79.61120605,-79.67224121
781.2000122,-78.10668945,-74.9786377,-79.59594727,-79.69665527
781.4000244,-78.08532715,-74.95117188,-79.68139648,-79.63562012
781.5999756,-78.11584473,-74.98168945,-79.73022461,-79.6295166
781.7999878,-78.08227539,-75,-79.77600098,-79.6661377
782,-78.11279297,-74.98474121,-79.76074219,-79.66918945
782.2000122,-78.13110352,-75.01831055,-79.74853516,-79.59899902
782.4000244,-78.10974121,-74.98474121,-79.77294922,-79.60205078
782.5999756,-78.14331055,-74.98168945,-79.79431152,-79.6295166
782.7999878,-78.18603516,-74.99084473,-79.7454834,-79.68139648
783,-78.17077637,-74.9786377,-79.7454834,-79.65087891
783.2000122,-78.14941406,-75.03356934,-79.77600098,-79.66308594
783.4000244,-78.16162109,-74.94506836,-79.80651855,-79.6875
783.5999756,-78.14025879,-74.94812012,-79.8034668,-79.68444824
783.7999878,-78.08532715,-74.96948242,-79.7668457,-79.70275879
784,-78.10058594,-74.9786377,-79.78515625,-79.65393066
784.2000122,-78.14331055,-74.99084473,-79.80651855,-79.63867188
784.4000244,-78.10974121,-74.98474121,-79.83398438,-79.63867188
784.5999756,-78.14025879,-75.00305176,-79.84008789,-79.62036133
784.7999878,-78.08837891,-74.98474121,-79.80041504,-79.64172363
785,-78.05786133,-74.94812012,-79.85229492,-79.61425781
785.2000122,-78.02734375,-74.99084473,-79.85229492,-79.57458496
785.4000244,-78.09143066,-75,-79.85839844,-79.61120605
785.5999756,-78.08532715,-74.97253418,-79.93774414,-79.62341309
785.7999878,-78.05480957,-74.98474121,-79.91638184,-79.62646484
786,-78.05175781,-74.96643066,-79.92553711,-79.59899902
786.2000122,-78.03344727,-74.97253418,-79.89501953,-79.5501709
786.4000244,-78.02429199,-74.9786377,-79.87976074,-79.57458496
786.5999756,-78.02429199,-74.97558594,-79.91943359,-79.58984375
786.7999878,-78.0456543,-74.96643066,-79.95605469,-79.5715332
787,-78.02124023,-74.96948242,-79.98046875,-79.53796387
787.2000122,-78.01208496,-74.95727539,-80.13000488,-79.54711914
787.4000244,-78.06396484,-74.98474121,-79.98962402,-79.56848145
787.5999756,-78.08532715,-74.9786377,-79.99267578,-79.52270508
787.7999878,-78.07922363,-74.92980957,-80.01708984,-79.63562012
788,-78.04260254,-74.9786377,-80.04455566,-79.58679199
788.2000122,-78.1036377,-74.94812012,-80.02319336,-79.55322266
788.4000244,-78.09448242,-74.96643066,-80.02929688,-79.5715332
788.5999756,-78.01818848,-74.95727539,-80.09338379,-79.59289551
788.7999878,-78.0456543,-74.98779297,-80.16052246,-79.53491211
789,-78.07006836,-74.96337891,-80.14831543,-79.55322266
789.2000122,-78.06396484,-74.9786377,-80.15136719,-79.56542969
789.4000244,-78.05480957,-74.96643066,-80.18188477,-79.53491211
789.5999756,-77.98461914,-74.98474121,-80.11169434,-79.50134277
789.7999878,-77.97546387,-74.98474121,-80.14526367,-79.56542969
790,-77.99987793,-74.98168945,-80.14831543,-79.56237793
790.2000122,-77.96630859,-75.00305176,-80.18188477,-79.48303223
790.4000244,-77.98156738,-74.97558594,-80.13305664,-79.51049805
790.5999756,-77.97241211,-75.00305176,-80.11779785,-79.51660156
790.7999878,-77.9083252,-74.99084473,-80.16967773,-79.46166992
791,-77.93579102,-75.00610352,-80.16052246,-79.4128418
791.2000122,-77.90527344,-74.99694824,-80.14221191,-79.41894531
791.4000244,-77.92663574,-74.98474121,-80.17578125,-79.44030762
791.5999756,-77.92663574,-74.99694824,-80.23986816,-79.43115234
791.7999878,-77.8717041,-74.99084473,-80.21240234,-79.51049805
792,-77.90527344,-75.01220703,-80.20019531,-79.45861816
792.2000122,-77.89306641,-75.00915527,-80.27038574,-79.38842773
792.4000244,-77.86254883,-75.01525879,-80.26428223,-79.43115234
792.5999756,-77.8503418,-75.02441406,-80.2520752,-79.46166992
792.7999878,-77.89001465,-75.0213623,-80.25512695,-79.40673828
793,-77.89306641,-75.02441406,-80.25512695,-79.42199707
793.2000122,-77.88085938,-75.0213623,-80.20629883,-79.43725586
793.4000244,-77.85339355,-75.03051758,-80.17883301,-79.37011719
793.5999756,-77.89611816,-75.02746582,-80.22766113,-79.37316895
793.7999878,-77.8717041,-75.06103516,-80.17272949,-79.36401367
794,-77.85339355,-75.06408691,-80.1940918,-79.38232422
794.2000122,-77.82287598,-75.04272461,-80.16052246,-79.38232422
794.4000244,-77.84118652,-75.06408691,-80.13305664,-79.3548584
794.5999756,-77.84729004,-75.07324219,-80.15136719,-79.26025391
794.7999878,-77.88696289,-75.07324219,-80.14526367,-79.40673828
795,-77.83813477,-75.07629395,-80.16662598,-79.37927246
795.2000122,-77.86254883,-75.07019043,-80.15136719,-79.38537598
795.4000244,-77.89001465,-75.06408691,-80.13305664,-79.33349609
795.5999756,-77.82897949,-75.06408691,-80.12390137,-79.30297852
795.7999878,-77.84729004,-75.06408691,-80.06591797,-79.35180664
796,-77.8503418,-75.0213623,-80.10559082,-79.31518555
796.2000122,-77.83508301,-75.03662109,-80.08422852,-79.33959961
796.4000244,-77.83508301,-75.0793457,-80.06591797,-79.3548584
796.5999756,-77.86254883,-75.06713867,-80.04760742,-79.26025391
796.7999878,-77.85949707,-75.07629395,-80.13305664,-79.25720215
797,-77.86865234,-75.08239746,-80.0994873,-79.28466797
797.2000122,-77.86560059,-75.08239746,-80.13305664,-79.33349609
797.4000244,-77.8717041,-75.10681152,-80.0994873,-79.30297852
797.5999756,-77.86560059,-75.07629395,-80.00793457,-79.22058105
797.7999878,-77.86560059,-75.09155273,-80.02624512,-79.2755127
798,-77.88085938,-75.06408691,-80.09338379,-79.25415039
798.2000122,-77.86560059,-75.09460449,-80.06896973,-79.26025391
798.4000244,-77.86865234,-75.08850098,-80.08728027,-79.24804688
798.5999756,-77.90527344,-75.08850098,-80.04760742,-79.22363281
798.7999878,-77.92358398,-75.0793457,-80.04455566,-79.20227051
799,-77.92663574,-75.11291504,-80.00793457,-79.1809082
799.2000122,-77.90527344,-75.10986328,-80.0567627,-79.24194336
799.4000244,-77.9296875,-75.0793457,-80.06286621,-79.27246094
799.5999756,-77.9510498,-75.12512207,-80.04150391,-79.27246094
799.7999878,-77.95410156,-75.09460449,-80.05065918,-79.25109863
800,-77.92663574,-75.0793457,-80.09033203,-79.2175293
800.2000122,-77.91748047,-75.06713867,-80.10559082,-79.17480469
800.4000244,-77.89916992,-75.08850098,-80.06896973,-79.15039063
800.5999756,-77.90527344,-75.1159668,-80.01098633,-79.16870117
800.7999878,-77.91442871,-75.09155273,-79.98352051,-79.17480469
801,-77.91442871,-75.11291504,-79.9621582,-79.23278809
801.2000122,-77.94189453,-75.10070801,-79.98352051,-79.21447754
801.4000244,-77.91748047,-75.08544922,-79.98352051,-79.19311523
801.5999756,-77.9083252,-75.10070801,-80.03540039,-79.20837402
801.7999878,-77.93579102,-75.08850098,-80.05371094,-79.1595459
802,-77.94494629,-75.11291504,-80.078125,-79.19311523
802.2000122,-77.91442871,-75.08850098,-80.08422852,-79.19311523
802.4000244,-77.93579102,-75.07629395,-80.03234863,-79.22973633
802.5999756,-77.94799805,-75.07019043,-80.03540039,-79.20227051
802.7999878,-77.96936035,-75.06103516,-80.04150391,-79.22058105
803,-77.93884277,-75.07629395,-80.06286621,-79.24194336
803.2000122,-77.89916992,-75.07324219,-80.01708984,-79.26025391
803.4000244,-77.89916992,-75.07324219,-80.05371094,-79.24194336
803.5999756,-77.95715332,-75.06103516,-80.09033203,-79.22973633
803.7999878,-77.93273926,-75.0579834,-80.07507324,-79.25109863
804,-77.9510498,-75.06713867,-80.07202148,-79.24499512
804.2000122,-77.91748047,-75.01220703,-79.9987793,-79.22668457
804.4000244,-77.94799805,-75.04272461,-80.08728027,-79.2755127
804.5999756,-77.9510498,-75.04577637,-80.12084961,-79.26635742
804.7999878,-77.93273926,-75.04272461,-80.12695313,-79.25415039
805,-77.9083252,-75.03051758,-80.15441895,-79.24194336
805.2000122,-77.9296875,-75.03356934,-80.12695313,-79.19006348
805.4000244,-77.91748047,-75.03356934,-80.12390137,-79.19311523
805.5999756,-77.92663574,-75.03051758,-80.11169434,-79.23583984
805.7999878,-77.90222168,-75.00915527,-80.16967773,-79.22668457
806,-77.87780762,-75.03662109,-80.18493652,-79.30297852
806.2000122,-77.89306641,-74.99389648,-80.18493652,-79.28161621
806.4000244,-77.88696289,-75.03967285,-80.19714355,-79.2755127
806.5999756,-77.86560059,-75.03051758,-80.2154541,-79.24804688
806.7999878,-77.88085938,-75.01220703,-80.25817871,-79.22058105
807,-77.8717041,-75.01831055,-80.24597168,-79.26635742
807.2000122,-77.84423828,-75.00305176,-80.23986816,-79.23278809
807.4000244,-77.80456543,-75,-80.24902344,-79.28771973
807.5999756,-77.79846191,-75,-80.2734375,-79.29382324
807.7999878,-77.85339355,-75.01220703,-80.31921387,-79.33044434
808,-77.82592773,-75.00305176,-80.2734375,-79.3182373
808.2000122,-77.83813477,-75.01220703,-80.28564453,-79.31518555
808.4000244,-77.81066895,-75.01525879,-80.30090332,-79.20837402
808.5999756,-77.78320313,-74.98474121,-80.32226563,-79.22668457
808.7999878,-77.80456543,-74.99389648,-80.21850586,-79.26025391
809,-77.78320313,-74.97558594,-80.28259277,-79.296875
809.2000122,-77.74963379,-75.01220703,-80.27954102,-79.29077148
809.4000244,-77.76794434,-75.00915527,-80.29174805,-79.29382324
809.5999756,-77.74658203,-75.02746582,-80.30700684,-79.22973633
809.7999878,-77.73742676,-74.99389648,-80.28259277,-79.25720215
810,-77.77099609,-74.99084473,-80.24597168,-79.28466797
810.2000122,-77.75268555,-74.99084473,-80.23071289,-79.31518555
810.4000244,-77.74047852,-75.01525879,-80.19714355,-79.2755127
810.5999756,-77.6763916,-75.00305176,-80.25512695,-79.2388916
810.7999878,-77.6763916,-75.00305176,-80.30090332,-79.19616699
811,-77.70080566,-74.98474121,-80.32531738,-79.25720215
811.2000122,-77.67028809,-74.99694824,-80.29174805,-79.26025391
811.4000244,-77.72521973,-75.00915527,-80.27038574,-79.25109863
811.5999756,-77.68859863,-74.98474121,-80.2734375,-79.26025391
811.7999878,-77.68859863,-75.01831055,-80.26428223,-79.24804688
812,-77.69470215,-74.99389648,-80.26123047,-79.27856445
812.2000122,-77.70996094,-74.98779297,-80.21850586,-79.22973633
812.4000244,-77.74353027,-75.01220703,-80.24597168,-79.22363281
812.5999756,-77.69775391,-75.00915527,-80.22766113,-79.22668457
812.7999878,-77.71606445,-75.02441406,-80.18493652,-79.19311523
813,-77.77709961,-75.03967285,-80.12695313,-79.23278809
813.2000122,-77.75878906,-74.99389648,-80.09338379,-79.22668457
813.4000244,-77.74047852,-74.99694824,-80.0567627,-79.22058105
813.5999756,-77.76489258,-75.00610352,-80.01708984,-79.2175293
813.7999878,-77.79541016,-74.99389648,-80.02929688,-79.16870117
814,-77.79846191,-75,-80.04150391,-79.20227051
814.2000122,-77.78930664,-75.03356934,-80.00183105,-79.23583984
814.4000244,-77.78015137,-75.03051758,-79.91027832,-79.20532227
814.5999756,-77.80456543,-75.02746582,-79.8828125,-79.1809082
814.7999878,-77.78625488,-75.02441406,-79.95300293,-79.20227051
815,-77.76184082,-75.04577637,-79.84008789,-79.17480469
815.2000122,-77.70080566,-75.03356934,-79.80041504,-79.18395996
815.4000244,-77.77709961,-75.03967285,-79.84619141,-79.19921875
815.5999756,-77.76794434,-75.06713867,-79.87060547,-79.17175293
815.7999878,-77.76184082,-75.06103516,-79.78820801,-79.11987305
816,-77.74963379,-75.03967285,-79.84008789,-79.1229248
816.2000122,-77.76794434,-75.04577637,-79.87365723,-79.15344238
816.4000244,-77.78625488,-75.04577637,-79.83703613,-79.1809082
816.5999756,-77.80761719,-75.04577637,-79.77905273,-79.13818359
816.7999878,-77.78930664,-75.01220703,-79.79736328,-79.1229248
817,-77.7557373,-75.03051758,-79.80651855,-79.13818359
817.2000122,-77.75268555,-75.05187988,-79.8248291,-79.15039063
817.4000244,-77.76794434,-75.03967285,-79.83093262,-79.15039063
817.5999756,-77.74658203,-75.02441406,-79.8034668,-79.09545898
817.7999878,-77.77709961,-75.03356934,-79.80957031,-79.14428711
818,-77.8137207,-75.0579834,-79.84619141,-79.11376953
818.2000122,-77.74963379,-75.05493164,-79.81567383,-79.11987305
818.4000244,-77.7557373,-75.07324219,-79.84619141,-79.13818359
818.5999756,-77.75878906,-75.0579834,-79.8248291,-79.14428711
818.7999878,-77.75878906,-75.05187988,-79.82177734,-79.09240723
819,-77.74353027,-75.05187988,-79.8828125,-79.13513184
819.2000122,-77.76184082,-75.02746582,-79.84008789,-79.11682129
819.4000244,-77.76489258,-75.03662109,-79.8248291,-79.13818359
819.5999756,-77.74047852,-75.03967285,-79.78820801,-79.16870117
819.7999878,-77.74963379,-75.02441406,-79.79125977,-79.11987305
820,-77.75268555,-75.03662109,-79.83703613,-79.08630371
820.2000122,-77.75268555,-75.05493164,-79.84924316,-79.09545898
820.4000244,-77.77099609,-75.03967285,-79.91333008,-79.09545898
820.5999756,-77.79846191,-75.03051758,-79.8614502,-79.0435791
820.7999878,-77.82287598,-75.07629395,-79.79431152,-78.99780273
821,-77.85644531,-75.03662109,-79.84008789,-79.09545898
821.2000122,-77.86560059,-75.01831055,-79.84313965,-79.07714844
821.4000244,-77.86865234,-75.03662109,-79.84313965,-79.12597656
821.5999756,-77.85644531,-74.98168945,-79.87365723,-79.13208008
821.7999878,-77.85339355,-75.01220703,-79.83703613,-79.04052734
822,-77.87475586,-74.98168945,-79.8034668,-79.01306152
822.2000122,-77.8503418,-75.03967285,-79.8828125,-79.05578613
822.4000244,-77.89611816,-74.99694824,-79.91943359,-79.14733887
822.5999756,-77.85644531,-74.98168945,-79.87976074,-79.12597656
822.7999878,-77.85949707,-75.01831055,-79.87365723,-79.1015625
823,-77.84729004,-75.00915527,-79.9407959,-79.14733887
823.2000122,-77.84118652,-75.00610352,-79.93774414,-79.11682129
823.4000244,-77.86865234,-75.00305176,-79.93774414,-79.12597656
823.5999756,-77.83508301,-75.02441406,-79.94689941,-79.07714844
823.7999878,-77.7923584,-75.0213623,-79.97741699,-79.14123535
824,-77.76489258,-74.99389648,-79.97436523,-79.10766602
824.2000122,-77.78320313,-75.01220703,-79.99572754,-79.12597656
824.4000244,-77.8137207,-75.00305176,-79.99572754,-79.14428711
824.5999756,-77.78930664,-75.0213623,-80.08422852,-79.13513184
824.7999878,-77.75268555,-74.99389648,-80.10559082,-79.1595459
825,-77.78320313,-74.98168945,-80.13000488,-79.09545898
825.2000122,-77.77099609,-75.00610352,-80.1361084,-79.12902832
825.4000244,-77.79846191,-75,-80.17578125,-79.13513184
825.5999756,-77.78015137,-74.96948242,-80.15441895,-79.16259766
825.7999878,-77.76489258,-74.98779297,-80.09643555,-79.15039063
826,-77.70690918,-75.00610352,-80.2154541,-79.11682129
826.2000122,-77.72827148,-74.97558594,-80.23071289,-79.12902832
826.4000244,-77.73742676,-74.96337891,-80.27648926,-79.19006348
826.5999756,-77.7130127,-74.95727539,-80.2154541,-79.17785645
826.7999878,-77.70690918,-74.95117188,-80.19104004,-79.14733887
827,-77.71606445,-74.97253418,-80.25512695,-79.12597656
827.2000122,-77.72216797,-74.92370605,-80.28869629,-79.12902832
827.4000244,-77.6550293,-74.9420166,-80.30395508,-79.19921875
827.5999756,-77.67333984,-74.95727539,-80.34667969,-79.16564941
827.7999878,-77.66723633,-74.95727539,-80.39550781,-79.14123535
828,-77.68249512,-74.93896484,-80.36193848,-79.15344238
828.2000122,-77.69470215,-74.95117188,-80.34667969,-79.17175293
828.4000244,-77.65808105,-74.93591309,-80.39855957,-79.18395996
828.5999756,-77.62451172,-74.95117188,-80.34362793,-79.1809082
828.7999878,-77.64282227,-74.95727539,-80.36804199,-79.17785645
829,-77.60925293,-74.97558594,-80.34973145,-79.17480469
829.2000122,-77.65197754,-74.94506836,-80.3314209,-79.15344238
829.4000244,-77.60009766,-74.91455078,-80.34362793,-79.15039063
829.5999756,-77.56958008,-74.91455078,-80.34973145,-79.17480469
829.7999878,-77.58789063,-74.97558594,-80.36193848,-79.19311523
830,-77.58178711,-74.95117188,-80.39245605,-79.17480469
830.2000122,-77.6184082,-74.94506836,-80.42907715,-79.2175293
830.4000244,-77.60925293,-74.93896484,-80.35583496,-79.19311523
830.5999756,-77.62145996,-74.92370605,-80.36193848,-79.2175293
830.7999878,-77.64892578,-74.96032715,-80.40771484,-79.23583984
831,-77.6550293,-74.95117188,-80.42907715,-79.18395996
831.2000122,-77.63671875,-74.9420166,-80.45349121,-79.16259766
831.4000244,-77.6184082,-74.93896484,-80.45959473,-79.15344238
831.5999756,-77.62756348,-74.93591309,-80.44128418,-79.1229248
831.7999878,-77.61535645,-74.94506836,-80.41992188,-79.17785645
832,-77.63671875,-74.93896484,-80.3894043,-79.20227051
832.2000122,-77.63977051,-74.93896484,-80.41992188,-79.16564941
832.4000244,-77.64282227,-74.9420166,-80.45349121,-79.1595459
832.5999756,-77.69165039,-74.9420166,-80.49316406,-79.19616699
832.7999878,-77.69775391,-74.94812012,-80.45043945,-79.17785645
833,-77.65197754,-74.94812012,-80.43212891,-79.11987305
833.2000122,-77.64282227,-74.94812012,-80.36804199,-79.1229248
833.4000244,-77.67944336,-74.91760254,-80.36499023,-79.09240723
833.5999756,-77.66723633,-74.9420166,-80.31616211,-79.14733887
833.7999878,-77.72216797,-74.93591309,-80.33447266,-79.19921875
834,-77.7557373,-74.91760254,-80.30090332,-79.1229248
834.2000122,-77.78320313,-74.93286133,-80.31311035,-79.10766602
834.4000244,-77.77709961,-74.91455078,-80.3314209,-79.0435791
834.5999756,-77.76184082,-74.92675781,-80.31005859,-79.12902832
834.7999878,-77.74047852,-74.95727539,-80.31311035,-79.18701172
835,-77.74353027,-74.92980957,-80.32531738,-79.14428711
835.2000122,-77.74658203,-74.92370605,-80.29785156,-79.08325195
835.4000244,-77.74047852,-74.9206543,-80.31311035,-79.08325195
835.5999756,-77.75268555,-74.92370605,-80.31005859,-79.09851074
835.7999878,-77.75878906,-74.90539551,-80.31005859,-79.15649414
836,-77.7130127,-74.89318848,-80.33752441,-79.12597656
836.2000122,-77.71606445,-74.89624023,-80.34057617,-79.11376953
836.4000244,-77.73132324,-74.90844727,-80.26733398,-79.09240723
836.5999756,-77.78625488,-74.89624023,-80.23681641,-79.07104492
836.7999878,-77.74658203,-74.90844727,-80.27038574,-79.11071777
837,-77.73132324,-74.91455078,-80.24291992,-79.14123535
837.2000122,-77.73132324,-74.9206543,-80.2520752,-79.15344238
837.4000244,-77.72827148,-74.93896484,-80.26123047,-79.11682129
837.5999756,-77.74963379,-74.92980957,-80.20629883,-79.07104492
837.7999878,-77.76794434,-74.91760254,-80.16357422,-79.06799316
838,-77.74658203,-74.92980957,-80.2154541,-79.07714844
838.2000122,-77.76489258,-74.92370605,-80.22460938,-79.12597656
838.4000244,-77.75268555,-74.91760254,-80.18188477,-79.14733887
838.5999756,-77.76184082,-74.9420166,-80.20324707,-79.13818359
838.7999878,-77.71911621,-74.88708496,-80.19104004,-79.15039063
839,-77.73742676,-74.93286133,-80.24291992,-79.19311523
839.2000122,-77.68249512,-74.91455078,-80.26123047,-79.17480469
839.4000244,-77.72521973,-74.92675781,-80.22460938,-79.12902832
839.5999756,-77.734375,-74.91455078,-80.22155762,-79.14428711
839.7999878,-77.734375,-74.89318848,-80.23681641,-79.18701172
840,-77.71911621,-74.91760254,-80.23376465,-79.16259766
840.2000122,-77.69470215,-74.90844727,-80.19104004,-79.1595459
840.4000244,-77.67028809,-74.90234375,-80.17272949,-79.1229248
840.5999756,-77.64892578,-74.91149902,-80.19104004,-79.12902832
840.7999878,-77.66418457,-74.90844727,-80.26733398,-79.20837402
841,-77.70080566,-74.89318848,-80.22460938,-79.19006348
841.2000122,-77.66113281,-74.91760254,-80.28869629,-79.18395996
841.4000244,-77.68249512,-74.87182617,-80.28564453,-79.21142578
841.5999756,-77.68249512,-74.87487793,-80.32226563,-79.22363281
841.7999878,-77.65197754,-74.85351563,-80.35888672,-79.26940918
842,-77.64892578,-74.81994629,-80.39550781,-79.22668457
842.2000122,-77.63061523,-74.84130859,-80.39550781,-79.19616699
842.4000244,-77.64892578,-74.81994629,-80.27954102,-79.25720215
842.5999756,-77.60009766,-74.84741211,-80.28564453,-79.29992676
842.7999878,-77.56347656,-74.8260498,-80.31616211,-79.32128906
843,-77.62756348,-74.81384277,-80.38024902,-79.28466797
843.2000122,-77.58789063,-74.7833252,-80.35583496,-79.26330566
843.4000244,-77.5970459,-74.81689453,-80.38024902,-79.2388916
843.5999756,-77.60009766,-74.80163574,-80.45654297,-79.30297852
843.7999878,-77.55737305,-74.79248047,-80.5267334,-79.34570313
844,-77.53295898,-74.77416992,-80.50842285,-79.3548584
844.2000122,-77.61230469,-74.74975586,-80.46569824,-79.35791016
844.4000244,-77.59094238,-74.7253418,-80.48095703,-79.36401367
844.5999756,-77.56652832,-74.73754883,-80.4473877,-79.35791016
844.7999878,-77.60925293,-74.73144531,-80.49621582,-79.39758301
845,-77.59094238,-74.74365234,-80.54199219,-79.38537598
845.2000122,-77.61230469,-74.73449707,-80.50842285,-79.3548584
845.4000244,-77.60314941,-74.75585938,-80.48400879,-79.4128418
845.5999756,-77.62756348,-74.7253418,-80.51757813,-79.296875
845.7999878,-77.6184082,-74.7467041,-80.49926758,-79.37927246
846,-77.56958008,-74.72229004,-80.55419922,-79.37011719
846.2000122,-77.55126953,-74.71313477,-80.53588867,-79.36401367
846.4000244,-77.56958008,-74.69787598,-80.56335449,-79.35791016
846.5999756,-77.5970459,-74.71313477,-80.56335449,-79.37316895
846.7999878,-77.62756348,-74.70703125,-80.61218262,-79.44335938
847,-77.61535645,-74.70397949,-80.58776855,-79.4128418
847.2000122,-77.61230469,-74.67651367,-80.59082031,-79.40063477
847.4000244,-77.59399414,-74.67041016,-80.53588867,-79.40673828
847.5999756,-77.63366699,-74.70092773,-80.61828613,-79.4128418
847.7999878,-77.60009766,-74.65820313,-80.59997559,-79.47387695
848,-77.65808105,-74.65209961,-80.57556152,-79.46777344
848.2000122,-77.66723633,-74.64599609,-80.52062988,-79.47387695
848.4000244,-77.6763916,-74.64599609,-80.55419922,-79.38842773
848.5999756,-77.6550293,-74.63378906,-80.57861328,-79.44641113
848.7999878,-77.67333984,-74.64904785,-80.61828613,-79.45556641
849,-77.68859863,-74.63378906,-80.59082031,-79.44641113
849.2000122,-77.66723633,-74.60021973,-80.56030273,-79.48303223
849.4000244,-77.68859863,-74.62768555,-80.63659668,-79.51660156
849.5999756,-77.6763916,-74.62158203,-80.6427002,-79.50744629
849.7999878,-77.70690918,-74.60632324,-80.59387207,-79.4921875
850,-77.66418457,-74.60021973,-80.58776855,-79.55932617
850.2000122,-77.68859863,-74.56970215,-80.5480957,-79.52575684
850.4000244,-77.73742676,-74.56359863,-80.55419922,-79.52270508
850.5999756,-77.72827148,-74.57275391,-80.50842285,-79.45861816
850.7999878,-77.7130127,-74.58190918,-80.54199219,-79.4708252
851,-77.7130127,-74.56970215,-80.56335449,-79.45861816
851.2000122,-77.72521973,-74.5513916,-80.58166504,-79.43115234
851.4000244,-77.66723633,-74.54223633,-80.53283691,-79.43725586
851.5999756,-77.70690918,-74.52697754,-80.49316406,-79.45861816
851.7999878,-77.67333984,-74.50866699,-80.54199219,-79.48608398
852,-77.65197754,-74.51477051,-80.56335449,-79.47998047
852.2000122,-77.69470215,-74.53918457,-80.50231934,-79.45556641
852.4000244,-77.69775391,-74.51171875,-80.49926758,-79.47692871
852.5999756,-77.68249512,-74.49951172,-80.45043945,-79.51049805
852.7999878,-77.70385742,-74.51782227,-80.47790527,-79.47998047
853,-77.7130127,-74.49951172,-80.50842285,-79.47692871
853.2000122,-77.73742676,-74.4934082,-80.40771484,-79.51049805
853.4000244,-77.69165039,-74.46289063,-80.50842285,-79.49829102
853.5999756,-77.69775391,-74.44763184,-80.49316406,-79.47387695
853.7999878,-77.70385742,-74.48120117,-80.49316406,-79.48608398
854,-77.6763916,-74.45373535,-80.45959473,-79.4921875
854.2000122,-77.67028809,-74.45678711,-80.48400879,-79.43115234
854.4000244,-77.66723633,-74.45678711,-80.48706055,-79.48608398
854.5999756,-77.6550293,-74.47509766,-80.4901123,-79.47387695
854.7999878,-77.6763916,-74.44763184,-80.43823242,-79.50134277
855,-77.67028809,-74.42626953,-80.38024902,-79.54711914
855.2000122,-77.66418457,-74.42321777,-80.30395508,-79.44946289
855.4000244,-77.67333984,-74.40490723,-80.31005859,-79.41589355
855.5999756,-77.68859863,-74.38049316,-80.30090332,-79.44030762
855.7999878,-77.68554688,-74.42016602,-80.2947998,-79.48913574
856,-77.66723633,-74.37438965,-80.27038574,-79.50439453
856.2000122,-77.66723633,-74.38659668,-80.30090332,-79.49523926
856.4000244,-77.68554688,-74.37744141,-80.30395508,-79.44641113
856.5999756,-77.65197754,-74.3560791,-80.23986816,-79.49829102
856.7999878,-77.63977051,-74.36218262,-80.22766113,-79.45861816
857,-77.64892578,-74.36523438,-80.25817871,-79.47387695
857.2000122,-77.66113281,-74.34997559,-80.1940918,-79.51660156
857.4000244,-77.64892578,-74.30725098,-80.13305664,-79.44946289
857.5999756,-77.6550293,-74.28283691,-80.14526367,-79.39453125
857.7999878,-77.64587402,-74.2980957,-80.17883301,-79.40673828
858,-77.69470215,-74.30419922,-80.14526367,-79.48303223
858.2000122,-77.63977051,-74.28283691,-80.09033203,-79.50134277
858.4000244,-77.62145996,-74.27368164,-80.03845215,-79.48608398
858.5999756,-77.68249512,-74.25842285,-80.03540039,-79.43115234
858.7999878,-77.69470215,-74.24621582,-80.01098633,-79.42504883
859,-77.70690918,-74.21875,-79.98962402,-79.40673828
859.2000122,-77.73742676,-74.20043945,-79.97436523,-79.48608398
859.4000244,-77.70385742,-74.23095703,-79.90722656,-79.46166992
859.5999756,-77.67944336,-74.16687012,-79.92858887,-79.4342041
859.7999878,-77.71606445,-74.17907715,-79.94384766,-79.4128418
860,-77.7130127,-74.15466309,-79.91943359,-79.46472168
860.2000122,-77.73132324,-74.13024902,-79.85839844,-79.44335938
860.4000244,-77.70080566,-74.12414551,-79.83093262,-79.39453125
860.5999756,-77.74353027,-74.09057617,-79.83703613,-79.39453125
860.7999878,-77.76794434,-74.07836914,-79.81872559,-79.46166992
861,-77.76184082,-74.06616211,-79.81872559,-79.41894531
861.2000122,-77.78320313,-74.02954102,-79.75463867,-79.46777344
861.4000244,-77.81677246,-74.02954102,-79.72106934,-79.44946289
861.5999756,-77.84423828,-73.98071289,-79.79736328,-79.52880859
861.7999878,-77.85644531,-73.95629883,-79.80957031,-79.44030762
862,-77.81066895,-73.94714355,-79.84924316,-79.42810059
862.2000122,-77.86865234,-73.91052246,-79.7454834,-79.47998047
862.4000244,-77.83203125,-73.88000488,-79.7668457,-79.50439453
862.5999756,-77.82897949,-73.86169434,-79.78210449,-79.4921875
862.7999878,-77.8137207,-73.84338379,-79.75158691,-79.51049805
863,-77.82592773,-73.82507324,-79.73937988,-79.48913574
863.2000122,-77.80456543,-73.79760742,-79.77905273,-79.55932617
863.4000244,-77.80456543,-73.79455566,-79.77905273,-79.56848145
863.5999756,-77.88085938,-73.76708984,-79.78820801,-79.50134277
863.7999878,-77.83508301,-73.7121582,-79.71496582,-79.49829102
864,-77.8717041,-73.68164063,-79.71801758,-79.5135498
864.2000122,-77.87780762,-73.71826172,-79.71496582,-79.51660156
864.4000244,-77.86865234,-73.6541748,-79.71496582,-79.53491211
864.5999756,-77.85644531,-73.66333008,-79.70581055,-79.51660156
864.7999878,-77.89001465,-73.64501953,-79.71191406,-79.54711914
865,-77.89001465,-73.59619141,-79.75463867,-79.53796387
865.2000122,-77.86865234,-73.56567383,-79.76074219,-79.5501709
865.4000244,-77.89611816,-73.55651855,-79.75769043,-79.61120605
865.5999756,-77.89916992,-73.55041504,-79.78210449,-79.56237793
865.7999878,-77.86865234,-73.52600098,-79.81262207,-79.52270508
866,-77.84729004,-73.53820801,-79.83093262,-79.60205078
866.2000122,-77.89306641,-73.50158691,-79.79431152,-79.6295166
866.4000244,-77.89306641,-73.48937988,-79.73327637,-79.63256836
866.5999756,-77.88391113,-73.46191406,-79.80957031,-79.58984375
866.7999878,-77.88085938,-73.42224121,-79.77905273,-79.61425781
867,-77.84118652,-73.39782715,-79.76379395,-79.5715332
867.2000122,-77.89916992,-73.42224121,-79.71496582,-79.55627441
867.4000244,-77.89001465,-73.41003418,-79.76379395,-79.59594727
867.5999756,-77.88391113,-73.39172363,-79.77905273,-79.57763672
867.7999878,-77.95410156,-73.37036133,-79.78515625,-79.61120605
868,-77.96630859,-73.35205078,-79.77294922,-79.59594727
868.2000122,-77.94494629,-73.33374023,-79.78820801,-79.62341309
868.4000244,-77.92663574,-73.32763672,-79.7668457,-79.63867188
868.5999756,-77.93579102,-73.29711914,-79.81262207,-79.6295166
868.7999878,-77.91442871,-73.26660156,-79.80957031,-79.6081543
869,-77.90527344,-73.25744629,-79.75463867,-79.59594727
869.2000122,-77.93273926,-73.26660156,-79.68139648,-79.57458496
869.4000244,-77.92053223,-73.21777344,-79.76074219,-79.59289551
869.5999756,-77.90527344,-73.19030762,-79.7668457,-79.6081543
869.7999878,-77.92663574,-73.20861816,-79.76379395,-79.56237793
870,-77.93884277,-73.19030762,-79.78515625,-79.56848145
870.2000122,-77.91748047,-73.16589355,-79.87365723,-79.63256836
870.4000244,-77.86560059,-73.17810059,-79.7454834,-79.66308594
870.5999756,-77.89306641,-73.13232422,-79.74243164,-79.60205078
870.7999878,-77.85339355,-73.14453125,-79.73022461,-79.58679199
871,-77.8717041,-73.13842773,-79.72412109,-79.58984375
871.2000122,-77.9083252,-73.11096191,-79.71191406,-79.58068848
871.4000244,-77.88085938,-73.09875488,-79.72106934,-79.60510254
871.5999756,-77.89001465,-73.07434082,-79.66003418,-79.58068848
871.7999878,-77.8717041,-73.03161621,-79.61730957,-79.58374023
872,-77.89001465,-73.04077148,-79.63562012,-79.56542969
872.2000122,-77.87780762,-73.01330566,-79.63256836,-79.59289551
872.4000244,-77.89611816,-73.00109863,-79.63256836,-79.60205078
872.5999756,-77.86254883,-72.98278809,-79.62341309,-79.61730957
872.7999878,-77.86865234,-72.9675293,-79.61425781,-79.52270508
873,-77.86254883,-72.95837402,-79.59899902,-79.56848145
873.2000122,-77.88085938,-72.93701172,-79.59899902,-79.59594727
873.4000244,-77.91137695,-72.94616699,-79.53186035,-79.54406738
873.5999756,-77.91137695,-72.9309082,-79.54406738,-79.55322266
873.7999878,-77.92053223,-72.89428711,-79.51965332,-79.54406738
874,-77.95715332,-72.87597656,-79.54101563,-79.58374023
874.2000122,-77.96936035,-72.85766602,-79.5135498,-79.53491211
874.4000244,-77.96325684,-72.84851074,-79.50439453,-79.51660156
874.5999756,-77.97241211,-72.82409668,-79.58068848,-79.56542969
874.7999878,-77.93884277,-72.80883789,-79.53796387,-79.56542969
875,-77.94799805,-72.78137207,-79.54101563,-79.55932617
875.2000122,-77.98156738,-72.78747559,-79.51049805,-79.59594727
875.4000244,-77.97241211,-72.7722168,-79.50134277,-79.53186035
875.5999756,-77.99377441,-72.78137207,-79.47387695,-79.54711914
875.7999878,-77.99377441,-72.7722168,-79.49829102,-79.56542969
876,-78.03955078,-72.72644043,-79.50134277,-79.51049805
876.2000122,-78.02429199,-72.72338867,-79.45251465,-79.52270508
876.4000244,-77.97546387,-72.72033691,-79.52575684,-79.55932617
876.5999756,-77.9876709,-72.70812988,-79.54101563,-79.54406738
876.7999878,-77.98461914,-72.6776123,-79.53491211,-79.45861816
877,-77.97546387,-72.68066406,-79.53186035,-79.50439453
877.2000122,-78.0090332,-72.65319824,-79.4921875,-79.49829102
877.4000244,-78.01513672,-72.62878418,-79.4921875,-79.46472168
877.5999756,-77.97546387,-72.62878418,-79.48913574,-79.44641113
877.7999878,-77.97241211,-72.61352539,-79.48608398,-79.48913574
878,-77.97241211,-72.61962891,-79.48913574,-79.39758301
878.2000122,-78.04260254,-72.61352539,-79.48913574,-79.51049805
878.4000244,-78.03039551,-72.57385254,-79.52270508,-79.49829102
878.5999756,-78.01513672,-72.60437012,-79.49829102,-79.49523926
878.7999878,-77.98461914,-72.56469727,-79.49523926,-79.41894531
879,-77.9876709,-72.58605957,-79.5135498,-79.44030762
879.2000122,-77.99682617,-72.58300781,-79.55627441,-79.50439453
879.4000244,-77.96325684,-72.56469727,-79.50439453,-79.51049805
879.5999756,-77.99377441,-72.55249023,-79.49829102,-79.4708252
879.7999878,-77.9876709,-72.55249023,-79.52270508,-79.4342041
880,-77.9876709,-72.55859375,-79.44946289,-79.44335938
880.2000122,-78.00598145,-72.54943848,-79.51049805,-79.47692871
880.4000244,-78.04870605,-72.53417969,-79.52880859,-79.4921875
880.5999756,-78.01818848,-72.49755859,-79.5135498,-79.45861816
880.7999878,-77.99987793,-72.53112793,-79.48913574,-79.50744629
881,-78.00292969,-72.48840332,-79.50744629,-79.53186035
881.2000122,-77.99072266,-72.49145508,-79.49523926,-79.50744629
881.4000244,-77.97546387,-72.47924805,-79.48913574,-79.4921875
881.5999756,-77.97851563,-72.50366211,-79.55322266,-79.53186035
881.7999878,-77.9876709,-72.48535156,-79.54711914,-79.5135498
882,-78.01208496,-72.45788574,-79.54101563,-79.50744629
882.2000122,-78.03955078,-72.4822998,-79.57763672,-79.45556641
882.4000244,-78.01208496,-72.47314453,-79.53491211,-79.44946289
882.5999756,-78.01818848,-72.4822998,-79.52575684,-79.4708252
882.7999878,-78.0090332,-72.45788574,-79.50744629,-79.52880859
883,-78.04870605,-72.45483398,-79.52880859,-79.50439453
883.2000122,-77.99987793,-72.45483398,-79.51660156,-79.44030762
883.4000244,-78.01513672,-72.41821289,-79.59289551,-79.4921875
883.5999756,-78.0670166,-72.40905762,-79.5715332,-79.53491211
883.7999878,-78.02734375,-72.38464355,-79.54406738,-79.50744629
884,-78.03039551,-72.36633301,-79.51965332,-79.53186035
884.2000122,-78.03039551,-72.3449707,-79.51049805,-79.56237793
884.4000244,-78.06396484,-72.37243652,-79.52575684,-79.56237793
884.5999756,-78.05786133,-72.34802246,-79.56848145,-79.54101563
884.7999878,-78.0456543,-72.35412598,-79.65698242,-79.49523926
885,-78.03344727,-72.34802246,-79.66308594,-79.51965332
885.2000122,-78.01818848,-72.35107422,-79.62646484,-79.53186035
885.4000244,-78.03955078,-72.32971191,-79.64477539,-79.57458496
885.5999756,-77.99682617,-72.30529785,-79.7088623,-79.57763672
885.7999878,-78.01818848,-72.31750488,-79.68139648,-79.57458496
886,-77.97241211,-72.29309082,-79.68139648,-79.55322266
886.2000122,-77.99377441,-72.29919434,-79.67529297,-79.56542969
886.4000244,-77.97851563,-72.26867676,-79.66308594,-79.60510254
886.5999756,-77.99377441,-72.27478027,-79.6661377,-79.61425781
886.7999878,-77.9510498,-72.2869873,-79.74853516,-79.55932617
887,-77.94494629,-72.26257324,-79.77600098,-79.59289551
887.2000122,-77.9296875,-72.25341797,-79.76989746,-79.60510254
887.4000244,-77.93884277,-72.25341797,-79.8034668,-79.58374023
887.5999756,-77.93884277,-72.22900391,-79.79736328,-79.61425781
887.7999878,-77.91137695,-72.2442627,-79.79431152,-79.66918945
888,-77.9296875,-72.2442627,-79.84008789,-79.65393066
888.2000122,-77.93579102,-72.24121094,-79.80957031,-79.64477539
888.4000244,-77.91442871,-72.23815918,-79.82788086,-79.70275879
888.5999756,-77.9296875,-72.23815918,-79.82177734,-79.69665527
888.7999878,-77.94189453,-72.19543457,-79.82177734,-79.65393066
889,-77.90222168,-72.21984863,-79.83398438,-79.63562012
889.2000122,-77.91442871,-72.18322754,-79.85534668,-79.61730957
889.4000244,-77.94799805,-72.19238281,-79.88586426,-79.6875
889.5999756,-77.90527344,-72.16796875,-79.9407959,-79.66918945
889.7999878,-77.94189453,-72.1862793,-79.96520996,-79.71191406
890,-77.94189453,-72.18322754,-79.89501953,-79.65698242
890.2000122,-77.9510498,-72.17102051,-79.8614502,-79.7088623
890.4000244,-77.97241211,-72.17712402,-79.85229492,-79.66003418
890.5999756,-78.0090332,-72.15881348,-79.85839844,-79.70275879
890.7999878,-77.98461914,-72.16491699,-79.79736328,-79.66918945
891,-77.93884277,-72.14355469,-79.93469238,-79.66308594
891.2000122,-77.95410156,-72.14355469,-79.87976074,-79.66918945
891.4000244,-77.93579102,-72.1496582,-79.84924316,-79.71801758
891.5999756,-77.93884277,-72.1496582,-79.87670898,-79.68444824
891.7999878,-77.96020508,-72.13439941,-79.91943359,-79.73937988
892,-77.97241211,-72.13745117,-79.84008789,-79.66918945
892.2000122,-77.97241211,-72.12219238,-79.79125977,-79.66918945
892.4000244,-77.95410156,-72.12524414,-79.76379395,-79.64172363
892.5999756,-77.98156738,-72.11914063,-79.77905273,-79.61120605
892.7999878,-77.98156738,-72.11914063,-79.78210449,-79.6661377
893,-77.96325684,-72.11608887,-79.82177734,-79.67834473
893.2000122,-78.00598145,-72.10083008,-79.81262207,-79.63867188
893.4000244,-78.01513672,-72.13134766,-79.80957031,-79.62341309
893.5999756,-78.00292969,-72.11914063,-79.78820801,-79.58068848
893.7999878,-78.02734375,-72.11608887,-79.78515625,-79.7088623
894,-78.03649902,-72.13439941,-79.77600098,-79.64477539
894.2000122,-78.05786133,-72.10693359,-79.77600098,-79.6295166
894.4000244,-78.05786133,-72.11608887,-79.73022461,-79.63562012
894.5999756,-78.04870605,-72.09472656,-79.76074219,-79.64782715
894.7999878,-78.09143066,-72.11608887,-79.75158691,-79.58374023
895,-78.08532715,-72.10083008,-79.75769043,-79.62646484
895.2000122,-78.09448242,-72.10083008,-79.72717285,-79.64782715
895.4000244,-78.13415527,-72.07336426,-79.66308594,-79.67834473
895.5999756,-78.13110352,-72.10388184,-79.7088623,-79.64782715
895.7999878,-78.13110352,-72.13134766,-79.70581055,-79.67529297
896,-78.03649902,-72.10693359,-79.70275879,-79.64172363
896.2000122,-78.05786133,-72.10388184,-79.69665527,-79.61730957
896.4000244,-78.09143066,-72.09777832,-79.63256836,-79.59594727
896.5999756,-78.125,-72.09472656,-79.68139648,-79.63256836
896.7999878,-78.09143066,-72.08862305,-79.72717285,-79.63256836
897,-78.06091309,-72.10083008,-79.65393066,-79.62646484
897.2000122,-78.07312012,-72.11608887,-79.6295166,-79.63256836
897.4000244,-78.07922363,-72.11303711,-79.6661377,-79.61730957
897.5999756,-78.06396484,-72.10998535,-79.62341309,-79.60510254
897.7999878,-78.07312012,-72.13134766,-79.65087891,-79.58068848
898,-78.08837891,-72.12219238,-79.6081543,-79.66308594
898.2000122,-78.07312012,-72.1282959,-79.62341309,-79.67834473
898.4000244,-78.07617188,-72.10083008,-79.6081543,-79.62036133
898.5999756,-78.07922363,-72.08251953,-79.57458496,-79.6081543
898.7999878,-78.07312012,-72.08557129,-79.60205078,-79.63867188
899,-78.05480957,-72.07641602,-79.61730957,-79.67529297
899.2000122,-78.05480957,-72.08862305,-79.62341309,-79.72106934
899.4000244,-78.0456543,-72.0703125,-79.63867188,-79.6661377
899.5999756,-78.02429199,-72.08557129,-79.63256836,-79.67529297
899.7999878,-78.0456543,-72.08557129,-79.62036133,-79.71496582
900,-78.05480957,-72.06726074,-79.75158691,-79.66308594
900.2000122,-78.05175781,-72.05200195,-79.68444824,-79.67834473
900.4000244,-78.03039551,-72.03369141,-79.62646484,-79.65698242
900.5999756,-78.04870605,-72.00622559,-79.68444824,-79.65698242
900.7999878,-78.05175781,-72.03674316,-79.64477539,-79.65393066
901,-78.02124023,-72.00622559,-79.67834473,-79.67224121
901.2000122,-77.98156738,-72.00622559,-79.68139648,-79.64782715
901.4000244,-77.9876709,-71.97265625,-79.63867188,-79.68444824
901.5999756,-77.98461914,-72.00012207,-79.65698242,-79.62036133
901.7999878,-77.96630859,-72.00927734,-79.68444824,-79.69055176
902,-77.96020508,-71.9909668,-79.70275879,-79.71496582
902.2000122,-77.97241211,-72.02453613,-79.78210449,-79.73022461
902.4000244,-77.99072266,-71.98181152,-79.77905273,-79.69970703
902.5999756,-77.97546387,-72.00927734,-79.69360352,-79.73022461
902.7999878,-77.96936035,-71.98181152,-79.71191406,-79.75158691
903,-77.94494629,-71.98486328,-79.75463867,-79.7454834
903.2000122,-77.9296875,-71.97570801,-79.73937988,-79.72106934
903.4000244,-77.92053223,-71.94824219,-79.79431152,-79.67224121
903.5999756,-77.94189453,-71.93908691,-79.77600098,-79.69055176
903.7999878,-77.92663574,-71.96655273,-79.74243164,-79.74853516
904,-77.87475586,-71.97875977,-79.8034668,-79.72717285
904.2000122,-77.89001465,-71.93603516,-79.84008789,-79.74243164
904.4000244,-77.93579102,-71.94824219,-79.81262207,-79.76074219
904.5999756,-77.88696289,-71.92687988,-79.81872559,-79.76989746
904.7999878,-77.8717041,-71.92077637,-79.83093262,-79.76989746
905,-77.81677246,-71.90551758,-79.84008789,-79.77294922
905.2000122,-77.81677246,-71.90551758,-79.85839844,-79.7668457
905.4000244,-77.80761719,-71.94824219,-79.85534668,-79.79431152
905.5999756,-77.85949707,-71.90856934,-79.84008789,-79.80957031
905.7999878,-77.78625488,-71.90551758,-79.84313965,-79.8248291
906,-77.81066895,-71.86584473,-79.87365723,-79.77294922
906.2000122,-77.81982422,-71.85058594,-79.84924316,-79.8614502
906.4000244,-77.78015137,-71.86279297,-79.8034668,-79.83703613
906.5999756,-77.74963379,-71.86584473,-79.83398438,-79.8034668
906.7999878,-77.74963379,-71.87194824,-79.91333008,-79.79431152
907,-77.75878906,-71.85058594,-79.92248535,-79.77294922
907.2000122,-77.77099609,-71.86279297,-79.92248535,-79.80957031
907.4000244,-77.70080566,-71.82006836,-79.87670898,-79.83093262
907.5999756,-77.734375,-71.83837891,-79.89196777,-79.83398438
907.7999878,-77.74353027,-71.83532715,-79.90722656,-79.8248291
908,-77.69165039,-71.80480957,-79.91027832,-79.83703613
908.2000122,-77.73132324,-71.82922363,-79.99572754,-79.87365723
908.4000244,-77.68554688,-71.82617188,-79.99267578,-79.86450195
908.5999756,-77.67333984,-71.82312012,-79.9987793,-79.87976074
908.7999878,-77.67028809,-71.81396484,-80.03540039,-79.91027832
909,-77.70385742,-71.81091309,-79.9987793,-79.9407959
909.2000122,-77.66418457,-71.78344727,-79.97741699,-79.89807129
909.4000244,-77.64892578,-71.78649902,-80.01098633,-79.84008789
909.5999756,-77.63977051,-71.78344727,-80.04150391,-79.85229492
909.7999878,-77.68249512,-71.78955078,-79.98352051,-79.87976074
910,-77.64587402,-71.76818848,-79.99572754,-79.88891602
910.2000122,-77.60925293,-71.78649902,-79.96520996,-79.85229492
910.4000244,-77.59094238,-71.77429199,-79.97436523,-79.92553711
910.5999756,-77.61230469,-71.78955078,-79.91333008,-79.89196777
910.7999878,-77.5970459,-71.75598145,-79.98046875,-79.83398438
911,-77.58789063,-71.79870605,-80.01098633,-79.79736328
911.2000122,-77.5970459,-71.78039551,-79.9987793,-79.79431152
911.4000244,-77.58178711,-71.75598145,-79.98046875,-79.82177734
911.5999756,-77.53295898,-71.76513672,-79.97436523,-79.89196777
911.7999878,-77.52990723,-71.78039551,-79.93469238,-79.84313965
912,-77.55737305,-71.7590332,-79.91027832,-79.83703613
912.2000122,-77.57873535,-71.79260254,-79.91333008,-79.81567383
912.4000244,-77.55126953,-71.78649902,-79.88586426,-79.84619141
912.5999756,-77.53295898,-71.81396484,-79.91027832,-79.85839844
912.7999878,-77.55737305,-71.78344727,-79.90112305,-79.82177734
913,-77.54821777,-71.76818848,-79.91333008,-79.82177734
913.2000122,-77.51464844,-71.75292969,-79.92248535,-79.87365723
913.4000244,-77.49023438,-71.76818848,-79.88586426,-79.87365723
913.5999756,-77.45056152,-71.78955078,-79.86755371,-79.85534668
913.7999878,-77.49328613,-71.77429199,-79.83093262,-79.84619141
914,-77.50549316,-71.77429199,-79.80651855,-79.79736328
914.2000122,-77.49328613,-71.79260254,-79.84619141,-79.83703613
914.4000244,-77.4597168,-71.78039551,-79.84619141,-79.83093262
914.5999756,-77.42919922,-71.81091309,-79.81872559,-79.84619141
914.7999878,-77.43835449,-71.79260254,-79.79125977,-79.85839844
915,-77.47497559,-71.76818848,-79.76379395,-79.81262207
915.2000122,-77.42004395,-71.77734375,-79.76989746,-79.79125977
915.4000244,-77.41088867,-71.81091309,-79.77905273,-79.81567383
915.5999756,-77.4017334,-71.7956543,-79.81567383,-79.85839844
915.7999878,-77.41394043,-71.81091309,-79.78210449,-79.77294922
916,-77.39562988,-71.79260254,-79.73937988,-79.82788086
916.2000122,-77.35900879,-71.8170166,-79.73022461,-79.76379395
916.4000244,-77.43530273,-71.78649902,-79.6661377,-79.78210449
916.5999756,-77.42614746,-71.7956543,-79.67224121,-79.78820801
916.7999878,-77.38037109,-71.77734375,-79.67834473,-79.73022461
917,-77.38342285,-71.77429199,-79.69970703,-79.73937988
917.2000122,-77.39257813,-71.78344727,-79.72717285,-79.76989746
917.4000244,-77.42004395,-71.80480957,-79.68444824,-79.77905273
917.5999756,-77.38342285,-71.78955078,-79.61120605,-79.75158691
917.7999878,-77.37121582,-71.76208496,-79.6081543,-79.74853516
918,-77.38647461,-71.77734375,-79.64477539,-79.73937988
918.2000122,-77.37121582,-71.78649902,-79.65698242,-79.83093262
918.4000244,-77.35595703,-71.77734375,-79.65087891,-79.79431152
918.5999756,-77.33154297,-71.7590332,-79.62646484,-79.81262207
918.7999878,-77.30102539,-71.72241211,-79.65393066,-79.75769043
919,-77.30102539,-71.76208496,-79.67224121,-79.77905273
919.2000122,-77.29797363,-71.7590332,-79.6875,-79.71801758
919.4000244,-77.30712891,-71.76208496,-79.71496582,-79.76989746
919.5999756,-77.25524902,-71.76208496,-79.69055176,-79.74243164
919.7999878,-77.2857666,-71.74682617,-79.68444824,-79.77294922
920,-77.24914551,-71.73156738,-79.71496582,-79.73937988
920.2000122,-77.25524902,-71.7376709,-79.69055176,-79.73022461
920.4000244,-77.22473145,-71.7376709,-79.65393066,-79.71496582
920.5999756,-77.21252441,-71.7376709,-79.65393066,-79.77905273
920.7999878,-77.19421387,-71.74072266,-79.6875,-79.77294922
921,-77.2277832,-71.74072266,-79.6661377,-79.80957031
921.2000122,-77.2064209,-71.74682617,-79.71496582,-79.78515625
921.4000244,-77.17895508,-71.74682617,-79.73022461,-79.81262207
921.5999756,-77.1697998,-71.75292969,-79.67834473,-79.76989746
921.7999878,-77.1270752,-71.70410156,-79.71496582,-79.82177734
922,-77.13928223,-71.73461914,-79.73022461,-79.78515625
922.2000122,-77.15148926,-71.72241211,-79.75463867,-79.73937988
922.4000244,-77.11181641,-71.71630859,-79.83093262,-79.79736328
922.5999756,-77.08740234,-71.72546387,-79.76379395,-79.75158691
922.7999878,-77.05078125,-71.71020508,-79.76379395,-79.80957031
923,-77.06604004,-71.72546387,-79.80651855,-79.7668457
923.2000122,-77.10266113,-71.73156738,-79.79736328,-79.82788086
923.4000244,-77.09655762,-71.69494629,-79.80957031,-79.82788086
923.5999756,-77.06298828,-71.71020508,-79.84008789,-79.80041504
923.7999878,-77.05993652,-71.70715332,-79.81262207,-79.86450195
924,-77.04772949,-71.67663574,-79.84924316,-79.83093262
924.2000122,-77.04162598,-71.66442871,-79.84008789,-79.87365723
924.4000244,-77.0324707,-71.67053223,-79.85229492,-79.88586426
924.5999756,-77.0324707,-71.66442871,-79.89807129,-79.82788086
924.7999878,-77.02636719,-71.66137695,-79.9041748,-79.81262207
925,-77.01721191,-71.66137695,-79.93774414,-79.81567383
925.2000122,-77.01416016,-71.64916992,-79.90722656,-79.79125977
925.4000244,-76.99584961,-71.63391113,-79.93164063,-79.84619141
925.5999756,-76.98364258,-71.64001465,-79.95910645,-79.87670898
925.7999878,-76.98364258,-71.60339355,-79.91027832,-79.8614502
926,-76.95007324,-71.62475586,-79.9407959,-79.87670898
926.2000122,-76.96228027,-71.61254883,-79.97436523,-79.86450195
926.4000244,-76.94396973,-71.57592773,-80.00488281,-79.84313965
926.5999756,-76.90734863,-71.6003418,-79.98657227,-79.86450195
926.7999878,-76.93481445,-71.59423828,-79.97741699,-79.85839844
927,-76.90734863,-71.5423584,-80.03845215,-79.8614502
927.2000122,-76.94396973,-71.5423584,-80.07202148,-79.87060547
927.4000244,-76.94091797,-71.54846191,-80.06591797,-79.92248535
927.5999756,-76.92260742,-71.56066895,-80.04760742,-79.89196777
927.7999878,-76.91040039,-71.5423584,-80.08117676,-79.90112305
928,-76.90734863,-71.5637207,-80.08422852,-79.91333008
928.2000122,-76.91650391,-71.5423584,-80.06286621,-79.85839844
928.4000244,-76.89208984,-71.53015137,-80.08728027,-79.88586426
928.5999756,-76.86157227,-71.53015137,-80.15441895,-79.83703613
928.7999878,-76.86462402,-71.51794434,-80.1574707,-79.84924316
929,-76.91650391,-71.54846191,-80.14221191,-79.88891602
929.2000122,-76.87683105,-71.56066895,-80.20324707,-79.85229492
929.4000244,-76.87683105,-71.53625488,-80.17272949,-79.84924316
929.5999756,-76.84326172,-71.55151367,-80.14831543,-79.87670898
929.7999878,-76.85546875,-71.52099609,-80.17883301,-79.88891602
930,-76.85546875,-71.52709961,-80.16052246,-79.91638184
930.2000122,-76.82189941,-71.49353027,-80.20629883,-79.9041748
930.4000244,-76.8371582,-71.5423584,-80.20629883,-79.84008789
930.5999756,-76.81274414,-71.52709961,-80.15136719,-79.89807129
930.7999878,-76.81274414,-71.52709961,-80.18188477,-79.87976074
931,-76.83410645,-71.49353027,-80.19714355,-79.81567383
931.2000122,-76.79748535,-71.51184082,-80.1940918,-79.83093262
931.4000244,-76.79748535,-71.53015137,-80.18493652,-79.81872559
931.5999756,-76.79443359,-71.49963379,-80.18798828,-79.9041748
931.7999878,-76.77307129,-71.49353027,-80.12390137,-79.89807129
932,-76.80664063,-71.49353027,-80.12084961,-79.90722656
932.2000122,-76.78833008,-71.51489258,-80.14221191,-79.8614502
932.4000244,-76.78833008,-71.49047852,-80.14221191,-79.9041748
932.5999756,-76.71813965,-71.47827148,-80.10864258,-79.91333008
932.7999878,-76.74560547,-71.51184082,-80.19714355,-79.86450195
933,-76.75170898,-71.49963379,-80.17883301,-79.80041504
933.2000122,-76.71508789,-71.47827148,-80.17883301,-79.83093262
933.4000244,-76.72729492,-71.47521973,-80.15441895,-79.8034668
933.5999756,-76.73034668,-71.46606445,-80.18493652,-79.81872559
933.7999878,-76.70898438,-71.44165039,-80.078125,-79.85229492
934,-76.75170898,-71.45080566,-80.10864258,-79.78820801
934.2000122,-76.75170898,-71.43249512,-80.05981445,-79.77905273
934.4000244,-76.72424316,-71.43249512,-80.13000488,-79.72412109
934.5999756,-76.74560547,-71.43249512,-80.13916016,-79.72717285
934.7999878,-76.6998291,-71.44470215,-80.08117676,-79.77600098
935,-76.69067383,-71.42028809,-80.06286621,-79.76379395
935.2000122,-76.66320801,-71.40197754,-80.06591797,-79.6875
935.4000244,-76.66931152,-71.40808105,-80.05371094,-79.75769043
935.5999756,-76.70593262,-71.38366699,-80.04760742,-79.71191406
935.7999878,-76.68762207,-71.37145996,-80.04455566,-79.7454834
936,-76.66931152,-71.36230469,-80.03540039,-79.72717285
936.2000122,-76.68762207,-71.33483887,-79.97131348,-79.72106934
936.4000244,-76.68151855,-71.33789063,-80.0994873,-79.75158691
936.5999756,-76.69067383,-71.3470459,-80.0201416,-79.72106934
936.7999878,-76.70288086,-71.30737305,-80.03540039,-79.72412109
937,-76.6784668,-71.2890625,-80.05981445,-79.69970703
937.2000122,-76.6998291,-71.32873535,-80.03234863,-79.68139648
937.4000244,-76.69677734,-71.25854492,-80.03234863,-79.69055176
937.5999756,-76.68151855,-71.27380371,-80.00183105,-79.68444824
937.7999878,-76.70288086,-71.2677002,-79.96520996,-79.68139648
938,-76.67236328,-71.2677002,-79.93469238,-79.69360352
938.2000122,-76.64794922,-71.2677002,-79.9041748,-79.7454834
938.4000244,-76.62353516,-71.24023438,-79.92248535,-79.69665527
938.5999756,-76.63574219,-71.24633789,-79.98657227,-79.6661377
938.7999878,-76.61437988,-71.22497559,-79.98657227,-79.68139648
939,-76.62353516,-71.2097168,-79.95300293,-79.73327637
939.2000122,-76.64489746,-71.19140625,-79.94384766,-79.75769043
939.4000244,-76.69067383,-71.19445801,-79.87976074,-79.7668457
939.5999756,-76.67541504,-71.16699219,-79.8828125,-79.73632813
939.7999878,-76.65100098,-71.17004395,-79.9041748,-79.69970703
940,-76.6418457,-71.15783691,-79.9407959,-79.69665527
940.2000122,-76.62963867,-71.13342285,-79.96826172,-79.72106934
940.4000244,-76.64489746,-71.09680176,-80.02624512,-79.73632813
940.5999756,-76.59606934,-71.09375,-79.95605469,-79.70581055
940.7999878,-76.57470703,-71.09069824,-79.97131348,-79.7088623
941,-76.61743164,-71.05712891,-79.95300293,-79.73632813
941.2000122,-76.60217285,-71.06933594,-79.91638184,-79.67834473
941.4000244,-76.5625,-71.03271484,-79.9407959,-79.64172363
941.5999756,-76.55639648,-71.01135254,-79.98962402,-79.69970703
941.7999878,-76.56860352,-71.00219727,-79.98962402,-79.71801758
942,-76.56860352,-70.98693848,-80.0201416,-79.6875
942.2000122,-76.51062012,-70.9777832,-79.97131348,-79.71801758
942.4000244,-76.51062012,-70.98083496,-80.00488281,-79.7088623
942.5999756,-76.50146484,-70.96862793,-79.98352051,-79.69970703
942.7999878,-76.52282715,-70.93505859,-80.03234863,-79.77294922
943,-76.51977539,-70.9564209,-79.90112305,-79.75158691
943.2000122,-76.55029297,-70.8984375,-79.93469238,-79.73022461
943.4000244,-76.46484375,-70.90148926,-79.96520996,-79.77600098
943.5999756,-76.4831543,-70.87402344,-79.97131348,-79.80957031
943.7999878,-76.45568848,-70.86486816,-80.01708984,-79.7668457
944,-76.41601563,-70.86181641,-79.99572754,-79.78210449
944.2000122,-76.45874023,-70.87097168,-80.0201416,-79.80651855
944.4000244,-76.42822266,-70.84350586,-79.98657227,-79.8248291
944.5999756,-76.4251709,-70.84350586,-80.04760742,-79.77294922
944.7999878,-76.41296387,-70.85571289,-80.1361084,-79.77905273
945,-76.41601563,-70.85571289,-80.13000488,-79.8248291
945.2000122,-76.40075684,-70.85266113,-80.10864258,-79.76989746
945.4000244,-76.37634277,-70.80688477,-80.04150391,-79.73937988
945.5999756,-76.36413574,-70.80688477,-80.078125,-79.77905273
945.7999878,-76.36413574,-70.79772949,-80.0201416,-79.77294922
946,-76.35192871,-70.80688477,-80.06591797,-79.81872559
946.2000122,-76.29089355,-70.81298828,-80.13916016,-79.80041504
946.4000244,-76.28479004,-70.81298828,-80.0567627,-79.77294922
946.5999756,-76.26647949,-70.79162598,-80.11474609,-79.80957031
946.7999878,-76.29089355,-70.78857422,-80.0994873,-79.81872559
947,-76.22070313,-70.77636719,-80.14221191,-79.8034668
947.2000122,-76.25732422,-70.79162598,-80.18798828,-79.82788086
947.4000244,-76.24511719,-70.77331543,-80.18188477,-79.78820801
947.5999756,-76.24511719,-70.77026367,-80.19104004,-79.8248291
947.7999878,-76.26037598,-70.7824707,-80.22766113,-79.83398438
948,-76.2298584,-70.76416016,-80.16662598,-79.8248291
948.2000122,-76.20849609,-70.75195313,-80.1574707,-79.87976074
948.4000244,-76.22375488,-70.75500488,-80.18493652,-79.85229492
948.5999756,-76.23291016,-70.73364258,-80.17883301,-79.82788086
948.7999878,-76.20239258,-70.72143555,-80.18798828,-79.86450195
949,-76.16271973,-70.73669434,-80.20019531,-79.87365723
949.2000122,-76.21765137,-70.71838379,-80.21240234,-79.84924316
949.4000244,-76.22070313,-70.70007324,-80.22766113,-79.88891602
949.5999756,-76.19018555,-70.7611084,-80.22460938,-79.87976074
949.7999878,-76.20544434,-70.74584961,-80.26733398,-79.83703613
950,-76.17797852,-70.70007324,-80.27954102,-79.88586426
950.2000122,-76.18713379,-70.69396973,-80.23071289,-79.87670898
950.4000244,-76.22680664,-70.70617676,-80.20019531,-79.86755371
950.5999756,-76.23291016,-70.69702148,-80.24291992,-79.92553711
950.7999878,-76.17492676,-70.68481445,-80.21850586,-79.8614502
951,-76.1505127,-70.703125,-80.1940918,-79.83093262
951.2000122,-76.14135742,-70.70617676,-80.1574707,-79.84313965
951.4000244,-76.12304688,-70.69091797,-80.14526367,-79.85534668
951.5999756,-76.1138916,-70.68481445,-80.16967773,-79.84313965
951.7999878,-76.16271973,-70.6817627,-80.1574707,-79.87670898
952,-76.15966797,-70.703125,-80.1940918,-79.86755371
952.2000122,-76.16577148,-70.67565918,-80.1574707,-79.83703613
952.4000244,-76.13830566,-70.68481445,-80.14831543,-79.74853516
952.5999756,-76.18103027,-70.6817627,-80.16357422,-79.74243164
952.7999878,-76.14746094,-70.64819336,-80.18188477,-79.75463867
953,-76.14135742,-70.6817627,-80.16967773,-79.86755371
953.2000122,-76.14135742,-70.6451416,-80.11779785,-79.84313965
953.4000244,-76.17797852,-70.66040039,-80.1574707,-79.78210449
953.5999756,-76.16271973,-70.66040039,-80.14526367,-79.80041504
953.7999878,-76.14135742,-70.68481445,-80.10864258,-79.80041504
954,-76.20849609,-70.6451416,-80.16357422,-79.74243164
954.2000122,-76.17492676,-70.67565918,-80.15136719,-79.78210449
954.4000244,-76.1505127,-70.65429688,-80.05065918,-79.83093262
954.5999756,-76.13830566,-70.67565918,-80.05371094,-79.84619141
954.7999878,-76.19628906,-70.68786621,-80.07202148,-79.81872559
955,-76.20849609,-70.66040039,-80.03234863,-79.80041504
955.2000122,-76.12304688,-70.65429688,-80.05981445,-79.82177734
955.4000244,-76.13525391,-70.65429688,-80.03845215,-79.73327637
955.5999756,-76.14135742,-70.64819336,-80.078125,-79.72412109
955.7999878,-76.12915039,-70.64819336,-79.98657227,-79.69665527
956,-76.08337402,-70.6451416,-79.88891602,-79.7454834
956.2000122,-76.11694336,-70.62072754,-79.91638184,-79.78820801
956.4000244,-76.1505127,-70.62072754,-79.94995117,-79.69970703
956.5999756,-76.14135742,-70.65124512,-79.91943359,-79.69970703
956.7999878,-76.15661621,-70.61767578,-79.9407959,-79.73937988
957,-76.13525391,-70.64819336,-79.98046875,-79.75463867
957.2000122,-76.10778809,-70.60852051,-79.98962402,-79.73327637
957.4000244,-76.15356445,-70.59326172,-79.98657227,-79.69055176
957.5999756,-76.14746094,-70.57800293,-79.97436523,-79.69665527
957.7999878,-76.20239258,-70.59936523,-79.98657227,-79.7454834
958,-76.18408203,-70.62683105,-79.9987793,-79.73022461
958.2000122,-76.1505127,-70.5871582,-79.93469238,-79.80041504
958.4000244,-76.20239258,-70.57800293,-79.89196777,-79.71801758
958.5999756,-76.19018555,-70.58105469,-79.90112305,-79.70275879
958.7999878,-76.14135742,-70.59326172,-79.92553711,-79.62646484
959,-76.1505127,-70.57495117,-79.87670898,-79.68139648
959.2000122,-76.15356445,-70.55358887,-79.91027832,-79.74243164
959.4000244,-76.15356445,-70.59631348,-79.87670898,-79.68139648
959.5999756,-76.1505127,-70.54443359,-79.91027832,-79.65087891
959.7999878,-76.12915039,-70.54443359,-79.92858887,-79.63867188
960,-76.14440918,-70.55358887,-79.92858887,-79.71801758
960.2000122,-76.16577148,-70.54748535,-79.93469238,-79.72106934
960.4000244,-76.16577148,-70.52307129,-79.93469238,-79.73937988
960.5999756,-76.12915039,-70.52307129,-79.99267578,-79.75158691
960.7999878,-76.09863281,-70.55053711,-79.95300293,-79.72106934
961,-76.11999512,-70.51086426,-79.96520996,-79.70275879
961.2000122,-76.10473633,-70.51391602,-80.01098633,-79.69665527
961.4000244,-76.10778809,-70.49560547,-79.97436523,-79.70581055
961.5999756,-76.07727051,-70.48950195,-79.93469238,-79.71801758
961.7999878,-76.07116699,-70.4864502,-79.98962402,-79.73022461
962,-76.04980469,-70.48950195,-80.00793457,-79.76379395
962.2000122,-76.0925293,-70.47424316,-79.9621582,-79.73327637
962.4000244,-76.07421875,-70.46508789,-79.97131348,-79.76379395
962.5999756,-75.97961426,-70.45288086,-80.078125,-79.73327637
962.7999878,-75.97045898,-70.45898438,-80.06286621,-79.75769043
963,-75.96435547,-70.43457031,-80.01708984,-79.69970703
963.2000122,-76.02844238,-70.4498291,-80.01098633,-79.67529297
963.4000244,-75.99182129,-70.43151855,-79.99267578,-79.71496582
963.5999756,-75.98266602,-70.43762207,-80.05981445,-79.72717285
963.7999878,-75.99487305,-70.4284668,-80.02624512,-79.70581055
964,-75.9552002,-70.42236328,-80.02624512,-79.72717285
964.2000122,-75.9979248,-70.42541504,-80.02624512,-79.73022461
964.4000244,-75.96435547,-70.43457031,-79.97436523,-79.74853516
964.5999756,-75.91247559,-70.41625977,-80.01403809,-79.79736328
964.7999878,-75.94604492,-70.42236328,-80.01098633,-79.74853516
965,-75.96435547,-70.41625977,-80.02624512,-79.72412109
965.2000122,-75.95825195,-70.42236328,-79.98046875,-79.73632813
965.4000244,-75.9552002,-70.4284668,-80.03540039,-79.74853516
965.5999756,-75.93078613,-70.40405273,-80.08117676,-79.75769043
965.7999878,-75.90026855,-70.3918457,-80.07507324,-79.75769043
966,-75.87890625,-70.41625977,-80.0567627,-79.73632813
966.2000122,-75.88806152,-70.43457031,-80.05065918,-79.73327637
966.4000244,-75.90637207,-70.37353516,-80.07507324,-79.75769043
966.5999756,-75.83618164,-70.41015625,-80.06286621,-79.7668457
966.7999878,-75.84533691,-70.37658691,-80.00488281,-79.75769043
967,-75.85754395,-70.40405273,-80.04455566,-79.74243164
967.2000122,-75.82702637,-70.37658691,-80.01098633,-79.74853516
967.4000244,-75.76904297,-70.34912109,-80.06591797,-79.80041504
967.5999756,-75.82092285,-70.37963867,-80.08422852,-79.78210449
967.7999878,-75.79040527,-70.38269043,-80.04150391,-79.79736328
968,-75.77514648,-70.37353516,-79.97436523,-79.78210449
968.2000122,-75.76599121,-70.38269043,-80.01403809,-79.7668457
968.4000244,-75.7598877,-70.34606934,-80.05065918,-79.75158691
968.5999756,-75.78735352,-70.35827637,-80.06896973,-79.77294922
968.7999878,-75.78735352,-70.3918457,-80.078125,-79.76989746
969,-75.76599121,-70.40100098,-80.04760742,-79.75158691
969.2000122,-75.77514648,-70.37353516,-80.1361084,-79.75769043
969.4000244,-75.76904297,-70.39489746,-80.02929688,-79.83093262
969.5999756,-75.73547363,-70.39489746,-80.02929688,-79.86450195
969.7999878,-75.70800781,-70.3704834,-80.06896973,-79.79736328
970,-75.73242188,-70.38269043,-80.04455566,-79.79736328
970.2000122,-75.70800781,-70.38574219,-80.02319336,-79.8248291
970.4000244,-75.7019043,-70.39794922,-79.9987793,-79.85839844
970.5999756,-75.71716309,-70.37658691,-80.02624512,-79.82177734
970.7999878,-75.69885254,-70.40710449,-80.03540039,-79.75463867
971,-75.72937012,-70.39489746,-80.04760742,-79.78820801
971.2000122,-75.7232666,-70.40405273,-80.00793457,-79.8248291
971.4000244,-75.66223145,-70.40710449,-80.0201416,-79.82177734
971.5999756,-75.64697266,-70.41015625,-80.02624512,-79.77600098
971.7999878,-75.68054199,-70.39489746,-80.07507324,-79.78515625
972,-75.6652832,-70.41625977,-80.06286621,-79.79125977
972.2000122,-75.63476563,-70.42541504,-80.07507324,-79.81262207
972.4000244,-75.59204102,-70.41320801,-80.10253906,-79.82788086
972.5999756,-75.60119629,-70.4284668,-80.10253906,-79.81872559
972.7999878,-75.60424805,-70.4498291,-79.99267578,-79.8034668
973,-75.54321289,-70.44372559,-80.00793457,-79.78515625
973.2000122,-75.57373047,-70.48034668,-80.06286621,-79.8614502
973.4000244,-75.55847168,-70.4864502,-80.10253906,-79.84924316
973.5999756,-75.5645752,-70.4864502,-80.078125,-79.81567383
973.7999878,-75.59509277,-70.50476074,-80.04150391,-79.79125977
974,-75.5645752,-70.51086426,-80.07202148,-79.82177734
974.2000122,-75.57067871,-70.47424316,-79.98657227,-79.7668457
974.4000244,-75.54016113,-70.52001953,-80.00793457,-79.79125977
974.5999756,-75.53405762,-70.53527832,-80.01403809,-79.74243164
974.7999878,-75.56762695,-70.54443359,-80.01708984,-79.71801758
975,-75.50048828,-70.53833008,-80.04760742,-79.76989746
975.2000122,-75.51574707,-70.56884766,-80.04760742,-79.73327637
975.4000244,-75.51269531,-70.58410645,-80.01403809,-79.75158691
975.5999756,-75.48522949,-70.57495117,-80.00183105,-79.75769043
975.7999878,-75.49438477,-70.58410645,-79.94384766,-79.7668457
976,-75.48522949,-70.58105469,-79.92248535,-79.72412109
976.2000122,-75.48217773,-70.57800293,-79.90112305,-79.81262207
976.4000244,-75.50048828,-70.60852051,-79.89501953,-79.82177734
976.5999756,-75.44250488,-70.61157227,-79.88891602,-79.77600098
976.7999878,-75.44555664,-70.60852051,-79.85229492,-79.74853516
977,-75.43029785,-70.60852051,-79.93164063,-79.69360352
977.2000122,-75.46081543,-70.63598633,-79.91333008,-79.69970703
977.4000244,-75.5279541,-70.66345215,-79.93774414,-79.73327637
977.5999756,-75.52185059,-70.64819336,-79.84619141,-79.69360352
977.7999878,-75.48217773,-70.66955566,-79.82177734,-79.68444824
978,-75.52185059,-70.65734863,-79.84924316,-79.69055176
978.2000122,-75.54016113,-70.68786621,-79.86755371,-79.75769043
978.4000244,-75.57067871,-70.67871094,-79.81567383,-79.77905273
978.5999756,-75.51574707,-70.69091797,-79.84313965,-79.70581055
978.7999878,-75.51269531,-70.67565918,-79.85534668,-79.6661377
979,-75.49133301,-70.69702148,-79.8828125,-79.67224121
979.2000122,-75.54931641,-70.73059082,-79.89807129,-79.70275879
979.4000244,-75.48217773,-70.70617676,-79.92553711,-79.74243164
979.5999756,-75.46691895,-70.74279785,-79.87670898,-79.68444824
979.7999878,-75.48522949,-70.70617676,-79.87976074,-79.67834473
980,-75.4699707,-70.73974609,-79.89501953,-79.67529297
980.2000122,-75.48828125,-70.71838379,-79.9407959,-79.67834473
980.4000244,-75.52490234,-70.703125,-79.94689941,-79.75463867
980.5999756,-75.47607422,-70.71533203,-80.01403809,-79.69970703
980.7999878,-75.47607422,-70.70617676,-79.92858887,-79.69055176
981,-75.43334961,-70.73669434,-79.91333008,-79.69970703
981.2000122,-75.48217773,-70.75500488,-79.98657227,-79.70581055
981.4000244,-75.46691895,-70.72753906,-80.01708984,-79.74243164
981.5999756,-75.48522949,-70.7244873,-79.98962402,-79.73632813
981.7999878,-75.43640137,-70.72143555,-79.97436523,-79.6875
982,-75.48217773,-70.74279785,-79.99572754,-79.71191406
982.2000122,-75.50048828,-70.75195313,-80.04150391,-79.70581055
982.4000244,-75.49438477,-70.74584961,-80.03540039,-79.7088623
982.5999756,-75.46691895,-70.75805664,-80.00183105,-79.72717285
982.7999878,-75.50048828,-70.77026367,-79.98352051,-79.7668457
983,-75.49438477,-70.77941895,-79.97436523,-79.70581055
983.2000122,-75.50354004,-70.73669434,-79.98046875,-79.71801758
983.4000244,-75.50354004,-70.7244873,-80.04150391,-79.72106934
983.5999756,-75.47912598,-70.74279785,-80.04760742,-79.68139648
983.7999878,-75.43945313,-70.7244873,-80.0567627,-79.71496582
984,-75.52185059,-70.7244873,-80.06286621,-79.73022461
984.2000122,-75.48522949,-70.76721191,-80.10253906,-79.71801758
984.4000244,-75.47302246,-70.71533203,-80.10253906,-79.75158691
984.5999756,-75.4699707,-70.70922852,-80.06591797,-79.79125977
984.7999878,-75.4486084,-70.75500488,-80.078125,-79.77600098
985,-75.43945313,-70.7244873,-80.16662598,-79.75769043
985.2000122,-75.44555664,-70.75195313,-80.16052246,-79.7454834
985.4000244,-75.42724609,-70.73364258,-80.16967773,-79.7668457
985.5999756,-75.44555664,-70.74279785,-80.16967773,-79.7668457
985.7999878,-75.4119873,-70.71228027,-80.12695313,-79.81567383
986,-75.38757324,-70.71838379,-80.14526367,-79.84619141
986.2000122,-75.40588379,-70.72753906,-80.20019531,-79.82177734
986.4000244,-75.39367676,-70.71838379,-80.23071289,-79.80651855
986.5999756,-75.40893555,-70.72143555,-80.22460938,-79.79736328
986.7999878,-75.42724609,-70.73364258,-80.22155762,-79.81872559
987,-75.39367676,-70.72143555,-80.17883301,-79.77905273
987.2000122,-75.39367676,-70.72143555,-80.25817871,-79.79431152
987.4000244,-75.4119873,-70.70922852,-80.23376465,-79.79125977
987.5999756,-75.4119873,-70.69091797,-80.3314209,-79.86755371
987.7999878,-75.36315918,-70.66650391,-80.32836914,-79.88586426
988,-75.36010742,-70.66955566,-80.31921387,-79.84924316
988.2000122,-75.39978027,-70.65429688,-80.31616211,-79.78820801
988.4000244,-75.36010742,-70.66650391,-80.28259277,-79.85534668
988.5999756,-75.34790039,-70.66650391,-80.3314209,-79.86755371
988.7999878,-75.34484863,-70.63903809,-80.37109375,-79.85229492
989,-75.3692627,-70.66650391,-80.34667969,-79.83703613
989.2000122,-75.3326416,-70.61462402,-80.34362793,-79.8614502
989.4000244,-75.37231445,-70.66040039,-80.39550781,-79.83398438
989.5999756,-75.31433105,-70.64819336,-80.41992188,-79.87976074
989.7999878,-75.32043457,-70.64819336,-80.37414551,-79.92553711
990,-75.3326416,-70.62988281,-80.33752441,-79.8828125
990.2000122,-75.35705566,-70.61767578,-80.28869629,-79.8828125
990.4000244,-75.3326416,-70.60241699,-80.28869629,-79.86755371
990.5999756,-75.31433105,-70.59936523,-80.34362793,-79.86755371
990.7999878,-75.32958984,-70.59631348,-80.41381836,-79.83398438
991,-75.32653809,-70.57800293,-80.34667969,-79.77905273
991.2000122,-75.38146973,-70.56274414,-80.30090332,-79.80041504
991.4000244,-75.36315918,-70.59936523,-80.31005859,-79.8614502
991.5999756,-75.31738281,-70.56884766,-80.24291992,-79.79431152
991.7999878,-75.38146973,-70.55969238,-80.21240234,-79.84619141
992,-75.39978027,-70.56274414,-80.27648926,-79.83398438
992.2000122,-75.33874512,-70.56884766,-80.23681641,-79.84008789
992.4000244,-75.36315918,-70.51696777,-80.22460938,-79.88891602
992.5999756,-75.39367676,-70.52612305,-80.23681641,-79.8248291
992.7999878,-75.37536621,-70.5291748,-80.20324707,-79.83093262
993,-75.390625,-70.52612305,-80.17272949,-79.78515625
993.2000122,-75.38757324,-70.53222656,-80.22155762,-79.79125977
993.4000244,-75.38146973,-70.49865723,-80.17578125,-79.80041504
993.5999756,-75.4119873,-70.49255371,-80.17578125,-79.7668457
993.7999878,-75.4486084,-70.50170898,-80.18188477,-79.77905273
994,-75.42724609,-70.50170898,-80.14526367,-79.79736328
994.2000122,-75.4486084,-70.49560547,-80.0994873,-79.71801758
994.4000244,-75.43029785,-70.46203613,-80.17883301,-79.75463867
994.5999756,-75.48522949,-70.48950195,-80.11474609,-79.77294922
994.7999878,-75.49438477,-70.47729492,-80.09643555,-79.7668457
995,-75.45776367,-70.46508789,-80.05371094,-79.76074219
995.2000122,-75.52185059,-70.4498291,-80.1361084,-79.71191406
995.4000244,-75.50964355,-70.43151855,-80.13305664,-79.7088623
995.5999756,-75.51574707,-70.4498291,-80.09643555,-79.77600098
995.7999878,-75.50048828,-70.42236328,-80.08422852,-79.69055176
996,-75.53405762,-70.44372559,-80.0567627,-79.7668457
996.2000122,-75.53405762,-70.42541504,-80.02624512,-79.71191406
996.4000244,-75.5279541,-70.44677734,-80.00183105,-79.69970703
996.5999756,-75.55236816,-70.41625977,-79.97741699,-79.73022461
996.7999878,-75.5859375,-70.38269043,-80.03845215,-79.75158691
997,-75.61645508,-70.39489746,-80.01403809,-79.70275879
997.2000122,-75.61950684,-70.36437988,-80.01403809,-79.68444824
997.4000244,-75.61035156,-70.38269043,-79.98657227,-79.66003418
997.5999756,-75.63171387,-70.36437988,-79.92553711,-79.63867188
997.7999878,-75.60119629,-70.38574219,-79.93774414,-79.69970703
998,-75.66223145,-70.33996582,-79.95910645,-79.67224121
998.2000122,-75.66833496,-70.34606934,-79.99572754,-79.68444824
998.4000244,-75.65917969,-70.34912109,-79.92858887,-79.65393066
998.5999756,-75.67749023,-70.32775879,-79.92553711,-79.64172363
998.7999878,-75.71716309,-70.36437988,-79.99267578,-79.64172363
999,-75.76904297,-70.33996582,-79.9621582,-79.72717285
999.2000122,-75.73852539,-70.35217285,-79.87670898,-79.67529297
999.4000244,-75.77209473,-70.33691406,-79.92858887,-79.65698242
999.5999756,-75.82702637,-70.33996582,-79.91333008,-79.66308594
999.7999878,-75.80871582,-70.32165527,-79.84619141,-79.64172363