,21728047
Time,Voltage
0,-84.59777832
0.203125,-84.57336426
0.40625,-84.62219238
0.6015625,-84.59472656
0.8046875,-84.61608887
1,-84.63745117
1.203125,-84.62524414
1.40625,-84.62524414
1.6015625,-84.61608887
1.8046875,-84.62219238
2,-84.5489502
2.203125,-84.58557129
2.40625,-84.63134766
2.6015625,-84.62219238
2.8046875,-84.65270996
3,-84.62219238
3.203125,-84.67102051
3.40625,-84.6282959
3.6015625,-84.60083008
3.8046875,-84.56420898
4,-84.61303711
4.203125,-84.61303711
4.40625,-84.51843262
4.6015625,-84.63439941
4.8046875,-84.59777832
5,-84.54589844
5.203125,-84.57336426
5.40625,-84.60998535
5.6015625,-84.62219238
5.8046875,-84.62219238
6,-84.59472656
6.203125,-84.60083008
6.40625,-84.60083008
6.6015625,-84.52453613
6.8046875,-84.58862305
7,-84.62524414
7.203125,-84.66186523
7.40625,-84.61608887
7.6015625,-84.63439941
7.8046875,-84.55505371
8,-84.50012207
8.203125,-84.48486328
8.40625,-84.54284668
8.6015625,-84.55200195
8.8046875,-84.51538086
9,-84.44824219
9.203125,-84.46350098
9.40625,-84.57336426
9.6015625,-84.50012207
9.8046875,-84.44824219
10,-84.48181152
10.203125,-84.47875977
10.40625,-84.48181152
10.6015625,-84.41162109
10.8046875,-84.51843262
11,-84.47875977
11.203125,-84.46655273
11.40625,-84.46655273
11.6015625,-84.40551758
11.8046875,-84.43908691
12,-84.44824219
12.203125,-84.43908691
12.40625,-84.44519043
12.6015625,-84.46044922
12.8046875,-84.46960449
13,-84.50317383
13.203125,-84.46044922
13.40625,-84.4329834
13.6015625,-84.42993164
13.8046875,-84.40856934
14,-84.4329834
14.203125,-84.41162109
14.40625,-84.40856934
14.6015625,-84.42687988
14.8046875,-84.45129395
15,-84.53674316
15.203125,-84.44519043
15.40625,-84.46044922
15.6015625,-84.46350098
15.8046875,-84.51843262
16,-84.54589844
16.203125,-84.4543457
16.40625,-84.43908691
16.6015625,-84.50622559
16.8046875,-84.45129395
17,-84.46960449
17.203125,-84.44824219
17.40625,-84.40856934
17.6015625,-84.47570801
17.8046875,-84.51538086
18,-84.49707031
18.203125,-84.48181152
18.40625,-84.53063965
18.6015625,-84.47875977
18.8046875,-84.46655273
19,-84.43908691
19.203125,-84.45129395
19.40625,-84.51538086
19.6015625,-84.5123291
19.8046875,-84.47265625
20,-84.5123291
20.203125,-84.51538086
20.40625,-84.5123291
20.6015625,-84.53063965
20.8046875,-84.46960449
21,-84.50622559
21.203125,-84.47570801
21.40625,-84.47570801
21.6015625,-84.52453613
21.8046875,-84.51843262
22,-84.56115723
22.203125,-84.54589844
22.40625,-84.51538086
22.6015625,-84.54284668
22.8046875,-84.56115723
23,-84.55810547
23.203125,-84.52148438
23.40625,-84.57336426
23.6015625,-84.51538086
23.8046875,-84.46350098
24,-84.45129395
24.203125,-84.47875977
24.40625,-84.48181152
24.6015625,-84.50622559
24.8046875,-84.54589844
25,-84.53369141
25.203125,-84.53063965
25.40625,-84.54589844
25.6015625,-84.56420898
25.8046875,-84.57641602
26,-84.57336426
26.203125,-84.49401855
26.40625,-84.50927734
26.6015625,-84.50012207
26.8046875,-84.59472656
27,-84.58251953
27.203125,-84.50622559
27.40625,-84.46044922
27.6015625,-84.43908691
27.8046875,-84.45739746
28,-84.42687988
28.203125,-84.42993164
28.40625,-84.44519043
28.6015625,-84.44213867
28.8046875,-84.50927734
29,-84.53369141
29.203125,-84.49401855
29.40625,-84.42382813
29.6015625,-84.41467285
29.8046875,-84.47875977
30,-84.41162109
30.203125,-84.41772461
30.40625,-84.39331055
30.6015625,-84.41467285
30.8046875,-84.40856934
31,-84.34143066
31.203125,-84.38415527
31.40625,-84.36889648
31.6015625,-84.34448242
31.8046875,-84.36279297
32,-84.33837891
32.203125,-84.31091309
32.40625,-84.34753418
32.6015625,-84.27734375
32.8046875,-84.30786133
33,-84.39331055
33.203125,-84.32617188
33.40625,-84.27429199
33.6015625,-84.30480957
33.8046875,-84.375
34,-84.36889648
34.203125,-84.29260254
34.40625,-84.24682617
34.6015625,-84.28344727
34.8046875,-84.33227539
35,-84.40856934
35.203125,-84.35974121
35.40625,-84.33532715
35.6015625,-84.32617188
35.8046875,-84.38110352
36,-84.37194824
36.203125,-84.34753418
36.40625,-84.36279297
36.6015625,-84.34753418
36.8046875,-84.30480957
37,-84.33227539
37.203125,-84.32006836
37.40625,-84.37194824
37.6015625,-84.33532715
37.8046875,-84.33837891
38,-84.36889648
38.203125,-84.39025879
38.40625,-84.41467285
38.6015625,-84.41162109
38.8046875,-84.39025879
39,-84.36584473
39.203125,-84.37805176
39.40625,-84.35668945
39.6015625,-84.3963623
39.8046875,-84.41162109
40,-84.43908691
40.203125,-84.40246582
40.40625,-84.36584473
40.6015625,-84.32617188
40.8046875,-84.3963623
41,-84.38110352
41.203125,-84.40246582
41.40625,-84.36889648
41.6015625,-84.36889648
41.8046875,-84.32922363
42,-84.38720703
42.203125,-84.41772461
42.40625,-84.42993164
42.6015625,-84.39941406
42.8046875,-84.36584473
43,-84.35974121
43.203125,-84.39331055
43.40625,-84.35058594
43.6015625,-84.36279297
43.8046875,-84.34448242
44,-84.3963623
44.203125,-84.45739746
44.40625,-84.38720703
44.6015625,-84.41467285
44.8046875,-84.45739746
45,-84.46350098
45.203125,-84.44519043
45.40625,-84.41772461
45.6015625,-84.36584473
45.8046875,-84.3963623
46,-84.40856934
46.203125,-84.42382813
46.40625,-84.40551758
46.6015625,-84.4329834
46.8046875,-84.41467285
47,-84.38415527
47.203125,-84.40856934
47.40625,-84.41162109
47.6015625,-84.36584473
47.8046875,-84.3170166
48,-84.33227539
48.203125,-84.36889648
48.40625,-84.34753418
48.6015625,-84.41772461
48.8046875,-84.32617188
49,-84.31091309
49.203125,-84.375
49.40625,-84.35974121
49.6015625,-84.3170166
49.8046875,-84.28955078
50,-84.27124023
50.203125,-84.36279297
50.40625,-84.44213867
50.6015625,-84.32312012
50.8046875,-84.28344727
51,-84.30480957
51.203125,-84.28955078
51.40625,-84.31091309
51.6015625,-84.32006836
51.8046875,-84.24987793
52,-84.27429199
52.203125,-84.30786133
52.40625,-84.30480957
52.6015625,-84.30786133
52.8046875,-84.25292969
53,-84.28955078
53.203125,-84.34448242
53.40625,-84.29260254
53.6015625,-84.24682617
53.8046875,-84.29870605
54,-84.2376709
54.203125,-84.2010498
54.40625,-84.22546387
54.6015625,-84.17663574
54.8046875,-84.27429199
55,-84.3963623
55.203125,-84.3536377
55.40625,-84.35058594
55.6015625,-84.34448242
55.8046875,-84.32006836
56,-84.24377441
56.203125,-84.24072266
56.40625,-84.26818848
56.6015625,-84.27429199
56.8046875,-84.24987793
57,-84.26208496
57.203125,-84.29260254
57.40625,-84.28649902
57.6015625,-84.23461914
57.8046875,-84.31396484
58,-84.27429199
58.203125,-84.30786133
58.40625,-84.3536377
58.6015625,-84.30786133
58.8046875,-84.38720703
59,-84.37194824
59.203125,-84.35974121
59.40625,-84.36889648
59.6015625,-84.41772461
59.8046875,-84.3536377
60,-84.28344727
60.203125,-84.2956543
60.40625,-84.30480957
60.6015625,-84.31396484
60.8046875,-84.39331055
61,-84.40246582
61.203125,-84.37805176
61.40625,-84.36889648
61.6015625,-84.42993164
61.8046875,-84.32617188
62,-84.35668945
62.203125,-84.37194824
62.40625,-84.38415527
62.6015625,-84.35058594
62.8046875,-84.34143066
63,-84.37805176
63.203125,-84.37805176
63.40625,-84.36584473
63.6015625,-84.35974121
63.8046875,-84.35058594
64,-84.38415527
64.203125,-84.37805176
64.40625,-84.3963623
64.6015625,-84.42993164
64.8046875,-84.43908691
65,-84.39941406
65.203125,-84.34143066
65.40625,-84.34448242
65.6015625,-84.33532715
65.8046875,-84.30175781
66,-84.25292969
66.203125,-84.27429199
66.40625,-84.3170166
66.6015625,-84.33227539
66.8046875,-84.40551758
67,-84.34753418
67.203125,-84.29870605
67.40625,-84.24987793
67.6015625,-84.31396484
67.8046875,-84.27429199
68,-84.27124023
68.203125,-84.2376709
68.40625,-84.18884277
68.6015625,-84.27734375
68.8046875,-84.28649902
69,-84.22851563
69.203125,-84.25598145
69.40625,-84.29870605
69.6015625,-84.32922363
69.8046875,-84.24072266
70,-84.26208496
70.203125,-84.23156738
70.40625,-84.22851563
70.6015625,-84.27124023
70.8046875,-84.24072266
71,-84.24072266
71.203125,-84.26208496
71.40625,-84.22241211
71.6015625,-84.25292969
71.8046875,-84.30175781
72,-84.29260254
72.203125,-84.28649902
72.40625,-84.20715332
72.6015625,-84.25292969
72.8046875,-84.24682617
73,-84.22241211
73.203125,-84.14306641
73.40625,-84.2590332
73.6015625,-84.27124023
73.8046875,-84.27429199
74,-84.2010498
74.203125,-84.15527344
74.40625,-84.16137695
74.6015625,-84.16442871
74.8046875,-84.18273926
75,-84.26208496
75.203125,-84.24682617
75.40625,-84.19799805
75.6015625,-84.22851563
75.8046875,-84.24377441
76,-84.19494629
76.203125,-84.23461914
76.40625,-84.2010498
76.6015625,-84.23156738
76.8046875,-84.24987793
77,-84.25292969
77.203125,-84.21936035
77.40625,-84.19799805
77.6015625,-84.18579102
77.8046875,-84.22546387
78,-84.23461914
78.203125,-84.27124023
78.40625,-84.26818848
78.6015625,-84.23461914
78.8046875,-84.24377441
79,-84.26818848
79.203125,-84.23461914
79.40625,-84.25292969
79.6015625,-84.29260254
79.8046875,-84.31091309
80,-84.19494629
80.203125,-84.2010498
80.40625,-84.27734375
80.6015625,-84.31091309
80.8046875,-84.29870605
81,-84.3170166
81.203125,-84.29260254
81.40625,-84.26208496
81.6015625,-84.32312012
81.8046875,-84.3170166
82,-84.28649902
82.203125,-84.24377441
82.40625,-84.26818848
82.6015625,-84.30175781
82.8046875,-84.33227539
83,-84.35974121
83.203125,-84.28649902
83.40625,-84.26208496
83.6015625,-84.17663574
83.8046875,-84.21020508
84,-84.28039551
84.203125,-84.2376709
84.40625,-84.22851563
84.6015625,-84.22851563
84.8046875,-84.29870605
85,-84.29870605
85.203125,-84.23461914
85.40625,-84.28344727
85.6015625,-84.25598145
85.8046875,-84.2010498
86,-84.28344727
86.203125,-84.28649902
86.40625,-84.24377441
86.6015625,-84.23461914
86.8046875,-84.19799805
87,-84.16442871
87.203125,-84.21936035
87.40625,-84.23156738
87.6015625,-84.21325684
87.8046875,-84.19189453
88,-84.18884277
88.203125,-84.25292969
88.40625,-84.22851563
88.6015625,-84.18273926
88.8046875,-84.17358398
89,-84.22241211
89.203125,-84.19189453
89.40625,-84.16442871
89.6015625,-84.05456543
89.8046875,-84.14916992
90,-84.17663574
90.203125,-84.16442871
90.40625,-84.1583252
90.6015625,-84.18884277
90.8046875,-84.11865234
91,-84.14306641
91.203125,-84.10644531
91.40625,-84.05761719
91.6015625,-84.09118652
91.8046875,-84.13391113
92,-84.11865234
92.203125,-84.05151367
92.40625,-84.1217041
92.6015625,-84.06982422
92.8046875,-84.08203125
93,-84.12475586
93.203125,-84.14306641
93.40625,-84.17663574
93.6015625,-84.17663574
93.8046875,-84.1003418
94,-84.11254883
94.203125,-84.1003418
94.40625,-84.0637207
94.6015625,-84.10949707
94.8046875,-84.11560059
95,-76.35498047
95.203125,-54.49829102
95.40625,-44.19250488
95.6015625,-38.85498047
95.8046875,-35.0982666
96,-31.78405762
96.203125,-28.56750488
96.40625,-25.43334961
96.6015625,-22.34802246
96.8046875,-19.30541992
97,-24.14245605
97.203125,-42.69104004
97.40625,-49.76501465
97.6015625,-51.94702148
97.8046875,-52.65197754
98,-52.86254883
98.203125,-52.99377441
98.40625,-53.0670166
98.6015625,-52.92358398
98.8046875,-52.85949707
99,-52.8503418
99.203125,-52.71911621
99.40625,-52.60620117
99.6015625,-52.57873535
99.8046875,-52.46582031
100,-52.3223877
100.203125,-52.25524902
100.40625,-52.11486816
100.6015625,-52.0111084
100.8046875,-51.8951416
101,-51.72729492
101.203125,-51.55029297
101.40625,-51.38549805
101.6015625,-51.17797852
101.8046875,-50.96740723
102,-50.75378418
102.203125,-50.5279541
102.40625,-50.30212402
102.6015625,-50.09765625
102.8046875,-49.8260498
103,-49.52087402
103.203125,-49.21264648
103.40625,-48.75793457
103.6015625,-48.23608398
103.8046875,-47.66540527
104,-47.09472656
104.203125,-46.42944336
104.40625,-45.44372559
104.6015625,-44.21081543
104.8046875,-42.42248535
105,-39.30053711
105.203125,-29.46472168
105.40625,5.465698242
105.6015625,32.78198242
105.8046875,42.73681641
106,45.77331543
106.203125,46.56982422
106.40625,46.53015137
106.6015625,46.23718262
106.8046875,45.92285156
107,45.56274414
107.203125,45.3125
107.40625,45.09277344
107.6015625,44.83337402
107.8046875,44.73266602
108,44.56481934
108.203125,44.44274902
108.40625,44.3145752
108.6015625,44.26879883
108.8046875,44.27185059
109,44.3359375
109.203125,44.26879883
109.40625,44.11010742
109.6015625,44.22302246
109.8046875,44.24438477
110,44.22912598
110.203125,44.27185059
110.40625,44.26574707
110.6015625,44.29626465
110.8046875,44.41223145
111,44.50073242
111.203125,44.49462891
111.40625,44.49768066
111.6015625,44.54040527
111.8046875,44.67468262
112,44.7845459
112.203125,44.78759766
112.40625,44.85778809
112.6015625,45.02258301
112.8046875,45.0592041
113,45.12634277
113.203125,45.16296387
113.40625,45.1751709
113.6015625,45.21179199
113.8046875,45.25756836
114,45.33996582
114.203125,45.45593262
114.40625,45.50476074
114.6015625,45.49255371
114.8046875,45.58410645
115,45.52612305
115.203125,45.59631348
115.40625,45.63293457
115.6015625,45.63293457
115.8046875,45.68786621
116,45.71838379
116.203125,45.7611084
116.40625,45.75195313
116.6015625,45.7611084
116.8046875,45.84655762
117,45.85266113
117.203125,45.88317871
117.40625,45.87097168
117.6015625,45.89233398
117.8046875,45.93200684
118,46.01135254
118.203125,46.02661133
118.40625,46.06018066
118.6015625,46.04492188
118.8046875,46.04187012
119,46.09069824
119.203125,46.13952637
119.40625,46.18225098
119.6015625,46.12731934
119.8046875,46.17004395
120,46.23413086
120.203125,46.21582031
120.40625,46.15783691
120.6015625,46.20056152
120.8046875,46.23718262
121,46.29516602
121.203125,46.21582031
121.40625,46.2097168
121.6015625,46.22497559
121.8046875,46.23413086
122,46.26464844
122.203125,46.29821777
122.40625,46.29211426
122.6015625,46.26159668
122.8046875,46.30126953
123,46.32568359
123.203125,46.35009766
123.40625,46.29516602
123.6015625,46.25854492
123.8046875,46.29516602
124,46.36230469
124.203125,46.2890625
124.40625,46.24633789
124.6015625,46.21582031
124.8046875,46.26159668
125,46.32263184
125.203125,46.32263184
125.40625,46.2890625
125.6015625,46.27380371
125.8046875,46.30432129
126,46.2890625
126.203125,46.26464844
126.40625,46.19140625
126.6015625,46.17614746
126.8046875,46.13952637
127,46.16699219
127.203125,46.13342285
127.40625,46.19750977
127.6015625,46.16699219
127.8046875,46.17614746
128,46.16088867
128.203125,46.15783691
128.40625,46.10900879
128.6015625,46.08154297
128.8046875,46.13037109
129,46.08459473
129.203125,46.13037109
129.40625,46.1151123
129.6015625,46.14562988
129.8046875,46.15478516
130,46.09375
130.203125,46.12731934
130.40625,46.08154297
130.6015625,46.07543945
130.8046875,46.04492188
131,46.06933594
131.203125,46.02966309
131.40625,46.04492188
131.6015625,46.0723877
131.8046875,46.02355957
132,45.99304199
132.203125,45.90148926
132.40625,45.92895508
132.6015625,45.92895508
132.8046875,45.93200684
133,45.91674805
133.203125,45.9197998
133.40625,45.92590332
133.6015625,45.85876465
133.8046875,45.85876465
134,45.88928223
134.203125,45.88317871
134.40625,45.90759277
134.6015625,45.83129883
134.8046875,45.7824707
135,45.70922852
135.203125,45.703125
135.40625,45.68481445
135.6015625,45.61767578
135.8046875,45.62988281
136,45.6237793
136.203125,45.59936523
136.40625,45.54443359
136.6015625,45.49865723
136.8046875,45.52307129
137,45.48339844
137.203125,45.41931152
137.40625,45.41320801
137.6015625,45.37963867
137.8046875,45.41931152
138,45.38879395
138.203125,45.35217285
138.40625,45.32470703
138.6015625,45.28198242
138.8046875,45.31555176
139,45.29724121
139.203125,45.30639648
139.40625,45.26062012
139.6015625,45.22399902
139.8046875,45.24841309
140,45.28198242
140.203125,45.19958496
140.40625,45.19958496
140.6015625,45.18432617
140.8046875,45.09887695
141,45.05310059
141.203125,45.06530762
141.40625,45.08666992
141.6015625,45.05615234
141.8046875,45.10192871
142,45.08361816
142.203125,44.9798584
142.40625,45.05615234
142.6015625,44.98596191
142.8046875,44.93408203
143,44.94628906
143.203125,44.85473633
143.40625,44.92492676
143.6015625,44.9005127
143.8046875,44.89440918
144,44.87915039
144.203125,44.93103027
144.40625,44.90661621
144.6015625,44.90966797
144.8046875,44.9005127
145,44.87609863
145.203125,44.83642578
145.40625,44.84863281
145.6015625,44.85168457
145.8046875,44.80285645
146,44.77233887
146.203125,44.76318359
146.40625,44.76318359
146.6015625,44.81201172
146.8046875,44.6685791
147,44.59838867
147.203125,44.69909668
147.40625,44.61364746
147.6015625,44.68383789
147.8046875,44.77539063
148,44.63195801
148.203125,44.63500977
148.40625,44.64111328
148.6015625,44.65026855
148.8046875,44.60754395
149,44.54956055
149.203125,44.55871582
149.40625,44.5526123
149.6015625,44.58312988
149.8046875,44.4732666
150,44.44885254
150.203125,44.51904297
150.40625,44.47631836
150.6015625,44.51904297
150.8046875,44.50683594
151,44.48852539
151.203125,44.44274902
151.40625,44.44274902
151.6015625,44.41223145
151.8046875,44.36645508
152,44.38171387
152.203125,44.34204102
152.40625,44.39086914
152.6015625,44.44580078
152.8046875,44.36950684
153,44.30236816
153.203125,44.32067871
153.40625,44.25048828
153.6015625,44.20776367
153.8046875,44.22302246
154,44.23828125
154.203125,44.24743652
154.40625,44.24438477
154.6015625,44.21691895
154.8046875,44.17724609
155,44.03991699
155.203125,44.06433105
155.40625,44.05517578
155.6015625,44.03686523
155.8046875,44.04602051
156,44.00939941
156.203125,43.96057129
156.40625,43.88427734
156.6015625,43.91174316
156.8046875,43.89648438
157,43.82019043
157.203125,43.81408691
157.40625,43.78662109
157.6015625,43.72558594
157.8046875,43.68896484
158,43.68591309
158.203125,43.66455078
158.40625,43.61877441
158.6015625,43.62487793
158.8046875,43.63098145
159,43.48144531
159.203125,43.4753418
159.40625,43.44482422
159.6015625,43.47839355
159.8046875,43.60351563
160,43.56994629
160.203125,43.48449707
160.40625,43.43261719
160.6015625,43.47229004
160.8046875,43.45092773
161,43.41430664
161.203125,43.39904785
161.40625,43.42346191
161.6015625,43.38378906
161.8046875,43.44177246
162,43.36242676
162.203125,43.36853027
162.40625,43.37158203
162.6015625,43.31359863
162.8046875,43.27697754
163,43.28308105
163.203125,43.21899414
163.40625,43.16711426
163.6015625,43.1640625
163.8046875,43.17321777
164,43.1427002
164.203125,43.07250977
164.40625,43.00231934
164.6015625,42.94433594
164.8046875,42.94433594
165,42.96264648
165.203125,42.97790527
165.40625,42.93823242
165.6015625,42.85583496
165.8046875,42.81921387
166,42.80700684
166.203125,42.82836914
166.40625,42.75817871
166.6015625,42.73071289
166.8046875,42.66967773
167,42.69714355
167.203125,42.68188477
167.40625,42.67272949
167.6015625,42.59643555
167.8046875,42.58422852
168,42.49267578
168.203125,42.54455566
168.40625,42.50488281
168.6015625,42.44689941
168.8046875,42.43774414
169,42.3828125
169.203125,42.3614502
169.40625,42.31872559
169.6015625,42.43164063
169.8046875,42.29736328
170,42.3248291
170.203125,42.34313965
170.40625,42.23937988
170.6015625,42.15087891
170.8046875,42.20581055
171,42.16003418
171.203125,42.15393066
171.40625,42.19055176
171.6015625,42.12646484
171.8046875,42.04101563
172,42.03796387
172.203125,42.1081543
172.40625,42.09289551
172.6015625,41.98913574
172.8046875,41.94641113
173,41.94946289
173.203125,41.97387695
173.40625,41.91589355
173.6015625,41.81213379
173.8046875,41.84875488
174,41.8762207
174.203125,41.88232422
174.40625,41.94641113
174.6015625,41.92504883
174.8046875,41.83044434
175,41.77246094
175.203125,41.7755127
175.40625,41.75109863
175.6015625,41.70837402
175.8046875,41.72363281
176,41.74194336
176.203125,41.64733887
176.40625,41.70532227
176.6015625,41.66564941
176.8046875,41.70837402
177,41.72058105
177.203125,41.64123535
177.40625,41.61987305
177.6015625,41.57104492
177.8046875,41.56494141
178,41.51306152
178.203125,41.44592285
178.40625,41.47338867
178.6015625,41.41540527
178.8046875,41.40319824
179,41.37268066
179.203125,41.31774902
179.40625,41.31469727
179.6015625,41.22009277
179.8046875,41.1895752
180,41.29638672
180.203125,41.22314453
180.40625,41.20788574
180.6015625,41.1895752
180.8046875,41.07055664
181,41.11022949
181.203125,41.07055664
181.40625,40.97290039
181.6015625,40.96069336
181.8046875,40.96984863
182,40.92102051
182.203125,40.93017578
182.40625,40.91491699
182.6015625,40.82336426
182.8046875,40.79589844
183,40.78369141
183.203125,40.79284668
183.40625,40.71960449
183.6015625,40.70129395
183.8046875,40.71655273
184,40.65856934
184.203125,40.69824219
184.40625,40.64331055
184.6015625,40.6036377
184.8046875,40.6036377
185,40.52734375
185.203125,40.49072266
185.40625,40.52734375
185.6015625,40.51818848
185.8046875,40.47851563
186,40.47241211
186.203125,40.39916992
186.40625,40.46020508
186.6015625,40.39611816
186.8046875,40.38391113
187,40.34423828
187.203125,40.28625488
187.40625,40.34118652
187.6015625,40.3503418
187.8046875,40.34423828
188,40.28625488
188.203125,40.27099609
188.40625,40.26794434
188.6015625,40.19165039
188.8046875,40.18554688
189,40.13671875
189.203125,40.20690918
189.40625,40.16723633
189.6015625,40.16418457
189.8046875,40.13366699
190,40.04516602
190.203125,40.05432129
190.40625,40.06958008
190.6015625,40.02075195
190.8046875,39.98718262
191,39.9597168
191.203125,39.97802734
191.40625,39.98413086
191.6015625,39.95361328
191.8046875,39.90478516
192,39.89257813
192.203125,39.78271484
192.40625,39.89257813
192.6015625,39.92004395
192.8046875,39.81933594
193,39.81933594
193.203125,39.73999023
193.40625,39.78271484
193.6015625,39.75830078
193.8046875,39.67285156
194,39.62097168
194.203125,39.63928223
194.40625,39.68811035
194.6015625,39.62402344
194.8046875,39.55993652
195,39.45922852
195.203125,39.46533203
195.40625,39.46838379
195.6015625,39.43481445
195.8046875,39.42260742
196,39.33410645
196.203125,39.33410645
196.40625,39.34020996
196.6015625,39.32189941
196.8046875,39.3157959
197,39.24560547
197.203125,39.29748535
197.40625,39.24255371
197.6015625,39.19372559
197.8046875,39.18762207
198,39.1998291
198.203125,39.11743164
198.40625,39.13269043
198.6015625,39.1418457
198.8046875,39.12963867
199,39.10827637
199.203125,39.0625
199.40625,39.02893066
199.6015625,38.97705078
199.8046875,38.96484375
200,38.89160156
200.203125,38.89770508
200.40625,38.88244629
200.6015625,38.84887695
200.8046875,38.77563477
201,38.70544434
201.203125,38.71154785
201.40625,38.71154785
201.6015625,38.73901367
201.8046875,38.79089355
202,38.7298584
202.203125,38.671875
202.40625,38.66577148
202.6015625,38.71765137
202.8046875,38.6932373
203,38.5925293
203.203125,38.54064941
203.40625,38.56506348
203.6015625,38.53149414
203.8046875,38.50097656
204,38.43078613
204.203125,38.39416504
204.40625,38.34838867
204.6015625,38.36669922
204.8046875,38.3605957
205,38.27819824
205.203125,38.26599121
205.40625,38.21716309
205.6015625,38.24462891
205.8046875,38.24768066
206,38.25378418
206.203125,38.17443848
206.40625,38.15002441
206.6015625,38.14697266
206.8046875,38.11340332
207,38.05236816
207.203125,37.97302246
207.40625,37.99133301
207.6015625,38.01879883
207.8046875,37.98828125
208,38.00354004
208.203125,37.93640137
208.40625,37.89978027
208.6015625,37.79907227
208.8046875,37.86315918
209,37.76245117
209.203125,37.77160645
209.40625,37.70446777
209.6015625,37.68005371
209.8046875,37.71362305
210,37.73803711
210.203125,37.6953125
210.40625,37.62207031
210.6015625,37.64038086
210.8046875,37.62817383
211,37.65869141
211.203125,37.6373291
211.40625,37.57324219
211.6015625,37.51525879
211.8046875,37.55493164
212,37.61291504
212.203125,37.51220703
212.40625,37.50305176
212.6015625,37.53356934
212.8046875,37.42980957
213,37.39013672
213.203125,37.36877441
213.40625,37.27722168
213.6015625,37.22229004
213.8046875,37.2253418
214,37.25280762
214.203125,37.23449707
214.40625,37.20092773
214.6015625,37.18261719
214.8046875,37.14599609
215,37.06359863
215.203125,37.10632324
215.40625,37.08496094
215.6015625,37.04223633
215.8046875,37.06054688
216,37.03613281
216.203125,36.99951172
216.40625,36.95678711
216.6015625,36.95373535
216.8046875,36.91101074
217,36.92016602
217.203125,36.93847656
217.40625,36.89880371
217.6015625,36.88049316
217.8046875,36.81640625
218,36.76452637
218.203125,36.70043945
218.40625,36.65771484
218.6015625,36.66992188
218.8046875,36.72790527
219,36.70959473
219.203125,36.59973145
219.40625,36.5447998
219.6015625,36.5020752
219.8046875,36.49291992
220,36.51733398
220.203125,36.5020752
220.40625,36.45935059
220.6015625,36.42272949
220.8046875,36.33117676
221,36.34033203
221.203125,36.328125
221.40625,36.33728027
221.6015625,36.31591797
221.8046875,36.28234863
222,36.27624512
222.203125,36.24267578
222.40625,36.2121582
222.6015625,36.1541748
222.8046875,36.15112305
223,36.09924316
223.203125,36.08093262
223.40625,36.01989746
223.6015625,35.94665527
223.8046875,35.97106934
224,35.94970703
224.203125,35.87036133
224.40625,35.84289551
224.6015625,35.88256836
224.8046875,35.90393066
225,35.86425781
225.203125,35.83374023
225.40625,35.78796387
225.6015625,35.77880859
225.8046875,35.79711914
226,35.83679199
226.203125,35.75134277
226.40625,35.70861816
226.6015625,35.72387695
226.8046875,35.6628418
227,35.64147949
227.203125,35.6842041
227.40625,35.58044434
227.6015625,35.47058105
227.8046875,35.52856445
228,35.56518555
228.203125,35.62011719
228.40625,35.56518555
228.6015625,35.50415039
228.8046875,35.49804688
229,35.51940918
229.203125,35.44616699
229.40625,35.41564941
229.6015625,35.4309082
229.8046875,35.34851074
230,35.40039063
230.203125,35.34851074
230.40625,35.33935547
230.6015625,35.2935791
230.8046875,35.35766602
231,35.39123535
231.203125,35.44921875
231.40625,35.41259766
231.6015625,35.33325195
231.8046875,35.30883789
232,35.25390625
232.203125,35.22949219
232.40625,35.26611328
232.6015625,35.18066406
232.8046875,35.13793945
233,35.09521484
233.203125,35.10131836
233.40625,35.03112793
233.6015625,34.95788574
233.8046875,34.92736816
234,34.97619629
234.203125,34.9822998
234.40625,34.9395752
234.6015625,34.89379883
234.8046875,34.75646973
235,34.68933105
235.203125,34.75952148
235.40625,34.77783203
235.6015625,34.71374512
235.8046875,34.71679688
236,34.72290039
236.203125,34.71984863
236.40625,34.67102051
236.6015625,34.70153809
236.8046875,34.59777832
237,34.5916748
237.203125,34.53979492
237.40625,34.58557129
237.6015625,34.5123291
237.8046875,34.41162109
238,34.46044922
238.203125,34.44824219
238.40625,34.42077637
238.6015625,34.35668945
238.8046875,34.35668945
239,34.27429199
239.203125,34.28344727
239.40625,34.23156738
239.6015625,34.16137695
239.8046875,34.17053223
240,34.16442871
240.203125,34.09423828
240.40625,34.1217041
240.6015625,34.09729004
240.8046875,34.0423584
241,34.03015137
241.203125,33.98132324
241.40625,34.05151367
241.6015625,34.03625488
241.8046875,34.03930664
242,33.95690918
242.203125,33.98132324
242.40625,33.94470215
242.6015625,33.9263916
242.8046875,33.9050293
243,33.87756348
243.203125,33.9050293
243.40625,33.89282227
243.6015625,33.85620117
243.8046875,33.77075195
244,33.74023438
244.203125,33.72497559
244.40625,33.71276855
244.6015625,33.75854492
244.8046875,33.71276855
245,33.73413086
245.203125,33.67614746
245.40625,33.66394043
245.6015625,33.65478516
245.8046875,33.60595703
246,33.55712891
246.203125,33.57543945
246.40625,33.50524902
246.6015625,33.49304199
246.8046875,33.5357666
247,33.38623047
247.203125,33.44726563
247.40625,33.40454102
247.6015625,33.41674805
247.8046875,33.41674805
248,33.35266113
248.203125,33.33435059
248.40625,33.27026367
248.6015625,33.23669434
248.8046875,33.2244873
249,33.19702148
249.203125,33.18786621
249.40625,33.18481445
249.6015625,33.15429688
249.8046875,33.13598633
250,33.01086426
250.203125,33.04138184
250.40625,32.97729492
250.6015625,32.94067383
250.8046875,32.98950195
251,32.91931152
251.203125,32.90405273
251.40625,32.86743164
251.6015625,32.81860352
251.8046875,32.78503418
252,32.74230957
252.203125,32.65075684
252.40625,32.65380859
252.6015625,32.6751709
252.8046875,32.66601563
253,32.54699707
253.203125,32.50427246
253.40625,32.48901367
253.6015625,32.47070313
253.8046875,32.48291016
254,32.46765137
254.203125,32.4005127
254.40625,32.39746094
254.6015625,32.37915039
254.8046875,32.36083984
255,32.24182129
255.203125,32.26623535
255.40625,32.27844238
255.6015625,32.29370117
255.8046875,32.3059082
256,32.22961426
256.203125,32.2265625
256.40625,32.25708008
256.6015625,32.23266602
256.8046875,32.23266602
257,32.23266602
257.203125,32.20214844
257.40625,32.22351074
257.6015625,32.2052002
257.8046875,32.1685791
258,32.13195801
258.203125,32.05566406
258.40625,31.99768066
258.6015625,31.98242188
258.8046875,31.92749023
259,31.87561035
259.203125,31.82067871
259.40625,31.80541992
259.6015625,31.76879883
259.8046875,31.76269531
260,31.72607422
260.203125,31.59179688
260.40625,31.5826416
260.6015625,31.65588379
260.8046875,31.59484863
261,31.60705566
261.203125,31.49414063
261.40625,31.46362305
261.6015625,31.47888184
261.8046875,31.53991699
262,31.45751953
262.203125,31.41479492
262.40625,31.3659668
262.6015625,31.36901855
262.8046875,31.35986328
263,31.27746582
263.203125,31.26525879
263.40625,31.21643066
263.6015625,31.26220703
263.8046875,31.22558594
264,31.15844727
264.203125,31.1340332
264.40625,31.04248047
264.6015625,31.10656738
264.8046875,31.1340332
265,31.1340332
265.203125,31.07910156
265.40625,31.07299805
265.6015625,31.09741211
265.8046875,31.12182617
266,31.10656738
266.203125,31.10351563
266.40625,31.06079102
266.6015625,31.09741211
266.8046875,31.05773926
267,31.02416992
267.203125,30.94482422
267.40625,30.92651367
267.6015625,30.92956543
267.8046875,30.95397949
268,30.89294434
268.203125,30.859375
268.40625,30.8807373
268.6015625,30.8380127
268.8046875,30.87158203
269,30.82275391
269.203125,30.76782227
269.40625,30.73425293
269.6015625,30.70373535
269.8046875,30.76171875
270,30.7434082
270.203125,30.73730469
270.40625,30.66711426
270.6015625,30.65185547
270.8046875,30.75256348
271,30.75561523
271.203125,30.69763184
271.40625,30.67626953
271.6015625,30.68237305
271.8046875,30.69763184
272,30.75256348
272.203125,30.61828613
272.40625,30.61523438
272.6015625,30.60302734
272.8046875,30.67932129
273,30.5847168
273.203125,30.59692383
273.40625,30.52978516
273.6015625,30.49316406
273.8046875,30.52062988
274,30.52062988
274.203125,30.51452637
274.40625,30.51757813
274.6015625,30.45349121
274.8046875,30.4107666
275,30.33752441
275.203125,30.31311035
275.40625,30.28869629
275.6015625,30.2947998
275.8046875,30.30700684
276,30.2734375
276.203125,30.20935059
276.40625,30.17883301
276.6015625,30.1574707
276.8046875,30.08422852
277,30.13000488
277.203125,30.12084961
277.40625,30.09338379
277.6015625,30.06896973
277.8046875,30.0201416
278,30.06896973
278.203125,30.078125
278.40625,30.05065918
278.6015625,30.00488281
278.8046875,29.97131348
279,29.92553711
279.203125,30.01098633
279.40625,29.96826172
279.6015625,29.85839844
279.8046875,29.8614502
280,29.84924316
280.203125,29.78210449
280.40625,29.79125977
280.6015625,29.80651855
280.8046875,29.72717285
281,29.71496582
281.203125,29.67834473
281.40625,29.70275879
281.6015625,29.67224121
281.8046875,29.64172363
282,29.63256836
282.203125,29.61425781
282.40625,29.56237793
282.6015625,29.53796387
282.8046875,29.48608398
283,29.52270508
283.203125,29.47692871
283.40625,29.54406738
283.6015625,29.4708252
283.8046875,29.46166992
284,29.46472168
284.203125,29.47387695
284.40625,29.41589355
284.6015625,29.31518555
284.8046875,29.296875
285,29.27856445
285.203125,29.28466797
285.40625,29.19311523
285.6015625,29.20227051
285.8046875,29.20227051
286,29.13513184
286.203125,29.14733887
286.40625,29.1595459
286.6015625,29.12902832
286.8046875,29.03137207
287,29.05273438
287.203125,29.05578613
287.40625,29.04968262
287.6015625,28.96118164
287.8046875,28.91235352
288,28.87268066
288.203125,28.90625
288.40625,28.74145508
288.6015625,28.68347168
288.8046875,28.62243652
289,28.65905762
289.203125,28.63769531
289.40625,28.62854004
289.6015625,28.6529541
289.8046875,28.5949707
290,28.54003906
290.203125,28.52783203
290.40625,28.54614258
290.6015625,28.57055664
290.8046875,28.58276367
291,28.54003906
291.203125,28.56750488
291.40625,28.51867676
291.6015625,28.46069336
291.8046875,28.42407227
292,28.42407227
292.203125,28.32641602
292.40625,28.34472656
292.6015625,28.3996582
292.8046875,28.35998535
293,28.20739746
293.203125,28.2409668
293.40625,28.25012207
293.6015625,28.23486328
293.8046875,28.1829834
294,28.19213867
294.203125,28.15551758
294.40625,28.17993164
294.6015625,28.12805176
294.8046875,28.05480957
295,27.9876709
295.203125,28.01208496
295.40625,27.97851563
295.6015625,27.94799805
295.8046875,27.93579102
296,27.93579102
296.203125,27.94494629
296.40625,27.96020508
296.6015625,27.94189453
296.8046875,27.86254883
297,27.8503418
297.203125,27.89306641
297.40625,27.8503418
297.6015625,27.83813477
297.8046875,27.72216797
298,27.72521973
298.203125,27.77709961
298.40625,27.7130127
298.6015625,27.75268555
298.8046875,27.68554688
299,27.61535645
299.203125,27.6550293
299.40625,27.61230469
299.6015625,27.54516602
299.8046875,27.45361328
300,27.41394043
300.203125,27.41394043
300.40625,27.45361328
300.6015625,27.46887207
300.8046875,27.38647461
301,27.30407715
301.203125,27.27050781
301.40625,27.26135254
301.6015625,27.27050781
301.8046875,27.27355957
302,27.2277832
302.203125,27.16369629
302.40625,27.15148926
302.6015625,27.15454102
302.8046875,27.07214355
303,27.11181641
303.203125,27.07824707
303.40625,27.05688477
303.6015625,27.06298828
303.8046875,27.0690918
304,26.98059082
304.203125,26.97753906
304.40625,26.93481445
304.6015625,26.93481445
304.8046875,26.88293457
305,26.8371582
305.203125,26.8157959
305.40625,26.89819336
305.6015625,26.89208984
305.8046875,26.74255371
306,26.73339844
306.203125,26.64794922
306.40625,26.57775879
306.6015625,26.59912109
306.8046875,26.58996582
307,26.55639648
307.203125,26.53198242
307.40625,26.47094727
307.6015625,26.5838623
307.8046875,26.57775879
308,26.50146484
308.203125,26.35498047
308.40625,26.35192871
308.6015625,26.35498047
308.8046875,26.36413574
309,26.35803223
309.203125,26.37023926
309.40625,26.35803223
309.6015625,26.35803223
309.8046875,26.26647949
310,26.18408203
310.203125,26.13830566
310.40625,26.07727051
310.6015625,26.13220215
310.8046875,26.1505127
311,26.15966797
311.203125,26.01318359
311.40625,25.98266602
311.6015625,25.97961426
311.8046875,25.90637207
312,25.91247559
312.203125,25.85754395
312.40625,25.80871582
312.6015625,25.81787109
312.8046875,25.84533691
313,25.75073242
313.203125,25.71411133
313.40625,25.67443848
313.6015625,25.67138672
313.8046875,25.62866211
314,25.65917969
314.203125,25.59509277
314.40625,25.65002441
314.6015625,25.57067871
314.8046875,25.5279541
315,25.40588379
315.203125,25.46081543
315.40625,25.42419434
315.6015625,25.36621094
315.8046875,25.37536621
316,25.34790039
316.203125,25.28381348
316.40625,25.26855469
316.6015625,25.2746582
316.8046875,25.21362305
317,25.21057129
317.203125,25.24108887
317.40625,25.21972656
317.6015625,25.12817383
317.8046875,25.14648438
318,25.03662109
318.203125,25.05187988
318.40625,25.01831055
318.6015625,25.09460449
318.8046875,25.08239746
319,24.98779297
319.203125,25.01220703
319.40625,25.00610352
319.6015625,24.92980957
319.8046875,24.93286133
320,24.92675781
320.203125,24.92980957
320.40625,24.95727539
320.6015625,24.91760254
320.8046875,24.81384277
321,24.77416992
321.203125,24.70397949
321.40625,24.69482422
321.6015625,24.71618652
321.8046875,24.7253418
322,24.69787598
322.203125,24.66430664
322.40625,24.6307373
322.6015625,24.64599609
322.8046875,24.64904785
323,24.61853027
323.203125,24.63684082
323.40625,24.59106445
323.6015625,24.5513916
323.8046875,24.5300293
324,24.51171875
324.203125,24.45983887
324.40625,24.34997559
324.6015625,24.30725098
324.8046875,24.32861328
325,24.32861328
325.203125,24.36218262
325.40625,24.34692383
325.6015625,24.25842285
325.8046875,24.18823242
326,24.22180176
326.203125,24.21264648
326.40625,24.15161133
326.6015625,24.0814209
326.8046875,24.04785156
327,24.12719727
327.203125,24.07226563
327.40625,23.9654541
327.6015625,23.96850586
327.8046875,23.91662598
328,23.99597168
328.203125,23.91052246
328.40625,23.84033203
328.6015625,23.73352051
328.8046875,23.80065918
329,23.73657227
329.203125,23.74572754
329.40625,23.73657227
329.6015625,23.6907959
329.8046875,23.68164063
330,23.60534668
330.203125,23.60229492
330.40625,23.56567383
330.6015625,23.58398438
330.8046875,23.54736328
331,23.53515625
331.203125,23.55651855
331.40625,23.4954834
331.6015625,23.4161377
331.8046875,23.37341309
332,23.44360352
332.203125,23.38256836
332.40625,23.31237793
332.6015625,23.22998047
332.8046875,23.22387695
333,23.25134277
333.203125,23.15063477
333.40625,23.08044434
333.6015625,23.04992676
333.8046875,23.01940918
334,23.01635742
334.203125,23.00109863
334.40625,23.02856445
334.6015625,22.97973633
334.8046875,22.88208008
335,22.80578613
335.203125,22.8302002
335.40625,22.78137207
335.6015625,22.72338867
335.8046875,22.65930176
336,22.64099121
336.203125,22.5982666
336.40625,22.57385254
336.6015625,22.51586914
336.8046875,22.45483398
337,22.40600586
337.203125,22.39074707
337.40625,22.44567871
337.6015625,22.28088379
337.8046875,22.32971191
338,22.265625
338.203125,22.265625
338.40625,22.30224609
338.6015625,22.25952148
338.8046875,22.25646973
339,22.22900391
339.203125,22.19543457
339.40625,22.10693359
339.6015625,22.06115723
339.8046875,22.06420898
340,22.05810547
340.203125,22.02453613
340.40625,21.99707031
340.6015625,21.94824219
340.8046875,21.87194824
341,21.83227539
341.203125,21.78039551
341.40625,21.80480957
341.6015625,21.77734375
341.8046875,21.76513672
342,21.70410156
342.203125,21.71936035
342.40625,21.7590332
342.6015625,21.64916992
342.8046875,21.65527344
343,21.60339355
343.203125,21.58813477
343.40625,21.58813477
343.6015625,21.57287598
343.8046875,21.53015137
344,21.4050293
344.203125,21.48132324
344.40625,21.35620117
344.6015625,21.36535645
344.8046875,21.30432129
345,21.28601074
345.203125,21.3104248
345.40625,21.26464844
345.6015625,21.21582031
345.8046875,21.1151123
346,21.05712891
346.203125,21.08154297
346.40625,21.05712891
346.6015625,21.04187012
346.8046875,21.02966309
347,21.00219727
347.203125,20.97167969
347.40625,20.97473145
347.6015625,21.00830078
347.8046875,20.98083496
348,20.94726563
348.203125,20.89538574
348.40625,20.91064453
348.6015625,20.89233398
348.8046875,20.88012695
349,20.81298828
349.203125,20.72753906
349.40625,20.81298828
349.6015625,20.75805664
349.8046875,20.69396973
350,20.62683105
350.203125,20.5871582
350.40625,20.57495117
350.6015625,20.54748535
350.8046875,20.52612305
351,20.5291748
351.203125,20.52307129
351.40625,20.47119141
351.6015625,20.45593262
351.8046875,20.37963867
352,20.37963867
352.203125,20.35522461
352.40625,20.31860352
352.6015625,20.30029297
352.8046875,20.2911377
353,20.20568848
353.203125,20.18737793
353.40625,20.12634277
353.6015625,20.1385498
353.8046875,20.04089355
354,20.06835938
354.203125,20.03173828
354.40625,20.05615234
354.6015625,19.98596191
354.8046875,19.91577148
355,19.87609863
355.203125,19.88525391
355.40625,19.91271973
355.6015625,19.90356445
355.8046875,19.80895996
356,19.76318359
356.203125,19.72961426
356.40625,19.66552734
356.6015625,19.63195801
356.8046875,19.55566406
357,19.47021484
357.203125,19.38781738
357.40625,19.3939209
357.6015625,19.34204102
357.8046875,19.2565918
358,19.2199707
358.203125,19.25964355
358.40625,19.22912598
358.6015625,19.20776367
358.8046875,19.15893555
359,19.09179688
359.203125,19.04296875
359.40625,19.0032959
359.6015625,19.0032959
359.8046875,18.88427734
360,18.93005371
360.203125,18.89038086
360.40625,18.8293457
360.6015625,18.79882813
360.8046875,18.68286133
361,18.58825684
361.203125,18.52111816
361.40625,18.50585938
361.6015625,18.50585938
361.8046875,18.44177246
362,18.40209961
362.203125,18.33496094
362.40625,18.2800293
362.6015625,18.2220459
362.8046875,18.10302734
363,18.08776855
363.203125,18.05114746
363.40625,18.03283691
363.6015625,18.05725098
363.8046875,17.97180176
364,17.93823242
364.203125,17.95654297
364.40625,17.81311035
364.6015625,17.82226563
364.8046875,17.85583496
365,17.94433594
365.203125,17.77648926
365.40625,17.71850586
365.6015625,17.80090332
365.8046875,17.76733398
366,17.71850586
366.203125,17.70935059
366.40625,17.59338379
366.6015625,17.56591797
366.8046875,17.53845215
367,17.4621582
367.203125,17.4621582
367.40625,17.38891602
367.6015625,17.50793457
367.8046875,17.42858887
368,17.37976074
368.203125,17.35229492
368.40625,17.3248291
368.6015625,17.25158691
368.8046875,17.26379395
369,17.25463867
369.203125,17.18444824
369.40625,17.19970703
369.6015625,17.15698242
369.8046875,17.14477539
370,17.14782715
370.203125,17.12646484
370.40625,17.0501709
370.6015625,17.05932617
370.8046875,17.05322266
371,17.08374023
371.203125,16.9708252
371.40625,16.97692871
371.6015625,16.90063477
371.8046875,16.93725586
372,16.87011719
372.203125,16.87011719
372.40625,16.82128906
372.6015625,16.75720215
372.8046875,16.7175293
373,16.66870117
373.203125,16.61682129
373.40625,16.55883789
373.6015625,16.4855957
373.8046875,16.43676758
374,16.44287109
374.203125,16.34216309
374.40625,16.31469727
374.6015625,16.22314453
374.8046875,16.14074707
375,16.06140137
375.203125,16.04919434
375.40625,16.00646973
375.6015625,15.90576172
375.8046875,15.87524414
376,15.87524414
376.203125,15.83251953
376.40625,15.7989502
376.6015625,15.80505371
376.8046875,15.81726074
377,15.76538086
377.203125,15.67382813
377.40625,15.67077637
377.6015625,15.59448242
377.8046875,15.52429199
378,15.52429199
378.203125,15.49377441
378.40625,15.49072266
378.6015625,15.47546387
378.8046875,15.43579102
379,15.40222168
379.203125,15.34729004
379.40625,15.23742676
379.6015625,15.20996094
379.8046875,15.22827148
380,15.24963379
380.203125,15.19470215
380.40625,15.16113281
380.6015625,15.11230469
380.8046875,14.99023438
381,15.0390625
381.203125,15.03601074
381.40625,14.95666504
381.6015625,14.89868164
381.8046875,14.84985352
382,14.79797363
382.203125,14.78271484
382.40625,14.71862793
382.6015625,14.65454102
382.8046875,14.63012695
383,14.61791992
383.203125,14.5690918
383.40625,14.55688477
383.6015625,14.46838379
383.8046875,14.41345215
384,14.34631348
384.203125,14.3371582
384.40625,14.2364502
384.6015625,14.19067383
384.8046875,14.21508789
385,14.19677734
385.203125,14.16931152
385.40625,14.13574219
385.6015625,14.13574219
385.8046875,14.14489746
386,14.11132813
386.203125,14.17541504
386.40625,14.12353516
386.6015625,13.99841309
386.8046875,14.0045166
387,14.01672363
387.203125,13.9465332
387.40625,13.8671875
387.6015625,13.86108398
387.8046875,13.83056641
388,13.76037598
388.203125,13.7512207
388.40625,13.65966797
388.6015625,13.66577148
388.8046875,13.65661621
389,13.57116699
389.203125,13.53759766
389.40625,13.47045898
389.6015625,13.45825195
389.8046875,13.36669922
390,13.34533691
390.203125,13.24157715
390.40625,13.15612793
390.6015625,13.21716309
390.8046875,13.21411133
391,13.26293945
391.203125,13.11645508
391.40625,13.11645508
391.6015625,13.04931641
391.8046875,13.04016113
392,12.99438477
392.203125,12.9486084
392.40625,12.81738281
392.6015625,12.8112793
392.8046875,12.75634766
393,12.72888184
393.203125,12.6953125
393.40625,12.70141602
393.6015625,12.58544922
393.8046875,12.59765625
394,12.54577637
394.203125,12.46948242
394.40625,12.45117188
394.6015625,12.27416992
394.8046875,12.15209961
395,19.91577148
395.203125,41.83349609
395.40625,52.03552246
395.6015625,57.38830566
395.8046875,61.21826172
396,64.53857422
396.203125,67.72766113
396.40625,70.82824707
396.6015625,73.83117676
396.8046875,76.84936523
397,71.88415527
397.203125,53.09143066
397.40625,45.66650391
397.6015625,43.03588867
397.8046875,41.75109863
398,40.91491699
398.203125,40.36560059
398.40625,39.88647461
398.6015625,39.453125
398.8046875,38.85803223
399,38.34228516
399.203125,37.90893555
399.40625,37.46032715
399.6015625,37.08190918
399.8046875,36.68212891
400,36.17553711
400.203125,35.84899902
400.40625,35.51635742
400.6015625,35.08605957
400.8046875,34.71374512
401,34.3170166
401.203125,33.97521973
401.40625,33.67004395
401.6015625,33.32214355
401.8046875,32.94372559
402,32.60498047
402.203125,32.27844238
402.40625,31.98547363
402.6015625,31.70166016
402.8046875,31.33544922
403,31.05773926
403.203125,30.80749512
403.40625,30.59692383
403.6015625,30.27954102
403.8046875,29.98962402
404,29.58679199
404.203125,29.41589355
404.40625,29.15344238
404.6015625,28.8482666
404.8046875,28.63769531
405,28.30200195
405.203125,28.05786133
405.40625,27.89001465
405.6015625,27.70385742
405.8046875,27.47802734
406,27.28271484
406.203125,27.10876465
406.40625,26.83410645
406.6015625,26.68457031
406.8046875,26.37634277
407,26.23291016
407.203125,25.9765625
407.40625,25.8392334
407.6015625,25.65307617
407.8046875,25.4119873
408,25.26855469
408.203125,25.08850098
408.40625,24.86572266
408.6015625,24.63378906
408.8046875,24.50256348
409,24.34692383
409.203125,24.15466309
409.40625,24.0447998
409.6015625,23.93188477
409.8046875,23.79150391
410,23.61755371
410.203125,23.41003418
410.40625,23.27270508
410.6015625,23.06213379
410.8046875,22.91564941
411,22.82714844
411.203125,22.68371582
411.40625,22.55859375
411.6015625,22.39379883
411.8046875,22.23510742
412,22.05505371
412.203125,21.92687988
412.40625,21.78649902
412.6015625,21.64001465
412.8046875,21.48132324
413,21.42333984
413.203125,21.22802734
413.40625,21.06018066
413.6015625,20.9197998
413.8046875,20.8190918
414,20.71533203
414.203125,20.54138184
414.40625,20.45898438
414.6015625,20.31860352
414.8046875,20.18127441
415,20.0378418
415.203125,19.87915039
415.40625,19.78759766
415.6015625,19.70825195
415.8046875,19.66247559
416,19.56481934
416.203125,19.42138672
416.40625,19.22912598
416.6015625,19.22912598
416.8046875,19.16809082
417,19.02160645
417.203125,18.89038086
417.40625,18.73474121
417.6015625,18.67675781
417.8046875,18.58520508
418,18.46618652
418.203125,18.38684082
418.40625,18.28613281
418.6015625,18.16101074
418.8046875,18.12133789
419,18.05114746
419.203125,17.96875
419.40625,17.82836914
419.6015625,17.64526367
419.8046875,17.66662598
420,17.57507324
420.203125,17.46520996
420.40625,17.39807129
420.6015625,17.31567383
420.8046875,17.23022461
421,17.15393066
421.203125,17.0715332
421.40625,16.94030762
421.6015625,16.88842773
421.8046875,16.80908203
422,16.74499512
422.203125,16.67175293
422.40625,16.49475098
422.6015625,16.41540527
422.8046875,16.3482666
423,16.30859375
423.203125,16.24145508
423.40625,16.20483398
423.6015625,16.15905762
423.8046875,16.10107422
424,16.00646973
424.203125,15.96069336
424.40625,15.72265625
424.6015625,15.67687988
424.8046875,15.63415527
425,15.59753418
425.203125,15.55175781
425.40625,15.49987793
425.6015625,15.40222168
425.8046875,15.2923584
426,15.22827148
426.203125,15.24658203
426.40625,15.13366699
426.6015625,14.95056152
426.8046875,14.87731934
427,14.91699219
427.203125,14.84069824
427.40625,14.75830078
427.6015625,14.66674805
427.8046875,14.57519531
428,14.54467773
428.203125,14.48974609
428.40625,14.30969238
428.6015625,14.17236328
428.8046875,14.16320801
429,14.1204834
429.203125,14.05334473
429.40625,13.98925781
429.6015625,13.87023926
429.8046875,13.85192871
430,13.8092041
430.203125,13.76647949
430.40625,13.51318359
430.6015625,13.48571777
430.8046875,13.46130371
431,13.46435547
431.203125,13.3972168
431.40625,13.31481934
431.6015625,13.21411133
431.8046875,13.12561035
432,13.03710938
432.203125,12.98217773
432.40625,12.90893555
432.6015625,12.84484863
432.8046875,12.76855469
433,12.67700195
433.203125,12.57324219
433.40625,12.53662109
433.6015625,12.45422363
433.8046875,12.31689453
434,12.28942871
434.203125,12.23449707
434.40625,12.24060059
434.6015625,12.06359863
434.8046875,11.94458008
435,11.9140625
435.203125,11.80725098
435.40625,11.7767334
435.6015625,11.68212891
435.8046875,11.63330078
436,11.52954102
436.203125,11.40441895
436.40625,11.42883301
436.6015625,11.37390137
436.8046875,11.28540039
437,11.26403809
437.203125,11.21520996
437.40625,11.16638184
437.6015625,11.06567383
437.8046875,10.98327637
438,10.9161377
438.203125,10.83374023
438.40625,10.79711914
438.6015625,10.75744629
438.8046875,10.72387695
439,10.64147949
439.203125,10.54077148
439.40625,10.46447754
439.6015625,10.31188965
439.8046875,10.24169922
440,10.22949219
440.203125,10.18676758
440.40625,10.05554199
440.6015625,9.976196289
440.8046875,9.912109375
441,9.841918945
441.203125,9.808349609
441.40625,9.725952148
441.6015625,9.680175781
441.8046875,9.603881836
442,9.533691406
442.203125,9.503173828
442.40625,9.390258789
442.6015625,9.317016602
442.8046875,9.289550781
443,9.225463867
443.203125,9.133911133
443.40625,9.048461914
443.6015625,9.036254883
443.8046875,8.987426758
444,8.901977539
444.203125,8.853149414
444.40625,8.654785156
444.6015625,8.615112305
444.8046875,8.538818359
445,8.526611328
445.203125,8.441162109
445.40625,8.413696289
445.6015625,8.364868164
445.8046875,8.206176758
446,8.151245117
446.203125,8.148193359
446.40625,8.016967773
446.6015625,7.968139648
446.8046875,7.88269043
447,7.827758789
447.203125,7.772827148
447.40625,7.71484375
447.6015625,7.632446289
447.8046875,7.562255859
448,7.467651367
448.203125,7.415771484
448.40625,7.363891602
448.6015625,7.247924805
448.8046875,7.153320313
449,7.086181641
449.203125,6.924438477
449.40625,6.903076172
449.6015625,6.884765625
449.8046875,6.741333008
450,6.616210938
450.203125,6.631469727
450.40625,6.509399414
450.6015625,6.466674805
450.8046875,6.335449219
451,6.234741211
451.203125,6.213378906
451.40625,6.173706055
451.6015625,6.048583984
451.8046875,5.914306641
452,5.847167969
452.203125,5.764770508
452.40625,5.722045898
452.6015625,5.59387207
452.8046875,5.474853516
453,5.364990234
453.203125,5.276489258
453.40625,5.233764648
453.6015625,5.157470703
453.8046875,5.075073242
454,4.943847656
454.203125,4.873657227
454.40625,4.858398438
454.6015625,4.724121094
454.8046875,4.513549805
455,4.376220703
455.203125,4.26940918
455.40625,4.187011719
455.6015625,4.153442383
455.8046875,4.037475586
456,3.93371582
456.203125,3.857421875
456.40625,3.796386719
456.6015625,3.741455078
456.8046875,3.628540039
457,3.524780273
457.203125,3.402709961
457.40625,3.384399414
457.6015625,3.268432617
457.8046875,3.146362305
458,2.987670898
458.203125,2.95715332
458.40625,2.90222168
458.6015625,2.813720703
458.8046875,2.697753906
459,2.630615234
459.203125,2.487182617
459.40625,2.355957031
459.6015625,2.297973633
459.8046875,2.194213867
460,1.965332031
460.203125,1.919555664
460.40625,1.889038086
460.6015625,1.779174805
460.8046875,1.599121094
461,1.513671875
461.203125,1.419067383
461.40625,1.318359375
461.6015625,1.26953125
461.8046875,1.174926758
462,1.095581055
462.203125,0.9765625
462.40625,0.8850097656
462.6015625,0.7873535156
462.8046875,0.6683349609
463,0.5554199219
463.203125,0.4730224609
463.40625,0.4608154297
463.6015625,0.3570556641
463.8046875,0.2410888672
464,0.09460449219
464.203125,0.003051757813
464.40625,-0.1434326172
464.6015625,-0.2319335938
464.8046875,-0.3295898438
465,-0.4180908203
465.203125,-0.5828857422
465.40625,-0.5920410156
465.6015625,-0.7171630859
465.8046875,-0.8605957031
466,-0.9155273438
466.203125,-1.013183594
466.40625,-1.062011719
466.6015625,-1.156616211
466.8046875,-1.293945313
467,-1.358032227
467.203125,-1.416015625
467.40625,-1.531982422
467.6015625,-1.675415039
467.8046875,-1.739501953
468,-1.806640625
468.203125,-1.943969727
468.40625,-2.014160156
468.6015625,-2.108764648
468.8046875,-2.182006836
469,-2.279663086
469.203125,-2.407836914
469.40625,-2.465820313
469.6015625,-2.603149414
469.8046875,-2.709960938
470,-2.83203125
470.203125,-2.874755859
470.40625,-3.070068359
470.6015625,-3.112792969
470.8046875,-3.155517578
471,-3.268432617
471.203125,-3.405761719
471.40625,-3.491210938
471.6015625,-3.588867188
471.8046875,-3.753662109
472,-3.839111328
472.203125,-4.013061523
472.40625,-4.165649414
472.6015625,-4.220581055
472.8046875,-4.302978516
473,-4.513549805
473.203125,-4.656982422
473.40625,-4.708862305
473.6015625,-4.794311523
473.8046875,-4.925537109
474,-5.068969727
474.203125,-5.291748047
474.40625,-5.374145508
474.6015625,-5.520629883
474.8046875,-5.700683594
475,-5.822753906
475.203125,-5.993652344
475.40625,-6.137084961
475.6015625,-6.17980957
475.8046875,-6.332397461
476,-6.488037109
476.203125,-6.732177734
476.40625,-6.829833984
476.6015625,-6.903076172
476.8046875,-6.982421875
477,-7.144165039
477.203125,-7.318115234
477.40625,-7.44934082
477.6015625,-7.611083984
477.8046875,-7.684326172
478,-7.781982422
478.203125,-7.925415039
478.40625,-8.090209961
478.6015625,-8.291625977
478.8046875,-8.383178711
479,-8.514404297
479.203125,-8.721923828
479.40625,-8.871459961
479.6015625,-8.996582031
479.8046875,-9.140014648
480,-9.262084961
480.203125,-9.490966797
480.40625,-9.606933594
480.6015625,-9.808349609
480.8046875,-9.942626953
481,-10.09521484
481.203125,-10.19287109
481.40625,-10.33630371
481.6015625,-10.50415039
481.8046875,-10.6262207
482,-10.75134277
482.203125,-10.97412109
482.40625,-11.17858887
482.6015625,-11.31896973
482.8046875,-11.47155762
483,-11.65161133
483.203125,-11.82861328
483.40625,-11.99951172
483.6015625,-12.16430664
483.8046875,-12.29858398
484,-12.53356934
484.203125,-12.65869141
484.40625,-12.92114258
484.6015625,-13.05541992
484.8046875,-13.15307617
485,-13.38195801
485.203125,-13.54980469
485.40625,-13.68408203
485.6015625,-13.87329102
485.8046875,-14.05944824
486,-14.19677734
486.203125,-14.27612305
486.40625,-14.47753906
486.6015625,-14.69116211
486.8046875,-14.79492188
487,-14.88647461
487.203125,-15.02380371
487.40625,-15.21606445
487.6015625,-15.41748047
487.8046875,-15.51818848
488,-15.76538086
488.203125,-15.89355469
488.40625,-16.11328125
488.6015625,-16.3269043
488.8046875,-16.4855957
489,-16.63818359
489.203125,-16.78771973
489.40625,-16.98303223
489.6015625,-17.16308594
489.8046875,-17.27905273
490,-17.4987793
490.203125,-17.64221191
490.40625,-17.92602539
490.6015625,-18.06335449
490.8046875,-18.20068359
491,-18.41125488
491.203125,-18.51806641
491.40625,-18.76220703
491.6015625,-19.04602051
491.8046875,-19.15893555
492,-19.29931641
492.203125,-19.52514648
492.40625,-19.69604492
492.6015625,-19.86999512
492.8046875,-20.09277344
493,-20.30029297
493.203125,-20.49255371
493.40625,-20.70922852
493.6015625,-20.92590332
493.8046875,-21.1151123
494,-21.2890625
494.203125,-21.47521973
494.40625,-21.64611816
494.6015625,-21.91467285
494.8046875,-22.23205566
495,-22.45178223
495.203125,-22.65625
495.40625,-22.84240723
495.6015625,-23.08349609
495.8046875,-23.25134277
496,-23.47412109
496.203125,-23.67248535
496.40625,-23.94104004
496.6015625,-24.16687012
496.8046875,-24.37133789
497,-24.6307373
497.203125,-24.81384277
497.40625,-25.06103516
497.6015625,-25.26245117
497.8046875,-25.47607422
498,-25.69885254
498.203125,-25.79956055
498.40625,-26.05895996
498.6015625,-26.30004883
498.8046875,-26.51367188
499,-26.65710449
499.203125,-26.82189941
499.40625,-27.03857422
499.6015625,-27.34985352
499.8046875,-27.5390625
500,-27.73742676
500.203125,-27.93884277
500.40625,-28.17077637
500.6015625,-28.42712402
500.8046875,-28.62854004
501,-28.87573242
501.203125,-29.1015625
501.40625,-29.38537598
501.6015625,-29.58374023
501.8046875,-29.73022461
502,-29.95910645
502.203125,-30.16967773
502.40625,-30.4473877
502.6015625,-30.63964844
502.8046875,-30.90515137
503,-31.10046387
503.203125,-31.27441406
503.40625,-31.54907227
503.6015625,-31.79626465
503.8046875,-32.01599121
504,-32.2845459
504.203125,-32.46154785
504.40625,-32.69348145
504.6015625,-32.90405273
504.8046875,-33.17260742
505,-33.41674805
505.203125,-33.63952637
505.40625,-33.8470459
505.6015625,-34.08813477
505.8046875,-34.30786133
506,-34.57946777
506.203125,-34.77783203
506.40625,-34.92736816
506.6015625,-35.2935791
506.8046875,-35.5682373
507,-35.78186035
507.203125,-35.9954834
507.40625,-36.23352051
507.6015625,-36.42883301
507.8046875,-36.75231934
508,-36.90185547
508.203125,-37.18566895
508.40625,-37.44506836
508.6015625,-37.67700195
508.8046875,-37.84484863
509,-38.09204102
509.203125,-38.33618164
509.40625,-38.53759766
509.6015625,-38.72070313
509.8046875,-38.9251709
510,-39.22119141
510.203125,-39.4744873
510.40625,-39.73693848
510.6015625,-39.88647461
510.8046875,-40.04516602
511,-40.24047852
511.203125,-40.44799805
511.40625,-40.62194824
511.6015625,-40.90576172
511.8046875,-41.14990234
512,-41.35437012
512.203125,-41.54052734
512.40625,-41.75720215
512.6015625,-41.92810059
512.8046875,-42.1661377
513,-42.43774414
513.203125,-42.6361084
513.40625,-42.83447266
513.6015625,-43.03283691
513.8046875,-43.22814941
514,-43.46923828
514.203125,-43.6920166
514.40625,-43.85986328
514.6015625,-44.0826416
514.8046875,-44.37255859
515,-44.61975098
515.203125,-44.68994141
515.40625,-44.79980469
515.6015625,-45.05615234
515.8046875,-45.28808594
516,-45.59326172
516.203125,-45.71838379
516.40625,-45.88317871
516.6015625,-46.09069824
516.8046875,-46.34399414
517,-46.53320313
517.203125,-46.77734375
517.40625,-46.95129395
517.6015625,-47.1496582
517.8046875,-47.33276367
518,-47.59216309
518.203125,-47.75390625
518.40625,-47.9675293
518.6015625,-48.17199707
518.8046875,-48.26049805
519,-48.55041504
519.203125,-48.66027832
519.40625,-48.88000488
519.6015625,-49.17297363
519.8046875,-49.30114746
520,-49.52087402
520.203125,-49.7253418
520.40625,-49.87182617
520.6015625,-50.07324219
520.8046875,-50.24719238
521,-50.44555664
521.203125,-50.65612793
521.40625,-50.82702637
521.6015625,-50.98876953
521.8046875,-51.13220215
522,-51.29699707
522.203125,-51.44348145
522.40625,-51.6418457
522.6015625,-51.84326172
522.8046875,-52.05993652
523,-52.23083496
523.203125,-52.4597168
523.40625,-52.60314941
523.6015625,-52.7557373
523.8046875,-52.89611816
524,-53.10058594
524.203125,-53.18603516
524.40625,-53.47900391
524.6015625,-53.60717773
524.8046875,-53.74755859
525,-53.90014648
525.203125,-54.07104492
525.40625,-54.26940918
525.6015625,-54.30603027
525.8046875,-54.5501709
526,-54.64477539
526.203125,-54.73632813
526.40625,-54.87670898
526.6015625,-55.09338379
526.8046875,-55.29174805
527,-55.35583496
527.203125,-55.50537109
527.40625,-55.59692383
527.6015625,-55.75256348
527.8046875,-55.89904785
528,-56.03942871
528.203125,-56.1706543
528.40625,-56.31103516
528.6015625,-56.46057129
528.8046875,-56.54602051
529,-56.78100586
529.203125,-56.82983398
529.40625,-56.93359375
529.6015625,-57.04650879
529.8046875,-57.15637207
530,-57.29064941
530.203125,-57.3638916
530.40625,-57.51342773
530.6015625,-57.66296387
530.8046875,-57.74536133
531,-57.82165527
531.203125,-57.93151855
531.40625,-58.07495117
531.6015625,-58.26416016
531.8046875,-58.40759277
532,-58.46862793
532.203125,-58.62426758
532.40625,-58.73718262
532.6015625,-58.83178711
532.8046875,-58.91418457
533,-58.95996094
533.203125,-59.13391113
533.40625,-59.28344727
533.6015625,-59.39331055
533.8046875,-59.51843262
534,-59.56726074
534.203125,-59.68017578
534.40625,-59.81140137
534.6015625,-59.89379883
534.8046875,-60.08300781
535,-60.14709473
535.203125,-60.22033691
535.40625,-60.36071777
535.6015625,-60.41259766
535.8046875,-60.46447754
536,-60.53771973
536.203125,-60.69030762
536.40625,-60.83984375
536.6015625,-60.90393066
536.8046875,-60.92529297
537,-61.05957031
537.203125,-61.17248535
537.40625,-61.27319336
537.6015625,-61.42883301
537.8046875,-61.48071289
538,-61.55090332
538.203125,-61.60888672
538.40625,-61.74926758
538.6015625,-61.79504395
538.8046875,-61.91101074
539,-62.02087402
539.203125,-62.10632324
539.40625,-62.17041016
539.6015625,-62.25585938
539.8046875,-62.34741211
540,-62.42675781
540.203125,-62.47558594
540.40625,-62.59765625
540.6015625,-62.6159668
540.8046875,-62.73193359
541,-62.84790039
541.203125,-62.92724609
541.40625,-63.01879883
541.6015625,-63.07983398
541.8046875,-63.11340332
542,-63.15002441
542.203125,-63.27819824
542.40625,-63.43078613
542.6015625,-63.47351074
542.8046875,-63.53759766
543,-63.60778809
543.203125,-63.71765137
543.40625,-63.77258301
543.6015625,-63.85803223
543.8046875,-63.8885498
544,-63.9251709
544.203125,-63.99230957
544.40625,-64.18151855
544.6015625,-64.15710449
544.8046875,-64.24560547
545,-64.32800293
545.203125,-64.45922852
545.40625,-64.49584961
545.6015625,-64.54467773
545.8046875,-64.54162598
546,-64.67285156
546.203125,-64.69116211
546.40625,-64.77050781
546.6015625,-64.82543945
546.8046875,-64.8223877
547,-64.96582031
547.203125,-64.99633789
547.40625,-65.12145996
547.6015625,-65.15808105
547.8046875,-65.16418457
548,-65.234375
548.203125,-65.3503418
548.40625,-65.40222168
548.6015625,-65.47851563
548.8046875,-65.51818848
549,-65.6036377
549.203125,-65.6463623
549.40625,-65.62194824
549.6015625,-65.67382813
549.8046875,-65.79284668
550,-65.85998535
550.203125,-65.91491699
550.40625,-65.88745117
550.6015625,-66.00646973
550.8046875,-66.09802246
551,-66.1529541
551.203125,-66.08886719
551.40625,-66.18041992
551.6015625,-66.34216309
551.8046875,-66.39099121
552,-66.4276123
552.203125,-66.50085449
552.40625,-66.55883789
552.6015625,-66.58630371
552.8046875,-66.68395996
553,-66.7175293
553.203125,-66.74499512
553.40625,-66.79992676
553.6015625,-66.87011719
553.8046875,-66.86706543
554,-66.97692871
554.203125,-67.1295166
554.40625,-67.11120605
554.6015625,-67.17834473
554.8046875,-67.3034668
555,-67.35839844
555.203125,-67.34313965
555.40625,-67.39807129
555.6015625,-67.45605469
555.8046875,-67.50183105
556,-67.61779785
556.203125,-67.67883301
556.40625,-67.64221191
556.6015625,-67.68798828
556.8046875,-67.75512695
557,-67.8314209
557.203125,-67.88635254
557.40625,-67.98095703
557.6015625,-68.03894043
557.8046875,-68.05114746
558,-68.13659668
558.203125,-68.05725098
558.40625,-68.1640625
558.6015625,-68.20678711
558.8046875,-68.26782227
559,-68.33496094
559.203125,-68.36547852
559.40625,-68.36853027
559.6015625,-68.46618652
559.8046875,-68.5333252
560,-68.53637695
560.203125,-68.59130859
560.40625,-68.64013672
560.6015625,-68.73779297
560.8046875,-68.78051758
561,-68.8873291
561.203125,-68.86901855
561.40625,-68.9453125
561.6015625,-68.8873291
561.8046875,-68.93920898
562,-69.05517578
562.203125,-69.12536621
562.40625,-69.13757324
562.6015625,-69.24133301
562.8046875,-69.29321289
563,-69.32983398
563.203125,-69.3359375
563.40625,-69.38781738
563.6015625,-69.41833496
563.8046875,-69.43969727
564,-69.52209473
564.203125,-69.53125
564.40625,-69.69299316
564.6015625,-69.64111328
564.8046875,-69.65332031
565,-69.79675293
565.203125,-69.88830566
565.40625,-69.87915039
565.6015625,-69.91577148
565.8046875,-69.9432373
566,-69.95239258
566.203125,-69.95239258
566.40625,-70.02563477
566.6015625,-70.07751465
566.8046875,-70.17822266
567,-70.21179199
567.203125,-70.26062012
567.40625,-70.22399902
567.6015625,-70.20568848
567.8046875,-70.28808594
568,-70.36743164
568.203125,-70.40100098
568.40625,-70.49560547
568.6015625,-70.51086426
568.8046875,-70.56274414
569,-70.6237793
569.203125,-70.68786621
569.40625,-70.67565918
569.6015625,-70.6817627
569.8046875,-70.81604004
570,-70.80688477
570.203125,-70.83740234
570.40625,-70.9197998
570.6015625,-70.93200684
570.8046875,-70.96252441
571,-70.97473145
571.203125,-71.05712891
571.40625,-71.08459473
571.6015625,-71.17004395
571.8046875,-71.1730957
572,-71.22192383
572.203125,-71.29821777
572.40625,-71.35925293
572.6015625,-71.31958008
572.8046875,-71.37451172
573,-71.41418457
573.203125,-71.52099609
573.40625,-71.58813477
573.6015625,-71.60949707
573.8046875,-71.61560059
574,-71.66137695
574.203125,-71.68884277
574.40625,-71.70715332
574.6015625,-71.79260254
574.8046875,-71.91772461
575,-71.92077637
575.203125,-71.92993164
575.40625,-71.96044922
575.6015625,-71.95129395
575.8046875,-72.01843262
576,-72.10083008
576.203125,-72.10388184
576.40625,-72.18933105
576.6015625,-72.18017578
576.8046875,-72.21069336
577,-72.29003906
577.203125,-72.36633301
577.40625,-72.3815918
577.6015625,-72.44873047
577.8046875,-72.43652344
578,-72.50671387
578.203125,-72.59216309
578.40625,-72.57995605
578.6015625,-72.66235352
578.8046875,-72.70202637
579,-72.72644043
579.203125,-72.73254395
579.40625,-72.83630371
579.6015625,-72.83935547
579.8046875,-72.84545898
580,-72.9095459
580.203125,-72.99804688
580.40625,-72.99804688
580.6015625,-73.00720215
580.8046875,-73.046875
581,-73.11706543
581.203125,-73.18115234
581.40625,-73.2635498
581.6015625,-73.30322266
581.8046875,-73.33374023
582,-73.3581543
582.203125,-73.36425781
582.40625,-73.38562012
582.6015625,-73.47717285
582.8046875,-73.4954834
583,-73.5534668
583.203125,-73.59619141
583.40625,-73.64807129
583.6015625,-73.66943359
583.8046875,-73.70910645
584,-73.7701416
584.203125,-73.7121582
584.40625,-73.83422852
584.6015625,-73.88916016
584.8046875,-73.88305664
585,-73.80371094
585.203125,-73.95935059
585.40625,-73.98681641
585.6015625,-74.04785156
585.8046875,-74.0814209
586,-74.07226563
586.203125,-74.09057617
586.40625,-74.12719727
586.6015625,-74.25537109
586.8046875,-74.28894043
587,-74.27062988
587.203125,-74.26757813
587.40625,-74.24316406
587.6015625,-74.32250977
587.8046875,-74.34692383
588,-74.34997559
588.203125,-74.4354248
588.40625,-74.42321777
588.6015625,-74.46289063
588.8046875,-74.51782227
589,-74.49035645
589.203125,-74.54223633
589.40625,-74.58190918
589.6015625,-74.62768555
589.8046875,-74.77111816
590,-74.76806641
590.203125,-74.74060059
590.40625,-74.83520508
590.6015625,-74.8046875
590.8046875,-74.78942871
591,-74.89013672
591.203125,-74.83520508
591.40625,-74.93896484
591.6015625,-74.9786377
591.8046875,-75.07629395
592,-75.06103516
592.203125,-75.11901855
592.40625,-75.1739502
592.6015625,-75.16479492
592.8046875,-75.22277832
593,-75.25634766
593.203125,-75.23803711
593.40625,-75.23498535
593.6015625,-75.28381348
593.8046875,-75.38146973
594,-75.32348633
594.203125,-75.38757324
594.40625,-75.42114258
594.6015625,-75.47302246
594.8046875,-75.61035156
595,-75.60119629
595.203125,-75.55847168
595.40625,-75.63476563
595.6015625,-75.68054199
595.8046875,-75.67749023
596,-75.72937012
596.203125,-75.72937012
596.40625,-75.72021484
596.6015625,-75.77514648
596.8046875,-75.83618164
597,-75.86364746
597.203125,-75.93078613
597.40625,-75.96740723
597.6015625,-76.07116699
597.8046875,-76.13525391
598,-76.19018555
598.203125,-76.08337402
598.40625,-76.11694336
598.6015625,-76.14440918
598.8046875,-76.23901367
599,-76.22680664
599.203125,-76.27258301
599.40625,-76.36108398
599.6015625,-76.3885498
599.8046875,-76.44958496
600,-76.5045166
600.203125,-76.4465332
600.40625,-76.46179199
600.6015625,-76.49841309
600.8046875,-76.56860352
601,-76.6204834
601.203125,-76.63879395
601.40625,-76.63269043
601.6015625,-76.62353516
601.8046875,-76.73034668
602,-76.73950195
602.203125,-76.76696777
602.40625,-76.73950195
602.6015625,-76.80053711
602.8046875,-76.92871094
603,-76.95007324
603.203125,-76.92260742
603.40625,-76.94702148
603.6015625,-77.00195313
603.8046875,-77.07824707
604,-77.16369629
604.203125,-77.08435059
604.40625,-77.15759277
604.6015625,-77.12097168
604.8046875,-77.18811035
605,-77.18811035
605.203125,-77.23388672
605.40625,-77.23693848
605.6015625,-77.35290527
605.8046875,-77.39257813
606,-77.37731934
606.203125,-77.38647461
606.40625,-77.39868164
606.6015625,-77.41088867
606.8046875,-77.53295898
607,-77.56958008
607.203125,-77.51159668
607.40625,-77.51464844
607.6015625,-77.59094238
607.8046875,-77.52990723
608,-77.56958008
608.203125,-77.60925293
608.40625,-77.63671875
608.6015625,-77.64282227
608.8046875,-77.62451172
609,-77.63366699
609.203125,-77.74963379
609.40625,-77.734375
609.6015625,-77.80761719
609.8046875,-77.81982422
610,-77.86560059
610.203125,-77.84729004
610.40625,-77.86560059
610.6015625,-77.89611816
610.8046875,-77.94189453
611,-78.06091309
611.203125,-77.99072266
611.40625,-77.9083252
611.6015625,-78.00598145
611.8046875,-78.13110352
612,-78.10974121
612.203125,-78.12805176
612.40625,-78.17993164
612.6015625,-78.11584473
612.8046875,-78.21350098
613,-78.25317383
613.203125,-78.2989502
613.40625,-78.24707031
613.6015625,-78.28674316
613.8046875,-78.28369141
614,-78.32336426
614.203125,-78.40576172
614.40625,-78.34472656
614.6015625,-78.38439941
614.8046875,-78.5369873
615,-78.53393555
615.203125,-78.4942627
615.40625,-78.50952148
615.6015625,-78.52478027
615.8046875,-78.58581543
616,-78.62548828
616.203125,-78.68347168
616.40625,-78.69567871
616.6015625,-78.64685059
616.8046875,-78.71398926
617,-78.7689209
617.203125,-78.79943848
617.40625,-78.80554199
617.6015625,-78.86047363
617.8046875,-78.86657715
618,-78.94287109
618.203125,-78.8848877
618.40625,-78.90014648
618.6015625,-78.91845703
618.8046875,-78.95812988
619,-78.9642334
619.203125,-79.00695801
619.40625,-79.11071777
619.6015625,-79.13818359
619.8046875,-79.10766602
620,-79.13513184
620.203125,-79.14123535
620.40625,-79.08325195
620.6015625,-79.13513184
620.8046875,-79.19006348
621,-79.19006348
621.203125,-79.296875
621.40625,-79.3548584
621.6015625,-79.33654785
621.8046875,-79.3548584
622,-79.39147949
622.203125,-79.39147949
622.40625,-79.46777344
622.6015625,-79.44030762
622.8046875,-79.40979004
623,-79.4921875
623.203125,-79.48303223
623.40625,-79.53186035
623.6015625,-79.52270508
623.8046875,-79.56237793
624,-79.62341309
624.203125,-79.62646484
624.40625,-79.72106934
624.6015625,-79.69970703
624.8046875,-79.7454834
625,-79.68139648
625.203125,-79.77905273
625.40625,-79.82177734
625.6015625,-79.77294922
625.8046875,-79.77294922
626,-79.81262207
626.203125,-79.8614502
626.40625,-79.78210449
626.6015625,-79.84924316
626.8046875,-79.82177734
627,-79.86755371
627.203125,-79.94384766
627.40625,-79.97131348
627.6015625,-79.91333008
627.8046875,-79.90112305
628,-79.91943359
628.203125,-79.94689941
628.40625,-80.02929688
628.6015625,-80.06591797
628.8046875,-79.98352051
629,-80.05065918
629.203125,-80.05065918
629.40625,-80.06286621
629.6015625,-80.04150391
629.8046875,-80.06591797
630,-80.10253906
630.203125,-80.16967773
630.40625,-80.24597168
630.6015625,-80.13916016
630.8046875,-80.16967773
631,-80.18188477
631.203125,-80.24291992
631.40625,-80.24291992
631.6015625,-80.26733398
631.8046875,-80.24902344
632,-80.32836914
632.203125,-80.33752441
632.40625,-80.34362793
632.6015625,-80.32531738
632.8046875,-80.34973145
633,-80.34362793
633.203125,-80.40771484
633.40625,-80.47790527
633.6015625,-80.47485352
633.8046875,-80.41687012
634,-80.3894043
634.203125,-80.49621582
634.40625,-80.49316406
634.6015625,-80.53588867
634.8046875,-80.63964844
635,-80.62744141
635.203125,-80.57861328
635.40625,-80.66711426
635.6015625,-80.64575195
635.8046875,-80.65185547
636,-80.69458008
636.203125,-80.69152832
636.40625,-80.69458008
636.6015625,-80.73425293
636.8046875,-80.77087402
637,-80.75866699
637.203125,-80.80444336
637.40625,-80.84716797
637.6015625,-80.8380127
637.8046875,-80.8380127
638,-80.86853027
638.203125,-80.8380127
638.40625,-80.95397949
638.6015625,-80.90209961
638.8046875,-81.00280762
639,-80.96008301
639.203125,-80.9967041
639.40625,-81.05163574
639.6015625,-81.07299805
639.8046875,-81.07910156
640,-81.05163574
640.203125,-81.07910156
640.40625,-81.0760498
640.6015625,-81.12182617
640.8046875,-81.1126709
641,-81.13708496
641.203125,-81.18286133
641.40625,-81.21032715
641.6015625,-81.1920166
641.8046875,-81.18591309
642,-81.18896484
642.203125,-81.24084473
642.40625,-81.28967285
642.6015625,-81.32019043
642.8046875,-81.36291504
643,-81.30187988
643.203125,-81.34155273
643.40625,-81.34155273
643.6015625,-81.31713867
643.8046875,-81.38122559
644,-81.43615723
644.203125,-81.38122559
644.40625,-81.51855469
644.6015625,-81.43920898
644.8046875,-81.39648438
645,-81.36901855
645.203125,-81.4239502
645.40625,-81.4239502
645.6015625,-81.40869141
645.8046875,-81.44226074
646,-81.46362305
646.203125,-81.49414063
646.40625,-81.58874512
646.6015625,-81.55212402
646.8046875,-81.57043457
647,-81.51855469
647.203125,-81.57958984
647.40625,-81.56433105
647.6015625,-81.56738281
647.8046875,-81.61621094
648,-81.53991699
648.203125,-81.54296875
648.40625,-81.58569336
648.6015625,-81.63452148
648.8046875,-81.64367676
649,-81.61621094
649.203125,-81.61010742
649.40625,-81.58874512
649.6015625,-81.66809082
649.8046875,-81.67114258
650,-81.640625
650.203125,-81.70166016
650.40625,-81.68945313
650.6015625,-81.67419434
650.8046875,-81.69250488
651,-81.66809082
651.203125,-81.67419434
651.40625,-81.72912598
651.6015625,-81.76574707
651.8046875,-81.76269531
652,-81.75354004
652.203125,-81.79016113
652.40625,-81.76269531
652.6015625,-81.69250488
652.8046875,-81.73522949
653,-81.79321289
653.203125,-81.82678223
653.40625,-81.86340332
653.6015625,-81.84509277
653.8046875,-81.87561035
654,-81.83898926
654.203125,-81.83898926
654.40625,-81.84204102
654.6015625,-81.90307617
654.8046875,-82.03735352
655,-82.03125
655.203125,-81.98242188
655.40625,-81.99462891
655.6015625,-81.99157715
655.8046875,-82.05871582
656,-81.99157715
656.203125,-81.96716309
656.40625,-82.04956055
656.6015625,-82.0892334
656.8046875,-82.04956055
657,-82.05871582
657.203125,-82.09533691
657.40625,-82.13806152
657.6015625,-82.20214844
657.8046875,-82.19604492
658,-82.23876953
658.203125,-82.11364746
658.40625,-82.1472168
658.6015625,-82.18383789
658.8046875,-82.1685791
659,-82.15942383
659.203125,-82.18994141
659.40625,-82.26013184
659.6015625,-82.29675293
659.8046875,-82.28149414
660,-82.27233887
660.203125,-82.24487305
660.40625,-82.30285645
660.6015625,-82.28149414
660.8046875,-82.30895996
661,-82.33032227
661.203125,-82.33337402
661.40625,-82.35168457
661.6015625,-82.38220215
661.8046875,-82.40356445
662,-82.43103027
662.203125,-82.40661621
662.40625,-82.37609863
662.6015625,-82.41577148
662.8046875,-82.48291016
663,-82.47070313
663.203125,-82.41271973
663.40625,-82.4432373
663.6015625,-82.45849609
663.8046875,-82.44934082
664,-82.5012207
664.203125,-82.50427246
664.40625,-82.59887695
664.6015625,-82.51037598
664.8046875,-82.49206543
665,-82.62023926
665.203125,-82.49511719
665.40625,-82.48901367
665.6015625,-82.55310059
665.8046875,-82.56835938
666,-82.58056641
666.203125,-82.53479004
666.40625,-82.58056641
666.6015625,-82.61108398
666.8046875,-82.62939453
667,-82.70874023
667.203125,-82.61413574
667.40625,-82.57446289
667.6015625,-82.53479004
667.8046875,-82.58666992
668,-82.62939453
668.203125,-82.65075684
668.40625,-82.60803223
668.6015625,-82.62634277
668.8046875,-82.62634277
669,-82.6385498
669.203125,-82.66601563
669.40625,-82.65075684
669.6015625,-82.62329102
669.8046875,-82.64770508
670,-82.66296387
670.203125,-82.66601563
670.40625,-82.70263672
670.6015625,-82.66906738
670.8046875,-82.66906738
671,-82.70568848
671.203125,-82.74536133
671.40625,-82.68127441
671.6015625,-82.71179199
671.8046875,-82.7545166
672,-82.70874023
672.203125,-82.63549805
672.40625,-82.71789551
672.6015625,-82.70263672
672.8046875,-82.71179199
673,-82.73925781
673.203125,-82.81555176
673.40625,-82.7545166
673.6015625,-82.73925781
673.8046875,-82.77587891
674,-82.81860352
674.203125,-82.7911377
674.40625,-82.76977539
674.6015625,-82.76977539
674.8046875,-82.85217285
675,-82.8918457
675.203125,-82.8918457
675.40625,-82.90405273
675.6015625,-82.87658691
675.8046875,-82.91015625
676,-82.90405273
676.203125,-82.96508789
676.40625,-82.94677734
676.6015625,-82.92236328
676.8046875,-82.91015625
677,-82.96508789
677.203125,-83.02612305
677.40625,-82.99255371
677.6015625,-83.07189941
677.8046875,-83.04748535
678,-83.05358887
678.203125,-83.06274414
678.40625,-82.98034668
678.6015625,-83.03527832
678.8046875,-83.03833008
679,-83.12072754
679.203125,-83.10546875
679.40625,-83.15734863
679.6015625,-83.05664063
679.8046875,-83.11462402
680,-83.14819336
680.203125,-83.11462402
680.40625,-83.12988281
680.6015625,-83.1237793
680.8046875,-83.17565918
681,-83.21533203
681.203125,-83.22143555
681.40625,-83.23059082
681.6015625,-83.22143555
681.8046875,-83.19702148
682,-83.19091797
682.203125,-83.20922852
682.40625,-83.2244873
682.6015625,-83.23059082
682.8046875,-83.23059082
683,-83.25805664
683.203125,-83.33435059
683.40625,-83.3404541
683.6015625,-83.30383301
683.8046875,-83.32824707
684,-83.33129883
684.203125,-83.32519531
684.40625,-83.37097168
684.6015625,-83.35266113
684.8046875,-83.35266113
685,-83.33740234
685.203125,-83.37097168
685.40625,-83.36486816
685.6015625,-83.36486816
685.8046875,-83.40148926
686,-83.3770752
686.203125,-83.39233398
686.40625,-83.3770752
686.6015625,-83.37402344
686.8046875,-83.38012695
687,-83.41064453
687.203125,-83.41369629
687.40625,-83.46252441
687.6015625,-83.40454102
687.8046875,-83.29467773
688,-83.3770752
688.203125,-83.32824707
688.40625,-83.40148926
688.6015625,-83.3770752
688.8046875,-83.37097168
689,-83.42285156
689.203125,-83.40454102
689.40625,-83.4197998
689.6015625,-83.45947266
689.8046875,-83.45031738
690,-83.41064453
690.203125,-83.50524902
690.40625,-83.47473145
690.6015625,-83.46252441
690.8046875,-83.41674805
691,-83.41369629
691.203125,-83.42895508
691.40625,-83.43200684
691.6015625,-83.46252441
691.8046875,-83.43505859
692,-83.44421387
692.203125,-83.50219727
692.40625,-83.50219727
692.6015625,-83.48693848
692.8046875,-83.43811035
693,-83.47473145
693.203125,-83.56323242
693.40625,-83.5723877
693.6015625,-83.52966309
693.8046875,-83.52966309
694,-83.46862793
694.203125,-83.48999023
694.40625,-83.49609375
694.6015625,-83.50219727
694.8046875,-83.53271484
695,-75.59509277
695.203125,-53.72009277
695.40625,-43.46008301
695.6015625,-38.09509277
695.8046875,-34.06677246
696,-30.70983887
696.203125,-27.58483887
696.40625,-24.50866699
696.6015625,-21.4263916
696.8046875,-18.42956543
697,-23.26049805
697.203125,-41.87011719
697.40625,-49.06311035
697.6015625,-51.30310059
697.8046875,-51.91040039
698,-52.07519531
698.203125,-52.15454102
698.40625,-52.05078125
698.6015625,-51.94091797
698.8046875,-51.74560547
699,-51.62353516
699.203125,-51.49230957
699.40625,-51.38244629
699.6015625,-51.20849609
699.8046875,-50.92163086
700,-50.68359375
700.203125,-50.40283203
700.40625,-50.1159668
700.6015625,-49.89624023
700.8046875,-49.58496094
701,-49.25842285
701.203125,-48.87390137
701.40625,-48.40393066
701.6015625,-47.88513184
701.8046875,-47.18933105
702,-46.39892578
702.203125,-45.42236328
702.40625,-44.14672852
702.6015625,-42.24243164
702.8046875,-38.81530762
703,-26.59912109
703.203125,10.34545898
703.40625,34.61303711
703.6015625,43.0847168
703.8046875,45.80383301
704,46.55151367
704.203125,46.65222168
704.40625,46.45996094
704.6015625,46.27685547
704.8046875,46.08459473
705,45.98693848
705.203125,45.77941895
705.40625,45.69091797
705.6015625,45.6237793
705.8046875,45.55053711
706,45.53222656
706.203125,45.5291748
706.40625,45.49560547
706.6015625,45.42541504
706.8046875,45.42236328
707,45.41931152
707.203125,45.4284668
707.40625,45.44372559
707.6015625,45.49865723
707.8046875,45.46508789
708,45.5078125
708.203125,45.39794922
708.40625,45.3704834
708.6015625,45.41320801
708.8046875,45.54138184
709,45.52612305
709.203125,45.56884766
709.40625,45.65429688
709.6015625,45.74279785
709.8046875,45.69396973
710,45.83435059
710.203125,45.73364258
710.40625,45.8190918
710.6015625,45.92895508
710.8046875,45.99609375
711,45.99914551
711.203125,45.98388672
711.40625,46.08154297
711.6015625,46.09680176
711.8046875,46.06323242
712,46.10595703
712.203125,46.16394043
712.40625,46.16699219
712.6015625,46.17919922
712.8046875,46.20666504
713,46.25549316
713.203125,46.29821777
713.40625,46.33178711
713.6015625,46.35925293
713.8046875,46.32568359
714,46.43859863
714.203125,46.45385742
714.40625,46.41113281
714.6015625,46.37451172
714.8046875,46.27990723
715,46.35620117
715.203125,46.41113281
715.40625,46.44165039
715.6015625,46.44775391
715.8046875,46.4263916
716,46.43859863
716.203125,46.484375
716.40625,46.52709961
716.6015625,46.49353027
716.8046875,46.50268555
717,46.45690918
717.203125,46.484375
717.40625,46.48742676
717.6015625,46.44775391
717.8046875,46.47521973
718,46.50878906
718.203125,46.50878906
718.40625,46.60644531
718.6015625,46.59423828
718.8046875,46.55151367
719,46.58203125
719.203125,46.59423828
719.40625,46.52099609
719.6015625,46.56982422
719.8046875,46.6003418
720,46.49658203
720.203125,46.51184082
720.40625,46.58508301
720.6015625,46.63085938
720.8046875,46.5057373
721,46.5057373
721.203125,46.57287598
721.40625,46.56677246
721.6015625,46.66137695
721.8046875,46.62475586
722,46.60339355
722.203125,46.60949707
722.40625,46.62780762
722.6015625,46.64916992
722.8046875,46.64611816
723,46.61560059
723.203125,46.67663574
723.40625,46.67358398
723.6015625,46.72546387
723.8046875,46.69799805
724,46.61560059
724.203125,46.59423828
724.40625,46.6003418
724.6015625,46.6583252
724.8046875,46.63085938
725,46.59729004
725.203125,46.55456543
725.40625,46.56066895
725.6015625,46.64001465
725.8046875,46.57897949
726,46.54846191
726.203125,46.59423828
726.40625,46.6003418
726.6015625,46.54541016
726.8046875,46.45385742
727,46.56982422
727.203125,46.53930664
727.40625,46.49963379
727.6015625,46.51794434
727.8046875,46.49963379
728,46.49047852
728.203125,46.45996094
728.40625,46.41113281
728.6015625,46.42944336
728.8046875,46.43859863
729,46.46911621
729.203125,46.46911621
729.40625,46.47521973
729.6015625,46.53625488
729.8046875,46.44775391
730,46.42944336
730.203125,46.35925293
730.40625,46.32263184
730.6015625,46.30432129
730.8046875,46.32873535
731,46.36535645
731.203125,46.25854492
731.40625,46.27685547
731.6015625,46.19750977
731.8046875,46.20361328
732,46.18835449
732.203125,46.16394043
732.40625,46.16394043
732.6015625,46.16088867
732.8046875,46.13342285
733,46.09069824
733.203125,46.06323242
733.40625,46.05102539
733.6015625,46.02661133
733.8046875,45.9777832
734,45.96557617
734.203125,45.97167969
734.40625,45.91369629
734.6015625,45.86181641
734.8046875,45.77941895
735,45.80688477
735.203125,45.79772949
735.40625,45.76416016
735.6015625,45.75500488
735.8046875,45.75500488
736,45.75805664
736.203125,45.72753906
736.40625,45.703125
736.6015625,45.70617676
736.8046875,45.58105469
737,45.60852051
737.203125,45.61157227
737.40625,45.49865723
737.6015625,45.4864502
737.8046875,45.52307129
738,45.46203613
738.203125,45.43457031
738.40625,45.45593262
738.6015625,45.49865723
738.8046875,45.43457031
739,45.44067383
739.203125,45.32775879
739.40625,45.28198242
739.6015625,45.28198242
739.8046875,45.30029297
740,45.20568848
740.203125,45.20568848
740.40625,45.17822266
740.6015625,45.1385498
740.8046875,45.16296387
741,45.12939453
741.203125,45.08972168
741.40625,45.0592041
741.6015625,45.04089355
741.8046875,45.05310059
742,45.08666992
742.203125,45.02868652
742.40625,45.01342773
742.6015625,44.93103027
742.8046875,44.91882324
743,44.94018555
743.203125,44.96765137
743.40625,44.921875
743.6015625,44.93713379
743.8046875,44.8638916
744,44.83032227
744.203125,44.78149414
744.40625,44.67773438
744.6015625,44.68383789
744.8046875,44.74487305
745,44.70214844
745.203125,44.6105957
745.40625,44.63500977
745.6015625,44.59533691
745.8046875,44.69909668
746,44.68383789
746.203125,44.69909668
746.40625,44.5526123
746.6015625,44.59838867
746.8046875,44.5892334
747,44.51293945
747.203125,44.51293945
747.40625,44.47631836
747.6015625,44.48852539
747.8046875,44.61364746
748,44.60144043
748.203125,44.54956055
748.40625,44.50683594
748.6015625,44.37866211
748.8046875,44.47021484
749,44.49462891
749.203125,44.39697266
749.40625,44.3939209
749.6015625,44.40307617
749.8046875,44.29626465
750,44.34814453
750.203125,44.32373047
750.40625,44.29321289
750.6015625,44.29321289
750.8046875,44.28710938
751,44.31152344
751.203125,44.3359375
751.40625,44.29016113
751.6015625,44.18334961
751.8046875,44.23217773
752,44.15588379
752.203125,44.11010742
752.40625,44.15893555
752.6015625,44.10095215
752.8046875,44.08874512
753,44.09179688
753.203125,44.0612793
753.40625,44.03076172
753.6015625,44.0246582
753.8046875,44.00024414
754,43.95141602
754.203125,43.9239502
754.40625,43.87207031
754.6015625,43.78356934
754.8046875,43.67370605
755,43.73779297
755.203125,43.7713623
755.40625,43.65234375
755.6015625,43.64624023
755.8046875,43.62487793
756,43.62182617
756.203125,43.61877441
756.40625,43.58215332
756.6015625,43.5546875
756.8046875,43.48449707
757,43.49365234
757.203125,43.52722168
757.40625,43.51196289
757.6015625,43.4387207
757.8046875,43.38684082
758,43.35021973
758.203125,43.34716797
758.40625,43.35021973
758.6015625,43.41125488
758.8046875,43.36242676
759,43.31970215
759.203125,43.25561523
759.40625,43.20983887
759.6015625,43.16101074
759.8046875,43.21289063
760,43.13659668
760.203125,43.05419922
760.40625,43.1060791
760.6015625,43.05725098
760.8046875,43.01147461
761,43.05419922
761.203125,43.05725098
761.40625,43.03894043
761.6015625,43.02368164
761.8046875,42.94433594
762,42.90771484
762.203125,42.89245605
762.40625,42.84973145
762.6015625,42.83447266
762.8046875,42.75512695
763,42.6940918
763.203125,42.79174805
763.40625,42.72155762
763.6015625,42.66052246
763.8046875,42.59033203
764,42.52624512
764.203125,42.48046875
764.40625,42.35839844
764.6015625,42.42553711
764.8046875,42.42248535
765,42.32788086
765.203125,42.33703613
765.40625,42.31872559
765.6015625,42.27294922
765.8046875,42.26989746
766,42.1875
766.203125,42.12341309
766.40625,42.06848145
766.6015625,42.08068848
766.8046875,41.99829102
767,42.0501709
767.203125,42.04101563
767.40625,41.96472168
767.6015625,41.9708252
767.8046875,41.96166992
768,41.98913574
768.203125,41.88537598
768.40625,41.80297852
768.6015625,41.87927246
768.8046875,41.81518555
769,41.82128906
769.203125,41.8182373
769.40625,41.8548584
769.6015625,41.76635742
769.8046875,41.74194336
770,41.65649414
770.203125,41.66564941
770.40625,41.60766602
770.6015625,41.66870117
770.8046875,41.68395996
771,41.67175293
771.203125,41.66870117
771.40625,41.66564941
771.6015625,41.62902832
771.8046875,41.66259766
772,41.55883789
772.203125,41.51306152
772.40625,41.50085449
772.6015625,41.52526855
772.8046875,41.5222168
773,41.47033691
773.203125,41.44897461
773.40625,41.44592285
773.6015625,41.41235352
773.8046875,41.3848877
774,41.36962891
774.203125,41.40930176
774.40625,41.32080078
774.6015625,41.31164551
774.8046875,41.19567871
775,41.17736816
775.203125,41.19873047
775.40625,41.16516113
775.6015625,41.11022949
775.8046875,41.06140137
776,41.02783203
776.203125,40.99731445
776.40625,40.92712402
776.6015625,40.89660645
776.8046875,40.86914063
777,40.90881348
777.203125,40.80810547
777.40625,40.81420898
777.6015625,40.77148438
777.8046875,40.73181152
778,40.6463623
778.203125,40.61279297
778.40625,40.64331055
778.6015625,40.60058594
778.8046875,40.60668945
779,40.58532715
779.203125,40.56396484
779.40625,40.40222168
779.6015625,40.43273926
779.8046875,40.39306641
780,40.32287598
780.203125,40.34423828
780.40625,40.35644531
780.6015625,40.26489258
780.8046875,40.22216797
781,40.1763916
781.203125,40.1763916
781.40625,40.10009766
781.6015625,40.08178711
781.8046875,40.06652832
782,40.03601074
782.203125,39.98718262
782.40625,39.9810791
782.6015625,39.96276855
782.8046875,39.90783691
783,39.88952637
783.203125,39.90783691
783.40625,39.88342285
783.6015625,39.8651123
783.8046875,39.87121582
784,39.72473145
784.203125,39.7064209
784.40625,39.62402344
784.6015625,39.58435059
784.8046875,39.66064453
785,39.61486816
785.203125,39.50500488
785.40625,39.48974609
785.6015625,39.49584961
785.8046875,39.46533203
786,39.48974609
786.203125,39.43786621
786.40625,39.38903809
786.6015625,39.32189941
786.8046875,39.3371582
787,39.3371582
787.203125,39.39819336
787.40625,39.29748535
787.6015625,39.32495117
787.8046875,39.34936523
788,39.27307129
788.203125,39.29443359
788.40625,39.22729492
788.6015625,39.1784668
788.8046875,39.16931152
789,39.17236328
789.203125,39.04724121
789.40625,39.01062012
789.6015625,39.0045166
789.8046875,38.87939453
790,38.94348145
790.203125,38.88549805
790.40625,38.86413574
790.6015625,38.85803223
790.8046875,38.95874023
791,38.87329102
791.203125,38.80004883
791.40625,38.83361816
791.6015625,38.74511719
791.8046875,38.76037598
792,38.71765137
792.203125,38.63220215
792.40625,38.56811523
792.6015625,38.63220215
792.8046875,38.59558105
793,38.5345459
793.203125,38.51928711
793.40625,38.48266602
793.6015625,38.46130371
793.8046875,38.4552002
794,38.37585449
794.203125,38.48266602
794.40625,38.40332031
794.6015625,38.38195801
794.8046875,38.31481934
795,38.3605957
795.203125,38.40026855
795.40625,38.34533691
795.6015625,38.29040527
795.8046875,38.34838867
796,38.35144043
796.203125,38.30566406
796.40625,38.23852539
796.6015625,38.25683594
796.8046875,38.18969727
797,38.17443848
797.203125,38.12866211
797.40625,38.1439209
797.6015625,38.03710938
797.8046875,38.09814453
798,38.06762695
798.203125,37.97912598
798.40625,37.93945313
798.6015625,37.93640137
798.8046875,37.92419434
799,37.94555664
799.203125,37.92419434
799.40625,37.86315918
799.6015625,37.86621094
799.8046875,37.84790039
800,37.79602051
800.203125,37.82043457
800.40625,37.78686523
800.6015625,37.73803711
800.8046875,37.7166748
801,37.73803711
801.203125,37.71057129
801.40625,37.60681152
801.6015625,37.58850098
801.8046875,37.51525879
802,37.48168945
802.203125,37.47558594
802.40625,37.42675781
802.6015625,37.41455078
802.8046875,37.37182617
803,37.37182617
803.203125,37.35961914
803.40625,37.37487793
803.6015625,37.31079102
803.8046875,37.27722168
804,37.33215332
804.203125,37.27722168
804.40625,37.2833252
804.6015625,37.23449707
804.8046875,37.19177246
805,37.20397949
805.203125,37.18261719
805.40625,37.22229004
805.6015625,37.17346191
805.8046875,37.21618652
806,37.09106445
806.203125,37.20397949
806.40625,37.13989258
806.6015625,37.08496094
806.8046875,37.02392578
807,37.02087402
807.203125,37.06665039
807.40625,37.02392578
807.6015625,37.01477051
807.8046875,36.92932129
808,36.91101074
808.203125,36.90795898
808.40625,36.83776855
808.6015625,36.84997559
808.8046875,36.77978516
809,36.80725098
809.203125,36.80114746
809.40625,36.83166504
809.6015625,36.75537109
809.8046875,36.68823242
810,36.66992188
810.203125,36.60888672
810.40625,36.63635254
810.6015625,36.55700684
810.8046875,36.51123047
811,36.46240234
811.203125,36.55700684
811.40625,36.52648926
811.6015625,36.39831543
811.8046875,36.35253906
812,36.30371094
812.203125,36.40136719
812.40625,36.41357422
812.6015625,36.30981445
812.8046875,36.28234863
813,36.19384766
813.203125,36.21826172
813.40625,36.22741699
813.6015625,36.17553711
813.8046875,36.1541748
814,36.19995117
814.203125,36.22131348
814.40625,36.18469238
814.6015625,36.17553711
814.8046875,36.00158691
815,36.03820801
815.203125,36.04431152
815.40625,36.06872559
815.6015625,36.04736328
815.8046875,35.98022461
816,35.92224121
816.203125,35.93139648
816.40625,35.89782715
816.6015625,35.90698242
816.8046875,35.81848145
817,35.78491211
817.203125,35.75744629
817.40625,35.70556641
817.6015625,35.71472168
817.8046875,35.67504883
818,35.64758301
818.203125,35.6842041
818.40625,35.65979004
818.6015625,35.67504883
818.8046875,35.54077148
819,35.54382324
819.203125,35.56213379
819.40625,35.59265137
819.6015625,35.50109863
819.8046875,35.44616699
820,35.38818359
820.203125,35.39733887
820.40625,35.4095459
820.6015625,35.32104492
820.8046875,35.25695801
821,35.24475098
821.203125,35.25390625
821.40625,35.26000977
821.6015625,35.27832031
821.8046875,35.24475098
822,35.23864746
822.203125,35.2355957
822.40625,35.2142334
822.6015625,35.1776123
822.8046875,35.08605957
823,35.02197266
823.203125,35.05859375
823.40625,35.03723145
823.6015625,34.98535156
823.8046875,34.93652344
824,34.91516113
824.203125,34.89379883
824.40625,34.93652344
824.6015625,34.89379883
824.8046875,34.89685059
825,34.85107422
825.203125,34.8449707
825.40625,34.81140137
825.6015625,34.79614258
825.8046875,34.74731445
826,34.67712402
826.203125,34.7076416
826.40625,34.69543457
826.6015625,34.5916748
826.8046875,34.51538086
827,34.50622559
827.203125,34.47570801
827.40625,34.49707031
827.6015625,34.43603516
827.8046875,34.46655273
828,34.38110352
828.203125,34.47875977
828.40625,34.46044922
828.6015625,34.43908691
828.8046875,34.42077637
829,34.3963623
829.203125,34.3536377
829.40625,34.40551758
829.6015625,34.35974121
829.8046875,34.38720703
830,34.28649902
830.203125,34.30175781
830.40625,34.27429199
830.6015625,34.28344727
830.8046875,34.22241211
831,34.19494629
831.203125,34.11254883
831.40625,34.13085938
831.6015625,34.11254883
831.8046875,34.1003418
832,34.11254883
832.203125,34.04541016
832.40625,33.98132324
832.6015625,33.95080566
832.8046875,33.93859863
833,33.9630127
833.203125,33.88061523
833.40625,33.88977051
833.6015625,33.8470459
833.8046875,33.9263916
834,33.90197754
834.203125,33.89282227
834.40625,33.89282227
834.6015625,33.81347656
834.8046875,33.71887207
835,33.71276855
835.203125,33.62121582
835.40625,33.62731934
835.6015625,33.7097168
835.8046875,33.68530273
836,33.57849121
836.203125,33.56018066
836.40625,33.59985352
836.6015625,33.61816406
836.8046875,33.56323242
837,33.5357666
837.203125,33.53271484
837.40625,33.49914551
837.6015625,33.48083496
837.8046875,33.41369629
838,33.36791992
838.203125,33.33740234
838.40625,33.41064453
838.6015625,33.29772949
838.8046875,33.2244873
839,33.24890137
839.203125,33.24584961
839.40625,33.15124512
839.6015625,33.1817627
839.8046875,33.1451416
840,33.13598633
840.203125,33.06274414
840.40625,33.05969238
840.6015625,33.03222656
840.8046875,33.05358887
841,33.08105469
841.203125,33.0078125
841.40625,32.9498291
841.6015625,33.02307129
841.8046875,32.99865723
842,32.91625977
842.203125,32.86132813
842.40625,32.8125
842.6015625,32.80944824
842.8046875,32.79724121
843,32.7545166
843.203125,32.74536133
843.40625,32.70568848
843.6015625,32.69958496
843.8046875,32.68737793
844,32.57141113
844.203125,32.52868652
844.40625,32.54089355
844.6015625,32.55615234
844.8046875,32.47070313
845,32.54089355
845.203125,32.52563477
845.40625,32.47375488
845.6015625,32.51953125
845.8046875,32.44018555
846,32.48596191
846.203125,32.47680664
846.40625,32.32727051
846.6015625,32.29370117
846.8046875,32.421875
847,32.39746094
847.203125,32.29675293
847.40625,32.32116699
847.6015625,32.33337402
847.8046875,32.36083984
848,32.37609863
848.203125,32.31811523
848.40625,32.21435547
848.6015625,32.21130371
848.8046875,32.20825195
849,32.19909668
849.203125,32.05871582
849.40625,32.13806152
849.6015625,32.07092285
849.8046875,32.00378418
850,31.99462891
850.203125,31.90307617
850.40625,31.86645508
850.6015625,31.86035156
850.8046875,31.90612793
851,31.89697266
851.203125,31.79321289
851.40625,31.73217773
851.6015625,31.70776367
851.8046875,31.74438477
852,31.67724609
852.203125,31.64672852
852.40625,31.59484863
852.6015625,31.61621094
852.8046875,31.58874512
853,31.53686523
853.203125,31.49108887
853.40625,31.39648438
853.6015625,31.41784668
853.8046875,31.48193359
854,31.43615723
854.203125,31.46057129
854.40625,31.33850098
854.6015625,31.28051758
854.8046875,31.18286133
855,31.22558594
855.203125,31.17980957
855.40625,31.10351563
855.6015625,31.13098145
855.8046875,31.10961914
856,31.08520508
856.203125,31.0760498
856.40625,31.06994629
856.6015625,31.02416992
856.8046875,31.03942871
857,31.03027344
857.203125,30.98144531
857.40625,30.9173584
857.6015625,30.81665039
857.8046875,30.87768555
858,30.87768555
858.203125,30.8807373
858.40625,30.80444336
858.6015625,30.79223633
858.8046875,30.77392578
859,30.70678711
859.203125,30.75561523
859.40625,30.66711426
859.6015625,30.59387207
859.8046875,30.61828613
860,30.65490723
860.203125,30.63354492
860.40625,30.54504395
860.6015625,30.43823242
860.8046875,30.40466309
861,30.52368164
861.203125,30.53588867
861.40625,30.3894043
861.6015625,30.34973145
861.8046875,30.30395508
862,30.32531738
862.203125,30.30090332
862.40625,30.22155762
862.6015625,30.16052246
862.8046875,30.16662598
863,30.16967773
863.203125,30.18188477
863.40625,30.13916016
863.6015625,30.09643555
863.8046875,30.05981445
864,30.06896973
864.203125,29.98962402
864.40625,29.93164063
864.6015625,29.9041748
864.8046875,29.90722656
865,29.87365723
865.203125,29.87365723
865.40625,29.8248291
865.6015625,29.78515625
865.8046875,29.67834473
866,29.66308594
866.203125,29.6295166
866.40625,29.59594727
866.6015625,29.51049805
866.8046875,29.54406738
867,29.54406738
867.203125,29.55322266
867.40625,29.45556641
867.6015625,29.39453125
867.8046875,29.34570313
868,29.34265137
868.203125,29.40063477
868.40625,29.30297852
868.6015625,29.15344238
868.8046875,29.16564941
869,29.13208008
869.203125,29.06799316
869.40625,29.13513184
869.6015625,29.07714844
869.8046875,29.08935547
870,29.02526855
870.203125,28.97338867
870.40625,28.97644043
870.6015625,28.97033691
870.8046875,28.90625
871,28.86352539
871.203125,28.89709473
871.40625,28.91845703
871.6015625,28.8269043
871.8046875,28.7689209
872,28.75671387
872.203125,28.76281738
872.40625,28.67431641
872.6015625,28.66821289
872.8046875,28.66821289
873,28.65905762
873.203125,28.56140137
873.40625,28.54003906
873.6015625,28.50952148
873.8046875,28.515625
874,28.52172852
874.203125,28.60717773
874.40625,28.48510742
874.6015625,28.40576172
874.8046875,28.28369141
875,28.27148438
875.203125,28.2989502
875.40625,28.29284668
875.6015625,28.20739746
875.8046875,28.15856934
876,28.12805176
876.203125,28.1036377
876.40625,28.09753418
876.6015625,28.03955078
876.8046875,28.02124023
877,27.96936035
877.203125,27.88696289
877.40625,27.91137695
877.6015625,27.83508301
877.8046875,27.83813477
878,27.74658203
878.203125,27.67944336
878.40625,27.65197754
878.6015625,27.59399414
878.8046875,27.59399414
879,27.49938965
879.203125,27.52685547
879.40625,27.49938965
879.6015625,27.51464844
879.8046875,27.50549316
880,27.47497559
880.203125,27.46582031
880.40625,27.37731934
880.6015625,27.36816406
880.8046875,27.37121582
881,27.34069824
881.203125,27.31933594
881.40625,27.26745605
881.6015625,27.24914551
881.8046875,27.21557617
882,27.1270752
882.203125,27.06604004
882.40625,27.05688477
882.6015625,27.06298828
882.8046875,27.00195313
883,26.95617676
883.203125,26.88598633
883.40625,26.93481445
883.6015625,26.91955566
883.8046875,26.87988281
884,26.85241699
884.203125,26.81884766
884.40625,26.75476074
884.6015625,26.82189941
884.8046875,26.86767578
885,26.77001953
885.203125,26.77001953
885.40625,26.80969238
885.6015625,26.80969238
885.8046875,26.80664063
886,26.70593262
886.203125,26.73950195
886.40625,26.68762207
886.6015625,26.6204834
886.8046875,26.61437988
887,26.55639648
887.203125,26.55639648
887.40625,26.51062012
887.6015625,26.5625
887.8046875,26.51977539
888,26.42822266
888.203125,26.4465332
888.40625,26.41601563
888.6015625,26.50756836
888.8046875,26.45263672
889,26.40075684
889.203125,26.3092041
889.40625,26.28173828
889.6015625,26.33972168
889.8046875,26.33056641
890,26.28479004
890.203125,26.25427246
890.40625,26.27563477
890.6015625,26.26953125
890.8046875,26.27258301
891,26.12609863
891.203125,26.11694336
891.40625,26.12304688
891.6015625,26.1138916
891.8046875,26.08947754
892,26.01928711
892.203125,26.03149414
892.40625,26.0925293
892.6015625,26.0345459
892.8046875,26.02539063
893,25.9979248
893.203125,25.95825195
893.40625,25.93078613
893.6015625,25.92773438
893.8046875,25.92773438
894,25.90942383
894.203125,25.9185791
894.40625,25.87890625
894.6015625,25.78125
894.8046875,25.72021484
895,25.69580078
895.203125,25.71716309
895.40625,25.64086914
895.6015625,25.63781738
895.8046875,25.58898926
896,25.49743652
896.203125,25.46081543
896.40625,25.43640137
896.6015625,25.42114258
896.8046875,25.42419434
897,25.43945313
897.203125,25.4486084
897.40625,25.32653809
897.6015625,25.23498535
897.8046875,25.18920898
898,25.19226074
898.203125,25.2166748
898.40625,25.14648438
898.6015625,25.11901855
898.8046875,25.1373291
899,25.1373291
899.203125,25.08544922
899.40625,25.0213623
899.6015625,24.99084473
899.8046875,25.04272461
900,24.95727539
900.203125,24.91149902
900.40625,24.89013672
900.6015625,24.78027344
900.8046875,24.77111816
901,24.75280762
901.203125,24.74365234
901.40625,24.72229004
901.6015625,24.74060059
901.8046875,24.70397949
902,24.66125488
902.203125,24.609375
902.40625,24.55444336
902.6015625,24.49951172
902.8046875,24.47509766
903,24.52697754
903.203125,24.45373535
903.40625,24.4354248
903.6015625,24.41101074
903.8046875,24.37744141
904,24.34692383
904.203125,24.26757813
904.40625,24.17297363
904.6015625,24.17602539
904.8046875,24.12109375
905,24.1607666
905.203125,24.10583496
905.40625,24.06005859
905.6015625,24.01428223
905.8046875,23.95324707
906,23.97155762
906.203125,23.92272949
906.40625,23.90136719
906.6015625,23.86779785
906.8046875,23.82507324
907,23.89221191
907.203125,23.85253906
907.40625,23.84338379
907.6015625,23.77929688
907.8046875,23.82202148
908,23.80371094
908.203125,23.79760742
908.40625,23.77624512
908.6015625,23.74267578
908.8046875,23.70605469
909,23.69384766
909.203125,23.69995117
909.40625,23.59619141
909.6015625,23.65722656
909.8046875,23.60229492
910,23.62976074
910.203125,23.65112305
910.40625,23.59008789
910.6015625,23.60839844
910.8046875,23.53515625
911,23.55957031
911.203125,23.46496582
911.40625,23.40698242
911.6015625,23.28491211
911.8046875,23.31848145
912,23.29711914
912.203125,23.24829102
912.40625,23.23913574
912.6015625,23.24829102
912.8046875,23.16589355
913,23.14147949
913.203125,23.10791016
913.40625,23.07128906
913.6015625,23.01330566
913.8046875,23.046875
914,23.04382324
914.203125,23.06518555
914.40625,22.9675293
914.6015625,22.91259766
914.8046875,22.87902832
915,22.95227051
915.203125,22.94921875
915.40625,22.86071777
915.6015625,22.82714844
915.8046875,22.79052734
916,22.7355957
916.203125,22.66540527
916.40625,22.64099121
916.6015625,22.61657715
916.8046875,22.55859375
917,22.57995605
917.203125,22.46704102
917.40625,22.30224609
917.6015625,22.31140137
917.8046875,22.29309082
918,22.27783203
918.203125,22.21069336
918.40625,22.14660645
918.6015625,22.19238281
918.8046875,22.16491699
919,22.10388184
919.203125,22.08557129
919.40625,22.03979492
919.6015625,22.00927734
919.8046875,22.0489502
920,21.99707031
920.203125,21.95739746
920.40625,21.94213867
920.6015625,21.90246582
920.8046875,21.86889648
921,21.77429199
921.203125,21.82617188
921.40625,21.76818848
921.6015625,21.75598145
921.8046875,21.67053223
922,21.62475586
922.203125,21.57897949
922.40625,21.51794434
922.6015625,21.50268555
922.8046875,21.46911621
923,21.4630127
923.203125,21.45385742
923.40625,21.37145996
923.6015625,21.32568359
923.8046875,21.28601074
924,21.24328613
924.203125,21.1730957
924.40625,21.14562988
924.6015625,21.17919922
924.8046875,21.19140625
925,21.12426758
925.203125,21.0723877
925.40625,21.10290527
925.6015625,21.14868164
925.8046875,21.08764648
926,21.05712891
926.203125,21.05712891
926.40625,21.02355957
926.6015625,20.91369629
926.8046875,20.90148926
927,20.85266113
927.203125,20.83129883
927.40625,20.8190918
927.6015625,20.72143555
927.8046875,20.82214355
928,20.75500488
928.203125,20.7244873
928.40625,20.70007324
928.6015625,20.67871094
928.8046875,20.66040039
929,20.64208984
929.203125,20.5871582
929.40625,20.53222656
929.6015625,20.53222656
929.8046875,20.50170898
930,20.48034668
930.203125,20.41931152
930.40625,20.44677734
930.6015625,20.39489746
930.8046875,20.37963867
931,20.33691406
931.203125,20.29724121
931.40625,20.27587891
931.6015625,20.19958496
931.8046875,20.1965332
932,20.15686035
932.203125,20.10803223
932.40625,20.10803223
932.6015625,20.07751465
932.8046875,20.03479004
933,20.01037598
933.203125,19.95544434
933.40625,19.93713379
933.6015625,19.94018555
933.8046875,19.93103027
934,19.9005127
934.203125,19.89746094
934.40625,19.78149414
934.6015625,19.68078613
934.8046875,19.61364746
935,19.67163086
935.203125,19.65637207
935.40625,19.59838867
935.6015625,19.58618164
935.8046875,19.50378418
936,19.45495605
936.203125,19.36645508
936.40625,19.30847168
936.6015625,19.33898926
936.8046875,19.30541992
937,19.1986084
937.203125,19.18029785
937.40625,19.13452148
937.6015625,19.07043457
937.8046875,18.96362305
938,18.91784668
938.203125,18.91479492
938.40625,18.89038086
938.6015625,18.8079834
938.8046875,18.7286377
939,18.67370605
939.203125,18.60351563
939.40625,18.54248047
939.6015625,18.53942871
939.8046875,18.4173584
940,18.32885742
940.203125,18.32275391
940.40625,18.31054688
940.6015625,18.24645996
940.8046875,18.18237305
941,18.0847168
941.203125,18.11828613
941.40625,18.09692383
941.6015625,18.04199219
941.8046875,17.97790527
942,17.93518066
942.203125,17.86499023
942.40625,17.82226563
942.6015625,17.80090332
942.8046875,17.79785156
943,17.72460938
943.203125,17.71850586
943.40625,17.66052246
943.6015625,17.64526367
943.8046875,17.62390137
944,17.60864258
944.203125,17.4407959
944.40625,17.27294922
944.6015625,17.32177734
944.8046875,17.2668457
945,17.23327637
945.203125,17.17224121
945.40625,17.1661377
945.6015625,17.11120605
945.8046875,17.07763672
946,17.05322266
946.203125,16.94641113
946.40625,16.86706543
946.6015625,16.78466797
946.8046875,16.796875
947,16.77246094
947.203125,16.76330566
947.40625,16.68395996
947.6015625,16.61071777
947.8046875,16.61987305
948,16.57104492
948.203125,16.45507813
948.40625,16.39099121
948.6015625,16.3482666
948.8046875,16.30249023
949,16.26281738
949.203125,16.28112793
949.40625,16.22619629
949.6015625,16.12854004
949.8046875,16.05529785
950,16.14990234
950.203125,16.06750488
950.40625,16.04003906
950.6015625,16.02172852
950.8046875,16.04309082
951,16.015625
951.203125,15.92102051
951.40625,15.82946777
951.6015625,15.83557129
951.8046875,15.80505371
952,15.75012207
952.203125,15.71655273
952.40625,15.68908691
952.6015625,15.68908691
952.8046875,15.61584473
953,15.52429199
953.203125,15.51208496
953.40625,15.45715332
953.6015625,15.36254883
953.8046875,15.35949707
954,15.30456543
954.203125,15.28320313
954.40625,15.20080566
954.6015625,15.11230469
954.8046875,15.02380371
955,15.0177002
955.203125,14.97802734
955.40625,14.96276855
955.6015625,14.9230957
955.8046875,14.86206055
956,14.84985352
956.203125,14.86206055
956.40625,14.81323242
956.6015625,14.75219727
956.8046875,14.71862793
957,14.7064209
957.203125,14.7064209
957.40625,14.63928223
957.6015625,14.5324707
957.8046875,14.4744873
958,14.48669434
958.203125,14.41040039
958.40625,14.36462402
958.6015625,14.30053711
958.8046875,14.30358887
959,14.2578125
959.203125,14.22119141
959.40625,14.15100098
959.6015625,14.10522461
959.8046875,14.07165527
960,14.01672363
960.203125,13.94958496
960.40625,13.89465332
960.6015625,13.77563477
960.8046875,13.75427246
961,13.70544434
961.203125,13.61999512
961.40625,13.58947754
961.6015625,13.54370117
961.8046875,13.5925293
962,13.58642578
962.203125,13.4552002
962.40625,13.44299316
962.6015625,13.41552734
962.8046875,13.36364746
963,13.32702637
963.203125,13.27819824
963.40625,13.2019043
963.6015625,13.12561035
963.8046875,13.09509277
964,13.12561035
964.203125,12.94250488
964.40625,12.92114258
964.6015625,12.89978027
964.8046875,12.90283203
965,12.87536621
965.203125,12.86010742
965.40625,12.84484863
965.6015625,12.77160645
965.8046875,12.72583008
966,12.76550293
966.203125,12.7532959
966.40625,12.66479492
966.6015625,12.59155273
966.8046875,12.6159668
967,12.56103516
967.203125,12.5213623
967.40625,12.36572266
967.6015625,12.35656738
967.8046875,12.33825684
968,12.32299805
968.203125,12.19177246
968.40625,12.14294434
968.6015625,12.06970215
968.8046875,12.08496094
969,12.03308105
969.203125,11.9720459
969.40625,11.95678711
969.6015625,11.91101074
969.8046875,11.83776855
970,11.76452637
970.203125,11.71569824
970.40625,11.63024902
970.6015625,11.65161133
970.8046875,11.62414551
971,11.56311035
971.203125,11.56311035
971.40625,11.49291992
971.6015625,11.42272949
971.8046875,11.36474609
972,11.24572754
972.203125,11.21826172
972.40625,11.2487793
972.6015625,11.1541748
972.8046875,11.01379395
973,10.96496582
973.203125,10.88256836
973.40625,10.83374023
973.6015625,10.76965332
973.8046875,10.7421875
974,10.62316895
974.203125,10.63232422
974.40625,10.52246094
974.6015625,10.44311523
974.8046875,10.3515625
975,10.31188965
975.203125,10.28442383
975.40625,10.27832031
975.6015625,10.23864746
975.8046875,10.16540527
976,10.08911133
976.203125,10.00366211
976.40625,9.927368164
976.6015625,9.887695313
976.8046875,9.777832031
977,9.66796875
977.203125,9.631347656
977.40625,9.609985352
977.6015625,9.478759766
977.8046875,9.338378906
978,9.283447266
978.203125,9.173583984
978.40625,9.161376953
978.6015625,9.173583984
978.8046875,9.05456543
979,8.923339844
979.203125,8.905029297
979.40625,8.786010742
979.6015625,8.755493164
979.8046875,8.69140625
980,8.636474609
980.203125,8.538818359
980.40625,8.450317383
980.6015625,8.364868164
980.8046875,8.242797852
981,8.184814453
981.203125,8.163452148
981.40625,8.102416992
981.6015625,8.081054688
981.8046875,7.995605469
982,7.901000977
982.203125,7.8125
982.40625,7.781982422
982.6015625,7.696533203
982.8046875,7.623291016
983,7.510375977
983.203125,7.434082031
983.40625,7.418823242
983.6015625,7.321166992
983.8046875,7.257080078
984,7.205200195
984.203125,7.040405273
984.40625,7.012939453
984.6015625,6.997680664
984.8046875,6.881713867
985,6.80847168
985.203125,6.726074219
985.40625,6.741333008
985.6015625,6.643676758
985.8046875,6.527709961
986,6.451416016
986.203125,6.436157227
986.40625,6.37512207
986.6015625,6.298828125
986.8046875,6.283569336
987,6.259155273
987.203125,6.088256836
987.40625,6.112670898
987.6015625,6.115722656
987.8046875,6.005859375
988,5.905151367
988.203125,5.877685547
988.40625,5.807495117
988.6015625,5.706787109
988.8046875,5.715942383
989,5.654907227
989.203125,5.612182617
989.40625,5.603027344
989.6015625,5.487060547
989.8046875,5.383300781
990,5.432128906
990.203125,5.294799805
990.40625,5.258178711
990.6015625,5.187988281
990.8046875,5.114746094
991,5.096435547
991.203125,5.068969727
991.40625,4.916381836
991.6015625,4.81262207
991.8046875,4.849243164
992,4.776000977
992.203125,4.6875
992.40625,4.672241211
992.6015625,4.595947266
992.8046875,4.56237793
993,4.476928711
993.203125,4.345703125
993.40625,4.260253906
993.6015625,4.208374023
993.8046875,4.202270508
994,4.113769531
994.203125,4.089355469
994.40625,3.848266602
994.6015625,3.73840332
994.8046875,3.58581543
995,11.38305664
995.203125,33.21533203
995.40625,43.37768555
995.6015625,48.72741699
995.8046875,52.64282227
996,56.11572266
996.203125,59.32312012
996.40625,62.39013672
996.6015625,65.44189453
996.8046875,68.46618652
997,63.58337402
997.203125,44.84863281
997.40625,37.29858398
997.6015625,34.70153809
997.8046875,33.59680176
998,32.8704834
998.203125,32.30895996
998.40625,31.89086914
998.6015625,31.42700195
998.8046875,31.09741211
999,30.69152832
999.203125,30.30395508
999.40625,29.9407959
999.6015625,29.58068848
999.8046875,29.29077148
1000,28.96728516
1000.203125,28.64074707
1000.40625,28.28979492
1000.601563,27.97546387
1000.804688,27.69470215
1001,27.46276855
1001.203125,27.13012695
1001.40625,26.86767578
1001.601563,26.59301758
1001.804688,26.31835938
1002,26.06506348
1002.203125,25.7232666
1002.40625,25.44555664
1002.601563,25.23498535
1002.804688,24.98474121
1003,24.77416992
1003.203125,24.51171875
1003.40625,24.24621582
1003.601563,24.02648926
1003.804688,23.73962402
1004,23.49243164
1004.203125,23.19030762
1004.40625,22.97058105
1004.601563,22.76000977
1004.804688,22.54943848
1005,22.33581543
1005.203125,22.10693359
1005.40625,21.88720703
1005.601563,21.74682617
1005.804688,21.60949707
1006,21.42333984
1006.203125,21.20361328
1006.40625,20.95947266
1006.601563,20.82214355
1006.804688,20.73364258
1007,20.48339844
1007.203125,20.30334473
1007.40625,20.19042969
1007.601563,20.00732422
1007.804688,19.85778809
1008,19.7052002
1008.203125,19.47631836
1008.40625,19.31152344
1008.601563,19.15283203
1008.804688,19.07653809
1009,18.90563965
1009.203125,18.77746582
1009.40625,18.61572266
1009.601563,18.43261719
1009.804688,18.31665039
1010,18.08776855
1010.203125,17.97180176
1010.40625,17.78564453
1010.601563,17.66967773
1010.804688,17.56286621
1011,17.43774414
1011.203125,17.29431152
1011.40625,16.98303223
1011.601563,16.98303223
1011.804688,16.72973633
1012,16.70837402
1012.203125,16.47949219
1012.40625,16.40014648
1012.601563,16.19873047
1012.804688,16.09802246
1013,16.015625
1013.203125,15.86608887
1013.40625,15.67993164
1013.601563,15.48461914
1013.804688,15.42053223
1014,15.29846191
1014.203125,15.24047852
1014.40625,15.06958008
1014.601563,14.85595703
1014.804688,14.72473145
1015,14.60266113
1015.203125,14.46838379
1015.40625,14.32800293
1015.601563,14.1418457
1015.804688,14.03503418
1016,13.91601563
1016.203125,13.8458252
1016.40625,13.71765137
1016.601563,13.57727051
1016.804688,13.39416504
1017,13.30566406
1017.203125,13.20495605
1017.40625,13.04016113
1017.601563,12.86010742
1017.804688,12.81433105
1018,12.76245117
1018.203125,12.69836426
1018.40625,12.5793457
1018.601563,12.42370605
1018.804688,12.28027344
1019,12.24975586
1019.203125,12.11547852
1019.40625,12.04833984
1019.601563,11.86523438
1019.804688,11.70043945
1020,11.56311035
1020.203125,11.50817871
1020.40625,11.38916016
1020.601563,11.28845215
1020.804688,11.2121582
1021,11.14807129
1021.203125,11.03210449
1021.40625,10.91003418
1021.601563,10.81237793
1021.804688,10.73913574
1022,10.64147949
1022.203125,10.60180664
1022.40625,10.51635742
1022.601563,10.41259766
1022.804688,10.28442383
1023,10.13793945
1023.203125,10.0769043
1023.40625,9.979248047
1023.601563,9.826660156
1023.804688,9.698486328
1024,9.689331055
1024.203125,9.494018555
1024.40625,9.44519043
1024.601563,9.34753418
1024.804688,9.298706055
1025,9.15222168
1025.203125,9.057617188
1025.40625,8.950805664
1025.601563,8.889770508
1025.804688,8.856201172
1026,8.776855469
1026.203125,8.767700195
1026.40625,8.59375
1026.601563,8.438110352
1026.804688,8.407592773
1027,8.352661133
1027.203125,8.224487305
1027.40625,8.151245117
1027.601563,8.123779297
1027.804688,8.038330078
1028,7.989501953
1028.203125,7.91015625
1028.40625,7.821655273
1028.601563,7.696533203
1028.804688,7.632446289
1029,7.525634766
1029.203125,7.403564453
1029.40625,7.400512695
1029.601563,7.379150391
1029.804688,7.263183594
1030,7.180786133
1030.203125,7.064819336
1030.40625,7.037353516
1030.601563,6.945800781
1030.804688,6.909179688
1031,6.73828125
1031.203125,6.625366211
1031.40625,6.561279297
1031.601563,6.399536133
1031.804688,6.225585938
1032,6.079101563
1032.203125,5.987548828
1032.40625,5.938720703
1032.601563,5.859375
1032.804688,5.709838867
1033,5.590820313
1033.203125,5.474853516
1033.40625,5.401611328
1033.601563,5.297851563
1033.804688,5.288696289
1034,5.154418945
1034.203125,5.145263672
1034.40625,5.081176758
1034.601563,4.919433594
1034.804688,4.760742188
1035,4.663085938
1035.203125,4.580688477
1035.40625,4.547119141
1035.601563,4.449462891
1035.804688,4.315185547
1036,4.17175293
1036.203125,4.086303711
1036.40625,4.013061523
1036.601563,3.945922852
1036.804688,3.83605957
1037,3.628540039
1037.203125,3.546142578
1037.40625,3.439331055
1037.601563,3.353881836
1037.804688,3.265380859
1038,3.143310547
1038.203125,3.161621094
1038.40625,3.094482422
1038.601563,3.002929688
1038.804688,2.865600586
1039,2.709960938
1039.203125,2.590942383
1039.40625,2.493286133
1039.601563,2.484130859
1039.804688,2.389526367
1040,2.261352539
1040.203125,2.212524414
1040.40625,2.075195313
1040.601563,1.940917969
1040.804688,1.794433594
1041,1.657104492
1041.203125,1.525878906
1041.40625,1.419067383
1041.601563,1.324462891
1041.804688,1.245117188
1042,1.077270508
1042.203125,0.9490966797
1042.40625,0.8331298828
1042.601563,0.6927490234
1042.804688,0.5859375
1043,0.4608154297
1043.203125,0.3784179688
1043.40625,0.3021240234
1043.601563,0.1525878906
1043.804688,0.03356933594
1044,-0.06408691406
1044.203125,-0.2685546875
1044.40625,-0.3967285156
1044.601563,-0.4699707031
1044.804688,-0.5310058594
1045,-0.7446289063
1045.203125,-0.8697509766
1045.40625,-0.9948730469
1045.601563,-1.126098633
1045.804688,-1.260375977
1046,-1.370239258
1046.203125,-1.528930664
1046.40625,-1.647949219
1046.601563,-1.718139648
1046.804688,-1.876831055
1047,-1.968383789
1047.203125,-2.07824707
1047.40625,-2.227783203
1047.601563,-2.285766602
1047.804688,-2.395629883
1048,-2.444458008
1048.203125,-2.703857422
1048.40625,-2.841186523
1048.601563,-2.920532227
1048.804688,-2.99987793
1049,-3.140258789
1049.203125,-3.176879883
1049.40625,-3.378295898
1049.601563,-3.451538086
1049.804688,-3.54309082
1050,-3.680419922
1050.203125,-3.768920898
1050.40625,-3.820800781
1050.601563,-4.010009766
1050.804688,-4.104614258
1051,-4.174804688
1051.203125,-4.302978516
1051.40625,-4.498291016
1051.601563,-4.577636719
1051.804688,-4.672241211
1052,-4.75769043
1052.203125,-4.879760742
1052.40625,-5.026245117
1052.601563,-5.197143555
1052.804688,-5.255126953
1053,-5.368041992
1053.203125,-5.541992188
1053.40625,-5.676269531
1053.601563,-5.83190918
1053.804688,-5.856323242
1054,-6.039428711
1054.203125,-6.121826172
1054.40625,-6.301879883
1054.601563,-6.512451172
1054.804688,-6.625366211
1055,-6.76574707
1055.203125,-6.918334961
1055.40625,-7.022094727
1055.601563,-7.116699219
1055.804688,-7.220458984
1056,-7.391357422
1056.203125,-7.525634766
1056.40625,-7.672119141
1056.601563,-7.88269043
1056.804688,-7.986450195
1057,-8.142089844
1057.203125,-8.380126953
1057.40625,-8.547973633
1057.601563,-8.679199219
1057.804688,-8.81652832
1058,-8.999633789
1058.203125,-9.1796875
1058.40625,-9.368896484
1058.601563,-9.506225586
1058.804688,-9.637451172
1059,-9.811401367
1059.203125,-9.936523438
1059.40625,-10.20812988
1059.601563,-10.30578613
1059.804688,-10.45227051
1060,-10.6262207
1060.203125,-10.80627441
1060.40625,-10.98632813
1060.601563,-11.14196777
1060.804688,-11.32202148
1061,-11.41967773
1061.203125,-11.62109375
1061.40625,-11.75537109
1061.601563,-11.88659668
1061.804688,-12.03613281
1062,-12.2467041
1062.203125,-12.40539551
1062.40625,-12.65563965
1062.601563,-12.86621094
1062.804688,-12.99133301
1063,-13.12866211
1063.203125,-13.29650879
1063.40625,-13.47351074
1063.601563,-13.63830566
1063.804688,-13.83972168
1064,-13.98620605
1064.203125,-14.33410645
1064.40625,-14.45007324
1064.601563,-14.6270752
1064.804688,-14.80712891
1065,-15.06652832
1065.203125,-15.234375
1065.40625,-15.44189453
1065.601563,-15.69213867
1065.804688,-15.86914063
1066,-16.04919434
1066.203125,-16.27502441
1066.40625,-16.52526855
1066.601563,-16.74499512
1066.804688,-16.8548584
1067,-17.04406738
1067.203125,-17.27600098
1067.40625,-17.40722656
1067.601563,-17.55981445
1067.804688,-17.74597168
1068,-17.97485352
1068.203125,-18.22814941
1068.40625,-18.4173584
1068.601563,-18.63708496
1068.804688,-18.90869141
1069,-19.04602051
1069.203125,-19.28100586
1069.40625,-19.46411133
1069.601563,-19.77233887
1069.804688,-19.95239258
1070,-20.12023926
1070.203125,-20.38879395
1070.40625,-20.63903809
1070.601563,-20.90454102
1070.804688,-21.09985352
1071,-21.27685547
1071.203125,-21.5423584
1071.40625,-21.8170166
1071.601563,-22.01843262
1071.804688,-22.21069336
1072,-22.38464355
1072.203125,-22.57080078
1072.40625,-22.80883789
1072.601563,-23.05908203
1072.804688,-23.27270508
1073,-23.44360352
1073.203125,-23.66638184
1073.40625,-23.92883301
1073.601563,-24.15161133
1073.804688,-24.45068359
1074,-24.70397949
1074.203125,-24.87487793
1074.40625,-25.15258789
1074.601563,-25.47607422
1074.804688,-25.68359375
1075,-25.86975098
1075.203125,-26.10473633
1075.40625,-26.23291016
1075.601563,-26.50146484
1075.804688,-26.71508789
1076,-26.96228027
1076.203125,-27.19726563
1076.40625,-27.34680176
1076.601563,-27.58178711
1076.804688,-27.80456543
1077,-28.17687988
1077.203125,-28.38134766
1077.40625,-28.58276367
1077.601563,-28.82995605
1077.804688,-29.17175293
1078,-29.36096191
1078.203125,-29.59594727
1078.40625,-29.73632813
1078.601563,-29.97436523
1078.804688,-30.22155762
1079,-30.43823242
1079.203125,-30.67016602
1079.40625,-30.94177246
1079.601563,-31.20727539
1079.804688,-31.41174316
1080,-31.66809082
1080.203125,-31.82983398
1080.40625,-32.0892334
1080.601563,-32.33642578
1080.804688,-32.62329102
1081,-32.7911377
1081.203125,-33.09631348
1081.40625,-33.27636719
1081.601563,-33.46252441
1081.804688,-33.70361328
1082,-33.984375
1082.203125,-34.18273926
1082.40625,-34.40551758
1082.601563,-34.68322754
1082.804688,-34.92126465
1083,-35.2142334
1083.203125,-35.4309082
1083.40625,-35.63842773
1083.601563,-35.89782715
1083.804688,-36.14501953
1084,-36.34643555
1084.203125,-36.70043945
1084.40625,-36.83166504
1084.601563,-37.06054688
1084.804688,-37.27722168
1085,-37.52441406
1085.203125,-37.66479492
1085.40625,-37.95166016
1085.601563,-38.13171387
1085.804688,-38.39111328
1086,-38.5925293
1086.203125,-38.85498047
1086.40625,-39.07775879
1086.601563,-39.28527832
1086.804688,-39.50195313
1087,-39.61181641
1087.203125,-39.90478516
1087.40625,-40.08178711
1087.601563,-40.33508301
1087.804688,-40.60058594
1088,-40.7623291
1088.203125,-41.05834961
1088.40625,-41.29943848
1088.601563,-41.49780273
1088.804688,-41.71447754
1089,-41.9708252
1089.203125,-42.17834473
1089.40625,-42.44384766
1089.601563,-42.67883301
1089.804688,-42.87414551
1090,-43.00842285
1090.203125,-43.28918457
1090.40625,-43.48754883
1090.601563,-43.64929199
1090.804688,-43.91479492
1091,-44.07958984
1091.203125,-44.23522949
1091.40625,-44.52209473
1091.601563,-44.63806152
1091.804688,-44.8425293
1092,-45.11413574
1092.203125,-45.31860352
1092.40625,-45.5078125
1092.601563,-45.7611084
1092.804688,-45.89233398
1093,-46.16088867
1093.203125,-46.34094238
1093.40625,-46.52099609
1093.601563,-46.71936035
1093.804688,-46.88720703
1094,-47.10388184
1094.203125,-47.24121094
1094.40625,-47.5769043
1094.601563,-47.88513184
1094.804688,-48.02246094
1095,-48.23608398
1095.203125,-48.38256836
1095.40625,-48.53210449
1095.601563,-48.73657227
1095.804688,-48.98681641
1096,-49.16687012
1096.203125,-49.37744141
1096.40625,-49.50256348
1096.601563,-49.69482422
1096.804688,-49.88098145
1097,-50.10986328
1097.203125,-50.32348633
1097.40625,-50.48828125
1097.601563,-50.66223145
1097.804688,-50.93383789
1098,-51.07727051
1098.203125,-51.24816895
1098.40625,-51.33361816
1098.601563,-51.52587891
1098.804688,-51.74865723
1099,-51.95922852
1099.203125,-52.20947266
1099.40625,-52.3651123
1099.601563,-52.50244141
1099.804688,-52.64282227
1100,-52.89611816
1100.203125,-53.01818848
1100.40625,-53.14331055
1100.601563,-53.28979492
1100.804688,-53.50952148
1101,-53.70483398
1101.203125,-53.93066406
1101.40625,-54.07104492
1101.601563,-54.17175293
1101.804688,-54.25415039
1102,-54.39147949
1102.203125,-54.60510254
1102.40625,-54.74243164
1102.601563,-54.85229492
1102.804688,-55.02319336
1103,-55.16662598
1103.203125,-55.3314209
1103.40625,-55.48400879
1103.601563,-55.60913086
1103.804688,-55.78308105
1104,-55.85632324
1104.203125,-56.10046387
1104.40625,-56.17980957
1104.601563,-56.29882813
1104.804688,-56.4453125
1105,-56.55517578
1105.203125,-56.65588379
1105.40625,-56.79016113
1105.601563,-56.94885254
1105.804688,-57.10754395
1106,-57.19604492
1106.203125,-57.37304688
1106.40625,-57.52563477
1106.601563,-57.60192871
1106.804688,-57.6751709
1107,-57.82775879
1107.203125,-57.91931152
1107.40625,-58.01696777
1107.601563,-58.17871094
1107.804688,-58.25195313
1108,-58.36486816
1108.203125,-58.50219727
1108.40625,-58.65783691
1108.601563,-58.74328613
1108.804688,-58.79211426
1109,-58.95385742
1109.203125,-59.0637207
1109.40625,-59.19189453
1109.601563,-59.36584473
1109.804688,-59.40856934
1110,-59.53369141
1110.203125,-59.64355469
1110.40625,-59.73205566
1110.601563,-59.92126465
1110.804688,-59.98840332
1111,-60.0189209
1111.203125,-60.2142334
1111.40625,-60.35461426
1111.601563,-60.36682129
1111.804688,-60.47668457
1112,-60.57128906
1112.203125,-60.68115234
1112.40625,-60.80627441
1112.601563,-60.95275879
1112.804688,-60.98327637
1113,-61.05041504
1113.203125,-61.16638184
1113.40625,-61.28845215
1113.601563,-61.41052246
1113.804688,-61.46240234
1114,-61.57226563
1114.203125,-61.62719727
1114.40625,-61.75231934
1114.601563,-61.96594238
1114.804688,-61.98425293
1115,-62.0880127
1115.203125,-62.16430664
1115.40625,-62.27416992
1115.601563,-62.40844727
1115.804688,-62.43896484
1116,-62.56713867
1116.203125,-62.67700195
1116.40625,-62.76550293
1116.601563,-62.87231445
1116.804688,-62.90283203
1117,-62.97912598
1117.203125,-63.09509277
1117.40625,-63.19274902
1117.601563,-63.28735352
1117.804688,-63.41247559
1118,-63.40332031
1118.203125,-63.4765625
1118.40625,-63.5925293
1118.601563,-63.74511719
1118.804688,-63.79394531
1119,-63.87023926
1119.203125,-63.93737793
1119.40625,-64.00756836
1119.601563,-64.11437988
1119.804688,-64.1784668
1120,-64.20288086
1120.203125,-64.36462402
1120.40625,-64.4744873
1120.601563,-64.55383301
1120.804688,-64.61181641
1121,-64.66674805
1121.203125,-64.73083496
1121.40625,-64.80102539
1121.601563,-64.88342285
1121.804688,-65.00244141
1122,-65.03295898
1122.203125,-65.10620117
1122.40625,-65.17944336
1122.601563,-65.24353027
1122.804688,-65.3503418
1123,-65.4083252
1123.203125,-65.48461914
1123.40625,-65.43884277
1123.601563,-65.57312012
1123.804688,-65.66467285
1124,-65.7409668
1124.203125,-65.82336426
1124.40625,-65.8416748
1124.601563,-65.9362793
1124.804688,-66.02783203
1125,-66.0736084
1125.203125,-66.12854004
1125.40625,-66.19873047
1125.601563,-66.23535156
1125.804688,-66.30249023
1126,-66.34521484
1126.203125,-66.4642334
1126.40625,-66.54968262
1126.601563,-66.56799316
1126.804688,-66.65344238
1127,-66.65649414
1127.203125,-66.74194336
1127.40625,-66.72973633
1127.601563,-66.75720215
1127.804688,-66.86096191
1128,-66.91589355
1128.203125,-66.99829102
1128.40625,-67.07763672
1128.601563,-67.11730957
1128.804688,-67.16918945
1129,-67.18139648
1129.203125,-67.26379395
1129.40625,-67.28515625
1129.601563,-67.35229492
1129.804688,-67.43164063
1130,-67.48657227
1130.203125,-67.57202148
1130.40625,-67.578125
1130.601563,-67.57507324
1130.804688,-67.66357422
1131,-67.72155762
1131.203125,-67.73376465
1131.40625,-67.85583496
1131.601563,-67.88635254
1131.804688,-67.95959473
1132,-68.00537109
1132.203125,-67.98095703
1132.40625,-68.10302734
1132.601563,-68.11523438
1132.804688,-68.17321777
1133,-68.31665039
1133.203125,-68.37158203
1133.40625,-68.37158203
1133.601563,-68.44787598
1133.804688,-68.46313477
1134,-68.60961914
1134.203125,-68.58215332
1134.40625,-68.65539551
1134.601563,-68.70422363
1134.804688,-68.76831055
1135,-68.81408691
1135.203125,-68.87512207
1135.40625,-68.94226074
1135.601563,-68.94836426
1135.804688,-69.0032959
1136,-69.03076172
1136.203125,-69.08569336
1136.40625,-69.10400391
1136.601563,-69.18029785
1136.804688,-69.27185059
1137,-69.32678223
1137.203125,-69.33288574
1137.40625,-69.45495605
1137.601563,-69.49462891
1137.804688,-69.56481934
1138,-69.60144043
1138.203125,-69.65026855
1138.40625,-69.7265625
1138.601563,-69.69909668
1138.804688,-69.81811523
1139,-69.77539063
1139.203125,-69.85778809
1139.40625,-69.94628906
1139.601563,-69.91577148
1139.804688,-70.03479004
1140,-70.04394531
1140.203125,-70.13244629
1140.40625,-70.1751709
1140.601563,-70.18737793
1140.804688,-70.21484375
1141,-70.28198242
1141.203125,-70.38269043
1141.40625,-70.40100098
1141.601563,-70.45898438
1141.804688,-70.49865723
1142,-70.53222656
1142.203125,-70.61767578
1142.40625,-70.66345215
1142.601563,-70.71838379
1142.804688,-70.77331543
1143,-70.79772949
1143.203125,-70.82519531
1143.40625,-70.88012695
1143.601563,-70.90454102
1143.804688,-70.96862793
1144,-70.95336914
1144.203125,-71.06323242
1144.40625,-71.11816406
1144.601563,-71.14562988
1144.804688,-71.19445801
1145,-71.2677002
1145.203125,-71.27075195
1145.40625,-71.30126953
1145.601563,-71.41723633
1145.804688,-71.30737305
1146,-71.36535645
1146.203125,-71.51489258
1146.40625,-71.57287598
1146.601563,-71.53625488
1146.804688,-71.6003418
1147,-71.66748047
1147.203125,-71.62475586
1147.40625,-71.70410156
1147.601563,-71.64306641
1147.804688,-71.74072266
1148,-71.78955078
1148.203125,-71.91772461
1148.40625,-72.01843262
1148.601563,-71.97265625
1148.804688,-71.95739746
1149,-71.97265625
1149.203125,-72.06420898
1149.40625,-72.11303711
1149.601563,-72.07336426
1149.804688,-72.17712402
1150,-72.14660645
1150.203125,-72.28088379
1150.40625,-72.27783203
1150.601563,-72.3236084
1150.804688,-72.30834961
1151,-72.36633301
1151.203125,-72.43041992
1151.40625,-72.52807617
1151.601563,-72.55554199
1151.804688,-72.55859375
1152,-72.60131836
1152.203125,-72.62573242
1152.40625,-72.67456055
1152.601563,-72.75390625
1152.804688,-72.75390625
1153,-72.76916504
1153.203125,-72.83630371
1153.40625,-72.94006348
1153.601563,-72.90344238
1153.804688,-72.86987305
1154,-72.91870117
1154.203125,-72.91870117
1154.40625,-73.05297852
1154.601563,-73.15979004
1154.804688,-73.14758301
1155,-73.19946289
1155.203125,-73.24829102
1155.40625,-73.25439453
1155.601563,-73.34289551
1155.804688,-73.34594727
1156,-73.42224121
1156.203125,-73.41308594
1156.40625,-73.47412109
1156.601563,-73.51989746
1156.804688,-73.52600098
1157,-73.60229492
1157.203125,-73.64501953
1157.40625,-73.72131348
1157.601563,-73.73657227
1157.804688,-73.73657227
1158,-73.76098633
1158.203125,-73.82507324
1158.40625,-73.78845215
1158.601563,-73.92883301
1158.804688,-73.97766113
1159,-73.94104004
1159.203125,-74.09973145
1159.40625,-74.15771484
1159.601563,-74.13330078
1159.804688,-74.1607666
1160,-74.1607666
1160.203125,-74.22485352
1160.40625,-74.28283691
1160.601563,-74.31945801
1160.804688,-74.38964844
1161,-74.41711426
1161.203125,-74.43847656
1161.40625,-74.48120117
1161.601563,-74.52392578
1161.804688,-74.55749512
1162,-74.54223633
1162.203125,-74.63684082
1162.40625,-74.63684082
1162.601563,-74.73144531
1162.804688,-74.65515137
1163,-74.72229004
1163.203125,-74.83215332
1163.40625,-74.8046875
1163.601563,-74.93286133
1163.804688,-74.97253418
1164,-74.9420166
1164.203125,-75.03967285
1164.40625,-75.03967285
1164.601563,-75.11291504
1164.804688,-75.08544922
1165,-75.14038086
1165.203125,-75.14648438
1165.40625,-75.1953125
1165.601563,-75.19836426
1165.804688,-75.20446777
1166,-75.23193359
1166.203125,-75.32958984
1166.40625,-75.41503906
1166.601563,-75.40588379
1166.804688,-75.46691895
1167,-75.48522949
1167.203125,-75.45471191
1167.40625,-75.43945313
1167.601563,-75.50964355
1167.804688,-75.56152344
1168,-75.55236816
1168.203125,-75.61645508
1168.40625,-75.68664551
1168.601563,-75.64697266
1168.804688,-75.70495605
1169,-75.69274902
1169.203125,-75.71411133
1169.40625,-75.75073242
1169.601563,-75.83007813
1169.804688,-75.86364746
1170,-75.90026855
1170.203125,-75.83007813
1170.40625,-75.87890625
1170.601563,-75.98571777
1170.804688,-75.99487305
1171,-75.99182129
1171.203125,-75.95214844
1171.40625,-76.08032227
1171.601563,-76.11083984
1171.804688,-76.11694336
1172,-76.12304688
1172.203125,-76.16271973
1172.40625,-76.23291016
1172.601563,-76.23291016
1172.804688,-76.32751465
1173,-76.39770508
1173.203125,-76.3885498
1173.40625,-76.37634277
1173.601563,-76.39465332
1173.804688,-76.40075684
1174,-76.45263672
1174.203125,-76.49230957
1174.40625,-76.51672363
1174.601563,-76.66320801
1174.804688,-76.67236328
1175,-76.63269043
1175.203125,-76.64794922
1175.40625,-76.71813965
1175.601563,-76.71813965
1175.804688,-76.75476074
1176,-76.83410645
1176.203125,-76.89819336
1176.40625,-76.87988281
1176.601563,-76.91345215
1176.804688,-76.94091797
1177,-76.94702148
1177.203125,-76.98059082
1177.40625,-77.08740234
1177.601563,-77.08435059
1177.804688,-77.17285156
1178,-77.21557617
1178.203125,-77.1484375
1178.40625,-77.18505859
1178.601563,-77.25524902
1178.804688,-77.22167969
1179,-77.28271484
1179.203125,-77.31628418
1179.40625,-77.34069824
1179.601563,-77.38037109
1179.804688,-77.42004395
1180,-77.43225098
1180.203125,-77.43530273
1180.40625,-77.45056152
1180.601563,-77.48413086
1180.804688,-77.56652832
1181,-77.63061523
1181.203125,-77.66418457
1181.40625,-77.63977051
1181.601563,-77.67944336
1181.804688,-77.69470215
1182,-77.72216797
1182.203125,-77.76489258
1182.40625,-77.81066895
1182.601563,-77.87780762
1182.804688,-77.93579102
1183,-77.95715332
1183.203125,-77.95410156
1183.40625,-77.89916992
1183.601563,-77.93273926
1183.804688,-78.04870605
1184,-78.03344727
1184.203125,-78.13720703
1184.40625,-78.08532715
1184.601563,-78.07922363
1184.804688,-78.15551758
1185,-78.16467285
1185.203125,-78.21044922
1185.40625,-78.16467285
1185.601563,-78.16467285
1185.804688,-78.19213867
1186,-78.27453613
1186.203125,-78.33862305
1186.40625,-78.34777832
1186.601563,-78.2989502
1186.804688,-78.2989502
1187,-78.42102051
1187.203125,-78.43933105
1187.40625,-78.42407227
1187.601563,-78.39355469
1187.804688,-78.41491699
1188,-78.46984863
1188.203125,-78.56140137
1188.40625,-78.54919434
1188.601563,-78.50341797
1188.804688,-78.54614258
1189,-78.60107422
1189.203125,-78.60717773
1189.40625,-78.61022949
1189.601563,-78.64379883
1189.804688,-78.62854004
1190,-78.61633301
1190.203125,-78.73840332
1190.40625,-78.72009277
1190.601563,-78.68347168
1190.804688,-78.78723145
1191,-78.74450684
1191.203125,-78.70483398
1191.40625,-78.82385254
1191.601563,-78.83300781
1191.804688,-78.82995605
1192,-78.86962891
1192.203125,-78.91845703
1192.40625,-78.92150879
1192.601563,-78.87878418
1192.804688,-79.01306152
1193,-79.08630371
1193.203125,-79.06188965
1193.40625,-79.15039063
1193.601563,-79.1015625
1193.804688,-79.09240723
1194,-79.12902832
1194.203125,-79.15344238
1194.40625,-79.18395996
1194.601563,-79.29992676
1194.804688,-79.33654785
1195,-79.26635742
1195.203125,-79.28161621
1195.40625,-79.296875
1195.601563,-79.34875488
1195.804688,-79.38537598
1196,-79.44030762
1196.203125,-79.44946289
1196.40625,-79.45251465
1196.601563,-79.43725586
1196.804688,-79.47692871
1197,-79.50439453
1197.203125,-79.56542969
1197.40625,-79.58984375
1197.601563,-79.6295166
1197.804688,-79.63562012
1198,-79.67529297
1198.203125,-79.68444824
1198.40625,-79.69970703
1198.601563,-79.71496582
1198.804688,-79.69970703
1199,-79.74243164
1199.203125,-79.78210449
1199.40625,-79.80041504
1199.601563,-79.81262207
1199.804688,-79.84619141
1200,-79.88586426
1200.203125,-79.90722656
1200.40625,-79.93774414
1200.601563,-79.97741699
1200.804688,-79.91943359
1201,-79.92248535
1201.203125,-80.03234863
1201.40625,-80.0567627
1201.601563,-80.03540039
1201.804688,-80.03845215
1202,-80.0567627
1202.203125,-80.1361084
1202.40625,-80.15136719
1202.601563,-80.20629883
1202.804688,-80.16967773
1203,-80.20324707
1203.203125,-80.23986816
1203.40625,-80.23376465
1203.601563,-80.25512695
1203.804688,-80.23986816
1204,-80.2734375
1204.203125,-80.37719727
1204.40625,-80.34667969
1204.601563,-80.33752441
1204.804688,-80.36804199
1205,-80.4473877
1205.203125,-80.40771484
1205.40625,-80.40771484
1205.601563,-80.45043945
1205.804688,-80.44433594
1206,-80.46569824
1206.203125,-80.54199219
1206.40625,-80.58166504
1206.601563,-80.56030273
1206.804688,-80.49926758
1207,-80.54199219
1207.203125,-80.56335449
1207.40625,-80.63964844
1207.601563,-80.59387207
1207.804688,-80.61828613
1208,-80.65490723
1208.203125,-80.67016602
1208.40625,-80.6427002
1208.601563,-80.66101074
1208.804688,-80.69763184
1209,-80.71594238
1209.203125,-80.69152832
1209.40625,-80.71289063
1209.601563,-80.77087402
1209.804688,-80.72509766
1210,-80.7800293
1210.203125,-80.83190918
1210.40625,-80.82885742
1210.601563,-80.82885742
1210.804688,-80.83496094
1211,-80.87463379
1211.203125,-80.85021973
1211.40625,-80.87768555
1211.601563,-80.91125488
1211.804688,-80.92346191
1212,-80.89294434
1212.203125,-80.98754883
1212.40625,-80.98449707
1212.601563,-80.94482422
1212.804688,-80.9753418
1213,-81.00585938
1213.203125,-81.06994629
1213.40625,-81.07910156
1213.601563,-81.06689453
1213.804688,-81.01806641
1214,-80.99060059
1214.203125,-81.01501465
1214.40625,-81.0760498
1214.601563,-81.24694824
1214.804688,-81.18286133
1215,-81.15234375
1215.203125,-81.21643066
1215.40625,-81.26525879
1215.601563,-81.29272461
1215.804688,-81.27441406
1216,-81.30187988
1216.203125,-81.32019043
1216.40625,-81.32019043
1216.601563,-81.34460449
1216.804688,-81.33239746
1217,-81.35986328
1217.203125,-81.37512207
1217.40625,-81.43920898
1217.601563,-81.46362305
1217.804688,-81.49414063
1218,-81.41479492
1218.203125,-81.4453125
1218.40625,-81.5032959
1218.601563,-81.49108887
1218.804688,-81.51855469
1219,-81.5032959
1219.203125,-81.60095215
1219.40625,-81.59790039
1219.601563,-81.64672852
1219.804688,-81.57958984
1220,-81.60400391
1220.203125,-81.67419434
1220.40625,-81.66809082
1220.601563,-81.68945313
1220.804688,-81.67419434
1221,-81.63452148
1221.203125,-81.70471191
1221.40625,-81.68945313
1221.601563,-81.72302246
1221.804688,-81.81152344
1222,-81.78710938
1222.203125,-81.78405762
1222.40625,-81.79626465
1222.601563,-81.83288574
1222.804688,-81.90307617
1223,-81.89697266
1223.203125,-81.87561035
1223.40625,-81.84509277
1223.601563,-81.87866211
1223.804688,-81.91833496
1224,-81.90917969
1224.203125,-82.00073242
1224.40625,-82.02514648
1224.601563,-81.98547363
1224.804688,-82.01599121
1225,-81.98242188
1225.203125,-82.00073242
1225.40625,-81.98547363
1225.601563,-81.98547363
1225.804688,-81.98242188
1226,-81.99462891
1226.203125,-82.01599121
1226.40625,-82.03430176
1226.601563,-82.09228516
1226.804688,-82.05871582
1227,-82.0892334
1227.203125,-82.0526123
1227.40625,-82.07092285
1227.601563,-82.07092285
1227.804688,-82.11669922
1228,-82.10754395
1228.203125,-82.12280273
1228.40625,-82.10754395
1228.601563,-82.15637207
1228.804688,-82.12280273
1229,-82.11975098
1229.203125,-82.15026855
1229.40625,-82.17163086
1229.601563,-82.19909668
1229.804688,-82.12585449
1230,-82.08618164
1230.203125,-82.19604492
1230.40625,-82.18078613
1230.601563,-82.19604492
1230.804688,-82.17773438
1231,-82.16552734
1231.203125,-82.18078613
1231.40625,-82.21740723
1231.601563,-82.19909668
1231.804688,-82.27233887
1232,-82.2845459
1232.203125,-82.29980469
1232.40625,-82.27539063
1232.601563,-82.2265625
1232.804688,-82.32421875
1233,-82.34863281
1233.203125,-82.36083984
1233.40625,-82.33337402
1233.601563,-82.32421875
1233.804688,-82.32116699
1234,-82.36083984
1234.203125,-82.33337402
1234.40625,-82.40966797
1234.601563,-82.51342773
1234.804688,-82.46765137
1235,-82.40356445
1235.203125,-82.43713379
1235.40625,-82.43103027
1235.601563,-82.44018555
1235.804688,-82.5012207
1236,-82.51037598
1236.203125,-82.54394531
1236.40625,-82.58666992
1236.601563,-82.60803223
1236.804688,-82.61108398
1237,-82.60192871
1237.203125,-82.52563477
1237.40625,-82.55004883
1237.601563,-82.58666992
1237.804688,-82.66296387
1238,-82.67211914
1238.203125,-82.60498047
1238.40625,-82.64465332
1238.601563,-82.62939453
1238.804688,-82.70874023
1239,-82.66296387
1239.203125,-82.73620605
1239.40625,-82.73925781
1239.601563,-82.66601563
1239.804688,-82.74536133
1240,-82.76977539
1240.203125,-82.76977539
1240.40625,-82.80639648
1240.601563,-82.7911377
1240.804688,-82.77282715
1241,-82.84301758
1241.203125,-82.85827637
1241.40625,-82.85522461
1241.601563,-82.8338623
1241.804688,-82.90100098
1242,-82.89489746
1242.203125,-82.91625977
1242.40625,-82.91320801
1242.601563,-82.91320801
1242.804688,-82.90405273
1243,-82.92541504
1243.203125,-82.9498291
1243.40625,-82.92541504
1243.601563,-82.92236328
1243.804688,-82.97119141
1244,-83.02001953
1244.203125,-83.03527832
1244.40625,-83.00476074
1244.601563,-83.07189941
1244.804688,-83.00170898
1245,-82.99255371
1245.203125,-82.99560547
1245.40625,-83.02307129
1245.601563,-83.04138184
1245.804688,-83.04748535
1246,-83.07189941
1246.203125,-83.11462402
1246.40625,-83.10852051
1246.601563,-83.03833008
1246.804688,-83.01696777
1247,-83.05358887
1247.203125,-83.08410645
1247.40625,-83.08410645
1247.601563,-83.09631348
1247.804688,-83.0657959
1248,-83.10546875
1248.203125,-83.14819336
1248.40625,-83.16955566
1248.601563,-83.11157227
1248.804688,-83.22143555
1249,-83.18481445
1249.203125,-83.06274414
1249.40625,-83.02001953
1249.601563,-83.04748535
1249.804688,-83.09631348
1250,-83.14208984
1250.203125,-83.20922852
1250.40625,-83.10546875
1250.601563,-83.11462402
1250.804688,-83.11157227
1251,-83.10241699
1251.203125,-83.1237793
1251.40625,-83.16955566
1251.601563,-83.17260742
1251.804688,-83.18786621
1252,-83.25500488
1252.203125,-83.2611084
1252.40625,-83.2244873
1252.601563,-83.20007324
1252.804688,-83.20617676
1253,-83.27026367
1253.203125,-83.29772949
1253.40625,-83.20007324
1253.601563,-83.19091797
1253.804688,-83.14208984
1254,-83.16955566
1254.203125,-83.25195313
1254.40625,-83.23669434
1254.601563,-83.28552246
1254.804688,-83.29162598
1255,-83.27941895
1255.203125,-83.27941895
1255.40625,-83.3404541
1255.601563,-83.34960938
1255.804688,-83.31298828
1256,-83.35266113
1256.203125,-83.38012695
1256.40625,-83.35876465
1256.601563,-83.37097168
1256.804688,-83.35571289
1257,-83.37402344
1257.203125,-83.38012695
1257.40625,-83.46862793
1257.601563,-83.40148926
1257.804688,-83.44116211
1258,-83.41674805
1258.203125,-83.4564209
1258.40625,-83.53271484
1258.601563,-83.45336914
1258.804688,-83.45336914
1259,-83.47473145
1259.203125,-83.59375
1259.40625,-83.52661133
1259.601563,-83.54187012
1259.804688,-83.49914551
1260,-83.58154297
1260.203125,-83.54797363
1260.40625,-83.53881836
1260.601563,-83.52050781
1260.804688,-83.52966309
1261,-83.56933594
1261.203125,-83.66699219
1261.40625,-83.60900879
1261.601563,-83.58459473
1261.804688,-83.63952637
1262,-83.61816406
1262.203125,-83.64562988
1262.40625,-83.70056152
1262.601563,-83.68530273
1262.804688,-83.59069824
1263,-83.61816406
1263.203125,-83.64868164
1263.40625,-83.64257813
1263.601563,-83.6151123
1263.804688,-83.68225098
1264,-83.63952637
1264.203125,-83.74633789
1264.40625,-83.78295898
1264.601563,-83.79516602
1264.804688,-83.71887207
1265,-83.70361328
1265.203125,-83.72497559
1265.40625,-83.74023438
1265.601563,-83.78295898
1265.804688,-83.81958008
1266,-83.76159668
1266.203125,-83.82263184
1266.40625,-83.84094238
1266.601563,-83.77380371
1266.804688,-83.70056152
1267,-83.68835449
1267.203125,-83.81958008
1267.40625,-83.78295898
1267.601563,-83.76464844
1267.804688,-83.68530273
1268,-83.71582031
1268.203125,-83.71582031
1268.40625,-83.80432129
1268.601563,-83.80432129
1268.804688,-83.77685547
1269,-83.78601074
1269.203125,-83.77380371
1269.40625,-83.75854492
1269.601563,-83.7890625
1269.804688,-83.75549316
1270,-83.77380371
1270.203125,-83.78295898
1270.40625,-83.76464844
1270.601563,-83.8104248
1270.804688,-83.79821777
1271,-83.77380371
1271.203125,-83.74938965
1271.40625,-83.84399414
1271.601563,-83.80432129
1271.804688,-83.7890625
1272,-83.82568359
1272.203125,-83.84094238
1272.40625,-83.81652832
1272.601563,-83.79516602
1272.804688,-83.81958008
1273,-83.86230469
1273.203125,-83.89892578
1273.40625,-83.90808105
1273.601563,-83.84399414
1273.804688,-83.92028809
1274,-83.91113281
1274.203125,-83.92028809
1274.40625,-83.99658203
1274.601563,-84.09118652
1274.804688,-84.05151367
1275,-83.92944336
1275.203125,-84.00268555
1275.40625,-83.96911621
1275.601563,-83.984375
1275.804688,-83.99963379
1276,-83.9630127
1276.203125,-84.0057373
1276.40625,-84.06677246
1276.601563,-84.06677246
1276.804688,-84.1217041
1277,-84.11865234
1277.203125,-84.14611816
1277.40625,-84.12475586
1277.601563,-84.07287598
1277.804688,-84.10644531
1278,-84.06677246
1278.203125,-84.17053223
1278.40625,-84.12780762
1278.601563,-84.15222168
1278.804688,-84.17663574
1279,-84.14001465
1279.203125,-84.19189453
1279.40625,-84.19799805
1279.601563,-84.12475586
1279.804688,-84.20715332
1280,-84.14001465
1280.203125,-84.17053223
1280.40625,-84.22241211
1280.601563,-84.22851563
1280.804688,-84.16137695
1281,-84.18579102
1281.203125,-84.25292969
1281.40625,-84.29260254
1281.601563,-84.3170166
1281.804688,-84.28955078
1282,-84.23461914
1282.203125,-84.23156738
1282.40625,-84.27734375
1282.601563,-84.27124023
1282.804688,-84.27429199
1283,-84.28039551
1283.203125,-84.23461914
1283.40625,-84.25292969
1283.601563,-84.32006836
1283.804688,-84.38415527
1284,-84.35058594
1284.203125,-84.36584473
1284.40625,-84.36889648
1284.601563,-84.30786133
1284.804688,-84.29870605
1285,-84.31091309
1285.203125,-84.33227539
1285.40625,-84.32006836
1285.601563,-84.30786133
1285.804688,-84.37805176
1286,-84.28039551
1286.203125,-84.30175781
1286.40625,-84.35974121
1286.601563,-84.41467285
1286.804688,-84.32922363
1287,-84.3963623
1287.203125,-84.38110352
1287.40625,-84.30480957
1287.601563,-84.32312012
1287.804688,-84.34143066
1288,-84.25292969
1288.203125,-84.42077637
1288.40625,-84.33227539
1288.601563,-84.33532715
1288.804688,-84.39025879
1289,-84.28649902
1289.203125,-84.32922363
1289.40625,-84.30786133
1289.601563,-84.33837891
1289.804688,-84.32617188
1290,-84.25292969
1290.203125,-84.30175781
1290.40625,-84.32617188
1290.601563,-84.2590332
1290.804688,-84.31396484
1291,-84.34143066
1291.203125,-84.27734375
1291.40625,-84.32006836
1291.601563,-84.38415527
1291.804688,-84.40246582
1292,-84.33532715
1292.203125,-84.3170166
1292.40625,-84.25292969
1292.601563,-84.32922363
1292.804688,-84.40856934
1293,-84.39025879
1293.203125,-84.40856934
1293.40625,-84.46655273
1293.601563,-84.37805176
1293.804688,-84.32922363
1294,-84.30480957
1294.203125,-84.37805176
1294.40625,-84.37805176
1294.601563,-84.4543457
1294.804688,-84.44824219
1295,-76.51977539
1295.203125,-54.53491211
1295.40625,-44.12536621
1295.601563,-38.64746094
1295.804688,-34.69238281
1296,-31.32324219
1296.203125,-28.09753418
1296.40625,-24.96948242
1296.601563,-21.94824219
1296.804688,-18.87512207
1297,-23.74572754
1297.203125,-42.45300293
1297.40625,-49.72229004
1297.601563,-51.95617676
1297.804688,-52.734375
1298,-52.9296875
1298.203125,-53.00598145
1298.40625,-53.09143066
1298.601563,-53.10974121
1298.804688,-52.96936035
1299,-52.91137695
1299.203125,-52.88391113
1299.40625,-52.84118652
1299.601563,-52.78625488
1299.804688,-52.69165039
1300,-52.60925293
1300.203125,-52.55737305
1300.40625,-52.46887207
1300.601563,-52.42919922
1300.804688,-52.34680176
1301,-52.27966309
1301.203125,-52.24304199
1301.40625,-52.1270752
1301.601563,-52.05993652
1301.804688,-51.94091797
1302,-51.86767578
1302.203125,-51.78527832
1302.40625,-51.70593262
1302.601563,-51.67236328
1302.804688,-51.51977539
1303,-51.43127441
1303.203125,-51.31530762
1303.40625,-51.13220215
1303.601563,-51.01013184
1303.804688,-50.89111328
1304,-50.76904297
1304.203125,-50.68054199
1304.40625,-50.54016113
1304.601563,-50.33569336
1304.804688,-50.16174316
1305,-50.15563965
1305.203125,-49.85656738
1305.40625,-49.63684082
1305.601563,-49.48425293
1305.804688,-49.27368164
1306,-49.02954102
1306.203125,-48.80981445
1306.40625,-48.58703613
1306.601563,-48.20251465
1306.804688,-47.89733887
1307,-47.51281738
1307.203125,-47.13134766
1307.40625,-46.72546387
1307.601563,-46.23413086
1307.804688,-45.6817627
1308,-45.08056641
1308.203125,-44.32373047
1308.40625,-43.22509766
1308.601563,-41.90673828
1308.804688,-40.02685547
1309,-36.85913086
1309.203125,-27.89916992
1309.40625,0.4455566406
1309.601563,26.64794922
1309.804688,38.00048828
1310,42.2668457
1310.203125,43.85681152
1310.40625,44.40612793
1310.601563,44.58618164
1310.804688,44.63500977
1311,44.70825195
1311.203125,44.69299316
1311.40625,44.7479248
1311.601563,44.77233887
1311.804688,44.81506348
1312,44.93103027
1312.203125,44.98596191
1312.40625,45.08972168
1312.601563,45.15991211
1312.804688,45.16906738
1313,45.25146484
1313.203125,45.21484375
1313.40625,45.32775879
1313.601563,45.4498291
1313.804688,45.47729492
1314,45.53833008
1314.203125,45.55664063
1314.40625,45.59631348
1314.601563,45.59631348
1314.804688,45.73669434
1315,45.7824707
1315.203125,45.82214355
1315.40625,45.88928223
1315.601563,45.92285156
1315.804688,46.02050781
1316,46.06628418
1316.203125,46.07543945
1316.40625,46.10290527
1316.601563,46.09069824
1316.804688,46.14257813
1317,46.19445801
1317.203125,46.21276855
1317.40625,46.23718262
1317.601563,46.33483887
1317.804688,46.37451172
1318,46.39587402
1318.203125,46.40197754
1318.40625,46.47827148
1318.601563,46.46606445
1318.804688,46.484375
1319,46.484375
1319.203125,46.46911621
1319.40625,46.55456543
1319.601563,46.59118652
1319.804688,46.63696289
1320,46.66748047
1320.203125,46.7010498
1320.40625,46.6796875
1320.601563,46.68273926
1320.804688,46.69189453
1321,46.75598145
1321.203125,46.76208496
1321.40625,46.83532715
1321.601563,46.82617188
1321.804688,46.87194824
1322,46.85058594
1322.203125,46.86889648
1322.40625,46.9329834
1322.601563,46.93908691
1322.804688,46.94824219
1323,46.96350098
1323.203125,46.92993164
1323.40625,46.92687988
1323.601563,46.90246582
1323.804688,46.91772461
1324,46.875
1324.203125,46.86584473
1324.40625,46.94213867
1324.601563,46.92993164
1324.804688,46.85974121
1325,46.85974121
1325.203125,46.89331055
1325.40625,46.8536377
1325.601563,46.82312012
1325.804688,46.80480957
1326,46.8536377
1326.203125,46.82617188
1326.40625,46.77124023
1326.601563,46.72241211
1326.804688,46.75292969
1327,46.73461914
1327.203125,46.75292969
1327.40625,46.85974121
1327.601563,46.82006836
1327.804688,46.80480957
1328,46.76208496
1328.203125,46.76513672
1328.40625,46.7590332
1328.601563,46.70715332
1328.804688,46.75598145
1329,46.71630859
1329.203125,46.80175781
1329.40625,46.82006836
1329.601563,46.68884277
1329.804688,46.73156738
1330,46.73461914
1330.203125,46.73156738
1330.40625,46.78649902
1330.601563,46.7376709
1330.804688,46.78039551
1331,46.75292969
1331.203125,46.80175781
1331.40625,46.68884277
1331.601563,46.8170166
1331.804688,46.73156738
1332,46.76818848
1332.203125,46.7590332
1332.40625,46.78039551
1332.601563,46.7956543
1332.804688,46.73461914
1333,46.74682617
1333.203125,46.75292969
1333.40625,46.7590332
1333.601563,46.73156738
1333.804688,46.67663574
1334,46.65527344
1334.203125,46.66748047
1334.40625,46.63696289
1334.601563,46.53320313
1334.804688,46.52099609
1335,46.53930664
1335.203125,46.53320313
1335.40625,46.51184082
1335.601563,46.48742676
1335.804688,46.43859863
1336,46.39282227
1336.203125,46.4050293
1336.40625,46.44470215
1336.601563,46.42028809
1336.804688,46.37451172
1337,46.34094238
1337.203125,46.31652832
1337.40625,46.23718262
1337.601563,46.23413086
1337.804688,46.20056152
1338,46.22497559
1338.203125,46.21887207
1338.40625,46.13342285
1338.601563,46.11206055
1338.804688,46.08154297
1339,46.05102539
1339.203125,45.95031738
1339.40625,45.95947266
1339.601563,45.94726563
1339.804688,45.90148926
1340,45.86791992
1340.203125,45.82519531
1340.40625,45.81298828
1340.601563,45.79772949
1340.804688,45.78552246
1341,45.77941895
1341.203125,45.73364258
1341.40625,45.7824707
1341.601563,45.77636719
1341.804688,45.71228027
1342,45.63598633
1342.203125,45.62683105
1342.40625,45.64208984
1342.601563,45.57495117
1342.804688,45.5657959
1343,45.59326172
1343.203125,45.57800293
1343.40625,45.54748535
1343.601563,45.47729492
1343.804688,45.44067383
1344,45.38879395
1344.203125,45.34912109
1344.40625,45.31860352
1344.601563,45.34301758
1344.804688,45.32470703
1345,45.26977539
1345.203125,45.26367188
1345.40625,45.28198242
1345.601563,45.32165527
1345.804688,45.24230957
1346,45.15686035
1346.203125,45.15380859
1346.40625,45.17211914
1346.601563,45.15686035
1346.804688,45.20568848
1347,45.16906738
1347.203125,45.23620605
1347.40625,45.23620605
1347.601563,45.26672363
1347.804688,45.19958496
1348,45.17822266
1348.203125,45.0958252
1348.40625,45.18737793
1348.601563,45.13244629
1348.804688,45.13549805
1349,45.10803223
1349.203125,45.10803223
1349.40625,45.10498047
1349.601563,45.05004883
1349.804688,44.99816895
1350,45.01647949
1350.203125,44.95849609
1350.40625,44.94018555
1350.601563,45.0012207
1350.804688,44.90356445
1351,44.85168457
1351.203125,44.88830566
1351.40625,44.8059082
1351.601563,44.76623535
1351.804688,44.73266602
1352,44.71435547
1352.203125,44.69604492
1352.40625,44.72351074
1352.601563,44.70214844
1352.804688,44.67468262
1353,44.63806152
1353.203125,44.63500977
1353.40625,44.59533691
1353.601563,44.60449219
1353.804688,44.54956055
1354,44.52514648
1354.203125,44.45800781
1354.40625,44.39086914
1354.601563,44.28100586
1354.804688,44.3359375
1355,44.32678223
1355.203125,44.31152344
1355.40625,44.3145752
1355.601563,44.2779541
1355.804688,44.26879883
1356,44.24438477
1356.203125,44.19250488
1356.40625,44.20471191
1356.601563,44.20166016
1356.804688,44.18334961
1357,44.18334961
1357.203125,44.15588379
1357.40625,44.140625
1357.601563,44.10095215
1357.804688,44.08874512
1358,44.08569336
1358.203125,44.07348633
1358.40625,44.09484863
1358.601563,44.11010742
1358.804688,44.00024414
1359,43.93615723
1359.203125,43.84155273
1359.40625,43.82629395
1359.601563,43.91174316
1359.804688,43.90258789
1360,43.85986328
1360.203125,43.78356934
1360.40625,43.68896484
1360.601563,43.71032715
1360.804688,43.68896484
1361,43.63708496
1361.203125,43.62487793
1361.40625,43.59741211
1361.601563,43.51196289
1361.804688,43.57910156
1362,43.53942871
1362.203125,43.42651367
1362.40625,43.3807373
1362.601563,43.359375
1362.804688,43.34716797
1363,43.33190918
1363.203125,43.29833984
1363.40625,43.33496094
1363.601563,43.21594238
1363.804688,43.17932129
1364,43.15795898
1364.203125,43.12744141
1364.40625,43.08166504
1364.601563,43.12133789
1364.804688,43.11828613
1365,43.01757813
1365.203125,43.02062988
1365.40625,43.0480957
1365.601563,43.02062988
1365.804688,42.97790527
1366,42.99621582
1366.203125,42.9473877
1366.40625,42.90771484
1366.601563,42.87109375
1366.804688,42.90466309
1367,42.92602539
1367.203125,42.85888672
1367.40625,42.82531738
1367.601563,42.77954102
1367.804688,42.80090332
1368,42.7734375
1368.203125,42.70629883
1368.40625,42.56896973
1368.601563,42.60253906
1368.804688,42.6574707
1369,42.5994873
1369.203125,42.60559082
1369.40625,42.51403809
1369.601563,42.43164063
1369.804688,42.48352051
1370,42.39807129
1370.203125,42.4407959
1370.40625,42.36450195
1370.601563,42.40112305
1370.804688,42.40722656
1371,42.38586426
1371.203125,42.34008789
1371.40625,42.30651855
1371.601563,42.31262207
1371.804688,42.37976074
1372,42.3248291
1372.203125,42.33703613
1372.40625,42.26989746
1372.601563,42.25158691
1372.804688,42.22412109
1373,42.16308594
1373.203125,42.13562012
1373.40625,42.12341309
1373.601563,42.13867188
1373.804688,42.09594727
1374,42.10510254
1374.203125,42.02270508
1374.40625,41.98608398
1374.601563,41.86096191
1374.804688,41.8548584
1375,41.90673828
1375.203125,41.87011719
1375.40625,41.86706543
1375.601563,41.80603027
1375.804688,41.82434082
1376,41.77856445
1376.203125,41.77246094
1376.40625,41.73583984
1376.601563,41.73583984
1376.804688,41.71142578
1377,41.64123535
1377.203125,41.60766602
1377.40625,41.58935547
1377.601563,41.54663086
1377.804688,41.50085449
1378,41.44287109
1378.203125,41.47033691
1378.40625,41.41540527
1378.601563,41.39404297
1378.804688,41.32995605
1379,41.29638672
1379.203125,41.31774902
1379.40625,41.23840332
1379.601563,41.27197266
1379.804688,41.2322998
1380,41.18347168
1380.203125,41.16210938
1380.40625,41.07971191
1380.601563,41.08276367
1380.804688,41.04614258
1381,41.00341797
1381.203125,41.00646973
1381.40625,40.95458984
1381.601563,40.88439941
1381.804688,40.86608887
1382,40.84472656
1382.203125,40.7989502
1382.40625,40.77758789
1382.601563,40.7043457
1382.804688,40.65856934
1383,40.69519043
1383.203125,40.6829834
1383.40625,40.65551758
1383.601563,40.625
1383.804688,40.55175781
1384,40.46020508
1384.203125,40.46630859
1384.40625,40.44189453
1384.601563,40.35644531
1384.804688,40.44189453
1385,40.4083252
1385.203125,40.37780762
1385.40625,40.33813477
1385.601563,40.28320313
1385.804688,40.24658203
1386,40.23742676
1386.203125,40.23132324
1386.40625,40.2557373
1386.601563,40.30761719
1386.804688,40.27404785
1387,40.24963379
1387.203125,40.28625488
1387.40625,40.28625488
1387.601563,40.28320313
1387.804688,40.31677246
1388,40.31677246
1388.203125,40.24963379
1388.40625,40.19775391
1388.601563,40.22216797
1388.804688,40.19165039
1389,40.234375
1389.203125,40.19775391
1389.40625,40.22521973
1389.601563,40.12145996
1389.804688,40.09399414
1390,40.08178711
1390.203125,40.07568359
1390.40625,40.13366699
1390.601563,40.06652832
1390.804688,40.04211426
1391,40.01159668
1391.203125,39.97497559
1391.40625,39.99938965
1391.601563,39.98718262
1391.804688,39.89868164
1392,39.88342285
1392.203125,39.89257813
1392.40625,39.8651123
1392.601563,39.81018066
1392.804688,39.80407715
1393,39.83459473
1393.203125,39.77050781
1393.40625,39.73693848
1393.601563,39.70947266
1393.804688,39.72473145
1394,39.79187012
1394.203125,39.74609375
1394.40625,39.70336914
1394.601563,39.55688477
1394.804688,39.60266113
1395,39.58740234
1395.203125,39.5111084
1395.40625,39.49584961
1395.601563,39.52331543
1395.804688,39.56604004
1396,39.50805664
1396.203125,39.4744873
1396.40625,39.39819336
1396.601563,39.36157227
1396.804688,39.37072754
1397,39.29443359
1397.203125,39.30053711
1397.40625,39.26391602
1397.601563,39.21813965
1397.804688,39.17541504
1398,39.15710449
1398.203125,39.21508789
1398.40625,39.1784668
1398.601563,39.18151855
1398.804688,39.04418945
1399,39.05639648
1399.203125,39.04724121
1399.40625,39.02587891
1399.601563,39.02587891
1399.804688,38.95874023
1400,38.94958496
1400.203125,38.90686035
1400.40625,38.84887695
1400.601563,38.83666992
1400.804688,38.81225586
1401,38.80310059
1401.203125,38.79394531
1401.40625,38.82446289
1401.601563,38.82751465
1401.804688,38.79699707
1402,38.71154785
1402.203125,38.69018555
1402.40625,38.63220215
1402.601563,38.65966797
1402.804688,38.63220215
1403,38.60168457
1403.203125,38.56201172
1403.40625,38.53759766
1403.601563,38.54675293
1403.804688,38.46435547
1404,38.37890625
1404.203125,38.36669922
1404.40625,38.38500977
1404.601563,38.3605957
1404.804688,38.34533691
1405,38.32397461
1405.203125,38.29956055
1405.40625,38.33007813
1405.601563,38.33312988
1405.804688,38.30566406
1406,38.26293945
1406.203125,38.25378418
1406.40625,38.28430176
1406.601563,38.31481934
1406.804688,38.25683594
1407,38.1439209
1407.203125,38.2598877
1407.40625,38.29650879
1407.601563,38.30566406
1407.804688,38.21716309
1408,38.13476563
1408.203125,38.09204102
1408.40625,38.11950684
1408.601563,38.1652832
1408.804688,38.15002441
1409,38.11645508
1409.203125,38.17749023
1409.40625,38.17443848
1409.601563,38.07067871
1409.804688,38.04931641
1410,38.02490234
1410.203125,37.97302246
1410.40625,38.00354004
1410.601563,38.01879883
1410.804688,37.99438477
1411,37.95776367
1411.203125,37.92114258
1411.40625,37.90283203
1411.601563,37.93640137
1411.804688,37.75634766
1412,37.84790039
1412.203125,37.82653809
1412.40625,37.79296875
1412.601563,37.76245117
1412.804688,37.7746582
1413,37.71362305
1413.203125,37.60375977
1413.40625,37.60986328
1413.601563,37.65869141
1413.804688,37.67089844
1414,37.6373291
1414.203125,37.53051758
1414.40625,37.48168945
1414.601563,37.42370605
1414.804688,37.45422363
1415,37.45117188
1415.203125,37.46032715
1415.40625,37.38708496
1415.601563,37.35656738
1415.804688,37.25891113
1416,37.23754883
1416.203125,37.20092773
1416.40625,37.15515137
1416.601563,37.15820313
1416.804688,37.14904785
1417,37.10021973
1417.203125,37.06665039
1417.40625,37.05749512
1417.601563,37.06665039
1417.804688,37.03613281
1418,36.95983887
1418.203125,37.02087402
1418.40625,36.99645996
1418.601563,36.95068359
1418.804688,36.96289063
1419,36.91711426
1419.203125,36.75537109
1419.40625,36.71264648
1419.601563,36.78283691
1419.804688,36.75842285
1420,36.80725098
1420.203125,36.7401123
1420.40625,36.63024902
1420.601563,36.61499023
1420.804688,36.63330078
1421,36.62414551
1421.203125,36.62109375
1421.40625,36.62109375
1421.601563,36.62109375
1421.804688,36.63635254
1422,36.61193848
1422.203125,36.56005859
1422.40625,36.5234375
1422.601563,36.51123047
1422.804688,36.49902344
1423,36.45935059
1423.203125,36.41967773
1423.40625,36.39526367
1423.601563,36.39221191
1423.804688,36.37695313
1424,36.28234863
1424.203125,36.23352051
1424.40625,36.2487793
1424.601563,36.23046875
1424.804688,36.23046875
1425,36.22131348
1425.203125,36.24267578
1425.40625,36.22741699
1425.601563,36.21826172
1425.804688,36.23352051
1426,36.15112305
1426.203125,36.11450195
1426.40625,36.10229492
1426.601563,36.02294922
1426.804688,36.00158691
1427,36.05957031
1427.203125,36.04431152
1427.40625,35.98632813
1427.601563,35.96801758
1427.804688,35.9954834
1428,35.98937988
1428.203125,35.90698242
1428.40625,35.87646484
1428.601563,35.84899902
1428.804688,35.84899902
1429,35.8795166
1429.203125,35.86120605
1429.40625,35.83068848
1429.601563,35.84899902
1429.804688,35.77270508
1430,35.74523926
1430.203125,35.69641113
1430.40625,35.64453125
1430.601563,35.64147949
1430.804688,35.66589355
1431,35.64147949
1431.203125,35.62011719
1431.40625,35.49194336
1431.601563,35.51330566
1431.804688,35.45227051
1432,35.45837402
1432.203125,35.40344238
1432.40625,35.35461426
1432.601563,35.32714844
1432.804688,35.31494141
1433,35.28442383
1433.203125,35.1776123
1433.40625,35.14099121
1433.601563,35.10131836
1433.804688,35.0982666
1434,35.08300781
1434.203125,35.05554199
1434.40625,34.99450684
1434.601563,34.90905762
1434.804688,34.96704102
1435,34.92736816
1435.203125,34.91516113
1435.40625,34.87243652
1435.601563,34.82666016
1435.804688,34.82971191
1436,34.83276367
1436.203125,34.74731445
1436.40625,34.73205566
1436.601563,34.7076416
1436.804688,34.73815918
1437,34.70153809
1437.203125,34.65270996
1437.40625,34.51843262
1437.601563,34.48791504
1437.804688,34.46960449
1438,34.45739746
1438.203125,34.44824219
1438.40625,34.44519043
1438.601563,34.4543457
1438.804688,34.33227539
1439,34.31396484
1439.203125,34.23156738
1439.40625,34.25292969
1439.601563,34.27124023
1439.804688,34.2590332
1440,34.24377441
1440.203125,34.25598145
1440.40625,34.1217041
1440.601563,34.05151367
1440.804688,34.04541016
1441,34.08813477
1441.203125,34.05761719
1441.40625,34.04541016
1441.601563,33.984375
1441.804688,33.95080566
1442,33.93859863
1442.203125,33.98132324
1442.40625,33.9263916
1442.601563,33.91723633
1442.804688,33.88061523
1443,33.84094238
1443.203125,33.88366699
1443.40625,33.84094238
1443.601563,33.71582031
1443.804688,33.6730957
1444,33.66088867
1444.203125,33.70666504
1444.40625,33.72497559
1444.601563,33.67004395
1444.804688,33.58154297
1445,33.60290527
1445.203125,33.55407715
1445.40625,33.57543945
1445.601563,33.55407715
1445.804688,33.57849121
1446,33.53881836
1446.203125,33.49914551
1446.40625,33.49304199
1446.601563,33.50524902
1446.804688,33.51135254
1447,33.34960938
1447.203125,33.41674805
1447.40625,33.35266113
1447.601563,33.34655762
1447.804688,33.30993652
1448,33.20922852
1448.203125,33.25805664
1448.40625,33.25195313
1448.601563,33.23059082
1448.804688,33.21838379
1449,33.16955566
1449.203125,33.19702148
1449.40625,33.203125
1449.601563,33.12072754
1449.804688,33.13903809
1450,32.99865723
1450.203125,33.02307129
1450.40625,33.0078125
1450.601563,32.94677734
1450.804688,32.91625977
1451,32.84301758
1451.203125,32.81860352
1451.40625,32.84912109
1451.601563,32.76672363
1451.804688,32.66906738
1452,32.6751709
1452.203125,32.65380859
1452.40625,32.57751465
1452.601563,32.58666992
1452.804688,32.54089355
1453,32.48901367
1453.203125,32.5592041
1453.40625,32.49816895
1453.601563,32.44934082
1453.804688,32.39440918
1454,32.45849609
1454.203125,32.39440918
1454.40625,32.3059082
1454.601563,32.20825195
1454.804688,32.26928711
1455,32.27844238
1455.203125,32.22351074
1455.40625,32.25097656
1455.601563,32.23266602
1455.804688,32.15332031
1456,32.09533691
1456.203125,32.15332031
1456.40625,32.17163086
1456.601563,32.11669922
1456.804688,32.06787109
1457,32.07397461
1457.203125,32.04650879
1457.40625,32.0098877
1457.601563,31.98242188
1457.804688,31.94274902
1458,31.86950684
1458.203125,31.82678223
1458.40625,31.84509277
1458.601563,31.78405762
1458.804688,31.7199707
1459,31.72607422
1459.203125,31.63146973
1459.40625,31.71081543
1459.601563,31.68334961
1459.804688,31.63757324
1460,31.60705566
1460.203125,31.53686523
1460.40625,31.51550293
1460.601563,31.51855469
1460.804688,31.45141602
1461,31.45751953
1461.203125,31.40563965
1461.40625,31.4239502
1461.601563,31.37512207
1461.804688,31.27746582
1462,31.25
1462.203125,31.19506836
1462.40625,31.20422363
1462.601563,31.14013672
1462.804688,31.18591309
1463,31.16455078
1463.203125,31.1340332
1463.40625,31.15234375
1463.601563,31.07910156
1463.804688,31.04858398
1464,30.88684082
1464.203125,30.90820313
1464.40625,30.89599609
1464.601563,30.94787598
1464.804688,30.87768555
1465,30.8807373
1465.203125,30.88684082
1465.40625,30.85632324
1465.601563,30.82885742
1465.804688,30.8807373
1466,30.84106445
1466.203125,30.85021973
1466.40625,30.74645996
1466.601563,30.84106445
1466.804688,30.84106445
1467,30.81359863
1467.203125,30.81665039
1467.40625,30.78918457
1467.601563,30.77392578
1467.804688,30.7434082
1468,30.68847656
1468.203125,30.66711426
1468.40625,30.6427002
1468.601563,30.61523438
1468.804688,30.5847168
1469,30.56335449
1469.203125,30.70373535
1469.40625,30.61523438
1469.601563,30.53283691
1469.804688,30.5267334
1470,30.46875
1470.203125,30.39550781
1470.40625,30.45349121
1470.601563,30.45654297
1470.804688,30.46264648
1471,30.43518066
1471.203125,30.37414551
1471.40625,30.34973145
1471.601563,30.28564453
1471.804688,30.27038574
1472,30.20935059
1472.203125,30.24597168
1472.40625,30.27648926
1472.601563,30.25817871
1472.804688,30.19714355
1473,30.09338379
1473.203125,30.04150391
1473.40625,29.98657227
1473.601563,29.97436523
1473.804688,30.00793457
1474,30.0201416
1474.203125,29.94689941
1474.40625,29.87976074
1474.601563,29.77905273
1474.804688,29.83703613
1475,29.86755371
1475.203125,29.81872559
1475.40625,29.73937988
1475.601563,29.65087891
1475.804688,29.62341309
1476,29.5715332
1476.203125,29.59594727
1476.40625,29.6081543
1476.601563,29.58374023
1476.804688,29.61730957
1477,29.57458496
1477.203125,29.48913574
1477.40625,29.41589355
1477.601563,29.4342041
1477.804688,29.37927246
1478,29.36706543
1478.203125,29.42199707
1478.40625,29.33654785
1478.601563,29.32434082
1478.804688,29.36706543
1479,29.33044434
1479.203125,29.25109863
1479.40625,29.23583984
1479.601563,29.25109863
1479.804688,29.22973633
1480,29.21142578
1480.203125,29.16259766
1480.40625,29.09240723
1480.601563,29.06494141
1480.804688,29.02526855
1481,29.03137207
1481.203125,28.94897461
1481.40625,28.97033691
1481.601563,28.97338867
1481.804688,28.92150879
1482,28.85437012
1482.203125,28.83605957
1482.40625,28.75061035
1482.601563,28.75366211
1482.804688,28.75366211
1483,28.7689209
1483.203125,28.67431641
1483.40625,28.65905762
1483.601563,28.60107422
1483.804688,28.63464355
1484,28.55224609
1484.203125,28.56140137
1484.40625,28.54309082
1484.601563,28.4942627
1484.804688,28.46984863
1485,28.515625
1485.203125,28.53088379
1485.40625,28.48815918
1485.601563,28.45458984
1485.804688,28.51867676
1486,28.42407227
1486.203125,28.35693359
1486.40625,28.29589844
1486.601563,28.22875977
1486.804688,28.24401855
1487,28.15551758
1487.203125,28.15856934
1487.40625,28.17687988
1487.601563,28.15856934
1487.804688,28.09753418
1488,28.1036377
1488.203125,28.05480957
1488.40625,28.10668945
1488.601563,28.05480957
1488.804688,27.99377441
1489,27.9876709
1489.203125,27.98461914
1489.40625,28.04870605
1489.601563,27.92663574
1489.804688,27.89916992
1490,27.89916992
1490.203125,27.86254883
1490.40625,27.87475586
1490.601563,27.86254883
1490.804688,27.82897949
1491,27.79846191
1491.203125,27.76489258
1491.40625,27.72827148
1491.601563,27.69165039
1491.804688,27.58483887
1492,27.64282227
1492.203125,27.64282227
1492.40625,27.56652832
1492.601563,27.49023438
1492.804688,27.49633789
1493,27.4017334
1493.203125,27.40478516
1493.40625,27.34375
1493.601563,27.34069824
1493.804688,27.29797363
1494,27.33764648
1494.203125,27.31018066
1494.40625,27.22473145
1494.601563,27.16369629
1494.804688,27.16064453
1495,27.1270752
1495.203125,27.06604004
1495.40625,27.13623047
1495.601563,27.12097168
1495.804688,27.10571289
1496,27.06604004
1496.203125,27.07824707
1496.40625,27.04467773
1496.601563,27.00195313
1496.804688,26.97753906
1497,27.00500488
1497.203125,26.98669434
1497.40625,26.953125
1497.601563,26.92260742
1497.804688,26.84020996
1498,26.84936523
1498.203125,26.82800293
1498.40625,26.82189941
1498.601563,26.73034668
1498.804688,26.6998291
1499,26.66625977
1499.203125,26.67236328
1499.40625,26.62353516
1499.601563,26.55029297
1499.804688,26.45263672
1500,26.47094727
1500.203125,26.40380859
1500.40625,26.32751465
1500.601563,26.29394531
1500.804688,26.24206543
1501,26.19018555
1501.203125,26.16882324
1501.40625,26.19628906
1501.601563,26.14440918
1501.804688,26.10168457
1502,26.0559082
1502.203125,25.97351074
1502.40625,25.91552734
1502.601563,25.82397461
1502.804688,25.79040527
1503,25.77819824
1503.203125,25.80871582
1503.40625,25.77514648
1503.601563,25.68969727
1503.804688,25.62255859
1504,25.5279541
1504.203125,25.58898926
1504.40625,25.59204102
1504.601563,25.56152344
1504.804688,25.55541992
1505,25.53100586
1505.203125,25.48522949
1505.40625,25.49438477
1505.601563,25.48217773
1505.804688,25.46386719
1506,25.46691895
1506.203125,25.39978027
1506.40625,25.31433105
1506.601563,25.32043457
1506.804688,25.29907227
1507,25.26550293
1507.203125,25.28991699
1507.40625,25.2746582
1507.601563,25.28076172
1507.804688,25.28076172
1508,25.25024414
1508.203125,25.21057129
1508.40625,25.2532959
1508.601563,25.14038086
1508.804688,25.22583008
1509,25.1953125
1509.203125,25.19226074
1509.40625,25.2166748
1509.601563,25.1373291
1509.804688,25.12512207
1510,25.06408691
1510.203125,25.04272461
1510.40625,25.04577637
1510.601563,24.96643066
1510.804688,25.00305176
1511,24.97558594
1511.203125,24.93591309
1511.40625,24.88708496
1511.601563,24.85351563
1511.804688,24.83825684
1512,24.78637695
1512.203125,24.69177246
1512.40625,24.67651367
1512.601563,24.66125488
1512.804688,24.67346191
1513,24.60632324
1513.203125,24.55444336
1513.40625,24.49951172
1513.601563,24.45678711
1513.804688,24.40185547
1514,24.41101074
1514.203125,24.35913086
1514.40625,24.21875
1514.601563,24.19128418
1514.804688,24.23095703
1515,24.13635254
1515.203125,24.09667969
1515.40625,24.09057617
1515.601563,24.03869629
1515.804688,24.03564453
1516,24.00512695
1516.203125,23.97766113
1516.40625,23.93188477
1516.601563,23.93188477
1516.804688,23.91357422
1517,23.89526367
1517.203125,23.8067627
1517.40625,23.78845215
1517.601563,23.78234863
1517.804688,23.77319336
1518,23.78845215
1518.203125,23.76098633
1518.40625,23.69384766
1518.601563,23.6328125
1518.804688,23.58703613
1519,23.45581055
1519.203125,23.42834473
1519.40625,23.43444824
1519.601563,23.42834473
1519.804688,23.35510254
1520,23.40393066
1520.203125,23.36425781
1520.40625,23.30627441
1520.601563,23.33068848
1520.804688,23.27880859
1521,23.18725586
1521.203125,23.19030762
1521.40625,23.17810059
1521.601563,23.24523926
1521.804688,23.17810059
1522,23.13232422
1522.203125,23.10791016
1522.40625,23.00720215
1522.601563,23.00720215
1522.804688,22.99499512
1523,22.98278809
1523.203125,22.9888916
1523.40625,22.94006348
1523.601563,22.86682129
1523.804688,22.92480469
1524,22.8729248
1524.203125,22.84545898
1524.40625,22.82104492
1524.601563,22.78137207
1524.804688,22.7935791
1525,22.80578613
1525.203125,22.76306152
1525.40625,22.70507813
1525.601563,22.75085449
1525.804688,22.69897461
1526,22.65930176
1526.203125,22.63793945
1526.40625,22.5769043
1526.601563,22.5769043
1526.804688,22.61352539
1527,22.5982666
1527.203125,22.57995605
1527.40625,22.52807617
1527.601563,22.51281738
1527.804688,22.45178223
1528,22.36633301
1528.203125,22.30529785
1528.40625,22.33581543
1528.601563,22.34191895
1528.804688,22.34802246
1529,22.28393555
1529.203125,22.28088379
1529.40625,22.20153809
1529.601563,22.10083008
1529.804688,22.16491699
1530,22.11303711
1530.203125,22.06420898
1530.40625,22.07641602
1530.601563,22.06726074
1530.804688,22.1282959
1531,22.01538086
1531.203125,21.96960449
1531.40625,21.96655273
1531.601563,21.9329834
1531.804688,21.94519043
1532,21.8963623
1532.203125,21.88415527
1532.40625,21.86889648
1532.601563,21.80175781
1532.804688,21.78344727
1533,21.76818848
1533.203125,21.67663574
1533.40625,21.64611816
1533.601563,21.62475586
1533.804688,21.64611816
1534,21.72546387
1534.203125,21.60339355
1534.40625,21.55151367
1534.601563,21.49353027
1534.804688,21.44470215
1535,21.39892578
1535.203125,21.38977051
1535.40625,21.34094238
1535.601563,21.24328613
1535.804688,21.2310791
1536,21.21887207
1536.203125,21.24633789
1536.40625,21.13952637
1536.601563,21.07543945
1536.804688,21.00219727
1537,21.06323242
1537.203125,20.94421387
1537.40625,20.83740234
1537.601563,20.79772949
1537.804688,20.80993652
1538,20.78857422
1538.203125,20.7244873
1538.40625,20.72143555
1538.601563,20.61767578
1538.804688,20.59631348
1539,20.53222656
1539.203125,20.55053711
1539.40625,20.52612305
1539.601563,20.46813965
1539.804688,20.40710449
1540,20.44067383
1540.203125,20.43457031
1540.40625,20.38879395
1540.601563,20.35522461
1540.804688,20.27587891
1541,20.20263672
1541.203125,20.28198242
1541.40625,20.26367188
1541.601563,20.1965332
1541.804688,20.13244629
1542,20.01037598
1542.203125,20.0592041
1542.40625,19.99816895
1542.601563,19.96459961
1542.804688,19.93103027
1543,19.89135742
1543.203125,19.8638916
1543.40625,19.75402832
1543.601563,19.71130371
1543.804688,19.72045898
1544,19.58618164
1544.203125,19.6105957
1544.40625,19.59533691
1544.601563,19.43054199
1544.804688,19.42138672
1545,19.42749023
1545.203125,19.41223145
1545.40625,19.29016113
1545.601563,19.26574707
1545.804688,19.26574707
1546,19.25354004
1546.203125,19.11315918
1546.40625,19.18945313
1546.601563,19.07348633
1546.804688,19.06738281
1547,19.0246582
1547.203125,19.07348633
1547.40625,19.02770996
1547.601563,18.96362305
1547.804688,18.87512207
1548,18.85681152
1548.203125,18.82629395
1548.40625,18.84155273
1548.601563,18.75305176
1548.804688,18.72558594
1549,18.73474121
1549.203125,18.67675781
1549.40625,18.56079102
1549.601563,18.56994629
1549.804688,18.48754883
1550,18.37158203
1550.203125,18.38684082
1550.40625,18.32275391
1550.601563,18.3013916
1550.804688,18.3013916
1551,18.17016602
1551.203125,18.12744141
1551.40625,18.13964844
1551.601563,18.1640625
1551.804688,18.05114746
1552,17.99621582
1552.203125,17.96569824
1552.40625,17.96569824
1552.601563,17.94433594
1552.804688,17.87719727
1553,17.81616211
1553.203125,17.84362793
1553.40625,17.81311035
1553.601563,17.77038574
1553.804688,17.67578125
1554,17.68493652
1554.203125,17.62084961
1554.40625,17.5201416
1554.601563,17.46520996
1554.804688,17.43774414
1555,17.41333008
1555.203125,17.39196777
1555.40625,17.35229492
1555.601563,17.33093262
1555.804688,17.31262207
1556,17.24243164
1556.203125,17.20581055
1556.40625,17.14477539
1556.601563,17.1295166
1556.804688,17.10510254
1557,17.00744629
1557.203125,16.92504883
1557.40625,16.89453125
1557.601563,16.84570313
1557.804688,16.85791016
1558,16.76330566
1558.203125,16.74499512
1558.40625,16.76940918
1558.601563,16.72363281
1558.804688,16.64428711
1559,16.64123535
1559.203125,16.50085449
1559.40625,16.48864746
1559.601563,16.47949219
1559.804688,16.49475098
1560,16.4855957
1560.203125,16.44287109
1560.40625,16.29638672
1560.601563,16.30554199
1560.804688,16.25671387
1561,16.21704102
1561.203125,16.15905762
1561.40625,16.11328125
1561.601563,16.11022949
1561.804688,16.04614258
1562,15.9576416
1562.203125,15.96069336
1562.40625,15.9362793
1562.601563,15.90881348
1562.804688,15.85083008
1563,15.81420898
1563.203125,15.71044922
1563.40625,15.6829834
1563.601563,15.64331055
1563.804688,15.55175781
1564,15.49987793
1564.203125,15.49377441
1564.40625,15.51208496
1564.601563,15.43273926
1564.804688,15.35949707
1565,15.40222168
1565.203125,15.39306641
1565.40625,15.33203125
1565.601563,15.25878906
1565.804688,15.26184082
1566,15.18554688
1566.203125,15.10620117
1566.40625,15.13671875
1566.601563,15.09399414
1566.804688,15.00244141
1567,15.01159668
1567.203125,15.02075195
1567.40625,14.93530273
1567.601563,14.94445801
1567.804688,14.91394043
1568,14.76135254
1568.203125,14.68811035
1568.40625,14.65148926
1568.601563,14.62097168
1568.804688,14.63928223
1569,14.66674805
1569.203125,14.50805664
1569.40625,14.39208984
1569.601563,14.45922852
1569.804688,14.45617676
1570,14.34020996
1570.203125,14.30053711
1570.40625,14.28527832
1570.601563,14.24560547
1570.804688,14.25170898
1571,14.15405273
1571.203125,14.0045166
1571.40625,14.03808594
1571.601563,13.99230957
1571.804688,13.97094727
1572,13.98925781
1572.203125,13.8671875
1572.40625,13.78173828
1572.601563,13.79394531
1572.804688,13.75427246
1573,13.70239258
1573.203125,13.67797852
1573.40625,13.61083984
1573.601563,13.68103027
1573.804688,13.57727051
1574,13.6138916
1574.203125,13.51318359
1574.40625,13.38500977
1574.601563,13.34838867
1574.804688,13.33618164
1575,13.2598877
1575.203125,13.17138672
1575.40625,13.12561035
1575.601563,13.0859375
1575.804688,13.0859375
1576,12.97302246
1576.203125,12.9119873
1576.40625,12.86010742
1576.601563,12.77770996
1576.804688,12.74414063
1577,12.73193359
1577.203125,12.5793457
1577.40625,12.48168945
1577.601563,12.4206543
1577.804688,12.40844727
1578,12.40234375
1578.203125,12.34436035
1578.40625,12.24060059
1578.601563,12.17956543
1578.804688,12.18261719
1579,12.10327148
1579.203125,12.00866699
1579.40625,12.02392578
1579.601563,11.9934082
1579.804688,11.93237305
1580,11.86218262
1580.203125,11.79199219
1580.40625,11.64550781
1580.601563,11.6027832
1580.804688,11.60583496
1581,11.50512695
1581.203125,11.42883301
1581.40625,11.42883301
1581.601563,11.36779785
1581.804688,11.41662598
1582,11.30371094
1582.203125,11.2121582
1582.40625,11.12060547
1582.601563,11.04125977
1582.804688,11.0168457
1583,10.96496582
1583.203125,10.94055176
1583.40625,10.83984375
1583.601563,10.75134277
1583.804688,10.72387695
1584,10.62927246
1584.203125,10.64147949
1584.40625,10.59265137
1584.601563,10.61096191
1584.804688,10.57434082
1585,10.58044434
1585.203125,10.4675293
1585.40625,10.39733887
1585.601563,10.48583984
1585.804688,10.45837402
1586,10.36682129
1586.203125,10.30578613
1586.40625,10.30578613
1586.601563,10.10131836
1586.804688,10.14099121
1587,10.04333496
1587.203125,10.03112793
1587.40625,9.976196289
1587.601563,9.902954102
1587.804688,9.838867188
1588,9.799194336
1588.203125,9.747314453
1588.40625,9.664916992
1588.601563,9.527587891
1588.804688,9.548950195
1589,9.50012207
1589.203125,9.484863281
1589.40625,9.463500977
1589.601563,9.332275391
1589.804688,9.338378906
1590,9.255981445
1590.203125,9.204101563
1590.40625,9.115600586
1590.601563,9.103393555
1590.804688,9.130859375
1591,9.033203125
1591.203125,8.905029297
1591.40625,8.786010742
1591.601563,8.709716797
1591.804688,8.648681641
1592,8.642578125
1592.203125,8.612060547
1592.40625,8.410644531
1592.601563,8.367919922
1592.804688,8.303833008
1593,8.255004883
1593.203125,8.212280273
1593.40625,8.108520508
1593.601563,8.013916016
1593.804688,7.93762207
1594,7.955932617
1594.203125,7.876586914
1594.40625,7.684326172
1594.601563,7.586669922
1594.804688,7.553100586
1595,15.44494629
1595.203125,37.51220703
1595.40625,47.8729248
1595.601563,53.3203125
1595.804688,57.20825195
1596,60.68115234
1596.203125,63.87023926
1596.40625,67.05322266
1596.601563,70.15075684
1596.804688,73.19641113
1597,68.31359863
1597.203125,49.38964844
1597.40625,41.78771973
1597.601563,39.02282715
1597.804688,37.93029785
1598,37.25891113
1598.203125,36.7401123
1598.40625,36.26403809
1598.601563,35.74523926
1598.804688,35.27832031
1599,34.88769531
1599.203125,34.48791504
1599.40625,34.14611816
1599.601563,33.79821777
1599.804688,33.35266113
1600,33.02307129
1600.203125,32.67822266
1600.40625,32.33337402
1600.601563,31.99768066
1600.804688,31.62231445
1601,31.30493164
1601.203125,31.02722168
1601.40625,30.75561523
1601.601563,30.44128418
1601.804688,30.16052246
1602,29.86450195
1602.203125,29.64477539
1602.40625,29.33044434
1602.601563,29.01000977
1602.804688,28.74145508
1603,28.56445313
1603.203125,28.30200195
1603.40625,28.05175781
1603.601563,27.77404785
1603.804688,27.52075195
1604,27.17590332
1604.203125,26.93786621
1604.40625,26.6998291
1604.601563,26.46484375
1604.804688,26.21765137
1605,25.94909668
1605.203125,25.73242188
1605.40625,25.62255859
1605.601563,25.37231445
1605.804688,25.1373291
1606,24.93896484
1606.203125,24.69787598
1606.40625,24.49951172
1606.601563,24.16687012
1606.804688,24.02648926
1607,23.81591797
1607.203125,23.65722656
1607.40625,23.4954834
1607.601563,23.37036133
1607.804688,23.16589355
1608,22.9309082
1608.203125,22.76000977
1608.40625,22.60437012
1608.601563,22.34802246
1608.804688,22.22290039
1609,22.10388184
1609.203125,21.88415527
1609.40625,21.74377441
1609.601563,21.5423584
1609.804688,21.37756348
1610,21.21276855
1610.203125,21.0723877
1610.40625,20.91674805
1610.601563,20.75805664
1610.804688,20.62683105
1611,20.4498291
1611.203125,20.21179199
1611.40625,20.15991211
1611.601563,20.01647949
1611.804688,19.8425293
1612,19.70214844
1612.203125,19.59533691
1612.40625,19.45495605
1612.601563,19.28710938
1612.804688,19.140625
1613,18.94226074
1613.203125,18.86901855
1613.40625,18.74694824
1613.601563,18.64929199
1613.804688,18.4387207
1614,18.30749512
1614.203125,18.0480957
1614.40625,17.94433594
1614.601563,17.84973145
1614.804688,17.71850586
1615,17.54150391
1615.203125,17.45300293
1615.40625,17.35839844
1615.601563,17.26379395
1615.804688,17.09289551
1616,16.94641113
1616.203125,16.90979004
1616.40625,16.83349609
1616.601563,16.69006348
1616.804688,16.55883789
1617,16.40625
1617.203125,16.24450684
1617.40625,16.16821289
1617.601563,16.01257324
1617.804688,16.00036621
1618,15.90881348
1618.203125,15.80200195
1618.40625,15.68603516
1618.601563,15.62194824
1618.804688,15.53344727
1619,15.40527344
1619.203125,15.24963379
1619.40625,15.18249512
1619.601563,15.12756348
1619.804688,14.99328613
1620,14.85900879
1620.203125,14.79492188
1620.40625,14.74609375
1620.601563,14.68811035
1620.804688,14.53552246
1621,14.41040039
1621.203125,14.38598633
1621.40625,14.34936523
1621.601563,14.2364502
1621.804688,14.13574219
1622,14.02282715
1622.203125,13.90380859
1622.40625,13.7878418
1622.601563,13.65966797
1622.804688,13.52539063
1623,13.43994141
1623.203125,13.3605957
1623.40625,13.32092285
1623.601563,13.25683594
1623.804688,13.18664551
1624,12.96081543
1624.203125,12.94250488
1624.40625,12.85095215
1624.601563,12.79907227
1624.804688,12.68310547
1625,12.63427734
1625.203125,12.5213623
1625.40625,12.46032715
1625.601563,12.36572266
1625.804688,12.35351563
1626,12.18261719
1626.203125,12.09411621
1626.40625,12.10021973
1626.601563,11.99035645
1626.804688,11.88354492
1627,11.7401123
1627.203125,11.67907715
1627.40625,11.62109375
1627.601563,11.5234375
1627.804688,11.44714355
1628,11.26708984
1628.203125,11.13586426
1628.40625,11.10839844
1628.601563,11.03210449
1628.804688,10.9375
1629,10.88256836
1629.203125,10.75134277
1629.40625,10.66589355
1629.601563,10.59570313
1629.804688,10.58959961
1630,10.39733887
1630.203125,10.27526855
1630.40625,10.20507813
1630.601563,10.23254395
1630.804688,10.12878418
1631,10.02502441
1631.203125,9.851074219
1631.40625,9.722900391
1631.601563,9.701538086
1631.804688,9.671020508
1632,9.539794922
1632.203125,9.469604492
1632.40625,9.329223633
1632.601563,9.301757813
1632.804688,9.283447266
1633,9.155273438
1633.203125,9.051513672
1633.40625,8.935546875
1633.601563,8.883666992
1633.804688,8.755493164
1634,8.688354492
1634.203125,8.557128906
1634.40625,8.346557617
1634.601563,8.236694336
1634.804688,8.261108398
1635,8.157348633
1635.203125,8.041381836
1635.40625,7.986450195
1635.601563,7.907104492
1635.804688,7.8125
1636,7.739257813
1636.203125,7.641601563
1636.40625,7.498168945
1636.601563,7.446289063
1636.804688,7.345581055
1637,7.205200195
1637.203125,7.077026367
1637.40625,6.985473633
1637.601563,6.860351563
1637.804688,6.790161133
1638,6.741333008
1638.203125,6.604003906
1638.40625,6.463623047
1638.601563,6.329345703
1638.804688,6.295776367
1639,6.164550781
1639.203125,6.036376953
1639.40625,5.993652344
1639.601563,5.926513672
1639.804688,5.868530273
1640,5.813598633
1640.203125,5.725097656
1640.40625,5.661010742
1640.601563,5.490112305
1640.804688,5.395507813
1641,5.334472656
1641.203125,5.249023438
1641.40625,5.206298828
1641.601563,5.20324707
1641.804688,5.117797852
1642,4.977416992
1642.203125,4.858398438
1642.40625,4.711914063
1642.601563,4.629516602
1642.804688,4.559326172
1643,4.428100586
1643.203125,4.348754883
1643.40625,4.168701172
1643.601563,4.077148438
1643.804688,4.043579102
1644,3.851318359
1644.203125,3.771972656
1644.40625,3.68347168
1644.601563,3.58581543
1644.804688,3.500366211
1645,3.44543457
1645.203125,3.308105469
1645.40625,3.115844727
1645.601563,2.920532227
1645.804688,2.90222168
1646,2.841186523
1646.203125,2.798461914
1646.40625,2.670288086
1646.601563,2.420043945
1646.804688,2.44140625
1647,2.44140625
1647.203125,2.368164063
1647.40625,2.230834961
1647.601563,2.005004883
1647.804688,1.92565918
1648,1.797485352
1648.203125,1.702880859
1648.40625,1.593017578
1648.601563,1.452636719
1648.804688,1.400756836
1649,1.351928711
1649.203125,1.300048828
1649.40625,1.174926758
1649.601563,0.9429931641
1649.804688,0.87890625
1650,0.7904052734
1650.203125,0.634765625
1650.40625,0.5310058594
1650.601563,0.4760742188
1650.804688,0.3601074219
1651,0.2136230469
1651.203125,0.1159667969
1651.40625,0.02136230469
1651.601563,-0.1251220703
1651.804688,-0.2380371094
1652,-0.3509521484
1652.203125,-0.4180908203
1652.40625,-0.5523681641
1652.601563,-0.7141113281
1652.804688,-0.8087158203
1653,-1.010131836
1653.203125,-1.141357422
1653.40625,-1.138305664
1653.601563,-1.254272461
1653.804688,-1.46484375
1654,-1.501464844
1654.203125,-1.669311523
1654.40625,-1.898193359
1654.601563,-2.026367188
1654.804688,-2.157592773
1655,-2.239990234
1655.203125,-2.310180664
1655.40625,-2.429199219
1655.601563,-2.572631836
1655.804688,-2.703857422
1656,-2.862548828
1656.203125,-2.938842773
1656.40625,-3.039550781
1656.601563,-3.225708008
1656.804688,-3.442382813
1657,-3.533935547
1657.203125,-3.729248047
1657.40625,-3.793334961
1657.601563,-4.019165039
1657.804688,-4.12902832
1658,-4.214477539
1658.203125,-4.315185547
1658.40625,-4.452514648
1658.601563,-4.602050781
1658.804688,-4.809570313
1659,-5.010986328
1659.203125,-5.108642578
1659.40625,-5.206298828
1659.601563,-5.364990234
1659.804688,-5.429077148
1660,-5.661010742
1660.203125,-5.859375
1660.40625,-5.953979492
1660.601563,-6.08215332
1660.804688,-6.234741211
1661,-6.393432617
1661.203125,-6.448364258
1661.40625,-6.585693359
1661.601563,-6.741333008
1661.804688,-6.915283203
1662,-7.055664063
1662.203125,-7.235717773
1662.40625,-7.434082031
1662.601563,-7.626342773
1662.804688,-7.858276367
1663,-7.965087891
1663.203125,-8.068847656
1663.40625,-8.285522461
1663.601563,-8.46862793
1663.804688,-8.612060547
1664,-8.822631836
1664.203125,-8.999633789
1664.40625,-9.118652344
1664.601563,-9.201049805
1664.804688,-9.451293945
1665,-9.613037109
1665.203125,-9.771728516
1665.40625,-9.854125977
1665.601563,-10.03112793
1665.804688,-10.23254395
1666,-10.44921875
1666.203125,-10.64453125
1666.40625,-10.80322266
1666.601563,-10.91308594
1666.804688,-11.07177734
1667,-11.27624512
1667.203125,-11.43493652
1667.40625,-11.59057617
1667.601563,-11.71875
1667.804688,-11.84387207
1668,-12.17651367
1668.203125,-12.27111816
1668.40625,-12.33215332
1668.601563,-12.49389648
1668.804688,-12.6739502
1669,-12.890625
1669.203125,-13.09509277
1669.40625,-13.2598877
1669.601563,-13.40942383
1669.804688,-13.65661621
1670,-13.85498047
1670.203125,-14.0838623
1670.40625,-14.16320801
1670.601563,-14.36767578
1670.804688,-14.48059082
1671,-14.65148926
1671.203125,-14.88037109
1671.40625,-15.10620117
1671.601563,-15.21911621
1671.804688,-15.45715332
1672,-15.72570801
1672.203125,-15.87219238
1672.40625,-16.01257324
1672.601563,-16.19567871
1672.804688,-16.39404297
1673,-16.56799316
1673.203125,-16.77246094
1673.40625,-16.95251465
1673.601563,-17.09289551
1673.804688,-17.31262207
1674,-17.44689941
1674.203125,-17.69104004
1674.40625,-17.97790527
1674.601563,-18.15490723
1674.804688,-18.25256348
1675,-18.46923828
1675.203125,-18.63708496
1675.40625,-18.77441406
1675.601563,-18.94836426
1675.804688,-19.13757324
1676,-19.36645508
1676.203125,-19.48242188
1676.40625,-19.72351074
1676.601563,-19.94018555
1676.804688,-20.15991211
1677,-20.3338623
1677.203125,-20.5657959
1677.40625,-20.75805664
1677.601563,-20.95947266
1677.804688,-21.13037109
1678,-21.41418457
1678.203125,-21.71020508
1678.40625,-21.91772461
1678.601563,-22.09777832
1678.804688,-22.27478027
1679,-22.60742188
1679.203125,-22.80273438
1679.40625,-22.98278809
1679.601563,-23.19335938
1679.804688,-23.47717285
1680,-23.73962402
1680.203125,-23.95935059
1680.40625,-24.22485352
1680.601563,-24.42016602
1680.804688,-24.61242676
1681,-24.86572266
1681.203125,-25.05187988
1681.40625,-25.2532959
1681.601563,-25.45471191
1681.804688,-25.67749023
1682,-25.92773438
1682.203125,-26.16271973
1682.40625,-26.40686035
1682.601563,-26.63269043
1682.804688,-26.84020996
1683,-27.05993652
1683.203125,-27.30712891
1683.40625,-27.52075195
1683.601563,-27.77709961
1683.804688,-27.9876709
1684,-28.35083008
1684.203125,-28.44543457
1684.40625,-28.71704102
1684.601563,-28.95812988
1684.804688,-29.14428711
1685,-29.41894531
1685.203125,-29.69360352
1685.40625,-29.91943359
1685.601563,-30.17578125
1685.804688,-30.34057617
1686,-30.56945801
1686.203125,-30.86853027
1686.40625,-31.0546875
1686.601563,-31.2286377
1686.804688,-31.45141602
1687,-31.59790039
1687.203125,-31.82067871
1687.40625,-32.06176758
1687.601563,-32.26623535
1687.804688,-32.49511719
1688,-32.73925781
1688.203125,-33.04443359
1688.40625,-33.24279785
1688.601563,-33.47167969
1688.804688,-33.63037109
1689,-33.8684082
1689.203125,-34.09423828
1689.40625,-34.33532715
1689.601563,-34.58251953
1689.804688,-34.7869873
1690,-35.04943848
1690.203125,-35.26611328
1690.40625,-35.51330566
1690.601563,-35.75134277
1690.804688,-35.94360352
1691,-36.09313965
1691.203125,-36.33422852
1691.40625,-36.60888672
1691.601563,-36.81335449
1691.804688,-36.94763184
1692,-37.20703125
1692.203125,-37.38708496
1692.40625,-37.60986328
1692.601563,-37.85095215
1692.804688,-38.13781738
1693,-38.38500977
1693.203125,-38.61694336
1693.40625,-38.8885498
1693.601563,-39.11132813
1693.804688,-39.31274414
1694,-39.46533203
1694.203125,-39.75219727
1694.40625,-40.06347656
1694.601563,-40.24963379
1694.804688,-40.44189453
1695,-40.66772461
1695.203125,-40.89660645
1695.40625,-41.12243652
1695.601563,-41.43066406
1695.804688,-41.69311523
1696,-41.84875488
1696.203125,-42.05627441
1696.40625,-42.29431152
1696.601563,-42.52929688
1696.804688,-42.76123047
1697,-42.97790527
1697.203125,-43.22814941
1697.40625,-43.4753418
1697.601563,-43.68896484
1697.804688,-43.85375977
1698,-43.99414063
1698.203125,-44.26269531
1698.40625,-44.55871582
1698.601563,-44.74182129
1698.804688,-44.97680664
1699,-45.2545166
1699.203125,-45.45593262
1699.40625,-45.61462402
1699.601563,-45.84960938
1699.804688,-46.00219727
1700,-46.27380371
1700.203125,-46.48742676
1700.40625,-46.63391113
1700.601563,-46.89025879
1700.804688,-47.10083008
1701,-47.36633301
1701.203125,-47.56469727
1701.40625,-47.73254395
1701.601563,-47.95227051
1701.804688,-48.13537598
1702,-48.37646484
1702.203125,-48.59619141
1702.40625,-48.81896973
1702.601563,-49.03259277
1702.804688,-49.23400879
1703,-49.38659668
1703.203125,-49.58496094
1703.40625,-49.74975586
1703.601563,-49.97558594
1703.804688,-50.21057129
1704,-50.4699707
1704.203125,-50.57678223
1704.40625,-50.68664551
1704.601563,-50.85144043
1704.804688,-51.05895996
1705,-51.31835938
1705.203125,-51.45263672
1705.40625,-51.63269043
1705.601563,-51.77307129
1705.804688,-51.99584961
1706,-52.13317871
1706.203125,-52.36816406
1706.40625,-52.52380371
1706.601563,-52.64282227
1706.804688,-52.7923584
1707,-52.97546387
1707.203125,-53.15551758
1707.40625,-53.28674316
1707.601563,-53.44848633
1707.804688,-53.56140137
1708,-53.83911133
1708.203125,-53.97949219
1708.40625,-54.08630371
1708.601563,-54.25109863
1708.804688,-54.4128418
1709,-54.57763672
1709.203125,-54.64477539
1709.40625,-54.80957031
1709.601563,-54.98962402
1709.804688,-55.15136719
1710,-55.32836914
1710.203125,-55.45349121
1710.40625,-55.58776855
1710.601563,-55.70678711
1710.804688,-55.84106445
1711,-55.9753418
1711.203125,-56.24084473
1711.40625,-56.32629395
1711.601563,-56.43615723
1711.804688,-56.55822754
1712,-56.67419434
1712.203125,-56.83898926
1712.40625,-57.00683594
1712.601563,-57.18078613
1712.804688,-57.31201172
1713,-57.43408203
1713.203125,-57.58361816
1713.40625,-57.58666992
1713.601563,-57.66296387
1713.804688,-57.8704834
1714,-58.02612305
1714.203125,-58.14208984
1714.40625,-58.30383301
1714.601563,-58.39538574
1714.804688,-58.52966309
1715,-58.66394043
1715.203125,-58.73413086
1715.40625,-58.8470459
1715.601563,-58.95385742
1715.804688,-59.07287598
1716,-59.24377441
1716.203125,-59.38110352
1716.40625,-59.49401855
1716.601563,-59.56420898
1716.804688,-59.68017578
1717,-59.83886719
1717.203125,-59.95483398
1717.40625,-60.06164551
1717.601563,-60.19897461
1717.804688,-60.21118164
1718,-60.39428711
1718.203125,-60.49499512
1718.40625,-60.62927246
1718.601563,-60.70556641
1718.804688,-60.77880859
1719,-60.9954834
1719.203125,-61.06567383
1719.40625,-61.10534668
1719.601563,-61.2487793
1719.804688,-61.34643555
1720,-61.47460938
1720.203125,-61.51123047
1720.40625,-61.63024902
1720.601563,-61.77062988
1720.804688,-61.89575195
1721,-61.98425293
1721.203125,-62.03308105
1721.40625,-62.10632324
1721.601563,-62.16430664
1721.804688,-62.25280762
1722,-62.33825684
1722.203125,-62.50915527
1722.40625,-62.62817383
1722.601563,-62.75024414
1722.804688,-62.7532959
1723,-62.82653809
1723.203125,-62.89672852
1723.40625,-62.99438477
1723.601563,-63.09509277
1723.804688,-63.13476563
1724,-63.34838867
1724.203125,-63.42468262
1724.40625,-63.47961426
1724.601563,-63.47045898
1724.804688,-63.60168457
1725,-63.69628906
1725.203125,-63.77868652
1725.40625,-63.83666992
1725.601563,-63.86108398
1725.804688,-63.94348145
1726,-64.0411377
1726.203125,-64.22729492
1726.40625,-64.29138184
1726.601563,-64.28833008
1726.804688,-64.36767578
1727,-64.44396973
1727.203125,-64.59350586
1727.40625,-64.63317871
1727.601563,-64.65454102
1727.804688,-64.7064209
1728,-64.85900879
1728.203125,-64.93530273
1728.40625,-64.95361328
1728.601563,-64.97192383
1728.804688,-65.06652832
1729,-65.14282227
1729.203125,-65.20385742
1729.40625,-65.30151367
1729.601563,-65.31066895
1729.804688,-65.4296875
1730,-65.46936035
1730.203125,-65.55175781
1730.40625,-65.56396484
1730.601563,-65.53955078
1730.804688,-65.6463623
1731,-65.68908691
1731.203125,-65.80200195
1731.40625,-65.88745117
1731.601563,-65.92407227
1731.804688,-66.00646973
1732,-66.05834961
1732.203125,-66.08581543
1732.40625,-66.18347168
1732.601563,-66.24145508
1732.804688,-66.35131836
1733,-66.40014648
1733.203125,-66.50695801
1733.40625,-66.52832031
1733.601563,-66.55883789
1733.804688,-66.61682129
1734,-66.65039063
1734.203125,-66.76940918
1734.40625,-66.88232422
1734.601563,-66.89758301
1734.804688,-66.94641113
1735,-67.02575684
1735.203125,-67.09289551
1735.40625,-67.12341309
1735.601563,-67.16918945
1735.804688,-67.22412109
1736,-67.30957031
1736.203125,-67.41638184
1736.40625,-67.45300293
1736.601563,-67.44384766
1736.804688,-67.4987793
1737,-67.51098633
1737.203125,-67.62695313
1737.40625,-67.72155762
1737.601563,-67.77648926
1737.804688,-67.8314209
1738,-67.87109375
1738.203125,-67.96264648
1738.40625,-67.96569824
1738.601563,-68.06335449
1738.804688,-68.06640625
1739,-68.1427002
1739.203125,-68.19458008
1739.40625,-68.26171875
1739.601563,-68.359375
1739.804688,-68.37463379
1740,-68.37768555
1740.203125,-68.47229004
1740.40625,-68.54858398
1740.601563,-68.62792969
1740.804688,-68.67675781
1741,-68.68896484
1741.203125,-68.71643066
1741.40625,-68.81713867
1741.601563,-68.84765625
1741.804688,-68.89648438
1742,-68.93920898
1742.203125,-69.00024414
1742.40625,-69.08569336
1742.601563,-69.04907227
1742.804688,-69.09484863
1743,-69.19555664
1743.203125,-69.1986084
1743.40625,-69.25964355
1743.601563,-69.39086914
1743.804688,-69.38171387
1744,-69.54345703
1744.203125,-69.54650879
1744.40625,-69.6105957
1744.601563,-69.60449219
1744.804688,-69.6472168
1745,-69.71435547
1745.203125,-69.69299316
1745.40625,-69.79675293
1745.601563,-69.79370117
1745.804688,-69.81811523
1746,-69.80285645
1746.203125,-69.91271973
1746.40625,-70.00732422
1746.601563,-70.10803223
1746.804688,-70.05615234
1747,-70.09277344
1747.203125,-70.1385498
1747.40625,-70.13244629
1747.601563,-70.14465332
1747.804688,-70.23010254
1748,-70.35217285
1748.203125,-70.37353516
1748.40625,-70.34606934
1748.601563,-70.40405273
1748.804688,-70.53833008
1749,-70.46813965
1749.203125,-70.51086426
1749.40625,-70.61767578
1749.601563,-70.58410645
1749.804688,-70.66345215
1750,-70.66955566
1750.203125,-70.67871094
1750.40625,-70.78857422
1750.601563,-70.78552246
1750.804688,-70.83129883
1751,-70.87402344
1751.203125,-71.00830078
1751.40625,-71.02355957
1751.601563,-71.10900879
1751.804688,-71.13647461
1752,-71.15783691
1752.203125,-71.21887207
1752.40625,-71.29821777
1752.601563,-71.27685547
1752.804688,-71.27990723
1753,-71.25854492
1753.203125,-71.33789063
1753.40625,-71.38671875
1753.601563,-71.44775391
1753.804688,-71.46911621
1754,-71.49963379
1754.203125,-71.54541016
1754.40625,-71.74072266
1754.601563,-71.7956543
1754.804688,-71.69494629
1755,-71.70715332
1755.203125,-71.73461914
1755.40625,-71.82617188
1755.601563,-71.9329834
1755.804688,-71.91772461
1756,-71.97570801
1756.203125,-71.95129395
1756.40625,-72.03063965
1756.601563,-72.08862305
1756.804688,-72.09777832
1757,-72.11608887
1757.203125,-72.2442627
1757.40625,-72.21679688
1757.601563,-72.29919434
1757.804688,-72.39074707
1758,-72.36938477
1758.203125,-72.38464355
1758.40625,-72.42126465
1758.601563,-72.51281738
1758.804688,-72.50061035
1759,-72.63183594
1759.203125,-72.66540527
1759.40625,-72.59521484
1759.601563,-72.68981934
1759.804688,-72.70812988
1760,-72.7142334
1760.203125,-72.86071777
1760.40625,-72.88208008
1760.601563,-72.91870117
1760.804688,-72.97363281
1761,-73.06518555
1761.203125,-72.9888916
1761.40625,-72.97363281
1761.601563,-73.07739258
1761.804688,-73.20251465
1762,-73.23913574
1762.203125,-73.22387695
1762.40625,-73.25744629
1762.601563,-73.26965332
1762.804688,-73.35510254
1763,-73.32763672
1763.203125,-73.37036133
1763.40625,-73.40087891
1763.601563,-73.48632813
1763.804688,-73.50463867
1764,-73.6114502
1764.203125,-73.64501953
1764.40625,-73.63586426
1764.601563,-73.64807129
1764.804688,-73.68164063
1765,-73.73962402
1765.203125,-73.8067627
1765.40625,-73.81896973
1765.601563,-73.85864258
1765.804688,-73.88305664
1766,-73.92578125
1766.203125,-73.99291992
1766.40625,-74.02648926
1766.601563,-73.98376465
1766.804688,-74.04785156
1767,-74.03259277
1767.203125,-74.0814209
1767.40625,-74.12109375
1767.601563,-74.1394043
1767.804688,-74.15161133
1768,-74.28588867
1768.203125,-74.38354492
1768.40625,-74.34387207
1768.601563,-74.25842285
1768.804688,-74.34082031
1769,-74.39880371
1769.203125,-74.40795898
1769.40625,-74.42321777
1769.601563,-74.44763184
1769.804688,-74.44152832
1770,-74.61547852
1770.203125,-74.64904785
1770.40625,-74.609375
1770.601563,-74.60632324
1770.804688,-74.67956543
1771,-74.70092773
1771.203125,-74.73449707
1771.40625,-74.79553223
1771.601563,-74.79553223
1771.804688,-74.79248047
1772,-74.87792969
1772.203125,-74.90844727
1772.40625,-74.92980957
1772.601563,-74.96032715
1772.804688,-75.11901855
1773,-75.09765625
1773.203125,-75.09460449
1773.40625,-75.08239746
1773.601563,-75.13427734
1773.804688,-75.17700195
1774,-75.18615723
1774.203125,-75.26245117
1774.40625,-75.32043457
1774.601563,-75.30517578
1774.804688,-75.37841797
1775,-75.42114258
1775.203125,-75.46691895
1775.40625,-75.45471191
1775.601563,-75.51879883
1775.804688,-75.5065918
1776,-75.56762695
1776.203125,-75.62561035
1776.40625,-75.64697266
1776.601563,-75.68359375
1776.804688,-75.70495605
1777,-75.74768066
1777.203125,-75.79345703
1777.40625,-75.84533691
1777.601563,-75.81787109
1777.804688,-75.85144043
1778,-75.97045898
1778.203125,-76.01318359
1778.40625,-76.01318359
1778.601563,-76.01013184
1778.804688,-76.03149414
1779,-76.13830566
1779.203125,-76.17797852
1779.40625,-76.21154785
1779.601563,-76.20239258
1779.804688,-76.2512207
1780,-76.20544434
1780.203125,-76.31835938
1780.40625,-76.35803223
1780.601563,-76.35498047
1780.804688,-76.34277344
1781,-76.42211914
1781.203125,-76.45874023
1781.40625,-76.50146484
1781.601563,-76.55334473
1781.804688,-76.55944824
1782,-76.59606934
1782.203125,-76.63269043
1782.40625,-76.64794922
1782.601563,-76.66320801
1782.804688,-76.68457031
1783,-76.74865723
1783.203125,-76.76086426
1783.40625,-76.73339844
1783.601563,-76.87072754
1783.804688,-76.90429688
1784,-76.98669434
1784.203125,-76.94702148
1784.40625,-76.94396973
1784.601563,-76.92565918
1784.804688,-76.9744873
1785,-77.10266113
1785.203125,-77.0690918
1785.40625,-77.11486816
1785.601563,-77.1484375
1785.804688,-77.10571289
1786,-77.15454102
1786.203125,-77.21252441
1786.40625,-77.23693848
1786.601563,-77.26745605
1786.804688,-77.31018066
1787,-77.33764648
1787.203125,-77.3223877
1787.40625,-77.30407715
1787.601563,-77.27661133
1787.804688,-77.35900879
1788,-77.44140625
1788.203125,-77.43530273
1788.40625,-77.38037109
1788.601563,-77.48413086
1788.804688,-77.42919922
1789,-77.51464844
1789.203125,-77.53601074
1789.40625,-77.52380371
1789.601563,-77.5604248
1789.804688,-77.60314941
1790,-77.58483887
1790.203125,-77.56958008
1790.40625,-77.6550293
1790.601563,-77.69775391
1790.804688,-77.70690918
1791,-77.68859863
1791.203125,-77.7130127
1791.40625,-77.79846191
1791.601563,-77.80456543
1791.804688,-77.76489258
1792,-77.88391113
1792.203125,-77.8717041
1792.40625,-77.89916992
1792.601563,-77.97546387
1792.804688,-77.97546387
1793,-77.92663574
1793.203125,-78.01818848
1793.40625,-78.0670166
1793.601563,-78.05480957
1793.804688,-78.02734375
1794,-78.00292969
1794.203125,-78.07922363
1794.40625,-78.21044922
1794.601563,-78.19213867
1794.804688,-78.17687988
1795,-78.25012207
1795.203125,-78.2623291
1795.40625,-78.32946777
1795.601563,-78.36608887
1795.804688,-78.34777832
1796,-78.29284668
1796.203125,-78.30505371
1796.40625,-78.3996582
1796.601563,-78.36303711
1796.804688,-78.38439941
1797,-78.44238281
1797.203125,-78.46069336
1797.40625,-78.4942627
1797.601563,-78.60107422
1797.804688,-78.58581543
1798,-78.5949707
1798.203125,-78.58581543
1798.40625,-78.57055664
1798.601563,-78.58581543
1798.804688,-78.6315918
1799,-78.67736816
1799.203125,-78.68652344
1799.40625,-78.77197266
1799.601563,-78.76586914
1799.804688,-78.76586914
1800,-78.78723145
1800.203125,-78.88183594
1800.40625,-78.88183594
1800.601563,-78.90625
1800.804688,-78.88793945
1801,-78.9276123
1801.203125,-78.93066406
1801.40625,-78.97338867
1801.601563,-79.02526855
1801.804688,-78.97033691
1802,-78.99475098
1802.203125,-79.04663086
1802.40625,-79.1229248
1802.601563,-79.14733887
1802.804688,-79.16259766
1803,-79.20227051
1803.203125,-79.13818359
1803.40625,-79.16564941
1803.601563,-79.28466797
1803.804688,-79.29382324
1804,-79.30603027
1804.203125,-79.24804688
1804.40625,-79.34265137
1804.601563,-79.33959961
1804.804688,-79.38842773
1805,-79.40063477
1805.203125,-79.36401367
1805.40625,-79.36401367
1805.601563,-79.44030762
1805.804688,-79.43725586
1806,-79.40063477
1806.203125,-79.41589355
1806.40625,-79.45556641
1806.601563,-79.50439453
1806.804688,-79.56542969
1807,-79.47692871
1807.203125,-79.47692871
1807.40625,-79.50134277
1807.601563,-79.59899902
1807.804688,-79.63256836
1808,-79.64477539
1808.203125,-79.61120605
1808.40625,-79.59594727
1808.601563,-79.6295166
1808.804688,-79.68139648
1809,-79.6081543
1809.203125,-79.59594727
1809.40625,-79.72717285
1809.601563,-79.73327637
1809.804688,-79.79431152
1810,-79.78210449
1810.203125,-79.77294922
1810.40625,-79.78820801
1810.601563,-79.79736328
1810.804688,-79.76989746
1811,-79.79431152
1811.203125,-79.89501953
1811.40625,-79.81567383
1811.601563,-79.91943359
1811.804688,-79.93469238
1812,-79.84619141
1812.203125,-79.87060547
1812.40625,-79.97131348
1812.601563,-79.9987793
1812.804688,-80.03234863
1813,-80.0567627
1813.203125,-80.04455566
1813.40625,-80.03540039
1813.601563,-80.07507324
1813.804688,-80.12084961
1814,-80.10864258
1814.203125,-80.13305664
1814.40625,-80.20935059
1814.601563,-80.18493652
1814.804688,-80.18493652
1815,-80.19714355
1815.203125,-80.20629883
1815.40625,-80.22155762
1815.601563,-80.24291992
1815.804688,-80.2734375
1816,-80.31616211
1816.203125,-80.29785156
1816.40625,-80.27038574
1816.601563,-80.35583496
1816.804688,-80.36499023
1817,-80.45043945
1817.203125,-80.49926758
1817.40625,-80.44433594
1817.601563,-80.49926758
1817.804688,-80.44128418
1818,-80.47485352
1818.203125,-80.45654297
1818.40625,-80.46875
1818.601563,-80.51452637
1818.804688,-80.62744141
1819,-80.68237305
1819.203125,-80.62133789
1819.40625,-80.57861328
1819.601563,-80.62744141
1819.804688,-80.67321777
1820,-80.67626953
1820.203125,-80.73730469
1820.40625,-80.71594238
1820.601563,-80.74035645
1820.804688,-80.76171875
1821,-80.76782227
1821.203125,-80.72814941
1821.40625,-80.79833984
1821.601563,-80.82580566
1821.804688,-80.859375
1822,-80.86547852
1822.203125,-80.92956543
1822.40625,-80.93261719
1822.601563,-80.89904785
1822.804688,-80.89904785
1823,-80.94482422
1823.203125,-80.92651367
1823.40625,-80.93566895
1823.601563,-81.0546875
1823.804688,-81.02722168
1824,-81.0546875
1824.203125,-81.02416992
1824.40625,-81.0333252
1824.601563,-81.06994629
1824.804688,-81.09436035
1825,-81.08825684
1825.203125,-81.08215332
1825.40625,-81.10351563
1825.601563,-81.0546875
1825.804688,-81.09436035
1826,-81.12487793
1826.203125,-81.15844727
1826.40625,-81.16149902
1826.601563,-81.17675781
1826.804688,-81.20727539
1827,-81.17370605
1827.203125,-81.14929199
1827.40625,-81.17675781
1827.601563,-81.17675781
1827.804688,-81.20727539
1828,-81.25305176
1828.203125,-81.24084473
1828.40625,-81.28356934
1828.601563,-81.28051758
1828.804688,-81.32629395
1829,-81.25
1829.203125,-81.26220703
1829.40625,-81.32324219
1829.601563,-81.35375977
1829.804688,-81.32019043
1830,-81.37207031
1830.203125,-81.28967285
1830.40625,-81.35070801
1830.601563,-81.30493164
1830.804688,-81.33544922
1831,-81.33544922
1831.203125,-81.37817383
1831.40625,-81.37207031
1831.601563,-81.39648438
1831.804688,-81.34155273
1832,-81.39648438
1832.203125,-81.47277832
1832.40625,-81.43920898
1832.601563,-81.42089844
1832.804688,-81.43615723
1833,-81.49414063
1833.203125,-81.55517578
1833.40625,-81.49108887
1833.601563,-81.47888184
1833.804688,-81.50634766
1834,-81.55212402
1834.203125,-81.57043457
1834.40625,-81.6986084
1834.601563,-81.63146973
1834.804688,-81.59484863
1835,-81.65588379
1835.203125,-81.74133301
1835.40625,-81.70166016
1835.601563,-81.65588379
1835.804688,-81.6619873
1836,-81.68029785
1836.203125,-81.74743652
1836.40625,-81.78710938
1836.601563,-81.73828125
1836.804688,-81.7199707
1837,-81.81762695
1837.203125,-81.77490234
1837.40625,-81.79016113
1837.601563,-81.85119629
1837.804688,-81.88781738
1838,-81.84204102
1838.203125,-81.82067871
1838.40625,-81.86645508
1838.601563,-81.90917969
1838.804688,-81.92443848
1839,-81.97021484
1839.203125,-81.97021484
1839.40625,-81.96716309
1839.601563,-82.00073242
1839.804688,-82.01904297
1840,-82.04345703
1840.203125,-82.0526123
1840.40625,-82.0526123
1840.601563,-82.04040527
1840.804688,-82.06176758
1841,-82.07092285
1841.203125,-82.00378418
1841.40625,-82.05871582
1841.601563,-82.08618164
1841.804688,-82.13500977
1842,-82.13195801
1842.203125,-82.16247559
1842.40625,-82.19299316
1842.601563,-82.16247559
1842.804688,-82.15332031
1843,-82.13500977
1843.203125,-82.21130371
1843.40625,-82.23571777
1843.601563,-82.2845459
1843.804688,-82.2479248
1844,-82.24487305
1844.203125,-82.18994141
1844.40625,-82.16247559
1844.601563,-82.21740723
1844.804688,-82.26013184
1845,-82.26013184
1845.203125,-82.27844238
1845.40625,-82.31811523
1845.601563,-82.27844238
1845.804688,-82.25402832
1846,-82.31201172
1846.203125,-82.3425293
1846.40625,-82.34558105
1846.601563,-82.36999512
1846.804688,-82.29370117
1847,-82.34558105
1847.203125,-82.32116699
1847.40625,-82.29370117
1847.601563,-82.33642578
1847.804688,-82.31506348
1848,-82.3425293
1848.203125,-82.40356445
1848.40625,-82.37915039
1848.601563,-82.35168457
1848.804688,-82.38830566
1849,-82.3425293
1849.203125,-82.26318359
1849.40625,-82.37609863
1849.601563,-82.38525391
1849.804688,-82.40966797
1850,-82.40356445
1850.203125,-82.36999512
1850.40625,-82.33337402
1850.601563,-82.32116699
1850.804688,-82.36083984
1851,-82.42492676
1851.203125,-82.4432373
1851.40625,-82.44934082
1851.601563,-82.47375488
1851.804688,-82.40661621
1852,-82.46154785
1852.203125,-82.45544434
1852.40625,-82.46459961
1852.601563,-82.46154785
1852.804688,-82.43713379
1853,-82.42492676
1853.203125,-82.50732422
1853.40625,-82.52868652
1853.601563,-82.43713379
1853.804688,-82.36694336
1854,-82.45849609
1854.203125,-82.51647949
1854.40625,-82.62939453
1854.601563,-82.62634277
1854.804688,-82.54089355
1855,-82.56225586
1855.203125,-82.55310059
1855.40625,-82.56225586
1855.601563,-82.55615234
1855.804688,-82.56225586
1856,-82.5958252
1856.203125,-82.62023926
1856.40625,-82.63549805
1856.601563,-82.65075684
1856.804688,-82.69042969
1857,-82.60192871
1857.203125,-82.68737793
1857.40625,-82.70874023
1857.601563,-82.6751709
1857.804688,-82.69348145
1858,-82.66906738
1858.203125,-82.71179199
1858.40625,-82.68127441
1858.601563,-82.74230957
1858.804688,-82.76672363
1859,-82.79724121
1859.203125,-82.73010254
1859.40625,-82.76367188
1859.601563,-82.83081055
1859.804688,-82.80944824
1860,-82.80029297
1860.203125,-82.89489746
1860.40625,-82.84606934
1860.601563,-82.83081055
1860.804688,-82.84606934
1861,-82.84301758
1861.203125,-82.80639648
1861.40625,-82.8704834
1861.601563,-82.90100098
1861.804688,-82.93762207
1862,-82.89489746
1862.203125,-82.90710449
1862.40625,-82.89489746
1862.601563,-82.97424316
1862.804688,-82.95898438
1863,-82.91625977
1863.203125,-82.91015625
1863.40625,-82.9284668
1863.601563,-82.95593262
1863.804688,-82.95898438
1864,-83.03527832
1864.203125,-82.97729492
1864.40625,-83.00476074
1864.601563,-83.06274414
1864.804688,-83.04443359
1865,-83.05664063
1865.203125,-83.01391602
1865.40625,-82.97729492
1865.601563,-82.96813965
1865.804688,-82.98339844
1866,-83.04138184
1866.203125,-83.06274414
1866.40625,-83.08410645
1866.601563,-83.02612305
1866.804688,-83.01391602
1867,-83.07189941
1867.203125,-83.02307129
1867.40625,-83.0657959
1867.601563,-83.0291748
1867.804688,-83.05969238
1868,-83.11157227
1868.203125,-83.0657959
1868.40625,-83.08105469
1868.601563,-83.08410645
1868.804688,-83.02612305
1869,-83.05053711
1869.203125,-83.05969238
1869.40625,-83.07189941
1869.601563,-83.0078125
1869.804688,-83.08105469
1870,-83.11157227
1870.203125,-83.0871582
1870.40625,-83.09326172
1870.601563,-83.07800293
1870.804688,-83.08105469
1871,-83.08410645
1871.203125,-83.13598633
1871.40625,-83.0657959
1871.601563,-83.16345215
1871.804688,-83.06884766
1872,-83.10852051
1872.203125,-83.13903809
1872.40625,-83.16040039
1872.601563,-83.18786621
1872.804688,-83.21533203
1873,-83.17565918
1873.203125,-83.1817627
1873.40625,-83.17260742
1873.601563,-83.19091797
1873.804688,-83.13903809
1874,-83.16345215
1874.203125,-83.21533203
1874.40625,-83.26721191
1874.601563,-83.22143555
1874.804688,-83.25195313
1875,-83.27026367
1875.203125,-83.25500488
1875.40625,-83.25500488
1875.601563,-83.28552246
1875.804688,-83.30993652
1876,-83.31604004
1876.203125,-83.32519531
1876.40625,-83.27941895
1876.601563,-83.23059082
1876.804688,-83.33740234
1877,-83.34350586
1877.203125,-83.38317871
1877.40625,-83.3984375
1877.601563,-83.39538574
1877.804688,-83.38012695
1878,-83.38928223
1878.203125,-83.36486816
1878.40625,-83.38928223
1878.601563,-83.3404541
1878.804688,-83.3770752
1879,-83.4564209
1879.203125,-83.46252441
1879.40625,-83.47473145
1879.601563,-83.50219727
1879.804688,-83.44421387
1880,-83.41674805
1880.203125,-83.50524902
1880.40625,-83.50830078
1880.601563,-83.49914551
1880.804688,-83.48999023
1881,-83.48999023
1881.203125,-83.52050781
1881.40625,-83.54797363
1881.601563,-83.55712891
1881.804688,-83.55712891
1882,-83.54797363
1882.203125,-83.52355957
1882.40625,-83.53881836
1882.601563,-83.57543945
1882.804688,-83.54492188
1883,-83.57543945
1883.203125,-83.55407715
1883.40625,-83.55102539
1883.601563,-83.54492188
1883.804688,-83.5723877
1884,-83.61816406
1884.203125,-83.57543945
1884.40625,-83.54797363
1884.601563,-83.64562988
1884.804688,-83.63037109
1885,-83.58154297
1885.203125,-83.60290527
1885.40625,-83.60900879
1885.601563,-83.65478516
1885.804688,-83.56323242
1886,-83.55102539
1886.203125,-83.62426758
1886.40625,-83.61206055
1886.601563,-83.68225098
1886.804688,-83.57543945
1887,-83.57849121
1887.203125,-83.55712891
1887.40625,-83.59985352
1887.601563,-83.62731934
1887.804688,-83.7097168
1888,-83.65783691
1888.203125,-83.53881836
1888.40625,-83.67614746
1888.601563,-83.6151123
1888.804688,-83.62121582
1889,-83.62426758
1889.203125,-83.60290527
1889.40625,-83.64868164
1889.601563,-83.62121582
1889.804688,-83.65478516
1890,-83.6151123
1890.203125,-83.59680176
1890.40625,-83.57543945
1890.601563,-83.56018066
1890.804688,-83.59069824
1891,-83.62426758
1891.203125,-83.59680176
1891.40625,-83.60900879
1891.601563,-83.67004395
1891.804688,-83.65783691
1892,-83.64868164
1892.203125,-83.66699219
1892.40625,-83.65478516
1892.601563,-83.68225098
1892.804688,-83.68835449
1893,-83.68225098
1893.203125,-83.63647461
1893.40625,-83.63647461
1893.601563,-83.62121582
1893.804688,-83.57849121
1894,-83.62426758
1894.203125,-83.6517334
1894.40625,-83.80126953
1894.601563,-83.74328613
1894.804688,-83.70056152
1895,-75.77209473
1895.203125,-53.70178223
1895.40625,-43.21594238
1895.601563,-37.71057129
1895.804688,-33.81652832
1896,-30.4473877
1896.203125,-27.20947266
1896.40625,-24.19433594
1896.601563,-21.0144043
1896.804688,-17.92297363
1897,-22.75390625
1897.203125,-41.53747559
1897.40625,-48.90136719
1897.601563,-51.18103027
1897.804688,-51.88598633
1898,-52.0324707
1898.203125,-52.07824707
1898.40625,-52.05078125
1898.601563,-51.98059082
1898.804688,-51.8737793
1899,-51.74560547
1899.203125,-51.64794922
1899.40625,-51.4831543
1899.601563,-51.41601563
1899.804688,-51.23291016
1900,-50.94909668
1900.203125,-50.82092285
1900.40625,-50.63476563
1900.601563,-50.48828125
1900.804688,-50.22583008
1901,-49.90844727
1901.203125,-49.62463379
1901.40625,-49.37744141
1901.601563,-48.98071289
1901.804688,-48.59924316
1902,-48.12316895
1902.203125,-47.61962891
1902.40625,-47.01538086
1902.601563,-46.25549316
1902.804688,-45.45898438
1903,-44.25964355
1903.203125,-42.5994873
1903.40625,-40.01159668
1903.601563,-33.8470459
1903.804688,-7.022094727
1904,26.04980469
1904.203125,40.11230469
1904.40625,44.88525391
1904.601563,46.38366699
1904.804688,46.72241211
1905,46.73461914
1905.203125,46.62475586
1905.40625,46.4630127
1905.601563,46.34399414
1905.804688,46.27380371
1906,46.06933594
1906.203125,46.07543945
1906.40625,46.09985352
1906.601563,46.10595703
1906.804688,45.97473145
1907,46.02966309
1907.203125,46.04187012
1907.40625,46.06018066
1907.601563,46.1517334
1907.804688,46.05102539
1908,46.13037109
1908.203125,46.16699219
1908.40625,46.17614746
1908.601563,46.17614746
1908.804688,46.17919922
1909,46.20056152
1909.203125,46.16699219
1909.40625,46.22497559
1909.601563,46.19445801
1909.804688,46.25244141
1910,46.21582031
1910.203125,46.30432129
1910.40625,46.34399414
1910.601563,46.33483887
1910.804688,46.30432129
1911,46.36535645
1911.203125,46.43859863
1911.40625,46.484375
1911.601563,46.484375
1911.804688,46.60644531
1912,46.61560059
1912.203125,46.65527344
1912.40625,46.67663574
1912.601563,46.7376709
1912.804688,46.77734375
1913,46.85058594
1913.203125,46.82006836
1913.40625,46.80175781
1913.601563,46.77734375
1913.804688,46.87805176
1914,46.90856934
1914.203125,46.8963623
1914.40625,46.82617188
1914.601563,46.88110352
1914.804688,46.90246582
1915,46.90856934
1915.203125,46.90856934
1915.40625,46.96044922
1915.601563,46.99401855
1915.804688,46.97570801
1916,47.01843262
1916.203125,47.06115723
1916.40625,47.07946777
1916.601563,47.05505371
1916.804688,47.00622559
1917,47.04284668
1917.203125,46.99707031
1917.40625,46.98791504
1917.601563,47.08251953
1917.804688,47.05810547
1918,47.08251953
1918.203125,47.05810547
1918.40625,47.10083008
1918.601563,47.0703125
1918.804688,47.06420898
1919,46.96350098
1919.203125,47.03674316
1919.40625,47.03369141
1919.601563,47.0123291
1919.804688,46.93908691
1920,47.00012207
1920.203125,46.97875977
1920.40625,46.97875977
1920.601563,46.97875977
1920.804688,46.98791504
1921,46.96350098
1921.203125,46.96044922
1921.40625,46.97570801
1921.601563,46.97265625
1921.804688,46.92993164
1922,46.90551758
1922.203125,46.86889648
1922.40625,46.89941406
1922.601563,46.92993164
1922.804688,46.90856934
1923,46.92382813
1923.203125,46.96044922
1923.40625,46.92993164
1923.601563,46.92382813
1923.804688,46.88110352
1924,46.88110352
1924.203125,46.91772461
1924.40625,46.91162109
1924.601563,46.92687988
1924.804688,46.90856934
1925,46.89941406
1925.203125,46.85974121
1925.40625,46.88415527
1925.601563,46.90856934
1925.804688,46.89331055
1926,46.86279297
1926.203125,46.85668945
1926.40625,46.84753418
1926.601563,46.86584473
1926.804688,46.82617188
1927,46.82312012
1927.203125,46.80786133
1927.40625,46.83227539
1927.601563,46.84448242
1927.804688,46.71020508
1928,46.66137695
1928.203125,46.64916992
1928.40625,46.64306641
1928.601563,46.66137695
1928.804688,46.59729004
1929,46.57592773
1929.203125,46.56677246
1929.40625,46.50268555
1929.601563,46.51184082
1929.804688,46.44165039
1930,46.40808105
1930.203125,46.4050293
1930.40625,46.37756348
1930.601563,46.41418457
1930.804688,46.35620117
1931,46.30126953
1931.203125,46.25854492
1931.40625,46.24633789
1931.601563,46.1730957
1931.804688,46.16394043
1932,46.12121582
1932.203125,46.15783691
1932.40625,46.09680176
1932.601563,46.07849121
1932.804688,46.04187012
1933,46.01745605
1933.203125,46.0144043
1933.40625,46.01135254
1933.601563,45.95947266
1933.804688,45.99609375
1934,45.99914551
1934.203125,45.93200684
1934.40625,45.79772949
1934.601563,45.83129883
1934.804688,45.86486816
1935,45.82824707
1935.203125,45.77331543
1935.40625,45.75805664
1935.601563,45.73059082
1935.804688,45.73364258
1936,45.74890137
1936.203125,45.7824707
1936.40625,45.71533203
1936.601563,45.74890137
1936.804688,45.74279785
1937,45.72143555
1937.203125,45.63598633
1937.40625,45.61157227
1937.601563,45.64819336
1937.804688,45.62072754
1938,45.66345215
1938.203125,45.5871582
1938.40625,45.65734863
1938.601563,45.59326172
1938.804688,45.62683105
1939,45.53833008
1939.203125,45.52612305
1939.40625,45.51391602
1939.601563,45.53833008
1939.804688,45.53527832
1940,45.4864502
1940.203125,45.39489746
1940.40625,45.37658691
1940.601563,45.38574219
1940.804688,45.41931152
1941,45.4284668
1941.203125,45.43762207
1941.40625,45.45593262
1941.601563,45.48339844
1941.804688,45.47729492
1942,45.41931152
1942.203125,45.31555176
1942.40625,45.30029297
1942.601563,45.32775879
1942.804688,45.36132813
1943,45.28503418
1943.203125,45.29418945
1943.40625,45.20263672
1943.601563,45.14770508
1943.804688,45.14770508
1944,45.14160156
1944.203125,45.13549805
1944.40625,45.0378418
1944.601563,45.04394531
1944.804688,45.06225586
1945,45.0958252
1945.203125,45.02868652
1945.40625,44.98901367
1945.601563,45.00427246
1945.804688,45.01037598
1946,44.96765137
1946.203125,44.94018555
1946.40625,44.96765137
1946.601563,45.01342773
1946.804688,44.9798584
1947,44.99206543
1947.203125,44.95239258
1947.40625,44.9005127
1947.601563,44.83337402
1947.804688,44.89440918
1948,44.93408203
1948.203125,44.89746094
1948.40625,44.80895996
1948.601563,44.83032227
1948.804688,44.85168457
1949,44.88220215
1949.203125,44.83947754
1949.40625,44.76013184
1949.601563,44.7845459
1949.804688,44.79370117
1950,44.74182129
1950.203125,44.68078613
1950.40625,44.65332031
1950.601563,44.6472168
1950.804688,44.6472168
1951,44.60144043
1951.203125,44.57702637
1951.40625,44.56481934
1951.601563,44.54650879
1951.804688,44.56787109
1952,44.54956055
1952.203125,44.53735352
1952.40625,44.38171387
1952.601563,44.43359375
1952.804688,44.40307617
1953,44.39086914
1953.203125,44.33898926
1953.40625,44.32983398
1953.601563,44.25964355
1953.804688,44.34814453
1954,44.28405762
1954.203125,44.17114258
1954.40625,44.09179688
1954.601563,44.12841797
1954.804688,44.16503906
1955,44.17114258
1955.203125,44.17419434
1955.40625,44.0612793
1955.601563,44.00939941
1955.804688,44.0032959
1956,43.97583008
1956.203125,43.91784668
1956.40625,43.90869141
1956.601563,43.85986328
1956.804688,43.87817383
1957,43.79882813
1957.203125,43.77441406
1957.40625,43.75915527
1957.601563,43.70727539
1957.804688,43.70727539
1958,43.65539551
1958.203125,43.6706543
1958.40625,43.65539551
1958.601563,43.60656738
1958.804688,43.5760498
1959,43.54248047
1959.203125,43.59741211
1959.40625,43.56384277
1959.601563,43.45703125
1959.804688,43.46618652
1960,43.46923828
1960.203125,43.42651367
1960.40625,43.37768555
1960.601563,43.31054688
1960.804688,43.3380127
1961,43.30444336
1961.203125,43.31054688
1961.40625,43.31054688
1961.601563,43.28613281
1961.804688,43.2800293
1962,43.26477051
1962.203125,43.23120117
1962.40625,43.19763184
1962.601563,43.17626953
1962.804688,43.14880371
1963,43.11523438
1963.203125,43.17626953
1963.40625,43.12438965
1963.601563,43.0480957
1963.804688,42.98095703
1964,43.03283691
1964.203125,43.00842285
1964.40625,43.01147461
1964.601563,42.95654297
1964.804688,42.96569824
1965,42.93212891
1965.203125,42.93518066
1965.40625,42.89245605
1965.601563,42.87719727
1965.804688,42.80700684
1966,42.84973145
1966.203125,42.81921387
1966.40625,42.76123047
1966.601563,42.74291992
1966.804688,42.70629883
1967,42.73681641
1967.203125,42.7154541
1967.40625,42.70324707
1967.601563,42.66052246
1967.804688,42.5994873
1968,42.57507324
1968.203125,42.58728027
1968.40625,42.59338379
1968.601563,42.59033203
1968.804688,42.57202148
1969,42.58422852
1969.203125,42.4621582
1969.40625,42.47436523
1969.601563,42.41333008
1969.804688,42.34619141
1970,42.29431152
1970.203125,42.29125977
1970.40625,42.31872559
1970.601563,42.34313965
1970.804688,42.24853516
1971,42.22717285
1971.203125,42.23327637
1971.40625,42.2088623
1971.601563,42.13867188
1971.804688,42.10205078
1972,42.08679199
1972.203125,42.03491211
1972.40625,41.99829102
1972.601563,41.87011719
1972.804688,41.83959961
1973,41.81213379
1973.203125,41.82739258
1973.40625,41.80603027
1973.601563,41.84265137
1973.804688,41.84265137
1974,41.75415039
1974.203125,41.76025391
1974.40625,41.71447754
1974.601563,41.73583984
1974.804688,41.67785645
1975,41.64733887
1975.203125,41.65344238
1975.40625,41.6015625
1975.601563,41.58935547
1975.804688,41.5435791
1976,41.46728516
1976.203125,41.51306152
1976.40625,41.53137207
1976.601563,41.47949219
1976.804688,41.47338867
1977,41.51916504
1977.203125,41.43676758
1977.40625,41.36657715
1977.601563,41.39404297
1977.804688,41.32385254
1978,41.32995605
1978.203125,41.30859375
1978.40625,41.35131836
1978.601563,41.28112793
1978.804688,41.2109375
1979,41.19873047
1979.203125,41.1315918
1979.40625,41.12548828
1979.601563,41.11633301
1979.804688,41.10107422
1980,41.05529785
1980.203125,41.00036621
1980.40625,40.96679688
1980.601563,40.99731445
1980.804688,40.96069336
1981,40.94543457
1981.203125,40.9942627
1981.40625,40.9576416
1981.601563,40.90576172
1981.804688,40.87524414
1982,40.85083008
1982.203125,40.77148438
1982.40625,40.71655273
1982.601563,40.75012207
1982.804688,40.7043457
1983,40.70129395
1983.203125,40.70739746
1983.40625,40.6829834
1983.601563,40.67077637
1983.804688,40.57006836
1984,40.5456543
1984.203125,40.59143066
1984.40625,40.58837891
1984.601563,40.52734375
1984.804688,40.52429199
1985,40.47546387
1985.203125,40.43579102
1985.40625,40.41748047
1985.601563,40.49072266
1985.804688,40.45715332
1986,40.37475586
1986.203125,40.39306641
1986.40625,40.30151367
1986.601563,40.34729004
1986.804688,40.26794434
1987,40.28625488
1987.203125,40.28930664
1987.40625,40.27099609
1987.601563,40.28015137
1987.804688,40.19165039
1988,40.19165039
1988.203125,40.0970459
1988.40625,40.10620117
1988.601563,40.12451172
1988.804688,40.14892578
1989,40.08789063
1989.203125,40.02990723
1989.40625,40.05432129
1989.601563,40.10620117
1989.804688,40.07568359
1990,39.9597168
1990.203125,40.02075195
1990.40625,40.00549316
1990.601563,39.97802734
1990.804688,39.97192383
1991,39.91699219
1991.203125,39.88342285
1991.40625,39.88037109
1991.601563,39.8651123
1991.804688,39.79797363
1992,39.74914551
1992.203125,39.73999023
1992.40625,39.73083496
1992.601563,39.78881836
1992.804688,39.76745605
1993,39.69116211
1993.203125,39.64233398
1993.40625,39.68811035
1993.601563,39.6697998
1993.804688,39.79187012
1994,39.71862793
1994.203125,39.63928223
1994.40625,39.53552246
1994.601563,39.56604004
1994.804688,39.62402344
1995,39.55688477
1995.203125,39.48059082
1995.40625,39.45922852
1995.601563,39.4744873
1995.804688,39.45617676
1996,39.453125
1996.203125,39.35546875
1996.40625,39.34020996
1996.601563,39.27307129
1996.804688,39.30053711
1997,39.26696777
1997.203125,39.15710449
1997.40625,39.11743164
1997.601563,39.16931152
1997.804688,39.16015625
1998,39.18762207
1998.203125,39.13269043
1998.40625,39.08081055
1998.601563,39.05639648
1998.804688,39.04418945
1999,38.96484375
1999.203125,38.96789551
1999.40625,38.93737793
1999.601563,38.90686035
1999.804688,38.93737793
2000,38.79699707
2000.203125,38.71459961
2000.40625,38.65356445
2000.601563,38.68713379
2000.804688,38.71459961
2001,38.62915039
2001.203125,38.58337402
2001.40625,38.56201172
2001.601563,38.4979248
2001.804688,38.52233887
2002,38.48571777
2002.203125,38.42773438
2002.40625,38.38806152
2002.601563,38.42468262
2002.804688,38.38806152
2003,38.32702637
2003.203125,38.23852539
2003.40625,38.20495605
2003.601563,38.1439209
2003.804688,38.15612793
2004,38.12255859
2004.203125,38.07373047
2004.40625,38.11950684
2004.601563,38.09509277
2004.804688,38.1072998
2005,38.1072998
2005.203125,38.0859375
2005.40625,37.98828125
2005.601563,37.99438477
2005.804688,38.05541992
2006,38.02185059
2006.203125,37.89978027
2006.40625,37.81738281
2006.601563,37.85705566
2006.804688,37.80517578
2007,37.9119873
2007.203125,37.80822754
2007.40625,37.76245117
2007.601563,37.79907227
2007.804688,37.8326416
2008,37.68005371
2008.203125,37.6953125
2008.40625,37.65258789
2008.601563,37.65869141
2008.804688,37.61901855
2009,37.63427734
2009.203125,37.48779297
2009.40625,37.51831055
2009.601563,37.48779297
2009.804688,37.50915527
2010,37.51831055
2010.203125,37.48168945
2010.40625,37.45727539
2010.601563,37.4206543
2010.804688,37.45422363
2011,37.27111816
2011.203125,37.33215332
2011.40625,37.21618652
2011.601563,37.20703125
2011.804688,37.20092773
2012,37.30773926
2012.203125,37.26196289
2012.40625,37.18261719
2012.601563,37.01782227
2012.804688,37.00866699
2013,37.05444336
2013.203125,37.03918457
2013.40625,37.06359863
2013.601563,37.02392578
2013.804688,37.09716797
2014,37.0300293
2014.203125,36.95983887
2014.40625,36.88049316
2014.601563,36.8347168
2014.804688,36.8560791
2015,36.84387207
2015.203125,36.86828613
2015.40625,36.84997559
2015.601563,36.82861328
2015.804688,36.75842285
2016,36.78283691
2016.203125,36.74621582
2016.40625,36.75842285
2016.601563,36.70349121
2016.804688,36.68212891
2017,36.65466309
2017.203125,36.62414551
2017.40625,36.56311035
2017.601563,36.57226563
2017.804688,36.53564453
2018,36.53869629
2018.203125,36.53869629
2018.40625,36.42883301
2018.601563,36.40441895
2018.804688,36.38305664
2019,36.31286621
2019.203125,36.3494873
2019.40625,36.31286621
2019.601563,36.29150391
2019.804688,36.24267578
2020,36.28234863
2020.203125,36.28540039
2020.40625,36.26098633
2020.601563,36.23657227
2020.804688,36.16027832
2021,36.10229492
2021.203125,36.09313965
2021.40625,36.05957031
2021.601563,36.02600098
2021.804688,35.98632813
2022,35.98937988
2022.203125,35.92529297
2022.40625,35.87341309
2022.601563,35.88256836
2022.804688,35.8795166
2023,35.87341309
2023.203125,35.89172363
2023.40625,35.81542969
2023.601563,35.79101563
2023.804688,35.68115234
2024,35.69946289
2024.203125,35.71472168
2024.40625,35.74829102
2024.601563,35.70861816
2024.804688,35.66589355
2025,35.66894531
2025.203125,35.64147949
2025.40625,35.59570313
2025.601563,35.62011719
2025.804688,35.52856445
2026,35.52246094
2026.203125,35.45837402
2026.40625,35.38513184
2026.601563,35.40039063
2026.804688,35.37597656
2027,35.38513184
2027.203125,35.45532227
2027.40625,35.42175293
2027.601563,35.37902832
2027.804688,35.25695801
2028,35.25390625
2028.203125,35.22338867
2028.40625,35.2355957
2028.601563,35.16845703
2028.804688,35.09521484
2029,35.21728516
2029.203125,35.11047363
2029.40625,35.00976563
2029.601563,35.03417969
2029.804688,34.93041992
2030,34.96398926
2030.203125,34.94873047
2030.40625,34.93347168
2030.601563,34.89379883
2030.804688,34.89990234
2031,34.75952148
2031.203125,34.83581543
2031.40625,34.76867676
2031.601563,34.72900391
2031.804688,34.69848633
2032,34.67712402
2032.203125,34.67102051
2032.40625,34.64355469
2032.601563,34.61608887
2032.804688,34.58862305
2033,34.51538086
2033.203125,34.50622559
2033.40625,34.48181152
2033.601563,34.42077637
2033.804688,34.47265625
2034,34.37194824
2034.203125,34.26513672
2034.40625,34.20410156
2034.601563,34.20410156
2034.804688,34.21936035
2035,34.15527344
2035.203125,34.08203125
2035.40625,34.06677246
2035.601563,34.04846191
2035.804688,34.01184082
2036,33.98132324
2036.203125,33.94165039
2036.40625,33.93554688
2036.601563,33.94165039
2036.804688,33.83789063
2037,33.79516602
2037.203125,33.78295898
2037.40625,33.75244141
2037.601563,33.73718262
2037.804688,33.7677002
2038,33.68225098
2038.203125,33.7097168
2038.40625,33.68835449
2038.601563,33.61816406
2038.804688,33.58459473
2039,33.52661133
2039.203125,33.56018066
2039.40625,33.52661133
2039.601563,33.50830078
2039.804688,33.4777832
2040,33.38012695
2040.203125,33.27331543
2040.40625,33.21228027
2040.601563,33.21533203
2040.804688,33.20617676
2041,33.20617676
2041.203125,33.22753906
2041.40625,33.19396973
2041.601563,33.15734863
2041.804688,33.12988281
2042,33.09020996
2042.203125,33.04748535
2042.40625,33.03833008
2042.601563,33.01696777
2042.804688,32.97729492
2043,32.91931152
2043.203125,32.80334473
2043.40625,32.75146484
2043.601563,32.80029297
2043.804688,32.6965332
2044,32.73010254
2044.203125,32.64465332
2044.40625,32.66296387
2044.601563,32.62939453
2044.804688,32.59277344
2045,32.5378418
2045.203125,32.4798584
2045.40625,32.57141113
2045.601563,32.52868652
2045.804688,32.55004883
2046,32.47680664
2046.203125,32.39135742
2046.40625,32.44018555
2046.601563,32.45544434
2046.804688,32.34558105
2047,32.28149414
2047.203125,32.33337402
2047.40625,32.33032227
2047.601563,32.38830566
2047.804688,32.29675293
2048,32.17163086
2048.203125,32.21435547
2048.40625,32.18688965
2048.601563,32.21130371
2048.804688,32.17468262
2049,32.15026855
2049.203125,32.14111328
2049.40625,32.07702637
2049.601563,32.19909668
2049.804688,32.11975098
2050,32.05566406
2050.203125,32.05871582
2050.40625,32.11975098
2050.601563,32.09228516
2050.804688,31.99157715
2051,31.98547363
2051.203125,32.00073242
2051.40625,31.9732666
2051.601563,31.87866211
2051.804688,31.85424805
2052,31.90307617
2052.203125,31.85424805
2052.40625,31.83898926
2052.601563,31.80541992
2052.804688,31.73217773
2053,31.67114258
2053.203125,31.65283203
2053.40625,31.62536621
2053.601563,31.62536621
2053.804688,31.65283203
2054,31.60095215
2054.203125,31.53381348
2054.40625,31.52160645
2054.601563,31.53686523
2054.804688,31.41479492
2055,31.33544922
2055.203125,31.39953613
2055.40625,31.39648438
2055.601563,31.39343262
2055.804688,31.37817383
2056,31.35986328
2056.203125,31.33544922
2056.40625,31.28967285
2056.601563,31.23168945
2056.804688,31.21643066
2057,31.13098145
2057.203125,31.11572266
2057.40625,31.12182617
2057.601563,31.10046387
2057.804688,31.07910156
2058,31.07299805
2058.203125,31.06079102
2058.40625,30.9967041
2058.601563,30.98754883
2058.804688,30.90515137
2059,30.86547852
2059.203125,30.89599609
2059.40625,30.85632324
2059.601563,30.76171875
2059.804688,30.77392578
2060,30.7434082
2060.203125,30.67932129
2060.40625,30.64575195
2060.601563,30.63049316
2060.804688,30.59692383
2061,30.62744141
2061.203125,30.63354492
2061.40625,30.57250977
2061.601563,30.51452637
2061.804688,30.52062988
2062,30.43823242
2062.203125,30.35888672
2062.40625,30.37719727
2062.601563,30.30395508
2062.804688,30.24902344
2063,30.20324707
2063.203125,30.23986816
2063.40625,30.20935059
2063.601563,30.16662598
2063.804688,30.04760742
2064,30.04455566
2064.203125,30.05371094
2064.40625,30.05371094
2064.601563,29.97741699
2064.804688,29.95910645
2065,29.85839844
2065.203125,29.87670898
2065.40625,29.85839844
2065.601563,29.8034668
2065.804688,29.77905273
2066,29.79125977
2066.203125,29.84313965
2066.40625,29.75463867
2066.601563,29.77905273
2066.804688,29.73327637
2067,29.71801758
2067.203125,29.69360352
2067.40625,29.6295166
2067.601563,29.59594727
2067.804688,29.56542969
2068,29.56542969
2068.203125,29.56237793
2068.40625,29.50134277
2068.601563,29.4708252
2068.804688,29.33654785
2069,29.38232422
2069.203125,29.43115234
2069.40625,29.38537598
2069.601563,29.2755127
2069.804688,29.19616699
2070,29.18395996
2070.203125,29.20837402
2070.40625,29.18395996
2070.601563,29.17480469
2070.804688,29.16259766
2071,29.14123535
2071.203125,29.12597656
2071.40625,29.09851074
2071.601563,28.96728516
2071.804688,28.94592285
2072,29.02526855
2072.203125,28.96118164
2072.40625,28.87573242
2072.601563,28.85131836
2072.804688,28.78723145
2073,28.84521484
2073.203125,28.81774902
2073.40625,28.88183594
2073.601563,28.84216309
2073.804688,28.86047363
2074,28.75366211
2074.203125,28.72619629
2074.40625,28.67126465
2074.601563,28.64990234
2074.804688,28.62243652
2075,28.56750488
2075.203125,28.57971191
2075.40625,28.50952148
2075.601563,28.44543457
2075.804688,28.36914063
2076,28.40576172
2076.203125,28.35693359
2076.40625,28.31115723
2076.601563,28.28063965
2076.804688,28.18908691
2077,28.16467285
2077.203125,28.125
2077.40625,28.12805176
2077.601563,28.07922363
2077.804688,28.07922363
2078,28.07922363
2078.203125,28.05480957
2078.40625,28.01208496
2078.601563,27.95410156
2078.804688,27.9510498
2079,27.85339355
2079.203125,27.88085938
2079.40625,27.85949707
2079.601563,27.8137207
2079.804688,27.76794434
2080,27.70080566
2080.203125,27.65197754
2080.40625,27.70690918
2080.601563,27.68554688
2080.804688,27.62756348
2081,27.63366699
2081.203125,27.60009766
2081.40625,27.55126953
2081.601563,27.58789063
2081.804688,27.4810791
2082,27.4017334
2082.203125,27.39562988
2082.40625,27.35290527
2082.601563,27.33459473
2082.804688,27.25524902
2083,27.22473145
2083.203125,27.22473145
2083.40625,27.19116211
2083.601563,27.16369629
2083.804688,27.05688477
2084,27.02636719
2084.203125,26.99279785
2084.40625,26.98059082
2084.601563,26.94091797
2084.804688,26.953125
2085,26.85241699
2085.203125,26.8371582
2085.40625,26.79748535
2085.601563,26.7791748
2085.804688,26.74560547
2086,26.76086426
2086.203125,26.68151855
2086.40625,26.65100098
2086.601563,26.63879395
2086.804688,26.67541504
2087,26.5411377
2087.203125,26.56860352
2087.40625,26.52587891
2087.601563,26.5838623
2087.804688,26.47399902
2088,26.3885498
2088.203125,26.38244629
2088.40625,26.35803223
2088.601563,26.33361816
2088.804688,26.35803223
2089,26.33056641
2089.203125,26.30310059
2089.40625,26.18713379
2089.601563,26.14746094
2089.804688,26.06811523
2090,26.10778809
2090.203125,26.12915039
2090.40625,26.04675293
2090.601563,26.13830566
2090.804688,26.07116699
2091,26.02233887
2091.203125,26.01928711
2091.40625,26.00708008
2091.601563,25.9979248
2091.804688,25.94909668
2092,25.91552734
2092.203125,25.85754395
2092.40625,25.93078613
2092.601563,25.8605957
2092.804688,25.79650879
2093,25.79650879
2093.203125,25.76293945
2093.40625,25.71105957
2093.601563,25.59814453
2093.804688,25.65002441
2094,25.67443848
2094.203125,25.5279541
2094.40625,25.41809082
2094.601563,25.390625
2094.804688,25.37231445
2095,25.32653809
2095.203125,25.34179688
2095.40625,25.31738281
2095.601563,25.18920898
2095.804688,25.21057129
2096,25.15258789
2096.203125,25.06408691
2096.40625,24.97253418
2096.601563,24.97253418
2096.804688,24.99084473
2097,24.95117188
2097.203125,24.86877441
2097.40625,24.75891113
2097.601563,24.7833252
2097.804688,24.77722168
2098,24.74975586
2098.203125,24.67346191
2098.40625,24.70092773
2098.601563,24.64294434
2098.804688,24.62768555
2099,24.52697754
2099.203125,24.48425293
2099.40625,24.43237305
2099.601563,24.41711426
2099.804688,24.37744141
2100,24.37438965
2100.203125,24.26147461
2100.40625,24.19433594
2100.601563,24.16381836
2100.804688,24.13635254
2101,24.12719727
2101.203125,24.09057617
2101.40625,24.11193848
2101.601563,23.99291992
2101.804688,24.01733398
2102,24.01123047
2102.203125,23.90441895
2102.40625,23.93188477
2102.601563,23.93798828
2102.804688,23.93493652
2103,23.9074707
2103.203125,23.8861084
2103.40625,23.73046875
2103.601563,23.77319336
2103.804688,23.66333008
2104,23.61450195
2104.203125,23.59619141
2104.40625,23.65112305
2104.601563,23.63891602
2104.804688,23.5168457
2105,23.51074219
2105.203125,23.53820801
2105.40625,23.50769043
2105.601563,23.48022461
2105.804688,23.39172363
2106,23.39172363
2106.203125,23.34289551
2106.40625,23.32458496
2106.601563,23.28796387
2106.804688,23.29101563
2107,23.26660156
2107.203125,23.19641113
2107.40625,23.15063477
2107.601563,23.15673828
2107.804688,23.05603027
2108,23.05297852
2108.203125,23.02246094
2108.40625,22.95227051
2108.601563,22.9675293
2108.804688,22.92175293
2109,22.94616699
2109.203125,22.86071777
2109.40625,22.85766602
2109.601563,22.82714844
2109.804688,22.7935791
2110,22.86071777
2110.203125,22.83630371
2110.40625,22.81799316
2110.601563,22.81188965
2110.804688,22.81188965
2111,22.70812988
2111.203125,22.73864746
2111.40625,22.70202637
2111.601563,22.71728516
2111.804688,22.69592285
2112,22.70202637
2112.203125,22.72644043
2112.40625,22.76611328
2112.601563,22.7142334
2112.804688,22.65319824
2113,22.61352539
2113.203125,22.52807617
2113.40625,22.55249023
2113.601563,22.47619629
2113.804688,22.51281738
2114,22.45788574
2114.203125,22.32666016
2114.40625,22.32971191
2114.601563,22.31140137
2114.804688,22.29614258
2115,22.29919434
2115.203125,22.23815918
2115.40625,22.17407227
2115.601563,22.09777832
2115.804688,22.00927734
2116,22.00927734
2116.203125,22.02148438
2116.40625,21.96655273
2116.601563,21.89941406
2116.804688,21.82312012
2117,21.82006836
2117.203125,21.81091309
2117.40625,21.76818848
2117.601563,21.73461914
2117.804688,21.69494629
2118,21.71020508
2118.203125,21.71020508
2118.40625,21.64306641
2118.601563,21.51489258
2118.804688,21.50878906
2119,21.47827148
2119.203125,21.40808105
2119.40625,21.42028809
2119.601563,21.45385742
2119.804688,21.38366699
2120,21.39282227
2120.203125,21.33483887
2120.40625,21.2310791
2120.601563,21.17614746
2120.804688,21.13952637
2121,21.13952637
2121.203125,21.1151123
2121.40625,21.09680176
2121.601563,20.99609375
2121.804688,20.94421387
2122,20.94421387
2122.203125,20.90148926
2122.40625,20.87402344
2122.601563,20.8404541
2122.804688,20.80078125
2123,20.77636719
2123.203125,20.73364258
2123.40625,20.65429688
2123.601563,20.64819336
2123.804688,20.4864502
2124,20.44677734
2124.203125,20.47729492
2124.40625,20.48034668
2124.601563,20.41015625
2124.804688,20.38574219
2125,20.28198242
2125.203125,20.32165527
2125.40625,20.28503418
2125.601563,20.23925781
2125.804688,20.22399902
2126,20.14465332
2126.203125,20.08056641
2126.40625,20.13549805
2126.601563,20.08056641
2126.804688,19.96154785
2127,20.00427246
2127.203125,19.95849609
2127.40625,19.91882324
2127.601563,19.96459961
2127.804688,19.80895996
2128,19.76318359
2128.203125,19.72961426
2128.40625,19.70214844
2128.601563,19.6472168
2128.804688,19.5892334
2129,19.59533691
2129.203125,19.52514648
2129.40625,19.48852539
2129.601563,19.4519043
2129.804688,19.33288574
2130,19.29321289
2130.203125,19.28100586
2130.40625,19.25964355
2130.601563,19.21691895
2130.804688,19.20471191
2131,19.12231445
2131.203125,19.11621094
2131.40625,19.13452148
2131.601563,19.03381348
2131.804688,18.93920898
2132,18.92089844
2132.203125,18.90563965
2132.40625,18.86901855
2132.601563,18.82629395
2132.804688,18.71032715
2133,18.72253418
2133.203125,18.70422363
2133.40625,18.63098145
2133.601563,18.64013672
2133.804688,18.60046387
2134,18.42041016
2134.203125,18.31359863
2134.40625,18.33190918
2134.601563,18.30749512
2134.804688,18.26171875
2135,18.22509766
2135.203125,18.20068359
2135.40625,18.18847656
2135.601563,18.17321777
2135.804688,18.11218262
2136,18.0847168
2136.203125,18.05725098
2136.40625,18.07556152
2136.601563,17.99621582
2136.804688,17.91992188
2137,17.83752441
2137.203125,17.77648926
2137.40625,17.73986816
2137.601563,17.72155762
2137.804688,17.7520752
2138,17.71240234
2138.203125,17.70324707
2138.40625,17.66967773
2138.601563,17.59033203
2138.804688,17.55371094
2139,17.42858887
2139.203125,17.41027832
2139.40625,17.32177734
2139.601563,17.29431152
2139.804688,17.20581055
2140,17.1081543
2140.203125,17.08374023
2140.40625,17.06237793
2140.601563,16.95251465
2140.804688,16.88232422
2141,16.87316895
2141.203125,16.81518555
2141.40625,16.81213379
2141.601563,16.76940918
2141.804688,16.69921875
2142,16.63513184
2142.203125,16.58630371
2142.40625,16.55273438
2142.601563,16.57104492
2142.804688,16.46118164
2143,16.36962891
2143.203125,16.32080078
2143.40625,16.32385254
2143.601563,16.33300781
2143.804688,16.16516113
2144,16.08581543
2144.203125,16.02172852
2144.40625,16.0736084
2144.601563,16.02478027
2144.804688,15.98815918
2145,15.98815918
2145.203125,15.95153809
2145.40625,15.91186523
2145.601563,15.88134766
2145.804688,15.85388184
2146,15.73486328
2146.203125,15.65856934
2146.40625,15.65551758
2146.601563,15.67687988
2146.804688,15.65856934
2147,15.61279297
2147.203125,15.55175781
2147.40625,15.57006836
2147.601563,15.50598145
2147.804688,15.5456543
2148,15.37475586
2148.203125,15.45715332
2148.40625,15.3503418
2148.601563,15.33203125
2148.804688,15.35339355
2149,15.32897949
2149.203125,15.28625488
2149.40625,15.24963379
2149.601563,15.12451172
2149.804688,15.09399414
2150,15.0970459
2150.203125,15.11230469
2150.40625,15.07873535
2150.601563,15.07263184
2150.804688,15.02380371
2151,14.96887207
2151.203125,14.8651123
2151.40625,14.81018066
2151.601563,14.78881836
2151.804688,14.73693848
2152,14.66369629
2152.203125,14.63012695
2152.40625,14.57214355
2152.601563,14.53552246
2152.804688,14.44091797
2153,14.36462402
2153.203125,14.28527832
2153.40625,14.28222656
2153.601563,14.20593262
2153.804688,14.23034668
2154,14.08691406
2154.203125,13.91296387
2154.40625,13.88244629
2154.601563,13.91601563
2154.804688,13.83056641
2155,13.74816895
2155.203125,13.7298584
2155.40625,13.65966797
2155.601563,13.56506348
2155.804688,13.51928711
2156,13.54370117
2156.203125,13.43383789
2156.40625,13.34838867
2156.601563,13.2232666
2156.804688,13.2598877
2157,13.13476563
2157.203125,13.05541992
2157.40625,12.9119873
2157.601563,12.93334961
2157.804688,12.86621094
2158,12.79296875
2158.203125,12.72583008
2158.40625,12.67700195
2158.601563,12.60681152
2158.804688,12.54272461
2159,12.40234375
2159.203125,12.36572266
2159.40625,12.26806641
2159.601563,12.21923828
2159.804688,12.13684082
2160,12.02697754
2160.203125,11.92321777
2160.40625,11.85302734
2160.601563,11.78894043
2160.804688,11.66992188
2161,11.68518066
2161.203125,11.60583496
2161.40625,11.54785156
2161.601563,11.53869629
2161.804688,11.43798828
2162,11.40441895
2162.203125,11.28234863
2162.40625,11.17553711
2162.601563,11.14196777
2162.804688,11.13586426
2163,11.11755371
2163.203125,11.00463867
2163.40625,10.97106934
2163.601563,10.9375
2163.804688,10.83984375
2164,10.80322266
2164.203125,10.73303223
2164.40625,10.68725586
2164.601563,10.69641113
2164.804688,10.62011719
2165,10.58959961
2165.203125,10.5682373
2165.40625,10.49804688
2165.601563,10.44311523
2165.804688,10.38513184
2166,10.24169922
2166.203125,10.16845703
2166.40625,10.16845703
2166.601563,10.11962891
2166.804688,10.13183594
2167,10.12878418
2167.203125,10.09216309
2167.40625,10.04333496
2167.601563,9.936523438
2167.804688,9.881591797
2168,9.909057617
2168.203125,9.860229492
2168.40625,9.674072266
2168.601563,9.622192383
2168.804688,9.585571289
2169,9.552001953
2169.203125,9.442138672
2169.40625,9.332275391
2169.601563,9.298706055
2169.804688,9.255981445
2170,9.219360352
2170.203125,9.20715332
2170.40625,9.133911133
2170.601563,9.066772461
2170.804688,9.124755859
2171,8.984375
2171.203125,8.898925781
2171.40625,8.847045898
2171.601563,8.749389648
2171.804688,8.71887207
2172,8.712768555
2172.203125,8.648681641
2172.40625,8.544921875
2172.601563,8.407592773
2172.804688,8.340454102
2173,8.294677734
2173.203125,8.261108398
2173.40625,8.193969727
2173.601563,8.114624023
2173.804688,8.074951172
2174,8.026123047
2174.203125,7.888793945
2174.40625,7.846069336
2174.601563,7.751464844
2174.804688,7.693481445
2175,7.647705078
2175.203125,7.595825195
2175.40625,7.559204102
2175.601563,7.464599609
2175.804688,7.321166992
2176,7.287597656
2176.203125,7.308959961
2176.40625,7.220458984
2176.601563,7.092285156
2176.804688,7.049560547
2177,6.979370117
2177.203125,6.939697266
2177.40625,6.796264648
2177.601563,6.771850586
2177.804688,6.680297852
2178,6.600952148
2178.203125,6.665039063
2178.40625,6.591796875
2178.601563,6.469726563
2178.804688,6.311035156
2179,6.265258789
2179.203125,6.237792969
2179.40625,6.268310547
2179.601563,6.188964844
2179.804688,6.097412109
2180,5.960083008
2180.203125,5.938720703
2180.40625,5.862426758
2180.601563,5.795288086
2180.804688,5.645751953
2181,5.630493164
2181.203125,5.596923828
2181.40625,5.532836914
2181.601563,5.407714844
2181.804688,5.258178711
2182,5.160522461
2182.203125,5.056762695
2182.40625,5.023193359
2182.601563,4.992675781
2182.804688,4.885864258
2183,4.779052734
2183.203125,4.733276367
2183.40625,4.672241211
2183.601563,4.602050781
2183.804688,4.403686523
2184,4.370117188
2184.203125,4.299926758
2184.40625,4.208374023
2184.601563,4.138183594
2184.804688,4.061889648
2185,4.03137207
2185.203125,3.973388672
2185.40625,3.866577148
2185.601563,3.826904297
2185.804688,3.656005859
2186,3.594970703
2186.203125,3.601074219
2186.40625,3.469848633
2186.601563,3.338623047
2186.804688,3.302001953
2187,3.253173828
2187.203125,3.189086914
2187.40625,3.112792969
2187.601563,3.042602539
2187.804688,2.944946289
2188,2.822875977
2188.203125,2.801513672
2188.40625,2.755737305
2188.601563,2.694702148
2188.804688,2.612304688
2189,2.578735352
2189.203125,2.545166016
2189.40625,2.395629883
2189.601563,2.285766602
2189.804688,2.133178711
2190,2.014160156
2190.203125,1.910400391
2190.40625,1.858520508
2190.601563,1.818847656
2190.804688,1.605224609
2191,1.596069336
2191.203125,1.531982422
2191.40625,1.46484375
2191.601563,1.293945313
2191.804688,1.156616211
2192,1.077270508
2192.203125,0.9948730469
2192.40625,0.9216308594
2192.601563,0.8087158203
2192.804688,0.7141113281
2193,0.5950927734
2193.203125,0.5432128906
2193.40625,0.5187988281
2193.601563,0.3997802734
2193.804688,0.3540039063
2194,0.1983642578
2194.203125,0.04272460938
2194.40625,-0.006103515625
2194.601563,-0.02746582031
2194.804688,-0.1617431641
2195,7.586669922
2195.203125,29.36401367
2195.40625,39.57824707
2195.601563,44.82116699
2195.804688,48.77624512
2196,52.23083496
2196.203125,55.47485352
2196.40625,58.75854492
2196.601563,61.89880371
2196.804688,64.91699219
2197,60.07080078
2197.203125,41.33300781
2197.40625,33.97827148
2197.601563,31.52770996
2197.804688,30.41687012
2198,29.77600098
2198.203125,29.31213379
2198.40625,28.85131836
2198.601563,28.52478027
2198.804688,28.16162109
2199,27.82287598
2199.203125,27.53601074
2199.40625,27.2644043
2199.601563,26.94396973
2199.804688,26.70593262
2200,26.39770508
2200.203125,26.10168457
2200.40625,25.81176758
2200.601563,25.54931641
2200.804688,25.28686523
2201,25.04882813
2201.203125,24.79858398
2201.40625,24.56970215
2201.601563,24.34387207
2201.804688,24.13330078
2202,23.86169434
2202.203125,23.61450195
2202.40625,23.41308594
2202.601563,23.22692871
2202.804688,23.01330566
2203,22.8302002
2203.203125,22.57385254
2203.40625,22.3236084
2203.601563,22.19543457
2203.804688,21.89941406
2204,21.67358398
2204.203125,21.53015137
2204.40625,21.32568359
2204.601563,21.18530273
2204.804688,21.05407715
2205,20.82519531
2205.203125,20.63293457
2205.40625,20.47729492
2205.601563,20.38574219
2205.804688,20.19348145
2206,19.99206543
2206.203125,19.82116699
2206.40625,19.69299316
2206.601563,19.53735352
2206.804688,19.37866211
2207,19.22912598
2207.203125,19.02770996
2207.40625,18.89038086
2207.601563,18.73474121
2207.804688,18.60656738
2208,18.38684082
2208.203125,18.28613281
2208.40625,18.12133789
2208.601563,17.96264648
2208.804688,17.87109375
2209,17.72155762
2209.203125,17.47741699
2209.40625,17.36755371
2209.601563,17.2668457
2209.804688,17.11730957
2210,16.95861816
2210.203125,16.83959961
2210.40625,16.6809082
2210.601563,16.53747559
2210.804688,16.41235352
2211,16.29638672
2211.203125,16.07666016
2211.40625,15.96374512
2211.601563,15.88439941
2211.804688,15.74401855
2212,15.63415527
2212.203125,15.43273926
2212.40625,15.33813477
2212.601563,15.15197754
2212.804688,15.02075195
2213,14.87731934
2213.203125,14.73388672
2213.40625,14.68505859
2213.601563,14.49584961
2213.804688,14.48974609
2214,14.38598633
2214.203125,14.1784668
2214.40625,14.04724121
2214.601563,13.92211914
2214.804688,13.79699707
2215,13.71459961
2215.203125,13.58337402
2215.40625,13.40637207
2215.601563,13.27514648
2215.804688,13.1652832
2216,13.09204102
2216.203125,13.0279541
2216.40625,12.87231445
2216.601563,12.74108887
2216.804688,12.64953613
2217,12.45727539
2217.203125,12.34741211
2217.40625,12.26806641
2217.601563,12.17651367
2217.804688,12.00866699
2218,11.92016602
2218.203125,11.84082031
2218.40625,11.70349121
2218.601563,11.64855957
2218.804688,11.45019531
2219,11.33728027
2219.203125,11.25488281
2219.40625,11.1328125
2219.601563,11.05651855
2219.804688,10.94665527
2220,10.8795166
2220.203125,10.76660156
2220.40625,10.61706543
2220.601563,10.47363281
2220.804688,10.32104492
2221,10.20507813
2221.203125,10.18371582
2221.40625,10.05859375
2221.601563,9.945678711
2221.804688,9.841918945
2222,9.732055664
2222.203125,9.585571289
2222.40625,9.463500977
2222.601563,9.381103516
2222.804688,9.307861328
2223,9.091186523
2223.203125,8.938598633
2223.40625,8.7890625
2223.601563,8.724975586
2223.804688,8.514404297
2224,8.410644531
2224.203125,8.294677734
2224.40625,8.264160156
2224.601563,8.062744141
2224.804688,7.922363281
2225,7.919311523
2225.203125,7.74230957
2225.40625,7.601928711
2225.601563,7.479858398
2225.804688,7.360839844
2226,7.192993164
2226.203125,7.043457031
2226.40625,6.927490234
2226.601563,6.875610352
2226.804688,6.777954102
2227,6.689453125
2227.203125,6.561279297
2227.40625,6.454467773
2227.601563,6.274414063
2227.804688,6.094360352
2228,6.021118164
2228.203125,5.917358398
2228.40625,5.731201172
2228.601563,5.514526367
2228.804688,5.480957031
2229,5.389404297
2229.203125,5.307006836
2229.40625,5.133056641
2229.601563,4.998779297
2229.804688,4.895019531
2230,4.788208008
2230.203125,4.61730957
2230.40625,4.559326172
2230.601563,4.46472168
2230.804688,4.32434082
2231,4.174804688
2231.203125,4.083251953
2231.40625,3.952026367
2231.601563,3.826904297
2231.804688,3.698730469
2232,3.668212891
2232.203125,3.497314453
2232.40625,3.329467773
2232.601563,3.247070313
2232.804688,3.207397461
2233,3.09753418
2233.203125,2.95715332
2233.40625,2.868652344
2233.601563,2.764892578
2233.804688,2.621459961
2234,2.471923828
2234.203125,2.261352539
2234.40625,2.157592773
2234.601563,2.075195313
2234.804688,1.998901367
2235,1.846313477
2235.203125,1.73034668
2235.40625,1.651000977
2235.601563,1.541137695
2235.804688,1.477050781
2236,1.336669922
2236.203125,1.229858398
2236.40625,1.095581055
2236.601563,1.016235352
2236.804688,0.9307861328
2237,0.7629394531
2237.203125,0.6317138672
2237.40625,0.4241943359
2237.601563,0.3997802734
2237.804688,0.2349853516
2238,0.1098632813
2238.203125,0.03356933594
2238.40625,-0.1037597656
2238.601563,-0.29296875
2238.804688,-0.4699707031
2239,-0.6072998047
2239.203125,-0.6744384766
2239.40625,-0.7690429688
2239.601563,-0.9765625
2239.804688,-1.095581055
2240,-1.257324219
2240.203125,-1.419067383
2240.40625,-1.495361328
2240.601563,-1.599121094
2240.804688,-1.794433594
2241,-1.831054688
2241.203125,-1.916503906
2241.40625,-2.059936523
2241.601563,-2.212524414
2241.804688,-2.362060547
2242,-2.490234375
2242.203125,-2.627563477
2242.40625,-2.740478516
2242.601563,-2.847290039
2242.804688,-3.018188477
2243,-3.15246582
2243.203125,-3.302001953
2243.40625,-3.491210938
2243.601563,-3.604125977
2243.804688,-3.83605957
2244,-3.97644043
2244.203125,-4.113769531
2244.40625,-4.306030273
2244.601563,-4.440307617
2244.804688,-4.58984375
2245,-4.736328125
2245.203125,-4.815673828
2245.40625,-4.974365234
2245.601563,-5.163574219
2245.804688,-5.267333984
2246,-5.432128906
2246.203125,-5.615234375
2246.40625,-5.722045898
2246.601563,-5.935668945
2246.804688,-6.088256836
2247,-6.195068359
2247.203125,-6.365966797
2247.40625,-6.500244141
2247.601563,-6.698608398
2247.804688,-6.884765625
2248,-7.000732422
2248.203125,-7.150268555
2248.40625,-7.29675293
2248.601563,-7.540893555
2248.804688,-7.614135742
2249,-7.748413086
2249.203125,-7.922363281
2249.40625,-8.056640625
2249.601563,-8.197021484
2249.804688,-8.377075195
2250,-8.499145508
2250.203125,-8.673095703
2250.40625,-8.889770508
2250.601563,-8.984375
2250.804688,-9.140014648
2251,-9.368896484
2251.203125,-9.426879883
2251.40625,-9.677124023
2251.601563,-9.777832031
2251.804688,-9.976196289
2252,-10.15625
2252.203125,-10.3302002
2252.40625,-10.50720215
2252.601563,-10.69335938
2252.804688,-10.87341309
2253,-11.02905273
2253.203125,-11.17858887
2253.40625,-11.33728027
2253.601563,-11.5234375
2253.804688,-11.66687012
2254,-11.91711426
2254.203125,-12.15820313
2254.40625,-12.35656738
2254.601563,-12.51220703
2254.804688,-12.71362305
2255,-12.87231445
2255.203125,-13.08288574
2255.40625,-13.29650879
2255.601563,-13.4765625
2255.804688,-13.70544434
2256,-13.86108398
2256.203125,-14.01367188
2256.40625,-14.24865723
2256.601563,-14.40124512
2256.804688,-14.55688477
2257,-14.80102539
2257.203125,-14.97497559
2257.40625,-15.13977051
2257.601563,-15.24963379
2257.804688,-15.43273926
2258,-15.63110352
2258.203125,-15.75012207
2258.40625,-15.95458984
2258.601563,-16.14379883
2258.804688,-16.33911133
2259,-16.49780273
2259.203125,-16.61682129
2259.40625,-16.81213379
2259.601563,-17.05322266
2259.804688,-17.26379395
2260,-17.50183105
2260.203125,-17.70629883
2260.40625,-17.95959473
2260.601563,-18.13659668
2260.804688,-18.35632324
2261,-18.50280762
2261.203125,-18.73168945
2261.40625,-18.97277832
2261.601563,-19.140625
2261.804688,-19.40307617
2262,-19.6472168
2262.203125,-19.88525391
2262.40625,-20.14160156
2262.601563,-20.39794922
2262.804688,-20.56274414
2263,-20.72143555
2263.203125,-21.02661133
2263.40625,-21.20666504
2263.601563,-21.40197754
2263.804688,-21.72851563
2264,-21.87805176
2264.203125,-22.09777832
2264.40625,-22.30834961
2264.601563,-22.52807617
2264.804688,-22.72949219
2265,-22.88208008
2265.203125,-23.1262207
2265.40625,-23.33068848
2265.601563,-23.59619141
2265.804688,-23.78845215
2266,-24.02648926
2266.203125,-24.23400879
2266.40625,-24.47509766
2266.601563,-24.65209961
2266.804688,-24.91149902
2267,-25.08239746
2267.203125,-25.28381348
2267.40625,-25.52185059
2267.601563,-25.72631836
2267.804688,-25.98571777
2268,-26.26647949
2268.203125,-26.46484375
2268.40625,-26.67541504
2268.601563,-26.99584961
2268.804688,-27.16064453
2269,-27.40478516
2269.203125,-27.71606445
2269.40625,-27.97241211
2269.601563,-28.23791504
2269.804688,-28.50341797
2270,-28.69567871
2270.203125,-28.94287109
2270.40625,-29.10766602
2270.601563,-29.34265137
2270.804688,-29.50439453
2271,-29.76989746
2271.203125,-29.96826172
2271.40625,-30.2154541
2271.601563,-30.51452637
2271.804688,-30.72509766
2272,-30.96923828
2272.203125,-31.19812012
2272.40625,-31.4666748
2272.601563,-31.70776367
2272.804688,-31.90612793
2273,-32.08312988
2273.203125,-32.31201172
2273.40625,-32.52868652
2273.601563,-32.82775879
2273.804688,-32.99865723
2274,-33.21838379
2274.203125,-33.56628418
2274.40625,-33.79821777
2274.601563,-34.01794434
2274.804688,-34.26818848
2275,-34.46655273
2275.203125,-34.71069336
2275.40625,-34.93347168
2275.601563,-35.16235352
2275.804688,-35.43395996
2276,-35.57128906
2276.203125,-35.86425781
2276.40625,-36.10839844
2276.601563,-36.37390137
2276.804688,-36.61804199
2277,-36.81640625
2277.203125,-37.06359863
2277.40625,-37.31079102
2277.601563,-37.54882813
2277.804688,-37.83569336
2278,-38.07067871
2278.203125,-38.27819824
2278.40625,-38.47045898
2278.601563,-38.77868652
2278.804688,-39.05639648
2279,-39.31274414
2279.203125,-39.53857422
2279.40625,-39.74914551
2279.601563,-40.07873535
2279.804688,-40.32592773
2280,-40.52734375
2280.203125,-40.79589844
2280.40625,-40.9942627
2280.601563,-41.2322998
2280.804688,-41.54663086
2281,-41.73278809
2281.203125,-41.9342041
2281.40625,-42.20581055
2281.601563,-42.44995117
2281.804688,-42.71850586
2282,-42.95959473
2282.203125,-43.19458008
2282.40625,-43.46008301
2282.601563,-43.65539551
2282.804688,-43.87512207
2283,-44.09484863
2283.203125,-44.32678223
2283.40625,-44.56481934
2283.601563,-44.73876953
2283.804688,-45.00732422
2284,-45.22399902
2284.203125,-45.37963867
2284.40625,-45.60852051
2284.601563,-45.82519531
2284.804688,-46.09069824
2285,-46.24633789
2285.203125,-46.40808105
2285.40625,-46.68273926
2285.601563,-46.94824219
2285.804688,-47.03369141
2286,-47.27478027
2286.203125,-47.52502441
2286.40625,-47.67456055
2286.601563,-47.85766602
2286.804688,-48.04077148
2287,-48.2421875
2287.203125,-48.46496582
2287.40625,-48.5748291
2287.601563,-48.77624512
2287.804688,-48.97155762
2288,-49.18518066
2288.203125,-49.32556152
2288.40625,-49.45068359
2288.601563,-49.67041016
2288.804688,-49.85046387
2289,-50.09155273
2289.203125,-50.20751953
2289.40625,-50.44250488
2289.601563,-50.70495605
2289.804688,-50.90026855
2290,-51.01623535
2290.203125,-51.16577148
2290.40625,-51.32446289
2290.601563,-51.51977539
2290.804688,-51.66320801
2291,-51.89819336
2291.203125,-52.07214355
2291.40625,-52.23083496
2291.601563,-52.41088867
2291.804688,-52.59094238
2292,-52.70385742
2292.203125,-52.90222168
2292.40625,-53.02734375
2292.601563,-53.28369141
2292.804688,-53.43322754
2293,-53.5949707
2293.203125,-53.75061035
2293.40625,-53.86352539
2293.601563,-54.03747559
2293.804688,-54.22668457
2294,-54.41894531
2294.203125,-54.64477539
2294.40625,-54.7454834
2294.601563,-54.83093262
2294.804688,-55.04760742
2295,-55.1574707
2295.203125,-55.32531738
2295.40625,-55.44433594
2295.601563,-55.61828613
2295.804688,-55.81054688
2296,-55.91125488
2296.203125,-56.10046387
2296.40625,-56.21337891
2296.601563,-56.35070801
2296.804688,-56.56738281
2297,-56.640625
2297.203125,-56.74133301
2297.40625,-56.99768066
2297.601563,-57.04956055
2297.804688,-57.17468262
2298,-57.41271973
2298.203125,-57.51647949
2298.40625,-57.68432617
2298.601563,-57.82775879
2298.804688,-57.95288086
2299,-58.07800293
2299.203125,-58.15734863
2299.40625,-58.29162598
2299.601563,-58.44116211
2299.804688,-58.59375
2300,-58.71276855
2300.203125,-58.85620117
2300.40625,-58.97827148
2300.601563,-59.03320313
2300.804688,-59.17663574
2301,-59.30480957
2301.203125,-59.4543457
2301.40625,-59.52758789
2301.601563,-59.62524414
2301.804688,-59.7869873
2302,-59.89685059
2302.203125,-60.00671387
2302.40625,-60.14099121
2302.601563,-60.23864746
2302.804688,-60.25695801
2303,-60.33325195
2303.203125,-60.49194336
2303.40625,-60.64147949
2303.601563,-60.65673828
2303.804688,-60.8581543
2304,-60.91918945
2304.203125,-60.95275879
2304.40625,-61.02294922
2304.601563,-61.08398438
2304.804688,-61.25488281
2305,-61.38000488
2305.203125,-61.4440918
2305.40625,-61.54785156
2305.601563,-61.60888672
2305.804688,-61.71875
2306,-61.82556152
2306.203125,-61.95983887
2306.40625,-62.0300293
2306.601563,-62.10327148
2306.804688,-62.21923828
2307,-62.27111816
2307.203125,-62.38098145
2307.40625,-62.4206543
2307.601563,-62.53051758
2307.804688,-62.65563965
2308,-62.7532959
2308.203125,-62.81738281
2308.40625,-62.90283203
2308.601563,-62.890625
2308.804688,-63.02185059
2309,-63.1072998
2309.203125,-63.23547363
2309.40625,-63.27514648
2309.601563,-63.31481934
2309.804688,-63.36364746
2310,-63.4979248
2310.203125,-63.61083984
2310.40625,-63.65356445
2310.601563,-63.66577148
2310.804688,-63.78173828
2311,-63.91296387
2311.203125,-64.0411377
2311.40625,-64.03503418
2311.601563,-64.0625
2311.804688,-64.13574219
2312,-64.25476074
2312.203125,-64.37683105
2312.40625,-64.453125
2312.601563,-64.50805664
2312.804688,-64.59655762
2313,-64.63012695
2313.203125,-64.64233398
2313.40625,-64.77966309
2313.601563,-64.79187012
2313.804688,-64.84069824
2314,-64.96276855
2314.203125,-65.16418457
2314.40625,-65.18249512
2314.601563,-65.20385742
2314.804688,-65.32592773
2315,-65.38085938
2315.203125,-65.45715332
2315.40625,-65.48461914
2315.601563,-65.5090332
2315.804688,-65.6036377
2316,-65.66162109
2316.203125,-65.71655273
2316.40625,-65.80810547
2316.601563,-65.88745117
2316.804688,-65.94543457
2317,-65.97290039
2317.203125,-66.05834961
2317.40625,-66.12854004
2317.601563,-66.12548828
2317.804688,-66.22314453
2318,-66.25671387
2318.203125,-66.41235352
2318.40625,-66.4855957
2318.601563,-66.53747559
2318.804688,-66.63208008
2319,-66.60461426
2319.203125,-66.69006348
2319.40625,-66.78771973
2319.601563,-66.80603027
2319.804688,-66.86096191
2320,-66.96472168
2320.203125,-67.01965332
2320.40625,-67.07458496
2320.601563,-67.14782715
2320.804688,-67.19360352
2321,-67.1661377
2321.203125,-67.24243164
2321.40625,-67.33703613
2321.601563,-67.42248535
2321.804688,-67.41638184
2322,-67.45300293
2322.203125,-67.63305664
2322.40625,-67.66052246
2322.601563,-67.70324707
2322.804688,-67.7734375
2323,-67.77954102
2323.203125,-67.84362793
2323.40625,-67.90771484
2323.601563,-67.95349121
2323.804688,-68.12133789
2324,-68.06945801
2324.203125,-68.14880371
2324.40625,-68.15795898
2324.601563,-68.19763184
2324.804688,-68.2800293
2325,-68.32580566
2325.203125,-68.35632324
2325.40625,-68.42041016
2325.601563,-68.51806641
2325.804688,-68.56384277
2326,-68.57299805
2326.203125,-68.60961914
2326.40625,-68.77441406
2326.601563,-68.74694824
2326.804688,-68.76525879
2327,-68.75305176
2327.203125,-68.81103516
2327.40625,-68.82019043
2327.601563,-68.85375977
2327.804688,-69.01550293
2328,-69.07958984
2328.203125,-69.07348633
2328.40625,-69.140625
2328.601563,-69.14672852
2328.804688,-69.18640137
2329,-69.19555664
2329.203125,-69.30541992
2329.40625,-69.31762695
2329.601563,-69.42749023
2329.804688,-69.5098877
2330,-69.48852539
2330.203125,-69.54345703
2330.40625,-69.58007813
2330.601563,-69.68688965
2330.804688,-69.66552734
2331,-69.75708008
2331.203125,-69.79064941
2331.40625,-69.8638916
2331.601563,-69.87609863
2331.804688,-69.90966797
2332,-69.90966797
2332.203125,-70.01037598
2332.40625,-70.0378418
2332.601563,-70.11108398
2332.804688,-70.18127441
2333,-70.1965332
2333.203125,-70.20263672
2333.40625,-70.27282715
2333.601563,-70.30944824
2333.804688,-70.33691406
2334,-70.45288086
2334.203125,-70.54138184
2334.40625,-70.4864502
2334.601563,-70.4864502
2334.804688,-70.56274414
2335,-70.65734863
2335.203125,-70.67871094
2335.40625,-70.73669434
2335.601563,-70.80688477
2335.804688,-70.84350586
2336,-70.84350586
2336.203125,-70.87402344
2336.40625,-70.97167969
2336.601563,-71.0144043
2336.804688,-71.06628418
2337,-71.08154297
2337.203125,-71.13952637
2337.40625,-71.16394043
2337.601563,-71.24633789
2337.804688,-71.26159668
2338,-71.28295898
2338.203125,-71.35314941
2338.40625,-71.36535645
2338.601563,-71.38366699
2338.804688,-71.48132324
2339,-71.53015137
2339.203125,-71.58508301
2339.40625,-71.6217041
2339.601563,-71.68273926
2339.804688,-71.77429199
2340,-71.86279297
2340.203125,-71.82006836
2340.40625,-71.85974121
2340.601563,-71.92993164
2340.804688,-72.01843262
2341,-72.03674316
2341.203125,-72.03369141
2341.40625,-72.06115723
2341.601563,-72.09472656
2341.804688,-72.13745117
2342,-72.2076416
2342.203125,-72.265625
2342.40625,-72.26867676
2342.601563,-72.27478027
2342.804688,-72.34802246
2343,-72.41210938
2343.203125,-72.45483398
2343.40625,-72.46704102
2343.601563,-72.46398926
2343.804688,-72.61047363
2344,-72.61352539
2344.203125,-72.59216309
2344.40625,-72.61657715
2344.601563,-72.67456055
2344.804688,-72.76916504
2345,-72.83325195
2345.203125,-72.81188965
2345.40625,-72.79663086
2345.601563,-72.87902832
2345.804688,-72.92175293
2346,-73.05603027
2346.203125,-73.08349609
2346.40625,-73.05297852
2346.601563,-73.01940918
2346.804688,-73.1048584
2347,-73.12316895
2347.203125,-73.14453125
2347.40625,-73.12316895
2347.601563,-73.13842773
2347.804688,-73.36120605
2348,-73.3001709
2348.203125,-73.34289551
2348.40625,-73.3795166
2348.601563,-73.37036133
2348.804688,-73.3795166
2349,-73.41003418
2349.203125,-73.48632813
2349.40625,-73.54431152
2349.601563,-73.51989746
2349.804688,-73.58398438
2350,-73.56872559
2350.203125,-73.61755371
2350.40625,-73.68774414
2350.601563,-73.69384766
2350.804688,-73.72131348
2351,-73.78845215
2351.203125,-73.87084961
2351.40625,-73.9074707
2351.601563,-73.8494873
2351.804688,-73.88916016
2352,-73.91357422
2352.203125,-73.98681641
2352.40625,-74.02648926
2352.601563,-74.06005859
2352.804688,-74.10583496
2353,-74.18212891
2353.203125,-74.15161133
2353.40625,-74.14245605
2353.601563,-74.18823242
2353.804688,-74.23706055
2354,-74.29199219
2354.203125,-74.45678711
2354.40625,-74.40490723
2354.601563,-74.40795898
2354.804688,-74.44763184
2355,-74.48730469
2355.203125,-74.52697754
2355.40625,-74.59106445
2355.601563,-74.64599609
2355.804688,-74.67346191
2356,-74.6307373
2356.203125,-74.67041016
2356.40625,-74.72839355
2356.601563,-74.8260498
2356.804688,-74.83215332
2357,-74.91455078
2357.203125,-74.9420166
2357.40625,-75.03356934
2357.601563,-75.04577637
2357.804688,-74.98168945
2358,-75.00610352
2358.203125,-75.10986328
2358.40625,-75.13427734
2358.601563,-75.10070801
2358.804688,-75.22888184
2359,-75.26550293
2359.203125,-75.32958984
2359.40625,-75.38146973
2359.601563,-75.3692627
2359.804688,-75.38146973
2360,-75.3692627
2360.203125,-75.40893555
2360.40625,-75.46691895
2360.601563,-75.49133301
2360.804688,-75.51879883
2361,-75.52185059
2361.203125,-75.62255859
2361.40625,-75.65002441
2361.601563,-75.68054199
2361.804688,-75.7019043
2362,-75.70495605
2362.203125,-75.8026123
2362.40625,-75.80871582
2362.601563,-75.79956055
2362.804688,-75.8392334
2363,-75.84838867
2363.203125,-75.89416504
2363.40625,-75.96740723
2363.601563,-75.98571777
2363.804688,-76.04370117
2364,-76.08032227
2364.203125,-76.07116699
2364.40625,-76.08032227
2364.601563,-76.13220215
2364.804688,-76.07727051
2365,-76.11083984
2365.203125,-76.15356445
2365.40625,-76.22680664
2365.601563,-76.23291016
2365.804688,-76.24511719
2366,-76.32141113
2366.203125,-76.36108398
2366.40625,-76.35192871
2366.601563,-76.3671875
2366.804688,-76.38549805
2367,-76.42822266
2367.203125,-76.41601563
2367.40625,-76.44348145
2367.601563,-76.49230957
2367.804688,-76.51367188
2368,-76.56860352
2368.203125,-76.60827637
2368.40625,-76.63269043
2368.601563,-76.62963867
2368.804688,-76.6204834
2369,-76.64489746
2369.203125,-76.7364502
2369.40625,-76.79443359
2369.601563,-76.76391602
2369.804688,-76.75170898
2370,-76.75170898
2370.203125,-76.77001953
2370.40625,-76.83410645
2370.601563,-76.84631348
2370.804688,-76.84020996
2371,-77.02026367
2371.203125,-76.95922852
2371.40625,-77.01721191
2371.601563,-77.00195313
2371.804688,-77.02636719
2372,-77.03552246
2372.203125,-77.02026367
2372.40625,-77.08740234
2372.601563,-77.13928223
2372.804688,-77.16369629
2373,-77.18811035
2373.203125,-77.18811035
2373.40625,-77.24304199
2373.601563,-77.26135254
2373.804688,-77.23083496
2374,-77.26745605
2374.203125,-77.4810791
2374.40625,-77.47497559
2374.601563,-77.45056152
2374.804688,-77.50854492
2375,-77.5177002
2375.203125,-77.54211426
2375.40625,-77.56652832
2375.601563,-77.59094238
2375.804688,-77.56347656
2376,-77.59399414
2376.203125,-77.64892578
2376.40625,-77.71911621
2376.601563,-77.74353027
2376.804688,-77.75268555
2377,-77.81066895
2377.203125,-77.85339355
2377.40625,-77.9296875
2377.601563,-77.94799805
2377.804688,-77.99682617
2378,-77.92663574
2378.203125,-78.01513672
2378.40625,-78.0456543
2378.601563,-78.07006836
2378.804688,-78.0670166
2379,-78.00292969
2379.203125,-78.0670166
2379.40625,-78.17687988
2379.601563,-78.15246582
2379.804688,-78.14331055
2380,-78.22570801
2380.203125,-78.24401855
2380.40625,-78.27453613
2380.601563,-78.29284668
2380.804688,-78.27148438
2381,-78.32336426
2381.203125,-78.33251953
2381.40625,-78.3996582
2381.601563,-78.45153809
2381.804688,-78.4362793
2382,-78.46374512
2382.203125,-78.47595215
2382.40625,-78.54919434
2382.601563,-78.54309082
2382.804688,-78.51257324
2383,-78.49121094
2383.203125,-78.58276367
2383.40625,-78.61633301
2383.601563,-78.68652344
2383.804688,-78.6895752
2384,-78.67736816
2384.203125,-78.66210938
2384.40625,-78.76586914
2384.601563,-78.82080078
2384.804688,-78.88183594
2385,-78.80859375
2385.203125,-78.85131836
2385.40625,-78.86047363
2385.601563,-78.87878418
2385.804688,-78.91540527
2386,-78.98864746
2386.203125,-79.00390625
2386.40625,-79.00390625
2386.601563,-78.99475098
2386.804688,-78.94287109
2387,-79.01000977
2387.203125,-78.92150879
2387.40625,-78.96728516
2387.601563,-79.05273438
2387.804688,-79.12597656
2388,-79.07104492
2388.203125,-79.08630371
2388.40625,-79.13818359
2388.601563,-79.17480469
2388.804688,-79.22973633
2389,-79.17480469
2389.203125,-79.23278809
2389.40625,-79.25109863
2389.601563,-79.31213379
2389.804688,-79.29077148
2390,-79.2388916
2390.203125,-79.25720215
2390.40625,-79.29992676
2390.601563,-79.33349609
2390.804688,-79.38232422
2391,-79.38232422
2391.203125,-79.39453125
2391.40625,-79.40979004
2391.601563,-79.40063477
2391.804688,-79.42504883
2392,-79.53796387
2392.203125,-79.48303223
2392.40625,-79.52575684
2392.601563,-79.56848145
2392.804688,-79.62036133
2393,-79.58984375
2393.203125,-79.55627441
2393.40625,-79.63256836
2393.601563,-79.63562012
2393.804688,-79.67529297
2394,-79.76074219
2394.203125,-79.86450195
2394.40625,-79.78515625
2394.601563,-79.80651855
2394.804688,-79.81872559
2395,-79.80957031
2395.203125,-79.81872559
2395.40625,-79.8614502
2395.601563,-79.91638184
2395.804688,-79.90112305
2396,-79.91333008
2396.203125,-79.93164063
2396.40625,-79.99267578
2396.601563,-79.96520996
2396.804688,-79.98962402
2397,-80.09643555
2397.203125,-80.04150391
2397.40625,-80.11474609
2397.601563,-80.07507324
2397.804688,-80.11474609
2398,-80.09033203
2398.203125,-80.09033203
2398.40625,-80.13000488
2398.601563,-80.16052246
2398.804688,-80.29785156
2399,-80.28564453
2399.203125,-80.20629883
2399.40625,-80.2520752
2399.601563,-80.29174805
2399.804688,-80.31311035
2400,-80.40161133
2400.203125,-80.45654297
2400.40625,-80.39855957
2400.601563,-80.36499023
2400.804688,-80.4901123
2401,-80.48095703
2401.203125,-80.48400879
2401.40625,-80.50537109
2401.601563,-80.50537109
2401.804688,-80.50842285
2402,-80.59082031
2402.203125,-80.57861328
2402.40625,-80.55419922
2402.601563,-80.59692383
2402.804688,-80.63964844
2403,-80.65185547
2403.203125,-80.73120117
2403.40625,-80.73730469
2403.601563,-80.72509766
2403.804688,-80.74035645
2404,-80.71899414
2404.203125,-80.75561523
2404.40625,-80.77697754
2404.601563,-80.85632324
2404.804688,-80.82275391
2405,-80.77697754
2405.203125,-80.82275391
2405.40625,-80.92041016
2405.601563,-80.85327148
2405.804688,-80.88378906
2406,-80.95092773
2406.203125,-80.96008301
2406.40625,-80.84106445
2406.601563,-80.89294434
2406.804688,-80.95397949
2407,-80.95703125
2407.203125,-80.9753418
2407.40625,-80.96618652
2407.601563,-80.94482422
2407.804688,-80.99060059
2408,-81.02722168
2408.203125,-81.03027344
2408.40625,-81.09436035
2408.601563,-81.03637695
2408.804688,-81.04858398
2409,-81.01196289
2409.203125,-81.12792969
2409.40625,-81.08825684
2409.601563,-81.1706543
2409.804688,-81.08215332
2410,-81.12182617
2410.203125,-81.14318848
2410.40625,-81.08520508
2410.601563,-81.16149902
2410.804688,-81.18286133
2411,-81.21337891
2411.203125,-81.20117188
2411.40625,-81.20117188
2411.601563,-81.25610352
2411.804688,-81.28051758
2412,-81.21948242
2412.203125,-81.26220703
2412.40625,-81.26831055
2412.601563,-81.32629395
2412.804688,-81.33544922
2413,-81.39038086
2413.203125,-81.35681152
2413.40625,-81.35070801
2413.601563,-81.32019043
2413.804688,-81.3873291
2414,-81.43615723
2414.203125,-81.5032959
2414.40625,-81.47583008
2414.601563,-81.43615723
2414.804688,-81.51550293
2415,-81.57043457
2415.203125,-81.51550293
2415.40625,-81.48498535
2415.601563,-81.57043457
2415.804688,-81.57958984
2416,-81.59790039
2416.203125,-81.61010742
2416.40625,-81.63146973
2416.601563,-81.65893555
2416.804688,-81.65588379
2417,-81.64978027
2417.203125,-81.71691895
2417.40625,-81.7565918
2417.601563,-81.75048828
2417.804688,-81.67724609
2418,-81.66809082
2418.203125,-81.72302246
2418.40625,-81.77490234
2418.601563,-81.78405762
2418.804688,-81.83288574
2419,-81.81762695
2419.203125,-81.86645508
2419.40625,-81.86950684
2419.601563,-81.84814453
2419.804688,-81.84509277
2420,-81.89697266
2420.203125,-81.93664551
2420.40625,-81.99157715
2420.601563,-81.94885254
2420.804688,-81.95495605
2421,-81.92138672
2421.203125,-81.96411133
2421.40625,-81.9732666
2421.601563,-82.04650879
2421.804688,-81.97937012
2422,-82.05871582
2422.203125,-82.0526123
2422.40625,-82.03430176
2422.601563,-82.06787109
2422.804688,-82.08618164
2423,-82.08618164
2423.203125,-82.1472168
2423.40625,-82.1472168
2423.601563,-82.19604492
2423.804688,-82.18994141
2424,-82.18078613
2424.203125,-82.20825195
2424.40625,-82.24487305
2424.601563,-82.15332031
2424.804688,-82.23571777
2425,-82.24487305
2425.203125,-82.26928711
2425.40625,-82.22045898
2425.601563,-82.19909668
2425.804688,-82.22045898
2426,-82.27233887
2426.203125,-82.30895996
2426.40625,-82.26013184
2426.601563,-82.29980469
2426.804688,-82.29980469
2427,-82.29064941
2427.203125,-82.2265625
2427.40625,-82.31811523
2427.601563,-82.25097656
2427.804688,-82.32421875
2428,-82.31506348
2428.203125,-82.33642578
2428.40625,-82.32421875
2428.601563,-82.30895996
2428.804688,-82.2052002
2429,-82.33337402
2429.203125,-82.40661621
2429.40625,-82.36694336
2429.601563,-82.36694336
2429.804688,-82.38220215
2430,-82.38830566
2430.203125,-82.36999512
2430.40625,-82.36083984
2430.601563,-82.33642578
2430.804688,-82.35168457
2431,-82.421875
2431.203125,-82.44018555
2431.40625,-82.38830566
2431.601563,-82.36083984
2431.804688,-82.36999512
2432,-82.43103027
2432.203125,-82.43408203
2432.40625,-82.45849609
2432.601563,-82.45849609
2432.804688,-82.43408203
2433,-82.42797852
2433.203125,-82.41882324
2433.40625,-82.43713379
2433.601563,-82.44628906
2433.804688,-82.44934082
2434,-82.49206543
2434.203125,-82.58361816
2434.40625,-82.57446289
2434.601563,-82.54699707
2434.804688,-82.5378418
2435,-82.52563477
2435.203125,-82.53479004
2435.40625,-82.51037598
2435.601563,-82.52563477
2435.804688,-82.58972168
2436,-82.58056641
2436.203125,-82.55310059
2436.40625,-82.58666992
2436.601563,-82.60192871
2436.804688,-82.63244629
2437,-82.69042969
2437.203125,-82.6751709
2437.40625,-82.66906738
2437.601563,-82.65686035
2437.804688,-82.64770508
2438,-82.67822266
2438.203125,-82.66601563
2438.40625,-82.69348145
2438.601563,-82.69348145
2438.804688,-82.76977539
2439,-82.78198242
2439.203125,-82.70874023
2439.40625,-82.71789551
2439.601563,-82.71484375
2439.804688,-82.67211914
2440,-82.75146484
2440.203125,-82.80639648
2440.40625,-82.78503418
2440.601563,-82.77587891
2440.804688,-82.80639648
2441,-82.80334473
2441.203125,-82.83691406
2441.40625,-82.87658691
2441.601563,-82.87963867
2441.804688,-82.91320801
2442,-82.92541504
2442.203125,-82.90710449
2442.40625,-82.90710449
2442.601563,-82.88879395
2442.804688,-82.90100098
2443,-82.88879395
2443.203125,-82.99560547
2443.40625,-82.97729492
2443.601563,-82.97424316
2443.804688,-82.9864502
2444,-82.95898438
2444.203125,-82.96203613
2444.40625,-82.99255371
2444.601563,-83.00170898
2444.804688,-82.97729492
2445,-83.01391602
2445.203125,-83.05969238
2445.40625,-82.99560547
2445.601563,-82.97729492
2445.804688,-82.99560547
2446,-82.99560547
2446.203125,-83.01696777
2446.40625,-83.0078125
2446.601563,-83.05053711
2446.804688,-82.99865723
2447,-82.95288086
2447.203125,-83.02612305
2447.40625,-82.99560547
2447.601563,-82.99560547
2447.804688,-83.07495117
2448,-83.05664063
2448.203125,-83.08410645
2448.40625,-83.08410645
2448.601563,-83.09936523
2448.804688,-83.04748535
2449,-83.10241699
2449.203125,-83.04138184
2449.40625,-83.05358887
2449.601563,-83.11462402
2449.804688,-83.09936523
2450,-83.11462402
2450.203125,-83.07800293
2450.40625,-83.06274414
2450.601563,-83.09936523
2450.804688,-83.11157227
2451,-83.11462402
2451.203125,-83.11157227
2451.40625,-83.16650391
2451.601563,-83.14819336
2451.804688,-83.14208984
2452,-83.21838379
2452.203125,-83.18786621
2452.40625,-83.15734863
2452.601563,-83.19702148
2452.804688,-83.17871094
2453,-83.1817627
2453.203125,-83.17565918
2453.40625,-83.19091797
2453.601563,-83.13903809
2453.804688,-83.2244873
2454,-83.2611084
2454.203125,-83.31298828
2454.40625,-83.24890137
2454.601563,-83.2611084
2454.804688,-83.29162598
2455,-83.2611084
2455.203125,-83.27941895
2455.40625,-83.27331543
2455.601563,-83.31604004
2455.804688,-83.3404541
2456,-83.33435059
2456.203125,-83.39538574
2456.40625,-83.31298828
2456.601563,-83.30383301
2456.804688,-83.38317871
2457,-83.38623047
2457.203125,-83.40454102
2457.40625,-83.36791992
2457.601563,-83.39538574
2457.804688,-83.39538574
2458,-83.35876465
2458.203125,-83.40454102
2458.40625,-83.38928223
2458.601563,-83.42590332
2458.804688,-83.50219727
2459,-83.41369629
2459.203125,-83.44421387
2459.40625,-83.41369629
2459.601563,-83.40148926
2459.804688,-83.46557617
2460,-83.53271484
2460.203125,-83.55712891
2460.40625,-83.48083496
2460.601563,-83.46557617
2460.804688,-83.49304199
2461,-83.48388672
2461.203125,-83.49609375
2461.40625,-83.49914551
2461.601563,-83.55407715
2461.804688,-83.49914551
2462,-83.54797363
2462.203125,-83.57849121
2462.40625,-83.56628418
2462.601563,-83.51745605
2462.804688,-83.60595703
2463,-83.55407715
2463.203125,-83.59985352
2463.40625,-83.62426758
2463.601563,-83.66699219
2463.804688,-83.67614746
2464,-83.6730957
2464.203125,-83.6517334
2464.40625,-83.69445801
2464.601563,-83.69445801
2464.804688,-83.63037109
2465,-83.59985352
2465.203125,-83.6151123
2465.40625,-83.65478516
2465.601563,-83.63952637
2465.804688,-83.62121582
2466,-83.68835449
2466.203125,-83.71582031
2466.40625,-83.7097168
2466.601563,-83.64257813
2466.804688,-83.70666504
2467,-83.67614746
2467.203125,-83.63647461
2467.40625,-83.67004395
2467.601563,-83.62121582
2467.804688,-83.69445801
2468,-83.65478516
2468.203125,-83.71276855
2468.40625,-83.75244141
2468.601563,-83.67919922
2468.804688,-83.6151123
2469,-83.63037109
2469.203125,-83.66699219
2469.40625,-83.68835449
2469.601563,-83.73413086
2469.804688,-83.66088867
2470,-83.63037109
2470.203125,-83.62731934
2470.40625,-83.66699219
2470.601563,-83.68530273
2470.804688,-83.64562988
2471,-83.6517334
2471.203125,-83.68835449
2471.40625,-83.7310791
2471.601563,-83.6730957
2471.804688,-83.65478516
2472,-83.65783691
2472.203125,-83.6517334
2472.40625,-83.63647461
2472.601563,-83.67919922
2472.804688,-83.6730957
2473,-83.72497559
2473.203125,-83.67614746
2473.40625,-83.68225098
2473.601563,-83.65478516
2473.804688,-83.70056152
2474,-83.7310791
2474.203125,-83.82873535
2474.40625,-83.75854492
2474.601563,-83.7677002
2474.804688,-83.74633789
2475,-83.71276855
2475.203125,-83.79211426
2475.40625,-83.82263184
2475.601563,-83.82263184
2475.804688,-83.81958008
2476,-83.79211426
2476.203125,-83.82873535
2476.40625,-83.85620117
2476.601563,-83.79516602
2476.804688,-83.80737305
2477,-83.87145996
2477.203125,-83.81958008
2477.40625,-83.82568359
2477.601563,-83.79211426
2477.804688,-83.82263184
2478,-83.84094238
2478.203125,-83.89892578
2478.40625,-83.8104248
2478.601563,-83.84094238
2478.804688,-83.90808105
2479,-83.82263184
2479.203125,-83.81652832
2479.40625,-83.8470459
2479.601563,-83.8684082
2479.804688,-83.85925293
2480,-83.89282227
2480.203125,-83.85009766
2480.40625,-83.85925293
2480.601563,-83.87451172
2480.804688,-83.90197754
2481,-83.8470459
2481.203125,-83.86535645
2481.40625,-83.91113281
2481.601563,-83.90197754
2481.804688,-83.9263916
2482,-83.91113281
2482.203125,-83.9263916
2482.40625,-83.94775391
2482.601563,-83.95385742
2482.804688,-83.91418457
2483,-83.87145996
2483.203125,-83.90808105
2483.40625,-83.97827148
2483.601563,-84.02404785
2483.804688,-83.95080566
2484,-83.96606445
2484.203125,-83.93554688
2484.40625,-83.98132324
2484.601563,-84.02099609
2484.804688,-83.99047852
2485,-83.99658203
2485.203125,-83.95080566
2485.40625,-83.9630127
2485.601563,-83.98132324
2485.804688,-83.95385742
2486,-83.9630127
2486.203125,-83.90808105
2486.40625,-83.91723633
2486.601563,-83.95385742
2486.804688,-83.97216797
2487,-83.94165039
2487.203125,-83.85925293
2487.40625,-83.88977051
2487.601563,-83.93859863
2487.804688,-83.94470215
2488,-83.91723633
2488.203125,-83.89587402
2488.40625,-83.8684082
2488.601563,-83.87756348
2488.804688,-83.92333984
2489,-83.95996094
2489.203125,-83.99047852
2489.40625,-83.96911621
2489.601563,-83.97827148
2489.804688,-83.95690918
2490,-83.99658203
2490.203125,-83.87145996
2490.40625,-83.94775391
2490.601563,-83.95996094
2490.804688,-83.93554688
2491,-83.97521973
2491.203125,-83.94470215
2491.40625,-83.95385742
2491.601563,-83.95080566
2491.804688,-83.96606445
2492,-83.9263916
2492.203125,-83.90197754
2492.40625,-83.96911621
2492.601563,-83.99963379
2492.804688,-84.02099609
2493,-84.05456543
2493.203125,-83.96606445
2493.40625,-83.95996094
2493.601563,-83.93554688
2493.804688,-83.96911621
2494,-84.0637207
2494.203125,-84.10339355
2494.40625,-84.06982422
2494.601563,-84.05456543
2494.804688,-84.06066895
2495,-76.14440918
2495.203125,-54.1809082
2495.40625,-43.80187988
2495.601563,-38.5345459
2495.804688,-34.63439941
2496,-31.24084473
2496.203125,-27.96020508
2496.40625,-24.87487793
2496.601563,-21.81396484
2496.804688,-18.78662109
2497,-23.60229492
2497.203125,-42.26379395
2497.40625,-49.47509766
2497.601563,-51.72729492
2497.804688,-52.47802734
2498,-52.84118652
2498.203125,-52.92053223
2498.40625,-52.9296875
2498.601563,-52.87780762
2498.804688,-52.95715332
2499,-52.87475586
2499.203125,-52.84118652
2499.40625,-52.82897949
2499.601563,-52.7130127
2499.804688,-52.70690918
2500,-52.68859863
2500.203125,-52.62756348
2500.40625,-52.53601074
2500.601563,-52.43835449
2500.804688,-52.37121582
2501,-52.29187012
2501.203125,-52.21557617
2501.40625,-52.16369629
2501.601563,-52.11486816
2501.804688,-52.09960938
2502,-52.05688477
2502.203125,-51.96838379
2502.40625,-51.87683105
2502.601563,-51.81274414
2502.804688,-51.74865723
2503,-51.71508789
2503.203125,-51.65710449
2503.40625,-51.57775879
2503.601563,-51.55029297
2503.804688,-51.52587891
2504,-51.46484375
2504.203125,-51.31530762
2504.40625,-51.31835938
2504.601563,-51.2878418
2504.804688,-51.22375488
2505,-51.16882324
2505.203125,-51.04064941
2505.40625,-51.02844238
2505.601563,-50.92163086
2505.804688,-50.86364746
2506,-50.88195801
2506.203125,-50.78735352
2506.40625,-50.65307617
2506.601563,-50.55541992
2506.804688,-50.54931641
2507,-50.43029785
2507.203125,-50.30822754
2507.40625,-50.26550293
2507.601563,-50.20446777
2507.804688,-50.16174316
2508,-50.06103516
2508.203125,-49.94812012
2508.40625,-49.84130859
2508.601563,-49.77416992
2508.804688,-49.71313477
2509,-49.67956543
2509.203125,-49.57580566
2509.40625,-49.42932129
2509.601563,-49.35913086
2509.804688,-49.31945801
2510,-49.16992188
2510.203125,-49.01123047
2510.40625,-48.88000488
2510.601563,-48.71520996
2510.804688,-48.62365723
2511,-48.54431152
2511.203125,-48.41003418
2511.40625,-48.28186035
2511.601563,-48.08654785
2511.804688,-47.95532227
2512,-47.79663086
2512.203125,-47.63793945
2512.40625,-47.42126465
2512.601563,-47.25646973
2512.804688,-47.09777832
2513,-46.82922363
2513.203125,-46.55761719
2513.40625,-46.3104248
2513.601563,-45.87097168
2513.804688,-45.54748535
2514,-45.24230957
2514.203125,-44.92797852
2514.40625,-44.32067871
2514.601563,-43.73168945
2514.804688,-43.04504395
2515,-42.26074219
2515.203125,-41.23535156
2515.40625,-39.96276855
2515.601563,-38.14086914
2515.804688,-35.11352539
2516,-28.3782959
2516.203125,-8.129882813
2516.40625,17.37365723
2516.601563,31.20727539
2516.804688,36.94458008
2517,39.44091797
2517.203125,40.55786133
2517.40625,41.21704102
2517.601563,41.61376953
2517.804688,41.97998047
2518,42.16918945
2518.203125,42.41027832
2518.40625,42.60864258
2518.601563,42.87414551
2518.804688,43.06640625
2519,43.33190918
2519.203125,43.49365234
2519.40625,43.67370605
2519.601563,43.85070801
2519.804688,43.94836426
2520,44.00024414
2520.203125,44.13757324
2520.40625,44.2565918
2520.601563,44.38781738
2520.804688,44.59533691
2521,44.7052002
2521.203125,44.79980469
2521.40625,44.86083984
2521.601563,44.99816895
2521.804688,45.13549805
2522,45.17822266
2522.203125,45.24536133
2522.40625,45.36132813
2522.601563,45.3918457
2522.804688,45.45288086
2523,45.5078125
2523.203125,45.54748535
2523.40625,45.62988281
2523.601563,45.6237793
2523.804688,45.74890137
2524,45.83740234
2524.203125,45.8404541
2524.40625,45.87097168
2524.601563,45.88317871
2524.804688,45.94421387
2525,46.04492188
2525.203125,46.02661133
2525.40625,46.05712891
2525.601563,46.2097168
2525.804688,46.26464844
2526,46.28601074
2526.203125,46.30126953
2526.40625,46.35620117
2526.601563,46.44470215
2526.804688,46.42333984
2527,46.49353027
2527.203125,46.58203125
2527.40625,46.5057373
2527.601563,46.53625488
2527.804688,46.59729004
2528,46.70715332
2528.203125,46.7010498
2528.40625,46.72241211
2528.601563,46.76513672
2528.804688,46.80480957
2529,46.84448242
2529.203125,46.86584473
2529.40625,46.79870605
2529.601563,46.89331055
2529.804688,46.87194824
2530,46.92993164
2530.203125,46.90856934
2530.40625,46.92993164
2530.601563,46.875
2530.804688,46.8963623
2531,46.90551758
2531.203125,46.9329834
2531.40625,46.82922363
2531.601563,46.90856934
2531.804688,46.92993164
2532,46.92382813
2532.203125,46.8963623
2532.40625,46.92993164
2532.601563,46.90551758
2532.804688,46.88415527
2533,46.97265625
2533.203125,46.92993164
2533.40625,46.85974121
2533.601563,46.85058594
2533.804688,46.75292969
2534,46.76208496
2534.203125,46.74682617
2534.40625,46.77124023
2534.601563,46.69494629
2534.804688,46.73156738
2535,46.72241211
2535.203125,46.68579102
2535.40625,46.63696289
2535.601563,46.53320313
2535.804688,46.54541016
2536,46.55456543
2536.203125,46.53930664
2536.40625,46.41113281
2536.601563,46.37756348
2536.804688,46.39892578
2537,46.24328613
2537.203125,46.27685547
2537.40625,46.29211426
2537.601563,46.24023438
2537.804688,46.25244141
2538,46.25244141
2538.203125,46.17614746
2538.40625,46.11206055
2538.601563,46.08459473
2538.804688,46.03271484
2539,46.03881836
2539.203125,46.02355957
2539.40625,46.00830078
2539.601563,45.95947266
2539.804688,45.91369629
2540,45.8190918
2540.203125,45.79467773
2540.40625,45.73059082
2540.601563,45.71838379
2540.804688,45.75805664
2541,45.77941895
2541.203125,45.78552246
2541.40625,45.76416016
2541.601563,45.71838379
2541.804688,45.71228027
2542,45.70617676
2542.203125,45.67871094
2542.40625,45.62988281
2542.601563,45.61767578
2542.804688,45.6237793
2543,45.59631348
2543.203125,45.59020996
2543.40625,45.51696777
2543.601563,45.47424316
2543.804688,45.52001953
2544,45.53527832
2544.203125,45.54138184
2544.40625,45.55053711
2544.601563,45.54138184
2544.804688,45.51391602
2545,45.5078125
2545.203125,45.51086426
2545.40625,45.49255371
2545.601563,45.45898438
2545.804688,45.4864502
2546,45.45288086
2546.203125,45.47119141
2546.40625,45.53833008
2546.601563,45.4498291
2546.804688,45.3918457
2547,45.43762207
2547.203125,45.44067383
2547.40625,45.44067383
2547.601563,45.38269043
2547.804688,45.34301758
2548,45.3338623
2548.203125,45.29724121
2548.40625,45.34912109
2548.601563,45.30944824
2548.804688,45.33081055
2549,45.37658691
2549.203125,45.29724121
2549.40625,45.33081055
2549.601563,45.2545166
2549.804688,45.28198242
2550,45.30029297
2550.203125,45.31860352
2550.40625,45.20874023
2550.601563,45.23010254
2550.804688,45.20263672
2551,45.16296387
2551.203125,45.16296387
2551.40625,45.16601563
2551.601563,45.15380859
2551.804688,45.1171875
2552,45.05310059
2552.203125,45.01647949
2552.40625,45.00732422
2552.601563,44.95849609
2552.804688,44.89440918
2553,44.89440918
2553.203125,44.92797852
2553.40625,44.86999512
2553.601563,44.8638916
2553.804688,44.7845459
2554,44.73571777
2554.203125,44.69604492
2554.40625,44.71130371
2554.601563,44.69604492
2554.804688,44.61669922
2555,44.57092285
2555.203125,44.51904297
2555.40625,44.49768066
2555.601563,44.54650879
2555.804688,44.58312988
2556,44.52514648
2556.203125,44.49157715
2556.40625,44.48242188
2556.601563,44.42138672
2556.804688,44.38171387
2557,44.29321289
2557.203125,44.28100586
2557.40625,44.31152344
2557.601563,44.29016113
2557.804688,44.22302246
2558,44.21691895
2558.203125,44.20166016
2558.40625,44.18334961
2558.601563,44.10095215
2558.804688,44.03381348
2559,43.98498535
2559.203125,43.96972656
2559.40625,43.9453125
2559.601563,43.92700195
2559.804688,43.90869141
2560,43.79272461
2560.203125,43.8079834
2560.40625,43.77441406
2560.601563,43.78356934
2560.804688,43.75610352
2561,43.77746582
2561.203125,43.69506836
2561.40625,43.70422363
2561.601563,43.69812012
2561.804688,43.6706543
2562,43.5760498
2562.203125,43.60351563
2562.40625,43.61877441
2562.601563,43.58215332
2562.804688,43.60046387
2563,43.58215332
2563.203125,43.53942871
2563.40625,43.52722168
2563.601563,43.41430664
2563.804688,43.44787598
2564,43.39294434
2564.203125,43.49975586
2564.40625,43.41430664
2564.601563,43.44787598
2564.804688,43.44787598
2565,43.4387207
2565.203125,43.37768555
2565.40625,43.4173584
2565.601563,43.33190918
2565.804688,43.28918457
2566,43.17626953
2566.203125,43.12438965
2566.40625,43.15795898
2566.601563,43.1427002
2566.804688,43.11218262
2567,43.11523438
2567.203125,43.04504395
2567.40625,43.04504395
2567.601563,43.04504395
2567.804688,43.05114746
2568,43.01757813
2568.203125,42.95349121
2568.40625,43.00842285
2568.601563,42.94128418
2568.804688,42.99926758
2569,42.88635254
2569.203125,42.84057617
2569.40625,42.82226563
2569.601563,42.82836914
2569.804688,42.77648926
2570,42.80395508
2570.203125,42.80395508
2570.40625,42.84973145
2570.601563,42.79785156
2570.804688,42.74902344
2571,42.73681641
2571.203125,42.5994873
2571.40625,42.60864258
2571.601563,42.64221191
2571.804688,42.58117676
2572,42.55371094
2572.203125,42.56896973
2572.40625,42.578125
2572.601563,42.58117676
2572.804688,42.5567627
2573,42.50793457
2573.203125,42.4987793
2573.40625,42.43774414
2573.601563,42.48046875
2573.804688,42.40722656
2574,42.37060547
2574.203125,42.25158691
2574.40625,42.26379395
2574.601563,42.25463867
2574.804688,42.34008789
2575,42.23022461
2575.203125,42.15087891
2575.40625,42.1295166
2575.601563,42.15393066
2575.804688,42.17224121
2576,42.16918945
2576.203125,42.13867188
2576.40625,42.05932617
2576.601563,42.08068848
2576.804688,42.09289551
2577,42.07458496
2577.203125,42.02880859
2577.40625,41.92199707
2577.601563,41.9921875
2577.804688,41.9128418
2578,41.91589355
2578.203125,41.85791016
2578.40625,41.82434082
2578.601563,41.79077148
2578.804688,41.79077148
2579,41.77856445
2579.203125,41.80297852
2579.40625,41.70532227
2579.601563,41.73278809
2579.804688,41.67175293
2580,41.62597656
2580.203125,41.64733887
2580.40625,41.58935547
2580.601563,41.54968262
2580.804688,41.5802002
2581,41.52526855
2581.203125,41.58325195
2581.40625,41.53442383
2581.601563,41.54663086
2581.804688,41.5435791
2582,41.49475098
2582.203125,41.47033691
2582.40625,41.4276123
2582.601563,41.43981934
2582.804688,41.40625
2583,41.3848877
2583.203125,41.27807617
2583.40625,41.24145508
2583.601563,41.14379883
2583.804688,41.19262695
2584,41.16210938
2584.203125,41.10717773
2584.40625,41.06445313
2584.601563,41.03393555
2584.804688,41.05529785
2585,41.05529785
2585.203125,41.05224609
2585.40625,41.04614258
2585.601563,40.98510742
2585.804688,40.99121094
2586,40.90881348
2586.203125,40.92712402
2586.40625,40.94848633
2586.601563,40.95153809
2586.804688,40.89355469
2587,40.92102051
2587.203125,40.84472656
2587.40625,40.83557129
2587.601563,40.77758789
2587.804688,40.7989502
2588,40.79589844
2588.203125,40.72570801
2588.40625,40.71960449
2588.601563,40.78063965
2588.804688,40.78063965
2589,40.73181152
2589.203125,40.69213867
2589.40625,40.68908691
2589.601563,40.61889648
2589.804688,40.59143066
2590,40.67687988
2590.203125,40.66772461
2590.40625,40.58837891
2590.601563,40.49682617
2590.804688,40.43273926
2591,40.43273926
2591.203125,40.34729004
2591.40625,40.28320313
2591.601563,40.30761719
2591.804688,40.29846191
2592,40.26489258
2592.203125,40.234375
2592.40625,40.16723633
2592.601563,40.12451172
2592.804688,40.11535645
2593,40.05126953
2593.203125,40.10314941
2593.40625,40.05126953
2593.601563,40.04516602
2593.804688,39.98413086
2594,39.90783691
2594.203125,39.85900879
2594.40625,39.84680176
2594.601563,39.79492188
2594.804688,39.7857666
2595,39.72167969
2595.203125,39.67590332
2595.40625,39.6697998
2595.601563,39.6270752
2595.804688,39.60266113
2596,39.63012695
2596.203125,39.60571289
2596.40625,39.51721191
2596.601563,39.50500488
2596.804688,39.50805664
2597,39.39208984
2597.203125,39.40734863
2597.40625,39.3371582
2597.601563,39.38293457
2597.804688,39.34326172
2598,39.33410645
2598.203125,39.27001953
2598.40625,39.26696777
2598.601563,39.18762207
2598.804688,39.17541504
2599,39.22119141
2599.203125,39.21813965
2599.40625,39.1784668
2599.601563,39.16625977
2599.804688,39.09912109
2600,39.07165527
2600.203125,39.03503418
2600.40625,39.02282715
2600.601563,38.96179199
2600.804688,38.93432617
2601,38.87023926
2601.203125,38.85498047
2601.40625,38.85192871
2601.601563,38.85192871
2601.804688,38.78479004
2602,38.7298584
2602.203125,38.76037598
2602.40625,38.73291016
2602.601563,38.71459961
2602.804688,38.67797852
2603,38.6138916
2603.203125,38.61694336
2603.40625,38.6505127
2603.601563,38.56201172
2603.804688,38.43383789
2604,38.43078613
2604.203125,38.46740723
2604.40625,38.48571777
2604.601563,38.46435547
2604.804688,38.39416504
2605,38.33618164
2605.203125,38.34533691
2605.40625,38.40942383
2605.601563,38.41552734
2605.804688,38.29345703
2606,38.26599121
2606.203125,38.32397461
2606.40625,38.32092285
2606.601563,38.29040527
2606.804688,38.27514648
2607,38.28735352
2607.203125,38.29956055
2607.40625,38.27514648
2607.601563,38.26904297
2607.804688,38.22937012
2608,38.18359375
2608.203125,38.18664551
2608.40625,38.15002441
2608.601563,38.2019043
2608.804688,38.13476563
2609,38.13171387
2609.203125,38.04321289
2609.40625,38.02185059
2609.601563,37.97302246
2609.804688,37.98828125
2610,38.02490234
2610.203125,37.97302246
2610.40625,37.96691895
2610.601563,37.93334961
2610.804688,37.86010742
2611,37.87841797
2611.203125,37.78991699
2611.40625,37.79602051
2611.601563,37.8326416
2611.804688,37.72888184
2612,37.66479492
2612.203125,37.65563965
2612.40625,37.70141602
2612.601563,37.64953613
2612.804688,37.67089844
2613,37.56713867
2613.203125,37.56103516
2613.40625,37.53051758
2613.601563,37.63122559
2613.804688,37.55187988
2614,37.3260498
2614.203125,37.31079102
2614.40625,37.33520508
2614.601563,37.29248047
2614.804688,37.29858398
2615,37.30163574
2615.203125,37.25891113
2615.40625,37.27722168
2615.601563,37.21313477
2615.804688,37.25585938
2616,37.22229004
2616.203125,37.16430664
2616.40625,37.08190918
2616.601563,37.109375
2616.804688,37.10327148
2617,36.99645996
2617.203125,36.94152832
2617.40625,36.95068359
2617.601563,36.90490723
2617.804688,36.97509766
2618,36.93237305
2618.203125,36.88354492
2618.40625,36.85913086
2618.601563,36.78588867
2618.804688,36.71569824
2619,36.70349121
2619.203125,36.67602539
2619.40625,36.64245605
2619.601563,36.68823242
2619.804688,36.6027832
2620,36.5447998
2620.203125,36.50512695
2620.40625,36.52038574
2620.601563,36.48071289
2620.804688,36.49291992
2621,36.42883301
2621.203125,36.38305664
2621.40625,36.37390137
2621.601563,36.41357422
2621.804688,36.40441895
2622,36.34033203
2622.203125,36.35864258
2622.40625,36.23962402
2622.601563,36.23962402
2622.804688,36.2701416
2623,36.28845215
2623.203125,36.27319336
2623.40625,36.19384766
2623.601563,36.0748291
2623.804688,36.07788086
2624,36.08398438
2624.203125,36.05957031
2624.40625,35.96496582
2624.601563,35.91918945
2624.804688,35.97106934
2625,35.94055176
2625.203125,35.96496582
2625.40625,35.96191406
2625.601563,35.95275879
2625.804688,35.89172363
2626,35.79406738
2626.203125,35.80932617
2626.40625,35.75439453
2626.601563,35.7635498
2626.804688,35.77270508
2627,35.73913574
2627.203125,35.72692871
2627.40625,35.71777344
2627.601563,35.63537598
2627.804688,35.62011719
2628,35.5682373
2628.203125,35.5682373
2628.40625,35.5682373
2628.601563,35.5255127
2628.804688,35.51635742
2629,35.49499512
2629.203125,35.3729248
2629.40625,35.3729248
2629.601563,35.31188965
2629.804688,35.34545898
2630,35.28137207
2630.203125,35.32104492
2630.40625,35.29052734
2630.601563,35.29663086
2630.804688,35.24780273
2631,35.21728516
2631.203125,35.18371582
2631.40625,35.1348877
2631.601563,35.13183594
2631.804688,35.11962891
2632,35.01281738
2632.203125,35.02197266
2632.40625,34.9822998
2632.601563,34.9395752
2632.804688,34.89685059
2633,34.94567871
2633.203125,34.88769531
2633.40625,34.85107422
2633.601563,34.92736816
2633.804688,34.83886719
2634,34.73510742
2634.203125,34.73205566
2634.40625,34.69543457
2634.601563,34.64050293
2634.804688,34.58251953
2635,34.64660645
2635.203125,34.7076416
2635.40625,34.67712402
2635.601563,34.65576172
2635.804688,34.68322754
2636,34.63745117
2636.203125,34.6496582
2636.40625,34.57336426
2636.601563,34.53063965
2636.804688,34.4909668
2637,34.49401855
2637.203125,34.41467285
2637.40625,34.47265625
2637.601563,34.42077637
2637.804688,34.38720703
2638,34.41162109
2638.203125,34.30786133
2638.40625,34.22241211
2638.601563,34.1796875
2638.804688,34.17053223
2639,34.17358398
2639.203125,34.1583252
2639.40625,34.09729004
2639.601563,34.07897949
2639.804688,34.04541016
2640,33.99658203
2640.203125,33.95385742
2640.40625,33.93249512
2640.601563,33.85009766
2640.804688,33.81347656
2641,33.74633789
2641.203125,33.77990723
2641.40625,33.75244141
2641.601563,33.75549316
2641.804688,33.7097168
2642,33.72802734
2642.203125,33.69140625
2642.40625,33.6517334
2642.601563,33.64257813
2642.804688,33.67004395
2643,33.60595703
2643.203125,33.55712891
2643.40625,33.55102539
2643.601563,33.40148926
2643.804688,33.32519531
2644,33.3404541
2644.203125,33.30688477
2644.40625,33.34350586
2644.601563,33.30383301
2644.804688,33.31298828
2645,33.2824707
2645.203125,33.2611084
2645.40625,33.2611084
2645.601563,33.23364258
2645.804688,33.1451416
2646,33.11462402
2646.203125,33.07189941
2646.40625,33.04748535
2646.601563,33.0657959
2646.804688,33.05969238
2647,33.03222656
2647.203125,33.01696777
2647.40625,32.95288086
2647.601563,32.93151855
2647.804688,32.81555176
2648,32.86743164
2648.203125,32.8704834
2648.40625,32.8338623
2648.601563,32.8338623
2648.804688,32.72399902
2649,32.68127441
2649.203125,32.6965332
2649.40625,32.65991211
2649.601563,32.62939453
2649.804688,32.68737793
2650,32.58666992
2650.203125,32.5592041
2650.40625,32.58361816
2650.601563,32.49816895
2650.804688,32.40966797
2651,32.42492676
2651.203125,32.38525391
2651.40625,32.39746094
2651.601563,32.3059082
2651.804688,32.33642578
2652,32.27233887
2652.203125,32.24182129
2652.40625,32.31811523
2652.601563,32.2479248
2652.804688,32.17773438
2653,32.17163086
2653.203125,32.17468262
2653.40625,32.10449219
2653.601563,32.15637207
2653.804688,32.04956055
2654,31.95800781
2654.203125,31.9519043
2654.40625,31.92443848
2654.601563,31.8939209
2654.804688,31.87561035
2655,31.84204102
2655.203125,31.81152344
2655.40625,31.78710938
2655.601563,31.7199707
2655.804688,31.69250488
2656,31.62536621
2656.203125,31.65283203
2656.40625,31.62231445
2656.601563,31.60705566
2656.804688,31.5246582
2657,31.51550293
2657.203125,31.46057129
2657.40625,31.50024414
2657.601563,31.4453125
2657.804688,31.47277832
2658,31.42700195
2658.203125,31.39343262
2658.40625,31.39038086
2658.601563,31.35375977
2658.804688,31.32324219
2659,31.25915527
2659.203125,31.31103516
2659.40625,31.28662109
2659.601563,31.22253418
2659.804688,31.20727539
2660,31.15539551
2660.203125,31.11572266
2660.40625,31.14624023
2660.601563,31.04248047
2660.804688,31.0333252
2661,31.02416992
2661.203125,30.99365234
2661.40625,30.94177246
2661.601563,30.96313477
2661.804688,30.91125488
2662,30.84716797
2662.203125,30.80444336
2662.40625,30.78918457
2662.601563,30.82580566
2662.804688,30.84106445
2663,30.72814941
2663.203125,30.70678711
2663.40625,30.70678711
2663.601563,30.61523438
2663.804688,30.51757813
2664,30.5847168
2664.203125,30.60913086
2664.40625,30.58166504
2664.601563,30.47180176
2664.804688,30.44128418
2665,30.41687012
2665.203125,30.47790527
2665.40625,30.49621582
2665.601563,30.43823242
2665.804688,30.32531738
2666,30.31616211
2666.203125,30.31921387
2666.40625,30.31921387
2666.601563,30.31616211
2666.804688,30.33752441
2667,30.26428223
2667.203125,30.21240234
2667.40625,30.28564453
2667.601563,30.19714355
2667.804688,30.14526367
2668,30.18188477
2668.203125,30.0994873
2668.40625,30.0994873
2668.601563,30.08117676
2668.804688,30.0994873
2669,30.01708984
2669.203125,30.01708984
2669.40625,29.9407959
2669.601563,29.93469238
2669.804688,29.93469238
2670,29.89807129
2670.203125,29.86755371
2670.40625,29.89501953
2670.601563,29.8614502
2670.804688,29.78210449
2671,29.78820801
2671.203125,29.75463867
2671.40625,29.65087891
2671.601563,29.64782715
2671.804688,29.7088623
2672,29.65393066
2672.203125,29.56542969
2672.40625,29.53186035
2672.601563,29.48608398
2672.804688,29.4921875
2673,29.4342041
2673.203125,29.4128418
2673.40625,29.4128418
2673.601563,29.4342041
2673.804688,29.40979004
2674,29.28466797
2674.203125,29.26330566
2674.40625,29.27246094
2674.601563,29.18701172
2674.804688,29.11682129
2675,29.1595459
2675.203125,29.09851074
2675.40625,29.09240723
2675.601563,29.03747559
2675.804688,29.05883789
2676,29.02832031
2676.203125,28.96118164
2676.40625,28.94287109
2676.601563,28.88183594
2676.804688,28.90625
2677,28.91845703
2677.203125,28.76281738
2677.40625,28.73840332
2677.601563,28.80249023
2677.804688,28.72619629
2678,28.76281738
2678.203125,28.71398926
2678.40625,28.61328125
2678.601563,28.54614258
2678.804688,28.51867676
2679,28.54614258
2679.203125,28.50036621
2679.40625,28.47900391
2679.601563,28.46374512
2679.804688,28.46679688
2680,28.46374512
2680.203125,28.32336426
2680.40625,28.30505371
2680.601563,28.33251953
2680.804688,28.33251953
2681,28.33862305
2681.203125,28.26538086
2681.40625,28.22570801
2681.601563,28.16467285
2681.804688,28.16162109
2682,28.17382813
2682.203125,28.07617188
2682.40625,28.00292969
2682.601563,28.03039551
2682.804688,27.99987793
2683,27.98156738
2683.203125,27.90527344
2683.40625,27.91748047
2683.601563,27.74047852
2683.804688,27.76489258
2684,27.71911621
2684.203125,27.75268555
2684.40625,27.70690918
2684.601563,27.67028809
2684.804688,27.64587402
2685,27.63977051
2685.203125,27.58178711
2685.40625,27.5970459
2685.601563,27.52075195
2685.804688,27.47192383
2686,27.49328613
2686.203125,27.5390625
2686.40625,27.44445801
2686.601563,27.43530273
2686.804688,27.43225098
2687,27.41394043
2687.203125,27.38952637
2687.40625,27.2857666
2687.601563,27.21557617
2687.804688,27.23999023
2688,27.21252441
2688.203125,27.19421387
2688.40625,27.05078125
2688.601563,27.13012695
2688.804688,27.07519531
2689,27.12097168
2689.203125,27.01721191
2689.40625,26.99584961
2689.601563,26.92871094
2689.804688,26.9317627
2690,26.91955566
2690.203125,26.91955566
2690.40625,26.89208984
2690.601563,26.84936523
2690.804688,26.79443359
2691,26.82495117
2691.203125,26.67541504
2691.40625,26.64794922
2691.601563,26.60217285
2691.804688,26.58996582
2692,26.59912109
2692.203125,26.54418945
2692.40625,26.50146484
2692.601563,26.47094727
2692.804688,26.48010254
2693,26.45263672
2693.203125,26.46484375
2693.40625,26.39770508
2693.601563,26.40991211
2693.804688,26.35192871
2694,26.26342773
2694.203125,26.25427246
2694.40625,26.27563477
2694.601563,26.13220215
2694.804688,26.18408203
2695,26.20849609
2695.203125,26.14440918
2695.40625,26.12915039
2695.601563,26.04980469
2695.804688,26.0559082
2696,26.01928711
2696.203125,26.01318359
2696.40625,25.85144043
2696.601563,25.79956055
2696.804688,25.7598877
2697,25.70495605
2697.203125,25.65002441
2697.40625,25.64086914
2697.601563,25.57983398
2697.804688,25.53405762
2698,25.55541992
2698.203125,25.49133301
2698.40625,25.43334961
2698.601563,25.42724609
2698.804688,25.38452148
2699,25.39367676
2699.203125,25.48217773
2699.40625,25.49133301
2699.601563,25.45166016
2699.804688,25.43945313
2700,25.4119873
2700.203125,25.4119873
2700.40625,25.39978027
2700.601563,25.30517578
2700.804688,25.34484863
2701,25.37231445
2701.203125,25.30822754
2701.40625,25.28686523
2701.601563,25.21972656
2701.804688,25.23193359
2702,25.14953613
2702.203125,25.1159668
2702.40625,25.05493164
2702.601563,25.02441406
2702.804688,25.00915527
2703,24.94812012
2703.203125,24.89318848
2703.40625,24.94506836
2703.601563,24.83825684
2703.804688,24.75280762
2704,24.7253418
2704.203125,24.67956543
2704.40625,24.61547852
2704.601563,24.61242676
2704.804688,24.5513916
2705,24.48730469
2705.203125,24.51477051
2705.40625,24.47814941
2705.601563,24.41101074
2705.804688,24.36828613
2706,24.3347168
2706.203125,24.36218262
2706.40625,24.33166504
2706.601563,24.28894043
2706.804688,24.20349121
2707,24.10888672
2707.203125,24.12414551
2707.40625,24.06311035
2707.601563,24.05700684
2707.804688,23.99291992
2708,24.02954102
2708.203125,24.05700684
2708.40625,23.99597168
2708.601563,23.95935059
2708.804688,23.95935059
2709,23.90441895
2709.203125,23.91662598
2709.40625,23.91967773
2709.601563,23.86779785
2709.804688,23.80065918
2710,23.78234863
2710.203125,23.80371094
2710.40625,23.81896973
2710.601563,23.78234863
2710.804688,23.67248535
2711,23.63586426
2711.203125,23.64501953
2711.40625,23.62365723
2711.601563,23.56872559
2711.804688,23.52905273
2712,23.44360352
2712.203125,23.4375
2712.40625,23.36730957
2712.601563,23.33984375
2712.804688,23.31542969
2713,23.28796387
2713.203125,23.31848145
2713.40625,23.22387695
2713.601563,23.23303223
2713.804688,23.20556641
2714,23.1048584
2714.203125,23.01025391
2714.40625,23.09875488
2714.601563,22.9675293
2714.804688,23.0255127
2715,22.95837402
2715.203125,22.94006348
2715.40625,22.88513184
2715.601563,22.8515625
2715.804688,22.79968262
2716,22.78747559
2716.203125,22.74475098
2716.40625,22.64099121
2716.601563,22.6776123
2716.804688,22.60742188
2717,22.54638672
2717.203125,22.49755859
2717.40625,22.54638672
2717.601563,22.50366211
2717.804688,22.47314453
2718,22.36633301
2718.203125,22.35717773
2718.40625,22.30529785
2718.601563,22.21984863
2718.804688,22.17712402
2719,22.10693359
2719.203125,22.17102051
2719.40625,22.08251953
2719.601563,22.06420898
2719.804688,21.97875977
2720,22.04589844
2720.203125,21.9543457
2720.40625,21.96960449
2720.601563,21.94519043
2720.804688,21.92993164
2721,21.875
2721.203125,21.90551758
2721.40625,21.91467285
2721.601563,21.84143066
2721.804688,21.86279297
2722,21.7590332
2722.203125,21.70410156
2722.40625,21.61254883
2722.601563,21.59729004
2722.804688,21.59423828
2723,21.51794434
2723.203125,21.5057373
2723.40625,21.49353027
2723.601563,21.35620117
2723.804688,21.37451172
2724,21.32568359
2724.203125,21.31652832
2724.40625,21.2097168
2724.601563,21.2097168
2724.804688,21.23718262
2725,21.24328613
2725.203125,21.21276855
2725.40625,21.16394043
2725.601563,21.09069824
2725.804688,21.02661133
2726,20.99609375
2726.203125,20.88317871
2726.40625,20.88928223
2726.601563,20.83435059
2726.804688,20.89233398
2727,20.81604004
2727.203125,20.71838379
2727.40625,20.67871094
2727.601563,20.66955566
2727.804688,20.60852051
2728,20.5871582
2728.203125,20.5871582
2728.40625,20.48950195
2728.601563,20.5078125
2728.804688,20.48950195
2729,20.38879395
2729.203125,20.35827637
2729.40625,20.33081055
2729.601563,20.23620605
2729.804688,20.32775879
2730,20.30029297
2730.203125,20.17211914
2730.40625,20.20263672
2730.601563,20.21484375
2730.804688,20.15991211
2731,20.02258301
2731.203125,20.0012207
2731.40625,19.93713379
2731.601563,19.89746094
2731.804688,19.87304688
2732,19.87609863
2732.203125,19.79980469
2732.40625,19.71740723
2732.601563,19.74487305
2732.804688,19.65332031
2733,19.61669922
2733.203125,19.60754395
2733.40625,19.49768066
2733.601563,19.52514648
2733.804688,19.47021484
2734,19.38781738
2734.203125,19.30541992
2734.40625,19.27185059
2734.601563,19.25354004
2734.804688,19.23217773
2735,19.15588379
2735.203125,19.08569336
2735.40625,18.99108887
2735.601563,18.91174316
2735.804688,18.97277832
2736,18.93005371
2736.203125,18.90869141
2736.40625,18.8659668
2736.601563,18.84460449
2736.804688,18.82629395
2737,18.7713623
2737.203125,18.65234375
2737.40625,18.70422363
2737.601563,18.66149902
2737.804688,18.66760254
2738,18.62487793
2738.203125,18.50585938
2738.40625,18.46313477
2738.601563,18.40515137
2738.804688,18.36853027
2739,18.31359863
2739.203125,18.28613281
2739.40625,18.2800293
2739.601563,18.2220459
2739.804688,18.19458008
2740,18.1060791
2740.203125,18.03283691
2740.40625,18.01452637
2740.601563,17.95349121
2740.804688,17.96569824
2741,17.95043945
2741.203125,17.87414551
2741.40625,17.86193848
2741.601563,17.81005859
2741.804688,17.84057617
2742,17.85583496
2742.203125,17.7947998
2742.40625,17.66052246
2742.601563,17.57507324
2742.804688,17.5994873
2743,17.60253906
2743.203125,17.4987793
2743.40625,17.48962402
2743.601563,17.4621582
2743.804688,17.44384766
2744,17.5201416
2744.203125,17.51708984
2744.40625,17.37976074
2744.601563,17.34313965
2744.804688,17.3614502
2745,17.34008789
2745.203125,17.32177734
2745.40625,17.26074219
2745.601563,17.13867188
2745.804688,17.11120605
2746,17.23327637
2746.203125,17.21801758
2746.40625,17.05627441
2746.601563,17.06237793
2746.804688,17.03491211
2747,17.04406738
2747.203125,16.98303223
2747.40625,16.96472168
2747.601563,16.85791016
2747.804688,16.89453125
2748,16.90979004
2748.203125,16.83959961
2748.40625,16.73583984
2748.601563,16.78771973
2748.804688,16.82128906
2749,16.81213379
2749.203125,16.69921875
2749.40625,16.64733887
2749.601563,16.61987305
2749.804688,16.5435791
2750,16.59851074
2750.203125,16.55883789
2750.40625,16.45812988
2750.601563,16.40930176
2750.804688,16.3269043
2751,16.24145508
2751.203125,16.27807617
2751.40625,16.26281738
2751.601563,16.13464355
2751.804688,16.1529541
2752,16.11328125
2752.203125,16.05529785
2752.40625,16.03393555
2752.601563,15.93933105
2752.804688,15.91796875
2753,15.86914063
2753.203125,15.85693359
2753.40625,15.78369141
2753.601563,15.77148438
2753.804688,15.66467285
2754,15.55786133
2754.203125,15.49987793
2754.40625,15.48461914
2754.601563,15.40527344
2754.804688,15.35949707
2755,15.36560059
2755.203125,15.31982422
2755.40625,15.31066895
2755.601563,15.24963379
2755.804688,15.1763916
2756,15.13977051
2756.203125,15.17944336
2756.40625,15.09399414
2756.601563,15.05432129
2756.804688,14.99328613
2757,14.97497559
2757.203125,14.94140625
2757.40625,14.92614746
2757.601563,14.84680176
2757.804688,14.82543945
2758,14.81933594
2758.203125,14.77966309
2758.40625,14.7064209
2758.601563,14.60571289
2758.804688,14.5324707
2759,14.57824707
2759.203125,14.54162598
2759.40625,14.46838379
2759.601563,14.36157227
2759.804688,14.27612305
2760,14.24560547
2760.203125,14.19067383
2760.40625,14.15100098
2760.601563,14.10522461
2760.804688,14.03503418
2761,14.01062012
2761.203125,13.98010254
2761.40625,13.97399902
2761.601563,13.9251709
2761.804688,13.81225586
2762,13.70849609
2762.203125,13.72680664
2762.40625,13.64746094
2762.601563,13.56506348
2762.804688,13.49487305
2763,13.48266602
2763.203125,13.4765625
2763.40625,13.48571777
2763.601563,13.30871582
2763.804688,13.3026123
2764,13.34533691
2764.203125,13.2598877
2764.40625,13.1652832
2764.601563,13.15002441
2764.804688,13.09509277
2765,13.00048828
2765.203125,12.93640137
2765.40625,12.93945313
2765.601563,12.83874512
2765.804688,12.70751953
2766,12.72583008
2766.203125,12.67089844
2766.40625,12.61901855
2766.601563,12.61291504
2766.804688,12.51831055
2767,12.45117188
2767.203125,12.46643066
2767.40625,12.41455078
2767.601563,12.31994629
2767.804688,12.29248047
2768,12.24975586
2768.203125,12.20092773
2768.40625,12.16430664
2768.601563,12.10632324
2768.804688,12.00561523
2769,11.95678711
2769.203125,11.91711426
2769.40625,11.8927002
2769.601563,11.81030273
2769.804688,11.7980957
2770,11.67602539
2770.203125,11.64550781
2770.40625,11.6607666
2770.601563,11.61499023
2770.804688,11.47766113
2771,11.46850586
2771.203125,11.39831543
2771.40625,11.37695313
2771.601563,11.29150391
2771.804688,11.19995117
2772,11.16943359
2772.203125,11.12060547
2772.40625,11.09008789
2772.601563,11.03515625
2772.804688,10.98632813
2773,10.88562012
2773.203125,10.84594727
2773.40625,10.77270508
2773.601563,10.7635498
2773.804688,10.68115234
2774,10.51635742
2774.203125,10.49499512
2774.40625,10.51025391
2774.601563,10.40344238
2774.804688,10.35766602
2775,10.32104492
2775.203125,10.21728516
2775.40625,10.1348877
2775.601563,10.07385254
2775.804688,10.00671387
2776,9.89074707
2776.203125,9.790039063
2776.40625,9.710693359
2776.601563,9.713745117
2776.804688,9.674072266
2777,9.524536133
2777.203125,9.457397461
2777.40625,9.414672852
2777.601563,9.381103516
2777.804688,9.289550781
2778,9.201049805
2778.203125,9.124755859
2778.40625,9.020996094
2778.601563,8.905029297
2778.804688,8.868408203
2779,8.874511719
2779.203125,8.728027344
2779.40625,8.639526367
2779.601563,8.651733398
2779.804688,8.599853516
2780,8.52355957
2780.203125,8.444213867
2780.40625,8.493041992
2780.601563,8.444213867
2780.804688,8.407592773
2781,8.251953125
2781.203125,8.218383789
2781.40625,8.093261719
2781.601563,8.071899414
2781.804688,7.989501953
2782,7.922363281
2782.203125,7.830810547
2782.40625,7.778930664
2782.601563,7.74230957
2782.804688,7.669067383
2783,7.559204102
2783.203125,7.461547852
2783.40625,7.379150391
2783.601563,7.290649414
2783.804688,7.196044922
2784,7.107543945
2784.203125,7.015991211
2784.40625,7.03125
2784.601563,6.921386719
2784.804688,6.872558594
2785,6.76574707
2785.203125,6.744384766
2785.40625,6.771850586
2785.601563,6.695556641
2785.804688,6.497192383
2786,6.478881836
2786.203125,6.484985352
2786.40625,6.369018555
2786.601563,6.344604492
2786.804688,6.295776367
2787,6.240844727
2787.203125,6.115722656
2787.40625,5.981445313
2787.601563,5.938720703
2787.804688,5.889892578
2788,5.743408203
2788.203125,5.648803711
2788.40625,5.642700195
2788.601563,5.535888672
2788.804688,5.456542969
2789,5.37109375
2789.203125,5.291748047
2789.40625,5.172729492
2789.601563,5.14831543
2789.804688,5.157470703
2790,5.041503906
2790.203125,4.998779297
2790.40625,4.843139648
2790.601563,4.718017578
2790.804688,4.71496582
2791,4.626464844
2791.203125,4.534912109
2791.40625,4.425048828
2791.601563,4.309082031
2791.804688,4.275512695
2792,4.17175293
2792.203125,4.104614258
2792.40625,3.991699219
2792.601563,3.866577148
2792.804688,3.784179688
2793,3.729248047
2793.203125,3.601074219
2793.40625,3.472900391
2793.601563,3.472900391
2793.804688,3.375244141
2794,3.164672852
2794.203125,3.115844727
2794.40625,3.012084961
2794.601563,2.90222168
2794.804688,2.801513672
2795,10.60791016
2795.203125,32.49816895
2795.40625,42.74597168
2795.601563,48.0682373
2795.804688,51.92871094
2796,55.32836914
2796.203125,58.52355957
2796.40625,61.61193848
2796.601563,64.71557617
2796.804688,67.86804199
2797,62.99438477
2797.203125,44.2565918
2797.40625,36.88354492
2797.601563,34.24072266
2797.804688,33.13903809
2798,32.49206543
2798.203125,31.96716309
2798.40625,31.57653809
2798.601563,31.12182617
2798.804688,30.76477051
2799,30.45959473
2799.203125,30.06286621
2799.40625,29.76989746
2799.601563,29.46472168
2799.804688,29.13513184
2800,28.7689209
2800.203125,28.46069336
2800.40625,28.15246582
2800.601563,27.80151367
2800.804688,27.58483887
2801,27.35290527
2801.203125,27.06298828
2801.40625,26.80053711
2801.601563,26.46789551
2801.804688,26.24816895
2802,26.00402832
2802.203125,25.72631836
2802.40625,25.4699707
2802.601563,25.20751953
2802.804688,24.98474121
2803,24.67041016
2803.203125,24.42626953
2803.40625,24.27062988
2803.601563,23.94104004
2803.804688,23.76403809
2804,23.52600098
2804.203125,23.32458496
2804.40625,23.13842773
2804.601563,22.86071777
2804.804688,22.68066406
2805,22.54638672
2805.203125,22.27172852
2805.40625,22.05200195
2805.601563,21.96655273
2805.804688,21.68884277
2806,21.41418457
2806.203125,21.26159668
2806.40625,21.09069824
2806.601563,20.91064453
2806.804688,20.73974609
2807,20.58410645
2807.203125,20.40405273
2807.40625,20.21789551
2807.601563,20.0012207
2807.804688,19.79675293
2808,19.69299316
2808.203125,19.54956055
2808.40625,19.40612793
2808.601563,19.2199707
2808.804688,18.99719238
2809,18.92700195
2809.203125,18.73168945
2809.40625,18.56079102
2809.601563,18.34716797
2809.804688,18.23730469
2810,18.06335449
2810.203125,17.97485352
2810.40625,17.84362793
2810.601563,17.73681641
2810.804688,17.53540039
2811,17.48046875
2811.203125,17.33703613
2811.40625,17.21496582
2811.601563,17.02880859
2811.804688,16.88842773
2812,16.7388916
2812.203125,16.66564941
2812.40625,16.49169922
2812.601563,16.30249023
2812.804688,16.2322998
2813,16.09802246
2813.203125,15.98205566
2813.40625,15.8782959
2813.601563,15.76538086
2813.804688,15.65856934
2814,15.39306641
2814.203125,15.25878906
2814.40625,15.17333984
2814.601563,15.06652832
2814.804688,14.9017334
2815,14.77050781
2815.203125,14.68811035
2815.40625,14.5690918
2815.601563,14.41650391
2815.804688,14.32189941
2816,14.2364502
2816.203125,14.16625977
2816.40625,14.05639648
2816.601563,13.8885498
2816.804688,13.72375488
2817,13.65661621
2817.203125,13.54980469
2817.40625,13.44604492
2817.601563,13.3392334
2817.804688,13.22937012
2818,13.07373047
2818.203125,12.88757324
2818.40625,12.82348633
2818.601563,12.6159668
2818.804688,12.46948242
2819,12.32910156
2819.203125,12.2253418
2819.40625,12.15209961
2819.601563,12.0513916
2819.804688,11.90185547
2820,11.7767334
2820.203125,11.65161133
2820.40625,11.58752441
2820.601563,11.45019531
2820.804688,11.33728027
2821,11.28845215
2821.203125,11.21826172
2821.40625,11.11755371
2821.601563,10.95275879
2821.804688,10.81237793
2822,10.71777344
2822.203125,10.59570313
2822.40625,10.47668457
2822.601563,10.37902832
2822.804688,10.23864746
2823,10.11047363
2823.203125,9.930419922
2823.40625,9.921264648
2823.601563,9.725952148
2823.804688,9.622192383
2824,9.521484375
2824.203125,9.44519043
2824.40625,9.350585938
2824.601563,9.201049805
2824.804688,9.124755859
2825,9.027099609
2825.203125,8.969116211
2825.40625,8.88671875
2825.601563,8.746337891
2825.804688,8.636474609
2826,8.605957031
2826.203125,8.508300781
2826.40625,8.416748047
2826.601563,8.383178711
2826.804688,8.285522461
2827,8.218383789
2827.203125,8.099365234
2827.40625,7.971191406
2827.601563,7.873535156
2827.804688,7.751464844
2828,7.592773438
2828.203125,7.54699707
2828.40625,7.415771484
2828.601563,7.443237305
2828.804688,7.318115234
2829,7.168579102
2829.203125,7.052612305
2829.40625,6.979370117
2829.601563,6.811523438
2829.804688,6.716918945
2830,6.628417969
2830.203125,6.579589844
2830.40625,6.469726563
2830.601563,6.338500977
2830.804688,6.213378906
2831,6.176757813
2831.203125,6.045532227
2831.40625,5.920410156
2831.601563,5.828857422
2831.804688,5.783081055
2832,5.682373047
2832.203125,5.514526367
2832.40625,5.438232422
2832.601563,5.364990234
2832.804688,5.267333984
2833,5.215454102
2833.203125,5.099487305
2833.40625,5.05065918
2833.601563,4.98046875
2833.804688,4.849243164
2834,4.605102539
2834.203125,4.547119141
2834.40625,4.531860352
2834.601563,4.412841797
2834.804688,4.342651367
2835,4.263305664
2835.203125,4.220581055
2835.40625,4.086303711
2835.601563,3.955078125
2835.804688,3.887939453
2836,3.762817383
2836.203125,3.68347168
2836.40625,3.579711914
2836.601563,3.436279297
2836.804688,3.350830078
2837,3.329467773
2837.203125,3.213500977
2837.40625,3.085327148
2837.601563,3.018188477
2837.804688,2.975463867
2838,2.844238281
2838.203125,2.746582031
2838.40625,2.600097656
2838.601563,2.462768555
2838.804688,2.410888672
2839,2.355957031
2839.203125,2.261352539
2839.40625,2.172851563
2839.601563,2.090454102
2839.804688,1.943969727
2840,1.864624023
2840.203125,1.754760742
2840.40625,1.63269043
2840.601563,1.498413086
2840.804688,1.446533203
2841,1.416015625
2841.203125,1.309204102
2841.40625,1.260375977
2841.601563,1.104736328
2841.804688,0.9521484375
2842,0.8758544922
2842.203125,0.78125
2842.40625,0.6378173828
2842.601563,0.5523681641
2842.804688,0.4364013672
2843,0.2624511719
2843.203125,0.1281738281
2843.40625,0.01525878906
2843.601563,-0.1403808594
2843.804688,-0.2655029297
2844,-0.3967285156
2844.203125,-0.4974365234
2844.40625,-0.7080078125
2844.601563,-0.8697509766
2844.804688,-0.9674072266
2845,-1.068115234
2845.203125,-1.217651367
2845.40625,-1.330566406
2845.601563,-1.486206055
2845.804688,-1.556396484
2846,-1.727294922
2846.203125,-1.846313477
2846.40625,-1.937866211
2846.601563,-2.081298828
2846.804688,-2.194213867
2847,-2.325439453
2847.203125,-2.523803711
2847.40625,-2.593994141
2847.601563,-2.813720703
2847.804688,-2.95715332
2848,-3.134155273
2848.203125,-3.237915039
2848.40625,-3.317260742
2848.601563,-3.475952148
2848.804688,-3.604125977
2849,-3.851318359
2849.203125,-3.991699219
2849.40625,-4.067993164
2849.601563,-4.208374023
2849.804688,-4.287719727
2850,-4.489135742
2850.203125,-4.678344727
2850.40625,-4.81262207
2850.601563,-4.937744141
2850.804688,-5.191040039
2851,-5.288696289
2851.203125,-5.493164063
2851.40625,-5.551147461
2851.601563,-5.795288086
2851.804688,-5.953979492
2852,-6.085205078
2852.203125,-6.256103516
2852.40625,-6.405639648
2852.601563,-6.640625
2852.804688,-6.759643555
2853,-6.805419922
2853.203125,-6.988525391
2853.40625,-7.150268555
2853.601563,-7.354736328
2853.804688,-7.513427734
2854,-7.788085938
2854.203125,-7.901000977
2854.40625,-8.013916016
2854.601563,-8.203125
2854.804688,-8.422851563
2855,-8.563232422
2855.203125,-8.676147461
2855.40625,-8.81652832
2855.601563,-8.981323242
2855.804688,-9.201049805
2856,-9.338378906
2856.203125,-9.518432617
2856.40625,-9.643554688
2856.601563,-9.820556641
2856.804688,-10.02502441
2857,-10.18981934
2857.203125,-10.31799316
2857.40625,-10.46447754
2857.601563,-10.70556641
2857.804688,-10.8795166
2858,-11.08093262
2858.203125,-11.23962402
2858.40625,-11.45019531
2858.601563,-11.72485352
2858.804688,-11.87438965
2859,-12.05444336
2859.203125,-12.20092773
2859.40625,-12.33520508
2859.601563,-12.5213623
2859.804688,-12.80517578
2860,-12.9486084
2860.203125,-13.0859375
2860.40625,-13.29345703
2860.601563,-13.40942383
2860.804688,-13.57421875
2861,-13.79699707
2861.203125,-13.99841309
2861.40625,-14.17541504
2861.601563,-14.41040039
2861.804688,-14.58435059
2862,-14.75830078
2862.203125,-14.97192383
2862.40625,-15.13061523
2862.601563,-15.38696289
2862.804688,-15.5670166
2863,-15.81115723
2863.203125,-15.99731445
2863.40625,-16.16516113
2863.601563,-16.44897461
2863.804688,-16.63513184
2864,-16.8548584
2864.203125,-16.99829102
2864.40625,-17.23937988
2864.601563,-17.42858887
2864.804688,-17.60864258
2865,-17.76428223
2865.203125,-17.98400879
2865.40625,-18.17932129
2865.601563,-18.37768555
2865.804688,-18.6706543
2866,-18.85681152
2866.203125,-19.01245117
2866.40625,-19.29321289
2866.601563,-19.44580078
2866.804688,-19.68383789
2867,-19.93408203
2867.203125,-20.16296387
2867.40625,-20.39489746
2867.601563,-20.62072754
2867.804688,-20.88317871
2868,-21.07543945
2868.203125,-21.29821777
2868.40625,-21.52099609
2868.601563,-21.72851563
2868.804688,-21.96960449
2869,-22.24121094
2869.203125,-22.49145508
2869.40625,-22.67456055
2869.601563,-22.93395996
2869.804688,-23.04992676
2870,-23.17199707
2870.203125,-23.38562012
2870.40625,-23.52294922
2870.601563,-23.72131348
2870.804688,-24.13330078
2871,-24.33166504
2871.203125,-24.55749512
2871.40625,-24.67041016
2871.601563,-24.8260498
2871.804688,-25.12207031
2872,-25.35095215
2872.203125,-25.57678223
2872.40625,-25.86975098
2872.601563,-26.06201172
2872.804688,-26.27868652
2873,-26.52893066
2873.203125,-26.70288086
2873.40625,-26.88903809
2873.601563,-27.07214355
2873.804688,-27.35290527
2874,-27.74047852
2874.203125,-27.94799805
2874.40625,-28.13110352
2874.601563,-28.32641602
2874.804688,-28.62548828
2875,-28.90930176
2875.203125,-29.09545898
2875.40625,-29.34265137
2875.601563,-29.60205078
2875.804688,-29.82177734
2876,-30.03540039
2876.203125,-30.24291992
2876.40625,-30.47790527
2876.601563,-30.62744141
2876.804688,-30.88378906
2877,-31.15539551
2877.203125,-31.35070801
2877.40625,-31.55212402
2877.601563,-31.73828125
2877.804688,-31.96716309
2878,-32.27233887
2878.203125,-32.43103027
2878.40625,-32.71179199
2878.601563,-32.99560547
2878.804688,-33.22753906
2879,-33.41369629
2879.203125,-33.64562988
2879.40625,-33.91723633
2879.601563,-34.1796875
2879.804688,-34.48486328
2880,-34.75341797
2880.203125,-34.97009277
2880.40625,-35.19592285
2880.601563,-35.44921875
2880.804688,-35.69030762
2881,-35.89477539
2881.203125,-36.26098633
2881.40625,-36.42578125
2881.601563,-36.69433594
2881.804688,-36.90490723
2882,-37.10327148
2882.203125,-37.4206543
2882.40625,-37.62512207
2882.601563,-37.83569336
2882.804688,-38.1072998
2883,-38.33312988
2883.203125,-38.54370117
2883.40625,-38.77868652
2883.601563,-38.9831543
2883.804688,-39.24560547
2884,-39.40124512
2884.203125,-39.71252441
2884.40625,-39.9597168
2884.601563,-40.13671875
2884.804688,-40.43273926
2885,-40.64331055
2885.203125,-40.83862305
2885.40625,-41.07971191
2885.601563,-41.28723145
2885.804688,-41.52832031
2886,-41.74804688
2886.203125,-42.05627441
2886.40625,-42.2454834
2886.601563,-42.44689941
2886.804688,-42.68188477
2887,-42.95654297
2887.203125,-43.17932129
2887.40625,-43.42651367
2887.601563,-43.67980957
2887.804688,-43.87207031
2888,-44.07958984
2888.203125,-44.34204102
2888.40625,-44.59228516
2888.601563,-44.7845459
2888.804688,-44.98291016
2889,-45.32165527
2889.203125,-45.52612305
2889.40625,-45.80993652
2889.601563,-45.90454102
2889.804688,-46.09985352
2890,-46.3684082
2890.203125,-46.60949707
2890.40625,-46.80786133
2890.601563,-47.0123291
2890.804688,-47.26867676
2891,-47.43041992
2891.203125,-47.7722168
2891.40625,-47.95837402
2891.601563,-48.05908203
2891.804688,-48.2208252
2892,-48.44360352
2892.203125,-48.66638184
2892.40625,-48.92578125
2892.601563,-49.09667969
2892.804688,-49.26147461
2893,-49.43237305
2893.203125,-49.61547852
2893.40625,-49.80163574
2893.601563,-50.00915527
2893.804688,-50.19836426
2894,-50.46081543
2894.203125,-50.59204102
2894.40625,-50.76293945
2894.601563,-50.98266602
2894.804688,-51.10778809
2895,-51.28479004
2895.203125,-51.49841309
2895.40625,-51.69067383
2895.601563,-51.85852051
2895.804688,-51.98364258
2896,-52.16674805
2896.203125,-52.41088867
2896.40625,-52.60620117
2896.601563,-52.77404785
2896.804688,-52.93273926
2897,-53.03955078
2897.203125,-53.23181152
2897.40625,-53.4362793
2897.601563,-53.55834961
2897.804688,-53.65905762
2898,-53.86047363
2898.203125,-54.06188965
2898.40625,-54.26330566
2898.601563,-54.42504883
2898.804688,-54.53491211
2899,-54.6661377
2899.203125,-54.81567383
2899.40625,-54.94689941
2899.601563,-55.1361084
2899.804688,-55.31921387
2900,-55.44128418
2900.203125,-55.57250977
2900.40625,-55.7434082
2900.601563,-55.95703125
2900.804688,-56.0546875
2901,-56.13098145
2901.203125,-56.29577637
2901.40625,-56.52160645
2901.601563,-56.66809082
2901.804688,-56.75048828
2902,-56.86340332
2902.203125,-57.03735352
2902.40625,-57.19299316
2902.601563,-57.3425293
2902.804688,-57.44934082
2903,-57.57141113
2903.203125,-57.70263672
2903.40625,-57.91625977
2903.601563,-58.02001953
2903.804688,-58.16040039
2904,-58.22143555
2904.203125,-58.37097168
2904.40625,-58.55102539
2904.601563,-58.68530273
2904.804688,-58.77990723
2905,-58.84094238
2905.203125,-58.95996094
2905.40625,-59.05761719
2905.601563,-59.23156738
2905.804688,-59.41772461
2906,-59.52148438
2906.203125,-59.6282959
2906.40625,-59.65576172
2906.601563,-59.82055664
2906.804688,-59.91516113
2907,-59.9395752
2907.203125,-60.0769043
2907.40625,-60.19897461
2907.601563,-60.35766602
2907.804688,-60.42785645
2908,-60.52856445
2908.203125,-60.61401367
2908.40625,-60.69030762
2908.601563,-60.72692871
2908.804688,-60.91918945
2909,-60.96191406
2909.203125,-61.01989746
2909.40625,-61.12670898
2909.601563,-61.32202148
2909.804688,-61.39221191
2910,-61.39831543
2910.203125,-61.47155762
2910.40625,-61.59973145
2910.601563,-61.72485352
2910.804688,-61.84997559
2911,-61.85913086
2911.203125,-61.93237305
2911.40625,-61.9934082
2911.601563,-62.12768555
2911.804688,-62.1673584
2912,-62.29553223
2912.203125,-62.35961914
2912.40625,-62.53356934
2912.601563,-62.61901855
2912.804688,-62.64343262
2913,-62.64953613
2913.203125,-62.77770996
2913.40625,-62.81738281
2913.601563,-62.98828125
2913.804688,-63.09509277
2914,-63.24462891
2914.203125,-63.21411133
2914.40625,-63.24157715
2914.601563,-63.39416504
2914.804688,-63.46435547
2915,-63.50402832
2915.203125,-63.60778809
2915.40625,-63.73291016
2915.601563,-63.78479004
2915.804688,-63.8458252
2916,-63.97705078
2916.203125,-64.02893066
2916.40625,-64.10827637
2916.601563,-64.13574219
2916.804688,-64.28833008
2917,-64.3951416
2917.203125,-64.42871094
2917.40625,-64.43481445
2917.601563,-64.50195313
2917.804688,-64.61486816
2918,-64.72167969
2918.203125,-64.75524902
2918.40625,-64.83154297
2918.601563,-64.89868164
2918.804688,-65.06958008
2919,-65.05432129
2919.203125,-65.13366699
2919.40625,-65.20690918
2919.601563,-65.29541016
2919.804688,-65.43579102
2920,-65.48156738
2920.203125,-65.49682617
2920.40625,-65.55175781
2920.601563,-65.59448242
2920.804688,-65.64941406
2921,-65.75012207
2921.203125,-65.81726074
2921.40625,-65.88745117
2921.601563,-65.93322754
2921.804688,-66.02172852
2922,-66.08276367
2922.203125,-66.04919434
2922.40625,-66.10717773
2922.601563,-66.22009277
2922.804688,-66.25061035
2923,-66.38183594
2923.203125,-66.43066406
2923.40625,-66.45507813
2923.601563,-66.55883789
2923.804688,-66.59851074
2924,-66.69006348
2924.203125,-66.70837402
2924.40625,-66.76330566
2924.601563,-66.82128906
2924.804688,-66.8548584
2925,-66.95251465
2925.203125,-66.96777344
2925.40625,-66.99829102
2925.601563,-67.03796387
2925.804688,-67.19360352
2926,-67.23022461
2926.203125,-67.27294922
2926.40625,-67.34924316
2926.601563,-67.34008789
2926.804688,-67.40112305
2927,-67.43164063
2927.203125,-67.44384766
2927.40625,-67.53234863
2927.601563,-67.53234863
2927.804688,-67.60559082
2928,-67.72155762
2928.203125,-67.76428223
2928.40625,-67.79785156
2928.601563,-67.81005859
2928.804688,-67.93518066
2929,-67.96264648
2929.203125,-68.0267334
2929.40625,-68.05725098
2929.601563,-68.12744141
2929.804688,-68.12744141
2930,-68.23425293
2930.203125,-68.28918457
2930.40625,-68.33190918
2930.601563,-68.37158203
2930.804688,-68.43566895
2931,-68.47229004
2931.203125,-68.55163574
2931.40625,-68.64318848
2931.601563,-68.58825684
2931.804688,-68.69812012
2932,-68.78662109
2932.203125,-68.79882813
2932.40625,-68.83850098
2932.601563,-68.8873291
2932.804688,-68.96362305
2933,-69.03076172
2933.203125,-69.0246582
2933.40625,-69.03381348
2933.601563,-69.140625
2933.804688,-69.1619873
2934,-69.29931641
2934.203125,-69.29016113
2934.40625,-69.31762695
2934.601563,-69.42138672
2934.804688,-69.46105957
2935,-69.55871582
2935.203125,-69.58312988
2935.40625,-69.61364746
2935.601563,-69.60449219
2935.804688,-69.67163086
2936,-69.73266602
2936.203125,-69.80895996
2936.40625,-69.84558105
2936.601563,-69.87915039
2936.804688,-69.90661621
2937,-69.91271973
2937.203125,-69.97680664
2937.40625,-70.05004883
2937.601563,-70.08666992
2937.804688,-70.13549805
2938,-70.17822266
2938.203125,-70.20874023
2938.40625,-70.23010254
2938.601563,-70.34301758
2938.804688,-70.34912109
2939,-70.4284668
2939.203125,-70.4864502
2939.40625,-70.58410645
2939.601563,-70.56884766
2939.804688,-70.67260742
2940,-70.69702148
2940.203125,-70.7611084
2940.40625,-70.80078125
2940.601563,-70.8404541
2940.804688,-70.88928223
2941,-70.87097168
2941.203125,-70.88012695
2941.40625,-70.99914551
2941.601563,-71.04492188
2941.804688,-71.1151123
2942,-71.14562988
2942.203125,-71.12731934
2942.40625,-71.2310791
2942.601563,-71.29211426
2942.804688,-71.30737305
2943,-71.31958008
2943.203125,-71.40808105
2943.40625,-71.51184082
2943.601563,-71.53625488
2943.804688,-71.53625488
2944,-71.53320313
2944.203125,-71.61865234
2944.40625,-71.62475586
2944.601563,-71.57592773
2944.804688,-71.63391113
2945,-71.7010498
2945.203125,-71.75292969
2945.40625,-71.84448242
2945.601563,-71.88110352
2945.804688,-71.8963623
2946,-71.96655273
2946.203125,-72.00012207
2946.40625,-72.01538086
2946.601563,-71.97875977
2946.804688,-72.0703125
2947,-72.07641602
2947.203125,-72.1496582
2947.40625,-72.26257324
2947.601563,-72.2076416
2947.804688,-72.19848633
2948,-72.34191895
2948.203125,-72.36633301
2948.40625,-72.38769531
2948.601563,-72.42431641
2948.804688,-72.37243652
2949,-72.42431641
2949.203125,-72.46398926
2949.40625,-72.57080078
2949.601563,-72.61657715
2949.804688,-72.57385254
2950,-72.60742188
2950.203125,-72.65014648
2950.40625,-72.70812988
2950.601563,-72.76611328
2950.804688,-72.71728516
2951,-72.78137207
2951.203125,-72.88818359
2951.40625,-72.87902832
2951.601563,-72.89123535
2951.804688,-72.90344238
2952,-73.01940918
2952.203125,-72.99804688
2952.40625,-73.07434082
2952.601563,-73.15979004
2952.804688,-73.17810059
2953,-73.15368652
2953.203125,-73.21472168
2953.40625,-73.21472168
2953.601563,-73.26660156
2953.804688,-73.33374023
2954,-73.4161377
2954.203125,-73.4161377
2954.40625,-73.47412109
2954.601563,-73.51989746
2954.804688,-73.50769043
2955,-73.53515625
2955.203125,-73.59619141
2955.40625,-73.67858887
2955.601563,-73.72131348
2955.804688,-73.72436523
2956,-73.76708984
2956.203125,-73.78540039
2956.40625,-73.85864258
2956.601563,-73.91662598
2956.804688,-73.98986816
2957,-74.05700684
2957.203125,-74.05700684
2957.40625,-74.05090332
2957.601563,-74.11193848
2957.804688,-74.13635254
2958,-74.16687012
2958.203125,-74.16381836
2958.40625,-74.20043945
2958.601563,-74.33166504
2958.804688,-74.27978516
2959,-74.32861328
2959.203125,-74.42016602
2959.40625,-74.3560791
2959.601563,-74.43237305
2959.804688,-74.43237305
2960,-74.52087402
2960.203125,-74.53308105
2960.40625,-74.53918457
2960.601563,-74.60021973
2960.804688,-74.61547852
2961,-74.65209961
2961.203125,-74.64904785
2961.40625,-74.70092773
2961.601563,-74.75585938
2961.804688,-74.79248047
2962,-74.8626709
2962.203125,-74.81689453
2962.40625,-74.86572266
2962.601563,-74.90234375
2962.804688,-74.98779297
2963,-75.03051758
2963.203125,-75.07019043
2963.40625,-75.14038086
2963.601563,-75.0793457
2963.804688,-75.13122559
2964,-75.09765625
2964.203125,-75.21057129
2964.40625,-75.23193359
2964.601563,-75.23498535
2964.804688,-75.30517578
2965,-75.30517578
2965.203125,-75.40283203
2965.40625,-75.38757324
2965.601563,-75.44250488
2965.804688,-75.56152344
2966,-75.48522949
2966.203125,-75.58288574
2966.40625,-75.55847168
2966.601563,-75.54931641
2966.804688,-75.57678223
2967,-75.62561035
2967.203125,-75.63781738
2967.40625,-75.71716309
2967.601563,-75.73547363
2967.804688,-75.79345703
2968,-75.82397461
2968.203125,-75.82092285
2968.40625,-75.86364746
2968.601563,-75.83007813
2968.804688,-75.94909668
2969,-75.93078613
2969.203125,-75.92163086
2969.40625,-75.9185791
2969.601563,-75.96740723
2969.804688,-76.05895996
2970,-76.01318359
2970.203125,-76.04980469
2970.40625,-76.14135742
2970.601563,-76.19018555
2970.804688,-76.22680664
2971,-76.26342773
2971.203125,-76.26342773
2971.40625,-76.24206543
2971.601563,-76.28479004
2971.804688,-76.29699707
2972,-76.29394531
2972.203125,-76.31225586
2972.40625,-76.33361816
2972.601563,-76.39770508
2972.804688,-76.4251709
2973,-76.46179199
2973.203125,-76.51672363
2973.40625,-76.49841309
2973.601563,-76.55334473
2973.804688,-76.63574219
2974,-76.70898438
2974.203125,-76.69372559
2974.40625,-76.7364502
2974.601563,-76.77612305
2974.804688,-76.75476074
2975,-76.86157227
2975.203125,-76.82800293
2975.40625,-76.85241699
2975.601563,-76.89208984
2975.804688,-76.87072754
2976,-76.8951416
2976.203125,-76.94396973
2976.40625,-77.01721191
2976.601563,-76.98364258
2976.804688,-77.10876465
2977,-77.14538574
2977.203125,-77.13012695
2977.40625,-77.15148926
2977.601563,-77.20336914
2977.804688,-77.25219727
2978,-77.23693848
2978.203125,-77.2644043
2978.40625,-77.30102539
2978.601563,-77.33459473
2978.804688,-77.37426758
2979,-77.39257813
2979.203125,-77.43530273
2979.40625,-77.42614746
2979.601563,-77.49938965
2979.804688,-77.57263184
2980,-77.57263184
2980.203125,-77.62145996
2980.40625,-77.6550293
2980.601563,-77.67333984
2980.804688,-77.65197754
2981,-77.74353027
2981.203125,-77.73742676
2981.40625,-77.77099609
2981.601563,-77.8137207
2981.804688,-77.84118652
2982,-77.86865234
2982.203125,-77.94494629
2982.40625,-77.89611816
2982.601563,-77.92663574
2982.804688,-77.92663574
2983,-77.91137695
2983.203125,-77.94494629
2983.40625,-78.05480957
2983.601563,-78.07312012
2983.804688,-78.03955078
2984,-78.07312012
2984.203125,-78.10668945
2984.40625,-78.10058594
2984.601563,-78.09448242
2984.804688,-78.18603516
2985,-78.17382813
2985.203125,-78.28979492
2985.40625,-78.2409668
2985.601563,-78.27453613
2985.804688,-78.25012207
2986,-78.23181152
2986.203125,-78.35388184
2986.40625,-78.33862305
2986.601563,-78.28369141
2986.804688,-78.33557129
2987,-78.38745117
2987.203125,-78.45458984
2987.40625,-78.40576172
2987.601563,-78.47290039
2987.804688,-78.43017578
2988,-78.48510742
2988.203125,-78.51867676
2988.40625,-78.54309082
2988.601563,-78.50952148
2988.804688,-78.57666016
2989,-78.58581543
2989.203125,-78.58581543
2989.40625,-78.60717773
2989.601563,-78.64685059
2989.804688,-78.6315918
2990,-78.66210938
2990.203125,-78.70483398
2990.40625,-78.7322998
2990.601563,-78.73840332
2990.804688,-78.74450684
2991,-78.77807617
2991.203125,-78.80249023
2991.40625,-78.85437012
2991.601563,-78.86657715
2991.804688,-78.89709473
2992,-78.94897461
2992.203125,-78.95202637
2992.40625,-78.99169922
2992.601563,-78.98254395
2992.804688,-79.01916504
2993,-79.02832031
2993.203125,-78.99169922
2993.40625,-78.95507813
2993.601563,-79.06799316
2993.804688,-79.09851074
2994,-79.14733887
2994.203125,-79.18701172
2994.40625,-79.1809082
2994.601563,-79.20227051
2994.804688,-79.25415039
2995,-79.2755127
2995.203125,-79.30297852
2995.40625,-79.33959961
2995.601563,-79.3182373
2995.804688,-79.30603027
2996,-79.33959961
2996.203125,-79.37011719
2996.40625,-79.42810059
2996.601563,-79.4708252
2996.804688,-79.5135498
2997,-79.48303223
2997.203125,-79.49523926
2997.40625,-79.50744629
2997.601563,-79.51660156
2997.804688,-79.52270508
2998,-79.5715332
2998.203125,-79.66308594
2998.40625,-79.6875
2998.601563,-79.69055176
2998.804688,-79.7454834
2999,-79.69360352
2999.203125,-79.77294922
2999.40625,-79.84313965
2999.601563,-79.8248291
2999.804688,-79.93774414
3000,-79.89807129
3000.203125,-79.92553711
3000.40625,-79.91638184
3000.601563,-79.89501953
3000.804688,-79.93164063
3001,-79.9407959
3001.203125,-79.9621582
3001.40625,-79.95605469
3001.601563,-79.98352051
3001.804688,-80.03234863
3002,-80.04150391
3002.203125,-80.03234863
3002.40625,-80.06591797
3002.601563,-80.10253906
3002.804688,-80.0994873
3003,-80.11779785
3003.203125,-80.14831543
3003.40625,-80.17272949
3003.601563,-80.15441895
3003.804688,-80.16967773
3004,-80.18493652
3004.203125,-80.27648926
3004.40625,-80.28259277
3004.601563,-80.2947998
3004.804688,-80.29785156
3005,-80.27648926
3005.203125,-80.27038574
3005.40625,-80.37109375
3005.601563,-80.40161133
3005.804688,-80.37719727
3006,-80.42297363
3006.203125,-80.42602539
3006.40625,-80.42907715
3006.601563,-80.4901123
3006.804688,-80.43518066
3007,-80.45959473
3007.203125,-80.51147461
3007.40625,-80.5480957
3007.601563,-80.5480957
3007.804688,-80.54504395
3008,-80.54504395
3008.203125,-80.52978516
3008.40625,-80.5480957
3008.601563,-80.52368164
3008.804688,-80.6060791
3009,-80.60302734
3009.203125,-80.6060791
3009.40625,-80.65185547
3009.601563,-80.62744141
3009.804688,-80.66711426
3010,-80.65490723
3010.203125,-80.73425293
3010.40625,-80.68847656
3010.601563,-80.67626953
3010.804688,-80.71899414
3011,-80.70373535
3011.203125,-80.76782227
3011.40625,-80.75866699
3011.601563,-80.75561523
3011.804688,-80.80749512
3012,-80.79833984
3012.203125,-80.82885742
3012.40625,-80.86853027
3012.601563,-80.89599609
3012.804688,-80.93261719
3013,-80.85021973
3013.203125,-80.87463379
3013.40625,-80.88989258
3013.601563,-80.95397949
3013.804688,-80.96618652
3014,-80.9967041
3014.203125,-81.00585938
3014.40625,-81.02416992
3014.601563,-81.01501465
3014.804688,-81.09436035
3015,-81.06689453
3015.203125,-81.04248047
3015.40625,-81.06689453
3015.601563,-81.08520508
3015.804688,-81.14013672
3016,-81.16149902
3016.203125,-81.21032715
3016.40625,-81.21337891
3016.601563,-81.21337891
3016.804688,-81.22253418
3017,-81.30187988
3017.203125,-81.27441406
3017.40625,-81.26220703
3017.601563,-81.30493164
3017.804688,-81.28051758
3018,-81.36291504
3018.203125,-81.39953613
3018.40625,-81.37817383
3018.601563,-81.49719238
3018.804688,-81.49108887
3019,-81.44836426
3019.203125,-81.42089844
3019.40625,-81.39953613
3019.601563,-81.47583008
3019.804688,-81.54296875
3020,-81.56738281
3020.203125,-81.57348633
3020.40625,-81.52160645
3020.601563,-81.56738281
3020.804688,-81.59179688
3021,-81.60400391
3021.203125,-81.64672852
3021.40625,-81.63146973
3021.601563,-81.640625
3021.804688,-81.69555664
3022,-81.69555664
3022.203125,-81.65893555
3022.40625,-81.71386719
3022.601563,-81.71691895
3022.804688,-81.7199707
3023,-81.70166016
3023.203125,-81.71386719
3023.40625,-81.82067871
3023.601563,-81.82067871
3023.804688,-81.82678223
3024,-81.81152344
3024.203125,-81.76574707
3024.40625,-81.84509277
3024.601563,-81.90002441
3024.804688,-81.89086914
3025,-81.89086914
3025.203125,-81.90002441
3025.40625,-81.82373047
3025.601563,-81.83288574
3025.804688,-82.00073242
3026,-81.96716309
3026.203125,-81.95495605
3026.40625,-81.96716309
3026.601563,-81.92138672
3026.804688,-81.92443848
3027,-81.97631836
3027.203125,-82.0098877
3027.40625,-82.04956055
3027.601563,-82.00683594
3027.804688,-82.01293945
3028,-82.1105957
3028.203125,-82.08312988
3028.40625,-82.03735352
3028.601563,-81.98242188
3028.804688,-82.0892334
3029,-82.07702637
3029.203125,-82.05871582
3029.40625,-82.1105957
3029.601563,-81.99157715
3029.804688,-82.03125
3030,-82.03125
3030.203125,-82.02209473
3030.40625,-82.02209473
3030.601563,-82.0526123
3030.804688,-82.04956055
3031,-82.05871582
3031.203125,-82.04345703
3031.40625,-82.03125
3031.601563,-82.02514648
3031.804688,-82.05566406
3032,-82.0892334
3032.203125,-82.04650879
3032.40625,-82.02819824
3032.601563,-82.08007813
3032.804688,-82.11364746
3033,-82.1472168
3033.203125,-82.1472168
3033.40625,-82.02819824
3033.601563,-82.05871582
3033.804688,-82.10449219
3034,-82.22351074
3034.203125,-82.25097656
3034.40625,-82.21435547
3034.601563,-82.14416504
3034.804688,-82.13500977
3035,-82.19604492
3035.203125,-82.21435547
3035.40625,-82.18688965
3035.601563,-82.18994141
3035.804688,-82.1685791
3036,-82.24487305
3036.203125,-82.23571777
3036.40625,-82.22045898
3036.601563,-82.25097656
3036.804688,-82.3059082
3037,-82.32116699
3037.203125,-82.29980469
3037.40625,-82.26928711
3037.601563,-82.22045898
3037.804688,-82.27844238
3038,-82.3059082
3038.203125,-82.3425293
3038.40625,-82.33947754
3038.601563,-82.31201172
3038.804688,-82.3059082
3039,-82.3425293
3039.203125,-82.3638916
3039.40625,-82.37915039
3039.601563,-82.32116699
3039.804688,-82.38830566
3040,-82.49206543
3040.203125,-82.50427246
3040.40625,-82.44934082
3040.601563,-82.42492676
3040.804688,-82.43103027
3041,-82.39746094
3041.203125,-82.4005127
3041.40625,-82.421875
3041.601563,-82.46154785
3041.804688,-82.49206543
3042,-82.49816895
3042.203125,-82.54699707
3042.40625,-82.49206543
3042.601563,-82.46765137
3042.804688,-82.46765137
3043,-82.50427246
3043.203125,-82.56835938
3043.40625,-82.68737793
3043.601563,-82.57751465
3043.804688,-82.54089355
3044,-82.49511719
3044.203125,-82.55310059
3044.40625,-82.58056641
3044.601563,-82.56835938
3044.804688,-82.51953125
3045,-82.51342773
3045.203125,-82.57751465
3045.40625,-82.57141113
3045.601563,-82.57751465
3045.804688,-82.61413574
3046,-82.57751465
3046.203125,-82.60498047
3046.40625,-82.64770508
3046.601563,-82.55310059
3046.804688,-82.49816895
3047,-82.52258301
3047.203125,-82.57446289
3047.40625,-82.60192871
3047.601563,-82.58972168
3047.804688,-82.58056641
3048,-82.54089355
3048.203125,-82.6171875
3048.40625,-82.58361816
3048.601563,-82.62939453
3048.804688,-82.59887695
3049,-82.64465332
3049.203125,-82.65991211
3049.40625,-82.67211914
3049.601563,-82.58666992
3049.804688,-82.54394531
3050,-82.64465332
3050.203125,-82.62939453
3050.40625,-82.54699707
3050.601563,-82.63549805
3050.804688,-82.62023926
3051,-82.59277344
3051.203125,-82.62329102
3051.40625,-82.66601563
3051.601563,-82.60498047
3051.804688,-82.56225586
3052,-82.60192871
3052.203125,-82.62329102
3052.40625,-82.60803223
3052.601563,-82.68127441
3052.804688,-82.69348145
3053,-82.65686035
3053.203125,-82.68127441
3053.40625,-82.64770508
3053.601563,-82.6751709
3053.804688,-82.75756836
3054,-82.7545166
3054.203125,-82.71179199
3054.40625,-82.70568848
3054.601563,-82.73925781
3054.804688,-82.69348145
3055,-82.70874023
3055.203125,-82.71789551
3055.40625,-82.69958496
3055.601563,-82.72705078
3055.804688,-82.71179199
3056,-82.73620605
3056.203125,-82.77282715
3056.40625,-82.80029297
3056.601563,-82.83081055
3056.804688,-82.85217285
3057,-82.87658691
3057.203125,-82.80639648
3057.40625,-82.80029297
3057.601563,-82.86743164
3057.804688,-82.85827637
3058,-82.86132813
3058.203125,-82.85522461
3058.40625,-82.94067383
3058.601563,-83.00170898
3058.804688,-82.9498291
3059,-82.95593262
3059.203125,-82.91320801
3059.40625,-82.96813965
3059.601563,-83.04443359
3059.804688,-83.06274414
3060,-83.08410645
3060.203125,-83.09631348
3060.40625,-83.07800293
3060.601563,-83.07495117
3060.804688,-83.10241699
3061,-83.08410645
3061.203125,-83.05969238
3061.40625,-83.09326172
3061.601563,-83.10852051
3061.804688,-83.10852051
3062,-83.11767578
3062.203125,-83.10546875
3062.40625,-83.07800293
3062.601563,-83.10241699
3062.804688,-83.11157227
3063,-83.14819336
3063.203125,-83.13293457
3063.40625,-83.28552246
3063.601563,-83.18481445
3063.804688,-83.17871094
3064,-83.16040039
3064.203125,-83.14208984
3064.40625,-83.24279785
3064.601563,-83.24890137
3064.804688,-83.24890137
3065,-83.22143555
3065.203125,-83.21228027
3065.40625,-83.23669434
3065.601563,-83.25805664
3065.804688,-83.23364258
3066,-83.2611084
3066.203125,-83.18481445
3066.40625,-83.23364258
3066.601563,-83.30383301
3066.804688,-83.30078125
3067,-83.29162598
3067.203125,-83.18786621
3067.40625,-83.30993652
3067.601563,-83.34655762
3067.804688,-83.33740234
3068,-83.3190918
3068.203125,-83.3190918
3068.40625,-83.33435059
3068.601563,-83.30383301
3068.804688,-83.3770752
3069,-83.35571289
3069.203125,-83.32824707
3069.40625,-83.3770752
3069.601563,-83.41674805
3069.804688,-83.33740234
3070,-83.34350586
3070.203125,-83.30383301
3070.40625,-83.30383301
3070.601563,-83.43200684
3070.804688,-83.41064453
3071,-83.3984375
3071.203125,-83.43200684
3071.40625,-83.40759277
3071.601563,-83.46557617
3071.804688,-83.38623047
3072,-83.41064453
3072.203125,-83.38623047
3072.40625,-83.41674805
3072.601563,-83.4197998
3072.804688,-83.39233398
3073,-83.41064453
3073.203125,-83.42895508
3073.40625,-83.36791992
3073.601563,-83.38012695
3073.804688,-83.4777832
3074,-83.50830078
3074.203125,-83.46252441
3074.40625,-83.47473145
3074.601563,-83.46862793
3074.804688,-83.47167969
3075,-83.50219727
3075.203125,-83.51135254
3075.40625,-83.45031738
3075.601563,-83.4777832
3075.804688,-83.48388672
3076,-83.53881836
3076.203125,-83.52355957
3076.40625,-83.48083496
3076.601563,-83.54797363
3076.804688,-83.59985352
3077,-83.65783691
3077.203125,-83.57543945
3077.40625,-83.55407715
3077.601563,-83.53881836
3077.804688,-83.56933594
3078,-83.64562988
3078.203125,-83.58764648
3078.40625,-83.6517334
3078.601563,-83.64562988
3078.804688,-83.67004395
3079,-83.74328613
3079.203125,-83.72802734
3079.40625,-83.66699219
3079.601563,-83.66394043
3079.804688,-83.66699219
3080,-83.70361328
3080.203125,-83.71276855
3080.40625,-83.7097168
3080.601563,-83.6730957
3080.804688,-83.67614746
3081,-83.72802734
3081.203125,-83.69445801
3081.40625,-83.74023438
3081.601563,-83.72802734
3081.804688,-83.73718262
3082,-83.79821777
3082.203125,-83.77685547
3082.40625,-83.76464844
3082.601563,-83.70361328
3082.804688,-83.75854492
3083,-83.79821777
3083.203125,-83.83178711
3083.40625,-83.8684082
3083.601563,-83.83789063
3083.804688,-83.83789063
3084,-83.86230469
3084.203125,-83.85314941
3084.40625,-83.80432129
3084.601563,-83.82873535
3084.804688,-83.83178711
3085,-83.81958008
3085.203125,-83.92028809
3085.40625,-83.87145996
3085.601563,-83.8104248
3085.804688,-83.84094238
3086,-83.80737305
3086.203125,-83.80432129
3086.40625,-83.88061523
3086.601563,-83.85314941
3086.804688,-83.80432129
3087,-83.85925293
3087.203125,-83.81652832
3087.40625,-83.87756348
3087.601563,-83.83483887
3087.804688,-83.85620117
3088,-83.88977051
3088.203125,-83.78601074
3088.40625,-83.89892578
3088.601563,-83.81652832
3088.804688,-83.86535645
3089,-83.88061523
3089.203125,-83.8470459
3089.40625,-83.82873535
3089.601563,-83.81652832
3089.804688,-83.8470459
3090,-83.83483887
3090.203125,-83.7677002
3090.40625,-83.82873535
3090.601563,-83.77380371
3090.804688,-83.88061523
3091,-83.81958008
3091.203125,-83.85620117
3091.40625,-83.85314941
3091.601563,-83.83178711
3091.804688,-83.80737305
3092,-83.85620117
3092.203125,-83.88671875
3092.40625,-83.88061523
3092.601563,-83.87145996
3092.804688,-83.8470459
3093,-83.86230469
3093.203125,-83.88671875
3093.40625,-83.80126953
3093.601563,-83.85314941
3093.804688,-83.9263916
3094,-83.95996094
3094.203125,-83.9630127
3094.40625,-83.98132324
3094.601563,-83.90197754
3094.804688,-83.91113281
3095,-76.08947754
3095.203125,-54.37316895
3095.40625,-44.17724609
3095.601563,-38.85192871
3095.804688,-34.97009277
3096,-31.60095215
3096.203125,-28.38745117
3096.40625,-25.37841797
3096.601563,-22.25646973
3096.804688,-19.15588379
3097,-24.04785156
3097.203125,-42.62084961
3097.40625,-49.7253418
3097.601563,-51.89208984
3097.804688,-52.53601074
3098,-52.93884277
3098.203125,-53.0090332
3098.40625,-53.07617188
3098.601563,-53.12805176
3098.804688,-53.11584473
3099,-53.08837891
3099.203125,-53.05480957
3099.40625,-53.03649902
3099.601563,-52.97851563
3099.804688,-52.99377441
3100,-52.94799805
3100.203125,-52.96325684
3100.40625,-53.00292969
3100.601563,-52.89306641
3100.804688,-52.88696289
3101,-52.89306641
3101.203125,-52.8503418
3101.40625,-52.83813477
3101.601563,-52.85644531
3101.804688,-52.84729004
3102,-52.80151367
3102.203125,-52.80151367
3102.40625,-52.74353027
3102.601563,-52.66723633
3102.804688,-52.68554688
3103,-52.73132324
3103.203125,-52.7130127
3103.40625,-52.85339355
3103.601563,-52.85644531
3103.804688,-52.76794434
3104,-52.76794434
3104.203125,-52.83813477
3104.40625,-52.89306641
3104.601563,-52.91442871
3104.804688,-52.86254883
3105,-52.9296875
3105.203125,-52.91748047
3105.40625,-52.99072266
3105.601563,-53.07312012
3105.804688,-53.06396484
3106,-53.16162109
3106.203125,-53.19824219
3106.40625,-53.24707031
3106.601563,-53.25317383
3106.804688,-53.30200195
3107,-53.34472656
3107.203125,-53.40881348
3107.40625,-53.47900391
3107.601563,-53.52478027
3107.804688,-53.59802246
3108,-53.72924805
3108.203125,-53.82995605
3108.40625,-53.82995605
3108.601563,-53.94592285
3108.804688,-54.01306152
3109,-54.1015625
3109.203125,-54.24499512
3109.40625,-54.29992676
3109.601563,-54.39758301
3109.804688,-54.39758301
3110,-54.49523926
3110.203125,-54.63256836
3110.40625,-54.75158691
3110.601563,-54.8828125
3110.804688,-55.05065918
3111,-55.04455566
3111.203125,-55.21850586
3111.40625,-55.3314209
3111.601563,-55.48095703
3111.804688,-55.58776855
3112,-55.70983887
3112.203125,-55.85021973
3112.40625,-55.94482422
3112.601563,-56.10961914
3112.804688,-56.20117188
3113,-56.27441406
3113.203125,-56.46362305
3113.40625,-56.53686523
3113.601563,-56.70776367
3113.804688,-56.90307617
3114,-57.02209473
3114.203125,-57.10754395
3114.40625,-57.26318359
3114.601563,-57.3638916
3114.804688,-57.49816895
3115,-57.70874023
3115.203125,-57.78198242
3115.40625,-57.9498291
3115.601563,-58.06274414
3115.804688,-58.21533203
3116,-58.32519531
3116.203125,-58.43505859
3116.40625,-58.62426758
3116.601563,-58.79211426
3116.804688,-58.92333984
3117,-59.03930664
3117.203125,-59.15527344
3117.40625,-59.32922363
3117.601563,-59.56115723
3117.804688,-59.64660645
3118,-59.78088379
3118.203125,-59.8449707
3118.40625,-60.07080078
3118.601563,-60.24780273
3118.804688,-60.30578613
3119,-60.50109863
3119.203125,-60.58959961
3119.40625,-60.69641113
3119.601563,-60.86120605
3119.804688,-61.02600098
3120,-61.13891602
3120.203125,-61.23962402
3120.40625,-61.46240234
3120.601563,-61.62414551
3120.804688,-61.75537109
3121,-61.88964844
3121.203125,-62.0300293
3121.40625,-62.11242676
3121.601563,-62.30773926
3121.804688,-62.45727539
3122,-62.56408691
3122.203125,-62.6373291
3122.40625,-62.75024414
3122.601563,-62.90588379
3122.804688,-63.05236816
3123,-63.17138672
3123.203125,-63.2598877
3123.40625,-63.50402832
3123.601563,-63.65661621
3123.804688,-63.76953125
3124,-63.81530762
3124.203125,-63.89160156
3124.40625,-64.08996582
3124.601563,-64.25476074
3124.804688,-64.35241699
3125,-64.39208984
3125.203125,-64.52331543
3125.40625,-64.66369629
3125.601563,-64.81018066
3125.804688,-64.96276855
3126,-65.0970459
3126.203125,-65.12756348
3126.40625,-65.30456543
3126.601563,-65.42358398
3126.804688,-65.53344727
3127,-65.62194824
3127.203125,-65.73791504
3127.40625,-65.85388184
3127.601563,-65.99731445
3127.804688,-66.11633301
3128,-66.20178223
3128.203125,-66.33605957
3128.40625,-66.36047363
3128.601563,-66.4642334
3128.804688,-66.61987305
3129,-66.79992676
3129.203125,-66.82128906
3129.40625,-66.91894531
3129.601563,-66.96472168
3129.804688,-67.09594727
3130,-67.20581055
3130.203125,-67.35534668
3130.40625,-67.38586426
3130.601563,-67.48352051
3130.804688,-67.70019531
3131,-67.78564453
3131.203125,-67.90466309
3131.40625,-67.97790527
3131.601563,-68.07861328
3131.804688,-68.19152832
3132,-68.29833984
3132.203125,-68.36547852
3132.40625,-68.45397949
3132.601563,-68.59436035
3132.804688,-68.67980957
3133,-68.71032715
3133.203125,-68.84460449
3133.40625,-68.86291504
3133.601563,-69.01550293
3133.804688,-69.23217773
3134,-69.30847168
3134.203125,-69.3572998
3134.40625,-69.39086914
3134.601563,-69.54345703
3134.804688,-69.68078613
3135,-69.75708008
3135.203125,-69.82727051
3135.40625,-69.94934082
3135.601563,-69.99206543
3135.804688,-70.07446289
3136,-70.19958496
3136.203125,-70.37353516
3136.40625,-70.39489746
3136.601563,-70.52307129
3136.804688,-70.5657959
3137,-70.70007324
3137.203125,-70.81604004
3137.40625,-70.85571289
3137.601563,-70.93505859
3137.804688,-71.03271484
3138,-71.20056152
3138.203125,-71.23413086
3138.40625,-71.35620117
3138.601563,-71.45080566
3138.804688,-71.5423584
3139,-71.68273926
3139.203125,-71.69189453
3139.40625,-71.75292969
3139.601563,-71.88415527
3139.804688,-71.95739746
3140,-72.06115723
3140.203125,-72.15576172
3140.40625,-72.23205566
3140.601563,-72.27478027
3140.804688,-72.37243652
3141,-72.48840332
3141.203125,-72.57385254
3141.40625,-72.5982666
3141.601563,-72.69897461
3141.804688,-72.81494141
3142,-72.88513184
3142.203125,-72.94311523
3142.40625,-73.03771973
3142.601563,-73.1048584
3142.804688,-73.2208252
3143,-73.32763672
3143.203125,-73.41308594
3143.40625,-73.50463867
3143.601563,-73.52600098
3143.804688,-73.63891602
3144,-73.7121582
3144.203125,-73.82507324
3144.40625,-73.8861084
3144.601563,-73.98376465
3144.804688,-74.05700684
3145,-74.04174805
3145.203125,-74.12719727
3145.40625,-74.28894043
3145.601563,-74.38049316
3145.804688,-74.40795898
3146,-74.49951172
3146.203125,-74.57580566
3146.40625,-74.58190918
3146.601563,-74.62463379
3146.804688,-74.70397949
3147,-74.82299805
3147.203125,-74.89013672
3147.40625,-74.93896484
3147.601563,-74.9786377
3147.804688,-75.02746582
3148,-75.13427734
3148.203125,-75.16174316
3148.40625,-75.28076172
3148.601563,-75.28381348
3148.804688,-75.32653809
3149,-75.47607422
3149.203125,-75.50964355
3149.40625,-75.58898926
3149.601563,-75.61340332
3149.804688,-75.70495605
3150,-75.78125
3150.203125,-75.86975098
3150.40625,-75.86669922
3150.601563,-75.95825195
3150.804688,-76.06811523
3151,-76.1138916
3151.203125,-76.15966797
3151.40625,-76.2298584
3151.601563,-76.2512207
3151.804688,-76.29699707
3152,-76.44348145
3152.203125,-76.49841309
3152.40625,-76.55639648
3152.601563,-76.5625
3152.804688,-76.65405273
3153,-76.66015625
3153.203125,-76.78222656
3153.40625,-76.76696777
3153.601563,-76.8951416
3153.804688,-77.02636719
3154,-77.06604004
3154.203125,-77.08129883
3154.40625,-77.16064453
3154.601563,-77.23083496
3154.804688,-77.30407715
3155,-77.33154297
3155.203125,-77.45056152
3155.40625,-77.50549316
3155.601563,-77.52990723
3155.804688,-77.5970459
3156,-77.65808105
3156.203125,-77.69470215
3156.40625,-77.81677246
3156.601563,-77.87780762
3156.804688,-77.94494629
3157,-77.99377441
3157.203125,-78.02124023
3157.40625,-78.08837891
3157.601563,-78.13110352
3157.804688,-78.12194824
3158,-78.17687988
3158.203125,-78.25622559
3158.40625,-78.41186523
3158.601563,-78.44848633
3158.804688,-78.43933105
3159,-78.515625
3159.203125,-78.5369873
3159.40625,-78.58886719
3159.601563,-78.68347168
3159.804688,-78.74755859
3160,-78.76281738
3160.203125,-78.87573242
3160.40625,-78.95812988
3160.601563,-79.00085449
3160.804688,-78.97033691
3161,-79.0222168
3161.203125,-79.1229248
3161.40625,-79.16564941
3161.601563,-79.24194336
3161.804688,-79.29992676
3162,-79.25109863
3162.203125,-79.38232422
3162.40625,-79.41589355
3162.601563,-79.40979004
3162.804688,-79.4921875
3163,-79.58984375
3163.203125,-79.62036133
3163.40625,-79.73937988
3163.601563,-79.73632813
3163.804688,-79.74853516
3164,-79.80957031
3164.203125,-79.84924316
3164.40625,-79.84924316
3164.601563,-79.90722656
3164.804688,-79.97131348
3165,-80.04760742
3165.203125,-80.04150391
3165.40625,-80.0994873
3165.601563,-80.15136719
3165.804688,-80.10864258
3166,-80.20019531
3166.203125,-80.30395508
3166.40625,-80.26733398
3166.601563,-80.2734375
3166.804688,-80.28869629
3167,-80.26733398
3167.203125,-80.38330078
3167.40625,-80.51147461
3167.601563,-80.51452637
3167.804688,-80.52368164
3168,-80.49621582
3168.203125,-80.60302734
3168.40625,-80.59387207
3168.601563,-80.63354492
3168.804688,-80.68847656
3169,-80.72509766
3169.203125,-80.73730469
3169.40625,-80.79833984
3169.601563,-80.83190918
3169.804688,-80.80749512
3170,-80.84106445
3170.203125,-80.89904785
3170.40625,-80.90820313
3170.601563,-80.94177246
3170.804688,-81.01501465
3171,-81.02111816
3171.203125,-81.1126709
3171.40625,-81.11572266
3171.601563,-81.10961914
3171.804688,-81.17370605
3172,-81.13708496
3172.203125,-81.19812012
3172.40625,-81.28967285
3172.601563,-81.37512207
3172.804688,-81.33544922
3173,-81.35375977
3173.203125,-81.41174316
3173.40625,-81.35375977
3173.601563,-81.37207031
3173.804688,-81.55517578
3174,-81.56738281
3174.203125,-81.53381348
3174.40625,-81.59179688
3174.601563,-81.66809082
3174.804688,-81.68334961
3175,-81.70776367
3175.203125,-81.7199707
3175.40625,-81.69250488
3175.601563,-81.72607422
3175.804688,-81.79321289
3176,-81.80541992
3176.203125,-81.8359375
3176.40625,-81.84814453
3176.601563,-81.92443848
3176.804688,-81.98547363
3177,-82.03125
3177.203125,-81.92749023
3177.40625,-82.00378418
3177.601563,-82.03735352
3177.804688,-82.11975098
3178,-82.09533691
3178.203125,-82.05871582
3178.40625,-82.15637207
3178.601563,-82.25708008
3178.804688,-82.27233887
3179,-82.29370117
3179.203125,-82.27539063
3179.40625,-82.23876953
3179.601563,-82.32116699
3179.804688,-82.40966797
3180,-82.45239258
3180.203125,-82.43103027
3180.40625,-82.40966797
3180.601563,-82.39440918
3180.804688,-82.41577148
3181,-82.46765137
3181.203125,-82.53173828
3181.40625,-82.58972168
3181.601563,-82.59887695
3181.804688,-82.56530762
3182,-82.62939453
3182.203125,-82.63244629
3182.40625,-82.64465332
3182.601563,-82.62939453
3182.804688,-82.66296387
3183,-82.7331543
3183.203125,-82.70263672
3183.40625,-82.82775879
3183.601563,-82.78198242
3183.804688,-82.82165527
3184,-82.8125
3184.203125,-82.87353516
3184.40625,-82.79418945
3184.601563,-82.80029297
3184.804688,-82.88879395
3185,-82.87963867
3185.203125,-82.87353516
3185.40625,-82.85522461
3185.601563,-82.89489746
3185.804688,-82.92541504
3186,-82.93457031
3186.203125,-82.91015625
3186.40625,-82.95288086
3186.601563,-82.88574219
3186.804688,-82.94372559
3187,-82.9498291
3187.203125,-82.9864502
3187.40625,-82.98339844
3187.601563,-83.07800293
3187.804688,-83.04443359
3188,-83.11767578
3188.203125,-83.12683105
3188.40625,-83.06884766
3188.601563,-83.09631348
3188.804688,-83.07189941
3189,-83.10852051
3189.203125,-83.09326172
3189.40625,-83.20617676
3189.601563,-83.20617676
3189.804688,-83.203125
3190,-83.22143555
3190.203125,-83.25195313
3190.40625,-83.22143555
3190.601563,-83.29772949
3190.804688,-83.2824707
3191,-83.30383301
3191.203125,-83.3190918
3191.40625,-83.35571289
3191.601563,-83.35876465
3191.804688,-83.35571289
3192,-83.35571289
3192.203125,-83.34655762
3192.40625,-83.38317871
3192.601563,-83.35876465
3192.804688,-83.4197998
3193,-83.47473145
3193.203125,-83.48083496
3193.40625,-83.44726563
3193.601563,-83.47167969
3193.804688,-83.56323242
3194,-83.56018066
3194.203125,-83.52355957
3194.40625,-83.51135254
3194.601563,-83.53881836
3194.804688,-83.59680176
3195,-83.67004395
3195.203125,-83.68225098
3195.40625,-83.64562988
3195.601563,-83.58154297
3195.804688,-83.66394043
3196,-83.66088867
3196.203125,-83.68225098
3196.40625,-83.70056152
3196.601563,-83.76159668
3196.804688,-83.75854492
3197,-83.73718262
3197.203125,-83.74633789
3197.40625,-83.71582031
3197.601563,-83.74938965
3197.804688,-83.81347656
3198,-83.73718262
3198.203125,-83.76464844
3198.40625,-83.8470459
3198.601563,-83.89282227
3198.804688,-83.8104248
3199,-83.8470459
3199.203125,-83.88061523
3199.40625,-83.88366699
3199.601563,-83.90197754
3199.804688,-83.88977051
3200,-83.92028809
3200.203125,-83.9630127
3200.40625,-84.03015137
3200.601563,-83.92333984
3200.804688,-83.92028809
3201,-83.9630127
3201.203125,-83.99963379
3201.40625,-84.00268555
3201.601563,-83.97521973
3201.804688,-83.96606445
3202,-84.05456543
3202.203125,-84.09729004
3202.40625,-84.03015137
3202.601563,-83.99963379
3202.804688,-84.05151367
3203,-84.08813477
3203.203125,-84.08203125
3203.40625,-84.13085938
3203.601563,-84.09729004
3203.804688,-84.07897949
3204,-84.06677246
3204.203125,-84.14611816
3204.40625,-84.15527344
3204.601563,-84.09729004
3204.804688,-84.07592773
3205,-84.14306641
3205.203125,-84.07287598
3205.40625,-84.09423828
3205.601563,-84.17663574
3205.804688,-84.2010498
3206,-84.1583252
3206.203125,-84.18273926
3206.40625,-84.13085938
3206.601563,-84.14306641
3206.804688,-84.11254883
3207,-84.11865234
3207.203125,-84.13391113
3207.40625,-84.17358398
3207.601563,-84.19799805
3207.804688,-84.16442871
3208,-84.25598145
3208.203125,-84.21630859
3208.40625,-84.18884277
3208.601563,-84.18579102
3208.804688,-84.1796875
3209,-84.14611816
3209.203125,-84.22851563
3209.40625,-84.22241211
3209.601563,-84.21020508
3209.804688,-84.13391113
3210,-84.13391113
3210.203125,-84.16748047
3210.40625,-84.16137695
3210.601563,-84.25598145
3210.804688,-84.22851563
3211,-84.19494629
3211.203125,-84.16137695
3211.40625,-84.16137695
3211.601563,-84.19189453
3211.804688,-84.21936035
3212,-84.1796875
3212.203125,-84.19799805
3212.40625,-84.18884277
3212.601563,-84.23156738
3212.804688,-84.24682617
3213,-84.24072266
3213.203125,-84.28039551
3213.40625,-84.21936035
3213.601563,-84.25598145
3213.804688,-84.38415527
3214,-84.31396484
3214.203125,-84.27124023
3214.40625,-84.29260254
3214.601563,-84.26818848
3214.804688,-84.35058594
3215,-84.32617188
3215.203125,-84.32617188
3215.40625,-84.35974121
3215.601563,-84.38720703
3215.804688,-84.3536377
3216,-84.3536377
3216.203125,-84.32006836
3216.40625,-84.40551758
3216.601563,-84.36889648
3216.804688,-84.3536377
3217,-84.39941406
3217.203125,-84.37194824
3217.40625,-84.42382813
3217.601563,-84.41772461
3217.804688,-84.42077637
3218,-84.40551758
3218.203125,-84.42687988
3218.40625,-84.4543457
3218.601563,-84.45739746
3218.804688,-84.45739746
3219,-84.46044922
3219.203125,-84.46655273
3219.40625,-84.46350098
3219.601563,-84.46960449
3219.804688,-84.51843262
3220,-84.53979492
3220.203125,-84.50317383
3220.40625,-84.53063965
3220.601563,-84.57336426
3220.804688,-84.56115723
3221,-84.56726074
3221.203125,-84.57946777
3221.40625,-84.55200195
3221.601563,-84.63439941
3221.804688,-84.66796875
3222,-84.59777832
3222.203125,-84.56115723
3222.40625,-84.53369141
3222.601563,-84.55200195
3222.804688,-84.62219238
3223,-84.61608887
3223.203125,-84.57946777
3223.40625,-84.62524414
3223.601563,-84.6282959
3223.804688,-84.63439941
3224,-84.58862305
3224.203125,-84.64660645
3224.40625,-84.61303711
3224.601563,-84.53369141
3224.804688,-84.55810547
3225,-84.55810547
3225.203125,-84.56115723
3225.40625,-84.67102051
3225.601563,-84.63439941
3225.804688,-84.60998535
3226,-84.58862305
3226.203125,-84.66796875
3226.40625,-84.63439941
3226.601563,-84.58557129
3226.804688,-84.55200195
3227,-84.64050293
3227.203125,-84.61303711
3227.40625,-84.66491699
3227.601563,-84.65576172
3227.804688,-84.61303711
3228,-84.59777832
3228.203125,-84.65576172
3228.40625,-84.63134766
3228.601563,-84.54284668
3228.804688,-84.61608887
3229,-84.59472656
3229.203125,-84.61608887
3229.40625,-84.66186523
3229.601563,-84.66186523
3229.804688,-84.67712402
3230,-84.63134766
3230.203125,-84.59777832
3230.40625,-84.55505371
3230.601563,-84.59777832
3230.804688,-84.61608887
3231,-84.58557129
3231.203125,-84.58251953
3231.40625,-84.61608887
3231.601563,-84.59777832
3231.804688,-84.61608887
3232,-84.60388184
3232.203125,-84.67407227
3232.40625,-84.67407227
3232.601563,-84.64050293
3232.804688,-84.7076416
3233,-84.6282959
3233.203125,-84.6496582
3233.40625,-84.53674316
3233.601563,-84.58251953
3233.804688,-84.69848633
3234,-84.69238281
3234.203125,-84.61303711
3234.40625,-84.63439941
3234.601563,-84.63134766
3234.804688,-84.64660645
3235,-84.62219238
3235.203125,-84.6282959
3235.40625,-84.63745117
3235.601563,-84.65881348
3235.804688,-84.7442627
3236,-84.70153809
3236.203125,-84.74121094
3236.40625,-84.69238281
3236.601563,-84.76867676
3236.804688,-84.71679688
3237,-84.75952148
3237.203125,-84.70458984
3237.40625,-84.69543457
3237.601563,-84.67712402
3237.804688,-84.70458984
3238,-84.71374512
3238.203125,-84.765625
3238.40625,-84.76257324
3238.601563,-84.7442627
3238.804688,-84.72900391
3239,-84.75036621
3239.203125,-84.75036621
3239.40625,-84.76867676
3239.601563,-84.75646973
3239.804688,-84.75341797
3240,-84.76257324
3240.203125,-84.7869873
3240.40625,-84.81140137
3240.601563,-84.76867676
3240.804688,-84.75646973
3241,-84.78088379
3241.203125,-84.80529785
3241.40625,-84.75036621
3241.601563,-84.75952148
3241.804688,-84.76257324
3242,-84.78393555
3242.203125,-84.7442627
3242.40625,-84.74731445
3242.601563,-84.72595215
3242.804688,-84.73815918
3243,-84.79309082
3243.203125,-84.75952148
3243.40625,-84.80834961
3243.601563,-84.8236084
3243.804688,-84.86633301
3244,-84.75036621
3244.203125,-84.74121094
3244.40625,-84.77478027
3244.601563,-84.78393555
3244.804688,-84.77172852
3245,-84.79309082
3245.203125,-84.77783203
3245.40625,-84.78393555
3245.601563,-84.79919434
3245.804688,-84.79919434
3246,-84.71374512
3246.203125,-84.77478027
3246.40625,-84.77172852
3246.601563,-84.75341797
3246.804688,-84.71374512
3247,-84.71984863
3247.203125,-84.75036621
3247.40625,-84.6862793
3247.601563,-84.70153809
3247.804688,-84.6862793
3248,-84.69238281
3248.203125,-84.73510742
3248.40625,-84.63745117
3248.601563,-84.71374512
3248.804688,-84.68322754
3249,-84.64660645
3249.203125,-84.63745117
3249.40625,-84.69238281
3249.601563,-84.6862793
3249.804688,-84.65881348
3250,-84.63745117
3250.203125,-84.66186523
3250.40625,-84.60998535
3250.601563,-84.61914063
3250.804688,-84.58862305
3251,-84.62219238
3251.203125,-84.61914063
3251.40625,-84.58251953
3251.601563,-84.59777832
3251.804688,-84.60083008
3252,-84.60693359
3252.203125,-84.63745117
3252.40625,-84.64050293
3252.601563,-84.63745117
3252.804688,-84.60083008
3253,-84.58862305
3253.203125,-84.59777832
3253.40625,-84.57336426
3253.601563,-84.6282959
3253.804688,-84.7076416
3254,-84.64355469
3254.203125,-84.66491699
3254.40625,-84.68933105
3254.601563,-84.67407227
3254.804688,-84.62219238
3255,-84.65576172
3255.203125,-84.65270996
3255.40625,-84.67712402
3255.601563,-84.60998535
3255.804688,-84.57336426
3256,-84.59777832
3256.203125,-84.64660645
3256.40625,-84.67102051
3256.601563,-84.68322754
3256.804688,-84.65576172
3257,-84.6496582
3257.203125,-84.63745117
3257.40625,-84.65270996
3257.601563,-84.69543457
3257.804688,-84.60693359
3258,-84.6862793
3258.203125,-84.67712402
3258.40625,-84.7442627
3258.601563,-84.7442627
3258.804688,-84.65576172
3259,-84.6862793
3259.203125,-84.69543457
3259.40625,-84.74121094
3259.601563,-84.73205566
3259.804688,-84.72595215
3260,-84.69848633
3260.203125,-84.70458984
3260.40625,-84.76257324
3260.601563,-84.7442627
3260.804688,-84.74731445
3261,-84.75952148
3261.203125,-84.73205566
3261.40625,-84.75952148
3261.601563,-84.72595215
3261.804688,-84.77478027
3262,-84.71069336
3262.203125,-84.77783203
3262.40625,-84.76867676
3262.601563,-84.67102051
3262.804688,-84.64050293
3263,-84.75036621
3263.203125,-84.73815918
3263.40625,-84.80834961
3263.601563,-84.75646973
3263.804688,-84.67407227
3264,-84.6282959
3264.203125,-84.71984863
3264.40625,-84.72595215
3264.601563,-84.73815918
3264.804688,-84.68933105
3265,-84.67407227
3265.203125,-84.67407227
3265.40625,-84.765625
3265.601563,-84.78393555
3265.804688,-84.70458984
3266,-84.71679688
3266.203125,-84.73510742
3266.40625,-84.73205566
3266.601563,-84.69543457
3266.804688,-84.70458984
3267,-84.66491699
3267.203125,-84.60998535
3267.40625,-84.72900391
3267.601563,-84.7869873
3267.804688,-84.69848633
3268,-84.76257324
3268.203125,-84.71984863
3268.40625,-84.69543457
3268.601563,-84.66796875
3268.804688,-84.70458984
3269,-84.66491699
3269.203125,-84.62219238
3269.40625,-84.71984863
3269.601563,-84.71374512
3269.804688,-84.65576172
3270,-84.6282959
3270.203125,-84.67407227
3270.40625,-84.6282959
3270.601563,-84.67102051
3270.804688,-84.65881348
3271,-84.67712402
3271.203125,-84.72595215
3271.40625,-84.71679688
3271.601563,-84.65270996
3271.804688,-84.68322754
3272,-84.67102051
3272.203125,-84.69848633
3272.40625,-84.7076416
3272.601563,-84.77172852
3272.804688,-84.72595215
3273,-84.68017578
3273.203125,-84.68017578
3273.40625,-84.64355469
3273.601563,-84.67102051
3273.804688,-84.79309082
3274,-84.79003906
3274.203125,-84.7076416
3274.40625,-84.75646973
3274.601563,-84.72595215
3274.804688,-84.73510742
3275,-84.70458984
3275.203125,-84.73510742
3275.40625,-84.75646973
3275.601563,-84.69543457
3275.804688,-84.72595215
3276,-84.67407227
3276.203125,-84.66796875
3276.40625,-84.75036621
3276.601563,-84.75646973
3276.804688,-84.80529785
3277,-84.82055664
3277.203125,-84.72595215
3277.40625,-84.79003906
3277.601563,-84.78393555
3277.804688,-84.7442627
3278,-84.75341797
3278.203125,-84.73510742
3278.40625,-84.9029541
3278.601563,-84.81445313
3278.804688,-84.84191895
3279,-84.82666016
3279.203125,-84.76867676
3279.40625,-84.74731445
3279.601563,-84.77478027
3279.804688,-84.77172852
3280,-84.82666016
3280.203125,-84.81445313
3280.40625,-84.84191895
3280.601563,-84.76867676
3280.804688,-84.74121094
3281,-84.765625
3281.203125,-84.77783203
3281.40625,-84.77172852
3281.601563,-84.78088379
3281.804688,-84.83581543
3282,-84.85717773
3282.203125,-84.73205566
3282.40625,-84.67102051
3282.601563,-84.76257324
3282.804688,-84.83276367
3283,-84.84191895
3283.203125,-84.76867676
3283.40625,-84.82666016
3283.601563,-84.81140137
3283.804688,-84.82971191
3284,-84.73815918
3284.203125,-84.75341797
3284.40625,-84.78393555
3284.601563,-84.70153809
3284.804688,-84.79309082
3285,-84.77172852
3285.203125,-84.7076416
3285.40625,-84.65270996
3285.601563,-84.76867676
3285.804688,-84.73815918
3286,-84.71984863
3286.203125,-84.71984863
3286.40625,-84.69238281
3286.601563,-84.6496582
3286.804688,-84.63439941
3287,-84.71984863
3287.203125,-84.71984863
3287.40625,-84.64355469
3287.601563,-84.63439941
3287.804688,-84.71069336
3288,-84.67712402
3288.203125,-84.66186523
3288.40625,-84.55505371
3288.601563,-84.60998535
3288.804688,-84.63745117
3289,-84.63745117
3289.203125,-84.65881348
3289.40625,-84.61303711
3289.601563,-84.61608887
3289.804688,-84.4909668
3290,-84.51538086
3290.203125,-84.60083008
3290.40625,-84.56115723
3290.601563,-84.59777832
3290.804688,-84.60998535
3291,-84.58862305
3291.203125,-84.60388184
3291.40625,-84.50012207
3291.601563,-84.5489502
3291.804688,-84.58251953
3292,-84.5916748
3292.203125,-84.58251953
3292.40625,-84.56726074
3292.601563,-84.53063965
3292.804688,-84.55200195
3293,-84.54589844
3293.203125,-84.50317383
3293.40625,-84.50927734
3293.601563,-84.50012207
3293.804688,-84.5916748
3294,-84.64050293
3294.203125,-84.64355469
3294.40625,-84.61914063
3294.601563,-84.57946777
3294.804688,-84.55810547
3295,-84.57946777
3295.203125,-84.58862305
3295.40625,-84.57946777
3295.601563,-84.55810547
3295.804688,-84.56115723
3296,-84.59777832
3296.203125,-84.60083008
3296.40625,-84.61608887
3296.601563,-84.65270996
3296.804688,-84.68322754
3297,-84.67712402
3297.203125,-84.64660645
3297.40625,-84.62524414
3297.601563,-84.60388184
3297.804688,-84.59777832
3298,-84.63439941
3298.203125,-84.64660645
3298.40625,-84.6282959
3298.601563,-84.57946777
3298.804688,-84.60388184
3299,-84.66796875
3299.203125,-84.65881348
3299.40625,-84.66186523
3299.601563,-84.70153809
3299.804688,-84.62524414
3300,-84.64660645
3300.203125,-84.68017578
3300.40625,-84.72900391
3300.601563,-84.64660645
3300.804688,-84.62219238
3301,-84.63745117
3301.203125,-84.64050293
3301.40625,-84.60083008
3301.601563,-84.58862305
3301.804688,-84.59472656
3302,-84.62219238
3302.203125,-84.63134766
3302.40625,-84.59777832
3302.601563,-84.57641602
3302.804688,-84.56420898
3303,-84.68322754
3303.203125,-84.65576172
3303.40625,-84.72900391
3303.601563,-84.65881348
3303.804688,-84.60693359
3304,-84.65270996
3304.203125,-84.65270996
3304.40625,-84.58557129
3304.601563,-84.55200195
3304.804688,-84.57641602
3305,-84.61303711
3305.203125,-84.65881348
3305.40625,-84.63439941
3305.601563,-84.6282959
3305.804688,-84.60693359
3306,-84.60693359
3306.203125,-84.63745117
3306.40625,-84.65576172
3306.601563,-84.5703125
3306.804688,-84.53979492
3307,-84.58862305
3307.203125,-84.57336426
3307.40625,-84.57641602
3307.601563,-84.58862305
3307.804688,-84.5703125
3308,-84.55810547
3308.203125,-84.64050293
3308.40625,-84.58862305
3308.601563,-84.53369141
3308.804688,-84.52148438
3309,-84.48181152
3309.203125,-84.50927734
3309.40625,-84.5123291
3309.601563,-84.47570801
3309.804688,-84.50927734
3310,-84.41772461
3310.203125,-84.42993164
3310.40625,-84.42382813
3310.601563,-84.45129395
3310.804688,-84.52453613
3311,-84.51538086
3311.203125,-84.48791504
3311.40625,-84.48486328
3311.601563,-84.4909668
3311.804688,-84.40551758
3312,-84.45739746
3312.203125,-84.5123291
3312.40625,-84.50927734
3312.601563,-84.4543457
3312.804688,-84.40856934
3313,-84.44824219
3313.203125,-84.42687988
3313.40625,-84.46960449
3313.601563,-84.4329834
3313.804688,-84.52148438
3314,-84.50012207
3314.203125,-84.48181152
3314.40625,-84.50317383
3314.601563,-84.43603516
3314.804688,-84.39941406
3315,-84.42687988
3315.203125,-84.51843262
3315.40625,-84.54284668
3315.601563,-84.48486328
3315.804688,-84.40551758
3316,-84.43603516
3316.203125,-84.4909668
3316.40625,-84.51538086
3316.601563,-84.52453613
3316.804688,-84.50622559
3317,-84.49401855
3317.203125,-84.50927734
3317.40625,-84.50012207
3317.601563,-84.50012207
3317.804688,-84.44824219
3318,-84.52453613
3318.203125,-84.4909668
3318.40625,-84.53674316
3318.601563,-84.55200195
3318.804688,-84.50927734
3319,-84.49401855
3319.203125,-84.53979492
3319.40625,-84.52758789
3319.601563,-84.53979492
3319.804688,-84.53674316
3320,-84.50622559
3320.203125,-84.53979492
3320.40625,-84.59777832
3320.601563,-84.52453613
3320.804688,-84.52453613
3321,-84.47570801
3321.203125,-84.58862305
3321.40625,-84.60083008
3321.601563,-84.6282959
3321.804688,-84.61914063
3322,-84.5489502
3322.203125,-84.58557129
3322.40625,-84.58251953
3322.601563,-84.5916748
3322.804688,-84.59777832
3323,-84.5916748
3323.203125,-84.58251953
3323.40625,-84.60693359
3323.601563,-84.64050293
3323.804688,-84.58251953
3324,-84.55200195
3324.203125,-84.57641602
3324.40625,-84.64050293
3324.601563,-84.60998535
3324.804688,-84.58862305
3325,-84.56115723
3325.203125,-84.52453613
3325.40625,-84.5703125
3325.601563,-84.5916748
3325.804688,-84.61608887
3326,-84.51843262
3326.203125,-84.55505371
3326.40625,-84.54284668
3326.601563,-84.50012207
3326.804688,-84.50012207
3327,-84.50622559
3327.203125,-84.56420898
3327.40625,-84.56420898
3327.601563,-84.52758789
3327.804688,-84.47875977
3328,-84.46044922
3328.203125,-84.45129395
3328.40625,-84.44519043
3328.601563,-84.52148438
3328.804688,-84.43908691
3329,-84.41772461
3329.203125,-84.36279297
3329.40625,-84.41467285
3329.601563,-84.38415527
3329.804688,-84.42382813
3330,-84.3963623
3330.203125,-84.37194824
3330.40625,-84.41772461
3330.601563,-84.44213867
3330.804688,-84.41772461
3331,-84.40856934
3331.203125,-84.37805176
3331.40625,-84.37805176
3331.601563,-84.36279297
3331.804688,-84.40246582
3332,-84.42077637
3332.203125,-84.39941406
3332.40625,-84.37194824
3332.601563,-84.36889648
3332.804688,-84.29870605
3333,-84.27734375
3333.203125,-84.29260254
3333.40625,-84.28344727
3333.601563,-84.36584473
3333.804688,-84.45129395
3334,-84.3536377
3334.203125,-84.30480957
3334.40625,-84.30480957
3334.601563,-84.34143066
3334.804688,-84.37805176
3335,-84.35668945
3335.203125,-84.34448242
3335.40625,-84.35668945
3335.601563,-84.32922363
3335.804688,-84.3963623
3336,-84.39331055
3336.203125,-84.38110352
3336.40625,-84.32922363
3336.601563,-84.35668945
3336.804688,-84.32312012
3337,-84.36279297
3337.203125,-84.35668945
3337.40625,-84.28039551
3337.601563,-84.31396484
3337.804688,-84.375
3338,-84.32006836
3338.203125,-84.32006836
3338.40625,-84.37194824
3338.601563,-84.42077637
3338.804688,-84.3536377
3339,-84.39331055
3339.203125,-84.38415527
3339.40625,-84.31396484
3339.601563,-84.36279297
3339.804688,-84.36584473
3340,-84.36889648
3340.203125,-84.33227539
3340.40625,-84.35668945
3340.601563,-84.3170166
3340.804688,-84.33532715
3341,-84.34448242
3341.203125,-84.30786133
3341.40625,-84.28955078
3341.601563,-84.3536377
3341.804688,-84.37805176
3342,-84.34753418
3342.203125,-84.31396484
3342.40625,-84.33532715
3342.601563,-84.33837891
3342.804688,-84.33837891
3343,-84.38415527
3343.203125,-84.40856934
3343.40625,-84.36889648
3343.601563,-84.34753418
3343.804688,-84.36584473
3344,-84.37194824
3344.203125,-84.35668945
3344.40625,-84.26818848
3344.601563,-84.28955078
3344.804688,-84.32922363
3345,-84.26208496
3345.203125,-84.27734375
3345.40625,-84.22546387
3345.601563,-84.31396484
3345.804688,-84.33227539
3346,-84.3536377
3346.203125,-84.32006836
3346.40625,-84.26208496
3346.601563,-84.2376709
3346.804688,-84.2590332
3347,-84.26208496
3347.203125,-84.26818848
3347.40625,-84.26818848
3347.601563,-84.23461914
3347.804688,-84.23156738
3348,-84.24072266
3348.203125,-84.29870605
3348.40625,-84.1796875
3348.601563,-84.14916992
3348.804688,-84.20715332
3349,-84.26513672
3349.203125,-84.26208496
3349.40625,-84.24682617
3349.601563,-84.22546387
3349.804688,-84.16748047
3350,-84.24682617
3350.203125,-84.22241211
3350.40625,-84.1796875
3350.601563,-84.21936035
3350.804688,-84.21936035
3351,-84.25598145
3351.203125,-84.20410156
3351.40625,-84.11560059
3351.601563,-84.14916992
3351.804688,-84.19494629
3352,-84.15222168
3352.203125,-84.10644531
3352.40625,-84.1583252
3352.601563,-84.2010498
3352.804688,-84.19799805
3353,-84.20715332
3353.203125,-84.18273926
3353.40625,-84.16442871
3353.601563,-84.16137695
3353.804688,-84.24072266
3354,-84.22546387
3354.203125,-84.18884277
3354.40625,-84.16442871
3354.601563,-84.10644531
3354.804688,-84.18273926
3355,-84.12475586
3355.203125,-84.1217041
3355.40625,-84.14001465
3355.601563,-84.08203125
3355.804688,-84.07897949
3356,-84.14001465
3356.203125,-84.12475586
3356.40625,-84.1583252
3356.601563,-84.14916992
3356.804688,-84.10339355
3357,-84.10949707
3357.203125,-84.11254883
3357.40625,-84.14001465
3357.601563,-84.12780762
3357.804688,-84.19494629
3358,-84.18273926
3358.203125,-84.21630859
3358.40625,-84.27124023
3358.601563,-84.24377441
3358.804688,-84.24682617
3359,-84.17053223
3359.203125,-84.21020508
3359.40625,-84.2010498
3359.601563,-84.24377441
3359.804688,-84.14611816
3360,-84.19189453
3360.203125,-84.17358398
3360.40625,-84.2376709
3360.601563,-84.15527344
3360.804688,-84.13391113
3361,-84.10339355
3361.203125,-84.14916992
3361.40625,-84.19189453
3361.601563,-84.21936035
3361.804688,-84.20410156
3362,-84.21630859
3362.203125,-84.18273926
3362.40625,-84.20410156
3362.601563,-84.20715332
3362.804688,-84.17663574
3363,-84.1583252
3363.203125,-84.19189453
3363.40625,-84.19494629
3363.601563,-84.15222168
3363.804688,-84.18273926
3364,-84.13391113
3364.203125,-84.1003418
3364.40625,-84.2376709
3364.601563,-84.16137695
3364.804688,-84.13391113
3365,-84.13085938
3365.203125,-84.13696289
3365.40625,-84.19799805
3365.601563,-84.20715332
3365.804688,-84.13391113
3366,-84.09729004
3366.203125,-84.0423584
3366.40625,-84.07592773
3366.601563,-84.05456543
3366.804688,-84.0057373
3367,-84.05151367
3367.203125,-84.0637207
3367.40625,-84.14001465
3367.601563,-84.12780762
3367.804688,-84.01794434
3368,-84.08813477
3368.203125,-84.04541016
3368.40625,-84.08203125
3368.601563,-84.07592773
3368.804688,-84.03930664
3369,-84.05456543
3369.203125,-84.08508301
3369.40625,-84.10339355
3369.601563,-83.99658203
3369.804688,-83.984375
3370,-83.984375
3370.203125,-83.99047852
3370.40625,-84.00268555
3370.601563,-83.99658203
3370.804688,-83.93249512
3371,-84.02099609
3371.203125,-83.94470215
3371.40625,-84.05151367
3371.601563,-84.01184082
3371.804688,-84.00268555
3372,-83.94775391
3372.203125,-84.03320313
3372.40625,-83.99658203
3372.601563,-84.02404785
3372.804688,-83.97216797
3373,-83.99047852
3373.203125,-83.94165039
3373.40625,-83.94775391
3373.601563,-83.99047852
3373.804688,-84.07592773
3374,-84.04541016
3374.203125,-83.98132324
3374.40625,-83.99658203
3374.601563,-83.984375
3374.804688,-83.98132324
3375,-83.99047852
3375.203125,-83.984375
3375.40625,-84.01794434
3375.601563,-84.01184082
3375.804688,-83.96606445
3376,-83.97521973
3376.203125,-84.03320313
3376.40625,-83.99658203
3376.601563,-84.03320313
3376.804688,-83.99963379
3377,-83.95996094
3377.203125,-83.96606445
3377.40625,-83.9630127
3377.601563,-83.93859863
3377.804688,-83.99353027
3378,-83.94165039
3378.203125,-83.98742676
3378.40625,-84.02404785
3378.601563,-83.98132324
3378.804688,-84.02099609
3379,-84.11560059
3379.203125,-84.06066895
3379.40625,-84.0637207
3379.601563,-84.04541016
3379.804688,-84.00878906
3380,-84.03015137
3380.203125,-84.0057373
3380.40625,-83.98742676
3380.601563,-84.00878906
3380.804688,-84.00878906
3381,-83.95690918
3381.203125,-83.96606445
3381.40625,-83.98742676
3381.601563,-83.984375
3381.804688,-83.97827148
3382,-83.95690918
3382.203125,-84.0057373
3382.40625,-83.93249512
3382.601563,-83.95690918
3382.804688,-84.03625488
3383,-84.04541016
3383.203125,-84.03320313
3383.40625,-83.95080566
3383.601563,-83.98132324
3383.804688,-83.98742676
3384,-84.03930664
3384.203125,-84.01489258
3384.40625,-83.98132324
3384.601563,-83.94775391
3384.804688,-83.96606445
3385,-84.00878906
3385.203125,-83.94165039
3385.40625,-83.93859863
3385.601563,-83.99047852
3385.804688,-83.97216797
3386,-83.87145996
3386.203125,-83.92333984
3386.40625,-83.88977051
3386.601563,-83.89282227
3386.804688,-83.81347656
3387,-83.86535645
3387.203125,-83.88061523
3387.40625,-83.9263916
3387.601563,-83.85314941
3387.804688,-83.8470459
3388,-83.90808105
3388.203125,-83.85925293
3388.40625,-83.85620117
3388.601563,-83.78295898
3388.804688,-83.82568359
3389,-83.76159668
3389.203125,-83.78601074
3389.40625,-83.74633789
3389.601563,-83.72497559
3389.804688,-83.81958008
3390,-83.83483887
3390.203125,-83.80126953
3390.40625,-83.76464844
3390.601563,-83.79211426
3390.804688,-83.81958008
3391,-83.83483887
3391.203125,-83.72802734
3391.40625,-83.74938965
3391.601563,-83.74328613
3391.804688,-83.73413086
3392,-83.80126953
3392.203125,-83.77380371
3392.40625,-83.80737305
3392.601563,-83.79516602
3392.804688,-83.77685547
3393,-83.78295898
3393.203125,-83.69140625
3393.40625,-83.71276855
3393.601563,-83.77380371
3393.804688,-83.83789063
3394,-83.75244141
3394.203125,-83.71887207
3394.40625,-83.74023438
3394.601563,-83.7677002
3394.804688,-83.78601074
3395,-75.87890625
3395.203125,-53.89099121
3395.40625,-43.5333252
3395.601563,-38.12561035
3395.804688,-34.21630859
3396,-30.80444336
3396.203125,-27.53295898
3396.40625,-24.37438965
3396.601563,-21.44165039
3396.804688,-18.39904785
3397,-23.25439453
3397.203125,-41.81518555
3397.40625,-49.02648926
3397.601563,-51.14746094
3397.804688,-51.78833008
3398,-51.98059082
3398.203125,-51.90734863
3398.40625,-51.79443359
3398.601563,-51.62353516
3398.804688,-51.40380859
3399,-51.14440918
3399.203125,-50.96740723
3399.40625,-50.53710938
3399.601563,-50.27160645
3399.804688,-49.88708496
3400,-49.44763184
3400.203125,-48.98681641
3400.40625,-48.40698242
3400.601563,-47.68066406
3400.804688,-46.71936035
3401,-45.60241699
3401.203125,-43.99719238
3401.40625,-41.43981934
3401.601563,-34.3536377
3401.804688,-0.9185791016
3402,32.41577148
3402.203125,44.52514648
3402.40625,48.08654785
3402.601563,48.93493652
3402.804688,48.80065918
3403,48.3795166
3403.203125,47.8515625
3403.40625,47.36022949
3403.601563,47.07336426
3403.804688,46.74987793
3404,46.35314941
3404.203125,46.13952637
3404.40625,45.96862793
3404.601563,45.85571289
3404.804688,45.74890137
3405,45.55358887
3405.203125,45.43151855
3405.40625,45.36132813
3405.601563,45.24536133
3405.804688,45.22705078
3406,45.19958496
3406.203125,45.1171875
3406.40625,45.06835938
3406.601563,45.09277344
3406.804688,45.0592041
3407,45.03173828
3407.203125,44.98901367
3407.40625,44.99816895
3407.601563,44.99511719
3407.804688,45.01647949
3408,45.05310059
3408.203125,45.04699707
3408.40625,45.12634277
3408.601563,45.1965332
3408.804688,45.26062012
3409,45.26977539
3409.203125,45.33691406
3409.40625,45.35827637
3409.601563,45.41625977
3409.804688,45.40405273
3410,45.44677734
3410.203125,45.48034668
3410.40625,45.5291748
3410.601563,45.55969238
3410.804688,45.67565918
3411,45.69702148
3411.203125,45.73364258
3411.40625,45.68481445
3411.601563,45.76721191
3411.804688,45.84350586
3412,45.90454102
3412.203125,45.92285156
3412.40625,45.88012695
3412.601563,45.92895508
3412.804688,46.00219727
3413,46.00524902
3413.203125,46.06628418
3413.40625,46.01135254
3413.601563,45.95947266
3413.804688,45.95947266
3414,46.03271484
3414.203125,46.02661133
3414.40625,46.05712891
3414.601563,46.10900879
3414.804688,46.1730957
3415,46.18530273
3415.203125,46.16088867
3415.40625,46.19140625
3415.601563,46.19750977
3415.804688,46.2310791
3416,46.20666504
3416.203125,46.18225098
3416.40625,46.1517334
3416.601563,46.16088867
3416.804688,46.19750977
3417,46.25549316
3417.203125,46.29211426
3417.40625,46.32873535
3417.601563,46.26159668
3417.804688,46.31347656
3418,46.30126953
3418.203125,46.3470459
3418.40625,46.32568359
3418.601563,46.31958008
3418.804688,46.3104248
3419,46.33483887
3419.203125,46.27685547
3419.40625,46.29211426
3419.601563,46.27380371
3419.804688,46.30126953
3420,46.29821777
3420.203125,46.28601074
3420.40625,46.28601074
3420.601563,46.27990723
3420.804688,46.27685547
3421,46.3104248
3421.203125,46.2677002
3421.40625,46.24023438
3421.601563,46.22802734
3421.804688,46.22802734
3422,46.27075195
3422.203125,46.31652832
3422.40625,46.24023438
3422.601563,46.27075195
3422.804688,46.23413086
3423,46.2677002
3423.203125,46.27075195
3423.40625,46.24633789
3423.601563,46.26464844
3423.804688,46.27685547
3424,46.2890625
3424.203125,46.27990723
3424.40625,46.2677002
3424.601563,46.2097168
3424.804688,46.28601074
3425,46.3104248
3425.203125,46.3104248
3425.40625,46.2890625
3425.601563,46.21276855
3425.804688,46.21582031
3426,46.27075195
3426.203125,46.24023438
3426.40625,46.26464844
3426.601563,46.28601074
3426.804688,46.20361328
3427,46.15478516
3427.203125,46.16699219
3427.40625,46.13342285
3427.601563,46.08154297
3427.804688,46.10290527
3428,46.06933594
3428.203125,46.16088867
3428.40625,46.14868164
3428.601563,46.0357666
3428.804688,46.01745605
3429,46.05407715
3429.203125,46.08154297
3429.40625,46.02966309
3429.601563,46.0723877
3429.804688,46.08764648
3430,46.05102539
3430.203125,46.08154297
3430.40625,45.99609375
3430.601563,45.96252441
3430.804688,45.97167969
3431,45.92285156
3431.203125,46.04492188
3431.40625,46.00524902
3431.601563,45.9564209
3431.804688,45.86486816
3432,45.87097168
3432.203125,45.87402344
3432.40625,45.88317871
3432.601563,45.87097168
3432.804688,45.84655762
3433,45.8404541
3433.203125,45.8770752
3433.40625,45.84960938
3433.601563,45.73669434
3433.804688,45.67871094
3434,45.6817627
3434.203125,45.73364258
3434.40625,45.73059082
3434.601563,45.74890137
3434.804688,45.70617676
3435,45.67871094
3435.203125,45.66345215
3435.40625,45.69091797
3435.601563,45.72753906
3435.804688,45.69702148
3436,45.62988281
3436.203125,45.61157227
3436.40625,45.59936523
3436.601563,45.5078125
3436.804688,45.48950195
3437,45.53527832
3437.203125,45.55664063
3437.40625,45.55969238
3437.601563,45.51391602
3437.804688,45.41320801
3438,45.46813965
3438.203125,45.37963867
3438.40625,45.37353516
3438.601563,45.39489746
3438.804688,45.37658691
3439,45.27282715
3439.203125,45.30944824
3439.40625,45.30029297
3439.601563,45.28503418
3439.804688,45.24841309
3440,45.19348145
3440.203125,45.18432617
3440.40625,45.17211914
3440.601563,45.18737793
3440.804688,45.10498047
3441,45.0958252
3441.203125,45.06835938
3441.40625,45.06530762
3441.601563,44.99511719
3441.804688,44.93713379
3442,44.86694336
3442.203125,44.92797852
3442.40625,44.89746094
3442.601563,44.87915039
3442.804688,44.88525391
3443,44.90661621
3443.203125,44.8425293
3443.40625,44.79064941
3443.601563,44.79675293
3443.804688,44.73571777
3444,44.6472168
3444.203125,44.68994141
3444.40625,44.70214844
3444.601563,44.64416504
3444.804688,44.65026855
3445,44.68688965
3445.203125,44.62890625
3445.40625,44.61669922
3445.601563,44.60754395
3445.804688,44.53430176
3446,44.49768066
3446.203125,44.53125
3446.40625,44.56176758
3446.601563,44.50073242
3446.804688,44.50683594
3447,44.47631836
3447.203125,44.41223145
3447.40625,44.43359375
3447.601563,44.4152832
3447.804688,44.37255859
3448,44.32678223
3448.203125,44.34204102
3448.40625,44.33898926
3448.601563,44.26574707
3448.804688,44.26879883
3449,44.22607422
3449.203125,44.19555664
3449.40625,44.17724609
3449.601563,44.16503906
3449.804688,44.2199707
3450,44.20166016
3450.203125,44.16503906
3450.40625,44.1619873
3450.601563,44.12841797
3450.804688,44.08874512
3451,44.13757324
3451.203125,44.18029785
3451.40625,44.20166016
3451.601563,44.14672852
3451.804688,44.1192627
3452,44.02160645
3452.203125,44.00024414
3452.40625,43.97888184
3452.601563,43.94836426
3452.804688,43.95141602
3453,43.90869141
3453.203125,43.91174316
3453.40625,43.90563965
3453.601563,43.86291504
3453.804688,43.7713623
3454,43.79882813
3454.203125,43.77441406
3454.40625,43.82019043
3454.601563,43.78356934
3454.804688,43.81103516
3455,43.71948242
3455.203125,43.65234375
3455.40625,43.6706543
3455.601563,43.70727539
3455.804688,43.59436035
3456,43.64624023
3456.203125,43.61877441
3456.40625,43.56384277
3456.601563,43.51196289
3456.804688,43.52416992
3457,43.50891113
3457.203125,43.4967041
3457.40625,43.49365234
3457.601563,43.4753418
3457.804688,43.42041016
3458,43.34106445
3458.203125,43.29528809
3458.40625,43.20068359
3458.601563,43.31970215
3458.804688,43.26171875
3459,43.23730469
3459.203125,43.19152832
3459.40625,43.1427002
3459.601563,43.17016602
3459.804688,43.1640625
3460,43.0847168
3460.203125,43.06030273
3460.40625,43.07861328
3460.601563,43.0847168
3460.804688,43.12744141
3461,43.06030273
3461.203125,42.95959473
3461.40625,43.00842285
3461.601563,43.0267334
3461.804688,43.0480957
3462,43.01147461
3462.203125,43.01147461
3462.40625,42.96569824
3462.601563,42.94128418
3462.804688,42.92297363
3463,42.99316406
3463.203125,42.8894043
3463.40625,42.87719727
3463.601563,42.89550781
3463.804688,42.92297363
3464,42.85583496
3464.203125,42.79174805
3464.40625,42.87414551
3464.601563,42.8314209
3464.804688,42.82226563
3465,42.80090332
3465.203125,42.79785156
3465.40625,42.7734375
3465.601563,42.75817871
3465.804688,42.82531738
3466,42.76733398
3466.203125,42.72155762
3466.40625,42.73071289
3466.601563,42.70935059
3466.804688,42.70629883
3467,42.71850586
3467.203125,42.67272949
3467.40625,42.5994873
3467.601563,42.64221191
3467.804688,42.63305664
3468,42.57202148
3468.203125,42.52929688
3468.40625,42.54455566
3468.601563,42.56286621
3468.804688,42.51403809
3469,42.43164063
3469.203125,42.40112305
3469.40625,42.31262207
3469.601563,42.35534668
3469.804688,42.30957031
3470,42.32788086
3470.203125,42.29125977
3470.40625,42.23022461
3470.601563,42.1661377
3470.804688,42.16918945
3471,42.14477539
3471.203125,42.09899902
3471.40625,42.10510254
3471.601563,42.10510254
3471.804688,42.00744629
3472,41.98913574
3472.203125,42.00134277
3472.40625,41.94030762
3472.601563,41.92504883
3472.804688,41.9128418
3473,41.8548584
3473.203125,41.91589355
3473.40625,41.84570313
3473.601563,41.75109863
3473.804688,41.69616699
3474,41.69616699
3474.203125,41.62597656
3474.40625,41.57104492
3474.601563,41.58325195
3474.804688,41.62597656
3475,41.64123535
3475.203125,41.57409668
3475.40625,41.54052734
3475.601563,41.51916504
3475.804688,41.55578613
3476,41.53442383
3476.203125,41.45202637
3476.40625,41.40625
3476.601563,41.43066406
3476.804688,41.48254395
3477,41.4855957
3477.203125,41.41845703
3477.40625,41.40625
3477.601563,41.35437012
3477.804688,41.33300781
3478,41.36352539
3478.203125,41.29943848
3478.40625,41.24450684
3478.601563,41.16821289
3478.804688,41.2322998
3479,41.2902832
3479.203125,41.20178223
3479.40625,41.17126465
3479.601563,41.11938477
3479.804688,41.13769531
3480,41.07971191
3480.203125,41.10412598
3480.40625,41.05529785
3480.601563,41.05224609
3480.804688,41.08886719
3481,41.12854004
3481.203125,41.06140137
3481.40625,41.03088379
3481.601563,40.95458984
3481.804688,40.95458984
3482,40.99121094
3482.203125,40.93322754
3482.40625,40.91491699
3482.601563,40.90270996
3482.804688,40.80505371
3483,40.88134766
3483.203125,40.78063965
3483.40625,40.77453613
3483.601563,40.73791504
3483.804688,40.67687988
3484,40.69824219
3484.203125,40.71655273
3484.40625,40.67077637
3484.601563,40.61279297
3484.804688,40.65856934
3485,40.64941406
3485.203125,40.7043457
3485.40625,40.65551758
3485.601563,40.53039551
3485.804688,40.50598145
3486,40.51513672
3486.203125,40.53649902
3486.40625,40.55480957
3486.601563,40.52429199
3486.804688,40.47851563
3487,40.52429199
3487.203125,40.49987793
3487.40625,40.40527344
3487.601563,40.41442871
3487.804688,40.38085938
3488,40.41137695
3488.203125,40.39611816
3488.40625,40.34423828
3488.601563,40.33508301
3488.804688,40.2923584
3489,40.31982422
3489.203125,40.23742676
3489.40625,40.21911621
3489.601563,40.23742676
3489.804688,40.234375
3490,40.22827148
3490.203125,40.24658203
3490.40625,40.19775391
3490.601563,40.1763916
3490.804688,40.08178711
3491,40.11230469
3491.203125,40.06652832
3491.40625,40.08483887
3491.601563,40.02685547
3491.804688,40.01159668
3492,39.97802734
3492.203125,39.95666504
3492.40625,39.92614746
3492.601563,39.89562988
3492.804688,39.85595703
3493,39.85290527
3493.203125,39.9017334
3493.40625,39.81018066
3493.601563,39.72167969
3493.804688,39.62097168
3494,39.65759277
3494.203125,39.65759277
3494.40625,39.60876465
3494.601563,39.58435059
3494.804688,39.5324707
3495,39.52026367
3495.203125,39.5690918
3495.40625,39.55078125
3495.601563,39.49890137
3495.804688,39.49279785
3496,39.50195313
3496.203125,39.50195313
3496.40625,39.4317627
3496.601563,39.42260742
3496.804688,39.38293457
3497,39.41345215
3497.203125,39.43481445
3497.40625,39.40734863
3497.601563,39.3737793
3497.804688,39.27612305
3498,39.22119141
3498.203125,39.22424316
3498.40625,39.1418457
3498.601563,39.16320801
3498.804688,39.12963867
3499,39.06860352
3499.203125,39.12353516
3499.40625,39.13269043
3499.601563,39.11437988
3499.804688,39.05029297
3500,38.97705078
3500.203125,38.98925781
3500.40625,38.99841309
3500.601563,38.97094727
3500.804688,38.9251709
3501,38.8671875
3501.203125,38.87023926
3501.40625,38.86413574
3501.601563,38.8092041
3501.804688,38.74511719
3502,38.71459961
3502.203125,38.71154785
3502.40625,38.73901367
3502.601563,38.68103027
3502.804688,38.57421875
3503,38.52539063
3503.203125,38.4552002
3503.40625,38.47045898
3503.601563,38.48571777
3503.804688,38.40637207
3504,38.40942383
3504.203125,38.41552734
3504.40625,38.46130371
3504.601563,38.39416504
3504.804688,38.31176758
3505,38.21105957
3505.203125,38.27209473
3505.40625,38.38195801
3505.601563,38.30566406
3505.804688,38.27514648
3506,38.27209473
3506.203125,38.23852539
3506.40625,38.2019043
3506.601563,38.23547363
3506.804688,38.26904297
3507,38.20495605
3507.203125,38.12255859
3507.40625,38.13476563
3507.601563,38.15307617
3507.804688,38.15917969
3508,37.99133301
3508.203125,38.01574707
3508.40625,38.05541992
3508.601563,38.09204102
3508.804688,38.01574707
3509,37.96691895
3509.203125,37.89978027
3509.40625,37.9486084
3509.601563,38.00964355
3509.804688,37.97607422
3510,37.93029785
3510.203125,37.83874512
3510.40625,37.89672852
3510.601563,37.89672852
3510.804688,37.83569336
3511,37.83569336
3511.203125,37.77160645
3511.40625,37.71972656
3511.601563,37.69836426
3511.804688,37.63122559
3512,37.60986328
3512.203125,37.56713867
3512.40625,37.58544922
3512.601563,37.60375977
3512.804688,37.60375977
3513,37.50915527
3513.203125,37.6159668
3513.40625,37.57019043
3513.601563,37.5213623
3513.804688,37.46643066
3514,37.42370605
3514.203125,37.37182617
3514.40625,37.38708496
3514.601563,37.3840332
3514.804688,37.37792969
3515,37.27111816
3515.203125,37.29248047
3515.40625,37.2833252
3515.601563,37.29553223
3515.804688,37.26501465
3516,37.20092773
3516.203125,37.1673584
3516.40625,37.15820313
3516.601563,37.12768555
3516.804688,37.10021973
3517,37.0300293
3517.203125,37.00866699
3517.40625,36.96594238
3517.601563,36.94458008
3517.804688,37.00256348
3518,37.00866699
3518.203125,36.84692383
3518.40625,36.81945801
3518.601563,36.78894043
3518.804688,36.85913086
3519,36.81945801
3519.203125,36.79199219
3519.40625,36.74926758
3519.601563,36.74316406
3519.804688,36.69128418
3520,36.67602539
3520.203125,36.70043945
3520.40625,36.68212891
3520.601563,36.67907715
3520.804688,36.67602539
3521,36.61804199
3521.203125,36.54174805
3521.40625,36.53869629
3521.601563,36.58752441
3521.804688,36.52038574
3522,36.5234375
3522.203125,36.48681641
3522.40625,36.46850586
3522.601563,36.43188477
3522.804688,36.38305664
3523,36.4440918
3523.203125,36.34643555
3523.40625,36.35253906
3523.601563,36.29760742
3523.804688,36.28540039
3524,36.27929688
3524.203125,36.23352051
3524.40625,36.29455566
3524.601563,36.30371094
3524.804688,36.28845215
3525,36.24267578
3525.203125,36.23352051
3525.40625,36.20605469
3525.601563,36.14196777
3525.804688,36.1328125
3526,36.16027832
3526.203125,36.18469238
3526.40625,36.04431152
3526.601563,36.0534668
3526.804688,36.05651855
3527,36.03515625
3527.203125,35.99243164
3527.40625,35.95275879
3527.601563,35.93444824
3527.804688,35.9161377
3528,35.96801758
3528.203125,35.95581055
3528.40625,35.83374023
3528.601563,35.78491211
3528.804688,35.8215332
3529,35.6842041
3529.203125,35.6842041
3529.40625,35.65368652
3529.601563,35.6262207
3529.804688,35.62316895
3530,35.56518555
3530.203125,35.54992676
3530.40625,35.46142578
3530.601563,35.39123535
3530.804688,35.38818359
3531,35.33935547
3531.203125,35.30273438
3531.40625,35.30273438
3531.601563,35.3302002
3531.804688,35.25695801
3532,35.33325195
3532.203125,35.31494141
3532.40625,35.24169922
3532.601563,35.26306152
3532.804688,35.18371582
3533,35.1776123
3533.203125,35.2355957
3533.40625,35.18371582
3533.601563,35.08911133
3533.804688,35.00671387
3534,34.97314453
3534.203125,34.9609375
3534.40625,34.90905762
3534.601563,34.91210938
3534.804688,34.88464355
3535,34.83276367
3535.203125,34.85717773
3535.40625,34.79309082
3535.601563,34.71984863
3535.804688,34.77478027
3536,34.67712402
3536.203125,34.67102051
3536.40625,34.65576172
3536.601563,34.57336426
3536.804688,34.54589844
3537,34.53674316
3537.203125,34.48181152
3537.40625,34.49707031
3537.601563,34.41467285
3537.804688,34.42993164
3538,34.44213867
3538.203125,34.40246582
3538.40625,34.38720703
3538.601563,34.3536377
3538.804688,34.29870605
3539,34.24072266
3539.203125,34.22546387
3539.40625,34.17053223
3539.601563,34.0637207
3539.804688,34.06982422
3540,34.06677246
3540.203125,34.03015137
3540.40625,33.98742676
3540.601563,34.02099609
3540.804688,33.99353027
3541,33.94775391
3541.203125,33.92028809
3541.40625,33.88366699
3541.601563,33.85620117
3541.804688,33.81347656
3542,33.78295898
3542.203125,33.79516602
3542.40625,33.76464844
3542.601563,33.72802734
3542.804688,33.66699219
3543,33.76464844
3543.203125,33.66394043
3543.40625,33.60290527
3543.601563,33.60290527
3543.804688,33.54187012
3544,33.58459473
3544.203125,33.58459473
3544.40625,33.5357666
3544.601563,33.52966309
3544.804688,33.54492188
3545,33.56323242
3545.203125,33.53881836
3545.40625,33.42895508
3545.601563,33.36181641
3545.804688,33.41369629
3546,33.46862793
3546.203125,33.48999023
3546.40625,33.42285156
3546.601563,33.40759277
3546.804688,33.4197998
3547,33.42590332
3547.203125,33.36181641
3547.40625,33.27636719
3547.601563,33.21533203
3547.804688,33.20617676
3548,33.25195313
3548.203125,33.21533203
3548.40625,33.2244873
3548.601563,33.1817627
3548.804688,33.05053711
3549,33.1237793
3549.203125,33.07495117
3549.40625,33.03222656
3549.601563,33.09631348
3549.804688,33.08105469
3550,33.07189941
3550.203125,33.03527832
3550.40625,33.04748535
3550.601563,32.9498291
3550.804688,32.90710449
3551,32.86743164
3551.203125,32.83691406
3551.40625,32.81860352
3551.601563,32.82470703
3551.804688,32.76367188
3552,32.7331543
3552.203125,32.71484375
3552.40625,32.69348145
3552.601563,32.64160156
3552.804688,32.69042969
3553,32.68127441
3553.203125,32.77893066
3553.40625,32.65686035
3553.601563,32.54394531
3553.804688,32.5012207
3554,32.51647949
3554.203125,32.5012207
3554.40625,32.56530762
3554.601563,32.49206543
3554.804688,32.44934082
3555,32.40661621
3555.203125,32.37915039
3555.40625,32.42492676
3555.601563,32.41577148
3555.804688,32.41271973
3556,32.32421875
3556.203125,32.2845459
3556.40625,32.22961426
3556.601563,32.15637207
3556.804688,32.14111328
3557,32.1685791
3557.203125,32.12280273
3557.40625,32.1472168
3557.601563,32.15026855
3557.804688,32.11669922
3558,32.10754395
3558.203125,32.01293945
3558.40625,32.01904297
3558.601563,31.97631836
3558.804688,31.98852539
3559,31.96105957
3559.203125,31.95800781
3559.40625,31.91223145
3559.601563,31.88171387
3559.804688,31.84814453
3560,31.86645508
3560.203125,31.80847168
3560.40625,31.83288574
3560.601563,31.80541992
3560.804688,31.79626465
3561,31.73828125
3561.203125,31.70776367
3561.40625,31.68945313
3561.601563,31.6619873
3561.804688,31.54907227
3562,31.51550293
3562.203125,31.49414063
3562.40625,31.54296875
3562.601563,31.52770996
3562.804688,31.54907227
3563,31.4453125
3563.203125,31.37207031
3563.40625,31.4453125
3563.601563,31.43615723
3563.804688,31.36291504
3564,31.35681152
3564.203125,31.35986328
3564.40625,31.29577637
3564.601563,31.2713623
3564.804688,31.24389648
3565,31.25
3565.203125,31.19506836
3565.40625,31.19506836
3565.601563,31.09741211
3565.804688,31.08520508
3566,31.11877441
3566.203125,31.04858398
3566.40625,31.05163574
3566.601563,31.01196289
3566.804688,30.95703125
3567,30.9967041
3567.203125,30.88989258
3567.40625,30.77087402
3567.601563,30.82580566
3567.804688,30.85021973
3568,30.84106445
3568.203125,30.84716797
3568.40625,30.87768555
3568.601563,30.76477051
3568.804688,30.79528809
3569,30.82885742
3569.203125,30.71289063
3569.40625,30.67321777
3569.601563,30.70068359
3569.804688,30.70983887
3570,30.61828613
3570.203125,30.65795898
3570.40625,30.59387207
3570.601563,30.57556152
3570.804688,30.56335449
3571,30.50537109
3571.203125,30.45654297
3571.40625,30.45349121
3571.601563,30.38330078
3571.804688,30.3527832
3572,30.29785156
3572.203125,30.32226563
3572.40625,30.20324707
3572.601563,30.24291992
3572.804688,30.22766113
3573,30.16662598
3573.203125,30.20935059
3573.40625,30.14221191
3573.601563,29.99572754
3573.804688,29.95300293
3574,29.94689941
3574.203125,29.91638184
3574.40625,29.90722656
3574.601563,29.87670898
3574.804688,29.86755371
3575,29.80041504
3575.203125,29.85229492
3575.40625,29.83703613
3575.601563,29.80041504
3575.804688,29.73937988
3576,29.75463867
3576.203125,29.6875
3576.40625,29.62646484
3576.601563,29.5715332
3576.804688,29.46777344
3577,29.58679199
3577.203125,29.60510254
3577.40625,29.52880859
3577.601563,29.55627441
3577.804688,29.50134277
3578,29.4708252
3578.203125,29.37316895
3578.40625,29.35180664
3578.601563,29.3548584
3578.804688,29.33959961
3579,29.3548584
3579.203125,29.3762207
3579.40625,29.31518555
3579.601563,29.21447754
3579.804688,29.27246094
3580,29.2388916
3580.203125,29.21447754
3580.40625,29.20532227
3580.601563,29.19921875
3580.804688,29.17785645
3581,29.15039063
3581.203125,29.10461426
3581.40625,29.06799316
3581.601563,29.03747559
3581.804688,29.05883789
3582,29.10766602
3582.203125,29.0435791
3582.40625,28.99475098
3582.601563,28.94897461
3582.804688,28.92456055
3583,29.00085449
3583.203125,28.84521484
3583.40625,28.90319824
3583.601563,28.82995605
3583.804688,28.93676758
3584,28.90014648
3584.203125,28.84216309
3584.40625,28.80554199
3584.601563,28.81469727
3584.804688,28.78723145
3585,28.75976563
3585.203125,28.72009277
3585.40625,28.63464355
3585.601563,28.66516113
3585.804688,28.55834961
3586,28.58581543
3586.203125,28.61938477
3586.40625,28.6529541
3586.601563,28.61022949
3586.804688,28.60412598
3587,28.61633301
3587.203125,28.50952148
3587.40625,28.46984863
3587.601563,28.50952148
3587.804688,28.54919434
3588,28.4576416
3588.203125,28.43322754
3588.40625,28.41186523
3588.601563,28.44848633
3588.804688,28.47290039
3589,28.50036621
3589.203125,28.3996582
3589.40625,28.3782959
3589.601563,28.35693359
3589.804688,28.3416748
3590,28.30810547
3590.203125,28.35083008
3590.40625,28.28674316
3590.601563,28.26538086
3590.804688,28.25317383
3591,28.1463623
3591.203125,28.15856934
3591.40625,28.19824219
3591.601563,28.20129395
3591.804688,28.12194824
3592,28.09753418
3592.203125,28.08532715
3592.40625,28.07006836
3592.601563,28.08532715
3592.804688,28.09753418
3593,28.00598145
3593.203125,28.08837891
3593.40625,28.02734375
3593.601563,27.94189453
3593.804688,27.8717041
3594,27.85949707
3594.203125,27.84423828
3594.40625,27.84729004
3594.601563,27.82897949
3594.804688,27.77709961
3595,27.80151367
3595.203125,27.78930664
3595.40625,27.85644531
3595.601563,27.81982422
3595.804688,27.67333984
3596,27.62451172
3596.203125,27.67333984
3596.40625,27.6184082
3596.601563,27.6550293
3596.804688,27.58178711
3597,27.64282227
3597.203125,27.59094238
3597.40625,27.54211426
3597.601563,27.56652832
3597.804688,27.58178711
3598,27.49023438
3598.203125,27.45666504
3598.40625,27.45361328
3598.601563,27.46582031
3598.804688,27.48413086
3599,27.39868164
3599.203125,27.37731934
3599.40625,27.36206055
3599.601563,27.36816406
3599.804688,27.31323242
3600,27.24609375
3600.203125,27.23388672
3600.40625,27.23999023
3600.601563,27.23388672
3600.804688,27.15759277
3601,27.10266113
3601.203125,27.11181641
3601.40625,27.0904541
3601.601563,27.00805664
3601.804688,27.01416016
3602,26.96228027
3602.203125,26.94091797
3602.40625,26.8737793
3602.601563,26.82800293
3602.804688,26.83105469
3603,26.80053711
3603.203125,26.59301758
3603.40625,26.60827637
3603.601563,26.62963867
3603.804688,26.59606934
3604,26.5838623
3604.203125,26.56860352
3604.40625,26.50756836
3604.601563,26.50756836
3604.804688,26.5045166
3605,26.46789551
3605.203125,26.40686035
3605.40625,26.39160156
3605.601563,26.35803223
3605.804688,26.36413574
3606,26.41906738
3606.203125,26.33666992
3606.40625,26.38549805
3606.601563,26.32141113
3606.804688,26.32751465
3607,26.24816895
3607.203125,26.21765137
3607.40625,26.23901367
3607.601563,26.31835938
3607.804688,26.21459961
3608,26.14135742
3608.203125,26.22375488
3608.40625,26.22070313
3608.601563,26.16577148
3608.804688,26.18103027
3609,26.18713379
3609.203125,26.04980469
3609.40625,26.0925293
3609.601563,26.04370117
3609.804688,26.0925293
3610,26.04370117
3610.203125,25.93383789
3610.40625,25.91247559
3610.601563,25.89416504
3610.804688,25.84533691
3611,25.81481934
3611.203125,25.79040527
3611.40625,25.72631836
3611.601563,25.67749023
3611.804688,25.63476563
3612,25.64086914
3612.203125,25.59204102
3612.40625,25.54016113
3612.601563,25.55236816
3612.804688,25.5859375
3613,25.45166016
3613.203125,25.45776367
3613.40625,25.43334961
3613.601563,25.29602051
3613.804688,25.28991699
3614,25.24719238
3614.203125,25.21362305
3614.40625,25.16479492
3614.601563,25.16479492
3614.804688,25.1159668
3615,25.10986328
3615.203125,25.04577637
3615.40625,25.04577637
3615.601563,25.00305176
3615.804688,24.96643066
3616,24.9206543
3616.203125,24.9786377
3616.40625,24.91455078
3616.601563,24.89624023
3616.804688,24.79553223
3617,24.75280762
3617.203125,24.65820313
3617.40625,24.64294434
3617.601563,24.63989258
3617.804688,24.61547852
3618,24.57885742
3618.203125,24.54833984
3618.40625,24.5513916
3618.601563,24.51171875
3618.804688,24.48120117
3619,24.49951172
3619.203125,24.45678711
3619.40625,24.45068359
3619.601563,24.38354492
3619.804688,24.37133789
3620,24.36218262
3620.203125,24.27368164
3620.40625,24.28283691
3620.601563,24.30419922
3620.804688,24.27368164
3621,24.20654297
3621.203125,24.18518066
3621.40625,24.1607666
3621.601563,24.14855957
3621.804688,24.14245605
3622,24.09362793
3622.203125,24.0234375
3622.40625,24.01733398
3622.601563,23.98681641
3622.804688,23.93188477
3623,23.92272949
3623.203125,23.75488281
3623.40625,23.73046875
3623.601563,23.78540039
3623.804688,23.82202148
3624,23.78845215
3624.203125,23.70605469
3624.40625,23.66638184
3624.601563,23.59313965
3624.804688,23.61450195
3625,23.66027832
3625.203125,23.5168457
3625.40625,23.48937988
3625.601563,23.48022461
3625.804688,23.40393066
3626,23.42224121
3626.203125,23.40393066
3626.40625,23.31542969
3626.601563,23.33984375
3626.804688,23.35205078
3627,23.30322266
3627.203125,23.25744629
3627.40625,23.17810059
3627.601563,23.19641113
3627.804688,23.17199707
3628,23.19335938
3628.203125,23.15063477
3628.40625,23.15979004
3628.601563,23.08044434
3628.804688,23.16894531
3629,23.1048584
3629.203125,23.11096191
3629.40625,23.07434082
3629.601563,23.04992676
3629.804688,23.04992676
3630,23.0255127
3630.203125,23.06213379
3630.40625,22.86987305
3630.601563,22.82409668
3630.804688,22.8515625
3631,22.82104492
3631.203125,22.74475098
3631.40625,22.72033691
3631.601563,22.69897461
3631.804688,22.66540527
3632,22.62268066
3632.203125,22.63183594
3632.40625,22.61352539
3632.601563,22.53723145
3632.804688,22.50366211
3633,22.42126465
3633.203125,22.48535156
3633.40625,22.36938477
3633.601563,22.25341797
3633.804688,22.29919434
3634,22.31140137
3634.203125,22.25341797
3634.40625,22.265625
3634.601563,22.18933105
3634.804688,22.19848633
3635,22.16186523
3635.203125,22.11608887
3635.40625,22.07336426
3635.601563,22.05505371
3635.804688,22.02453613
3636,21.9329834
3636.203125,21.86584473
3636.40625,21.84448242
3636.601563,21.82312012
3636.804688,21.7590332
3637,21.7956543
3637.203125,21.76513672
3637.40625,21.73461914
3637.601563,21.70410156
3637.804688,21.66748047
3638,21.64916992
3638.203125,21.67358398
3638.40625,21.53015137
3638.601563,21.52404785
3638.804688,21.50268555
3639,21.45996094
3639.203125,21.45996094
3639.40625,21.39892578
3639.601563,21.38977051
3639.804688,21.34399414
3640,21.32568359
3640.203125,21.30126953
3640.40625,21.27380371
3640.601563,21.30126953
3640.804688,21.2677002
3641,21.29211426
3641.203125,21.27380371
3641.40625,21.20666504
3641.601563,21.10900879
3641.804688,21.16394043
3642,21.17919922
3642.203125,21.16394043
3642.40625,21.07543945
3642.601563,20.99914551
3642.804688,20.99914551
3643,20.99304199
3643.203125,20.98388672
3643.40625,20.93200684
3643.601563,20.9564209
3643.804688,20.96252441
3644,21.00830078
3644.203125,20.91674805
3644.40625,20.91064453
3644.601563,20.87097168
3644.804688,20.78552246
3645,20.9197998
3645.203125,20.91064453
3645.40625,20.75805664
3645.601563,20.69702148
3645.804688,20.66345215
3646,20.67871094
3646.203125,20.62072754
3646.40625,20.66345215
3646.601563,20.59020996
3646.804688,20.60546875
3647,20.52001953
3647.203125,20.46203613
3647.40625,20.45898438
3647.601563,20.4284668
3647.804688,20.36132813
3648,20.24841309
3648.203125,20.26367188
3648.40625,20.2545166
3648.601563,20.19042969
3648.804688,20.19042969
3649,20.20568848
3649.203125,20.15075684
3649.40625,20.12939453
3649.601563,19.98291016
3649.804688,19.9798584
3650,19.98901367
3650.203125,20.02258301
3650.40625,20.01647949
3650.601563,19.9005127
3650.804688,19.86083984
3651,19.79675293
3651.203125,19.81506348
3651.40625,19.8425293
3651.601563,19.76318359
3651.804688,19.67773438
3652,19.59228516
3652.203125,19.57092285
3652.40625,19.51293945
3652.601563,19.49462891
3652.804688,19.46105957
3653,19.3359375
3653.203125,19.41223145
3653.40625,19.3359375
3653.601563,19.13146973
3653.804688,19.08569336
3654,19.07043457
3654.203125,19.09790039
3654.40625,19.12841797
3654.601563,19.04296875
3654.804688,19.00634766
3655,18.98803711
3655.203125,19.0032959
3655.40625,18.89343262
3655.601563,18.85375977
3655.804688,18.76220703
3656,18.72253418
3656.203125,18.74084473
3656.40625,18.65539551
3656.601563,18.63708496
3656.804688,18.60351563
3657,18.56079102
3657.203125,18.51196289
3657.40625,18.51501465
3657.601563,18.52111816
3657.804688,18.4753418
3658,18.42651367
3658.203125,18.30749512
3658.40625,18.30749512
3658.601563,18.27697754
3658.804688,18.2800293
3659,18.24035645
3659.203125,18.19458008
3659.40625,18.1854248
3659.601563,18.13659668
3659.804688,18.10913086
3660,18.09997559
3660.203125,18.04504395
3660.40625,17.99316406
3660.601563,17.95654297
3660.804688,17.93823242
3661,17.8894043
3661.203125,17.82531738
3661.40625,17.81616211
3661.601563,17.74291992
3661.804688,17.70324707
3662,17.63916016
3662.203125,17.59643555
3662.40625,17.5567627
3662.601563,17.55981445
3662.804688,17.50183105
3663,17.4621582
3663.203125,17.37365723
3663.40625,17.39196777
3663.601563,17.35839844
3663.804688,17.29431152
3664,17.2454834
3664.203125,17.22717285
3664.40625,17.29125977
3664.601563,17.24853516
3664.804688,17.15087891
3665,17.08374023
3665.203125,16.99829102
3665.40625,17.00439453
3665.601563,16.95861816
3665.804688,16.94641113
3666,16.83349609
3666.203125,16.80297852
3666.40625,16.79382324
3666.601563,16.7755127
3666.804688,16.74194336
3667,16.6809082
3667.203125,16.63818359
3667.40625,16.57104492
3667.601563,16.6229248
3667.804688,16.59240723
3668,16.57714844
3668.203125,16.53137207
3668.40625,16.49780273
3668.601563,16.39709473
3668.804688,16.3482666
3669,16.41540527
3669.203125,16.3482666
3669.40625,16.38793945
3669.601563,16.31469727
3669.804688,16.2902832
3670,16.24145508
3670.203125,16.25061035
3670.40625,16.11938477
3670.601563,16.07055664
3670.804688,16.05529785
3671,15.97595215
3671.203125,15.90881348
3671.40625,15.8996582
3671.601563,15.88134766
3671.804688,15.85083008
3672,15.81115723
3672.203125,15.75927734
3672.40625,15.73486328
3672.601563,15.71044922
3672.804688,15.69213867
3673,15.61889648
3673.203125,15.71350098
3673.40625,15.63110352
3673.601563,15.49987793
3673.804688,15.44189453
3674,15.43273926
3674.203125,15.38696289
3674.40625,15.35949707
3674.601563,15.37780762
3674.804688,15.26794434
3675,15.22827148
3675.203125,15.15808105
3675.40625,15.17333984
3675.601563,15.13366699
3675.804688,15.07568359
3676,15.10009766
3676.203125,15.05737305
3676.40625,14.99023438
3676.601563,15.01159668
3676.804688,14.9810791
3677,14.96276855
3677.203125,14.97802734
3677.40625,14.90783691
3677.601563,14.94750977
3677.804688,14.91088867
3678,14.85290527
3678.203125,14.74914551
3678.40625,14.74914551
3678.601563,14.67895508
3678.804688,14.63928223
3679,14.62097168
3679.203125,14.57214355
3679.40625,14.4744873
3679.601563,14.46228027
3679.804688,14.46533203
3680,14.38598633
3680.203125,14.29443359
3680.40625,14.2791748
3680.601563,14.24255371
3680.804688,14.27001953
3681,14.25170898
3681.203125,14.19677734
3681.40625,14.12963867
3681.601563,14.10522461
3681.804688,14.07775879
3682,13.99230957
3682.203125,14.01062012
3682.40625,14.01977539
3682.601563,13.96789551
3682.804688,13.88549805
3683,13.97705078
3683.203125,13.83972168
3683.40625,13.79394531
3683.601563,13.7512207
3683.804688,13.77563477
3684,13.69934082
3684.203125,13.64440918
3684.40625,13.56201172
3684.601563,13.58032227
3684.804688,13.50708008
3685,13.44299316
3685.203125,13.44604492
3685.40625,13.25378418
3685.601563,13.25683594
3685.804688,13.35144043
3686,13.27209473
3686.203125,13.21716309
3686.40625,13.19580078
3686.601563,13.19885254
3686.804688,13.13476563
3687,13.13476563
3687.203125,12.99438477
3687.40625,12.92724609
3687.601563,12.94555664
3687.804688,12.9119873
3688,12.82348633
3688.203125,12.82348633
3688.40625,12.7746582
3688.601563,12.70141602
3688.804688,12.64038086
3689,12.75024414
3689.203125,12.63122559
3689.40625,12.57629395
3689.601563,12.56408691
3689.804688,12.5579834
3690,12.54577637
3690.203125,12.56713867
3690.40625,12.40539551
3690.601563,12.32910156
3690.804688,12.32299805
3691,12.34130859
3691.203125,12.24975586
3691.40625,12.19482422
3691.601563,12.12463379
3691.804688,12.09411621
3692,12.09106445
3692.203125,12.05749512
3692.40625,12.00561523
3692.601563,11.92016602
3692.804688,11.8347168
3693,11.81030273
3693.203125,11.77368164
3693.40625,11.7401123
3693.601563,11.67297363
3693.804688,11.66992188
3694,11.69128418
3694.203125,11.63330078
3694.40625,11.54174805
3694.601563,11.52038574
3694.804688,11.47766113
3695,19.30541992
3695.203125,41.28417969
3695.40625,51.72424316
3695.601563,57.1472168
3695.804688,61.05957031
3696,64.42871094
3696.203125,67.69714355
3696.40625,70.74890137
3696.601563,73.82202148
3696.804688,76.8157959
3697,71.9329834
3697.203125,52.96325684
3697.40625,45.37658691
3697.601563,42.74902344
3697.804688,41.51000977
3698,40.83557129
3698.203125,40.27404785
3698.40625,39.70336914
3698.601563,39.16625977
3698.804688,38.73291016
3699,38.2598877
3699.203125,37.87231445
3699.40625,37.30163574
3699.601563,36.94458008
3699.804688,36.51123047
3700,36.19995117
3700.203125,35.75134277
3700.40625,35.44616699
3700.601563,35.04333496
3700.804688,34.70458984
3701,34.35668945
3701.203125,34.03930664
3701.40625,33.6730957
3701.601563,33.33435059
3701.804688,33.05053711
3702,32.73925781
3702.203125,32.39135742
3702.40625,32.1105957
3702.601563,31.85424805
3702.804688,31.50024414
3703,31.18286133
3703.203125,30.88989258
3703.40625,30.55419922
3703.601563,30.29785156
3703.804688,30.10864258
3704,29.77294922
3704.203125,29.4708252
3704.40625,29.26025391
3704.601563,29.01306152
3704.804688,28.72924805
3705,28.45153809
3705.203125,28.22570801
3705.40625,27.96020508
3705.601563,27.69775391
3705.804688,27.49938965
3706,27.24609375
3706.203125,27.05078125
3706.40625,26.91955566
3706.601563,26.68457031
3706.804688,26.52282715
3707,26.28479004
3707.203125,26.01623535
3707.40625,25.82092285
3707.601563,25.67138672
3707.804688,25.53710938
3708,25.38146973
3708.203125,25.19836426
3708.40625,25.00610352
3708.601563,24.80163574
3708.804688,24.61547852
3709,24.43237305
3709.203125,24.27368164
3709.40625,24.10888672
3709.601563,23.95935059
3709.804688,23.79150391
3710,23.53210449
3710.203125,23.39172363
3710.40625,23.21472168
3710.601563,23.1048584
3710.804688,22.96447754
3711,22.78137207
3711.203125,22.68371582
3711.40625,22.5769043
3711.601563,22.4395752
3711.804688,22.22900391
3712,22.08251953
3712.203125,21.9909668
3712.40625,21.82617188
3712.601563,21.72241211
3712.804688,21.61560059
3713,21.45080566
3713.203125,21.36230469
3713.40625,21.20361328
3713.601563,20.96862793
3713.804688,20.86486816
3714,20.77941895
3714.203125,20.66650391
3714.40625,20.54138184
3714.601563,20.40405273
3714.804688,20.2911377
3715,20.16296387
3715.203125,19.99206543
3715.40625,19.88220215
3715.601563,19.74182129
3715.804688,19.64416504
3716,19.50683594
3716.203125,19.36340332
3716.40625,19.14672852
3716.601563,19.11621094
3716.804688,18.9666748
3717,18.87817383
3717.203125,18.76831055
3717.40625,18.61877441
3717.601563,18.51806641
3717.804688,18.44482422
3718,18.35632324
3718.203125,18.26477051
3718.40625,18.10302734
3718.601563,18.05725098
3718.804688,17.94128418
3719,17.8894043
3719.203125,17.76733398
3719.40625,17.65441895
3719.601563,17.59033203
3719.804688,17.4621582
3720,17.34619141
3720.203125,17.22717285
3720.40625,17.2088623
3720.601563,17.15393066
3720.804688,16.98303223
3721,16.83044434
3721.203125,16.74194336
3721.40625,16.67785645
3721.601563,16.57104492
3721.804688,16.51306152
3722,16.3848877
3722.203125,16.30249023
3722.40625,16.26586914
3722.601563,16.17736816
3722.804688,16.04614258
3723,16.00646973
3723.203125,15.83862305
3723.40625,15.77148438
3723.601563,15.78369141
3723.804688,15.64941406
3724,15.51513672
3724.203125,15.40527344
3724.40625,15.41748047
3724.601563,15.28625488
3724.804688,15.22827148
3725,15.15197754
3725.203125,14.97192383
3725.40625,14.92614746
3725.601563,14.90478516
3725.804688,14.87121582
3726,14.74609375
3726.203125,14.69726563
3726.40625,14.58740234
3726.601563,14.5690918
3726.804688,14.41650391
3727,14.36462402
3727.203125,14.27001953
3727.40625,14.17541504
3727.601563,14.19067383
3727.804688,14.09301758
3728,13.96789551
3728.203125,13.87023926
3728.40625,13.78479004
3728.601563,13.71154785
3728.804688,13.61999512
3729,13.5345459
3729.203125,13.46435547
3729.40625,13.46435547
3729.601563,13.37280273
3729.804688,13.35144043
3730,13.26904297
3730.203125,13.15307617
3730.40625,13.04931641
3730.601563,12.95776367
3730.804688,12.87536621
3731,12.77160645
3731.203125,12.68615723
3731.40625,12.67089844
3731.601563,12.65563965
3731.804688,12.59765625
3732,12.46643066
3732.203125,12.3260498
3732.40625,12.23449707
3732.601563,12.23449707
3732.804688,12.15209961
3733,12.05749512
3733.203125,11.96899414
3733.40625,11.89880371
3733.601563,11.67602539
3733.804688,11.6607666
3734,11.61193848
3734.203125,11.5020752
3734.40625,11.38916016
3734.601563,11.32507324
3734.804688,11.25183105
3735,11.11450195
3735.203125,10.98632813
3735.40625,10.88867188
3735.601563,10.79101563
3735.804688,10.73303223
3736,10.65368652
3736.203125,10.45532227
3736.40625,10.39123535
3736.601563,10.39428711
3736.804688,10.34851074
3737,10.2355957
3737.203125,10.11352539
3737.40625,10.00671387
3737.601563,9.963989258
3737.804688,9.893798828
3738,9.838867188
3738.203125,9.725952148
3738.40625,9.674072266
3738.601563,9.628295898
3738.804688,9.539794922
3739,9.509277344
3739.203125,9.411621094
3739.40625,9.265136719
3739.601563,9.20715332
3739.804688,9.167480469
3740,9.161376953
3740.203125,9.08203125
3740.40625,8.984375
3740.601563,8.929443359
3740.804688,8.883666992
3741,8.828735352
3741.203125,8.743286133
3741.40625,8.66394043
3741.601563,8.581542969
3741.804688,8.422851563
3742,8.392333984
3742.203125,8.374023438
3742.40625,8.331298828
3742.601563,8.206176758
3742.804688,8.10546875
3743,8.099365234
3743.203125,7.983398438
3743.40625,7.827758789
3743.601563,7.745361328
3743.804688,7.708740234
3744,7.601928711
3744.203125,7.620239258
3744.40625,7.476806641
3744.601563,7.376098633
3744.804688,7.229614258
3745,7.153320313
3745.203125,7.055664063
3745.40625,6.942749023
3745.601563,6.829833984
3745.804688,6.787109375
3746,6.677246094
3746.203125,6.616210938
3746.40625,6.539916992
3746.601563,6.527709961
3746.804688,6.341552734
3747,6.365966797
3747.203125,6.198120117
3747.40625,6.112670898
3747.601563,6.08215332
3747.804688,5.975341797
3748,5.98449707
3748.203125,5.865478516
3748.40625,5.834960938
3748.601563,5.682373047
3748.804688,5.572509766
3749,5.508422852
3749.203125,5.450439453
3749.40625,5.386352539
3749.601563,5.267333984
3749.804688,5.224609375
3750,5.157470703
3750.203125,5.096435547
3750.40625,4.940795898
3750.601563,4.888916016
3750.804688,4.846191406
3751,4.742431641
3751.203125,4.605102539
3751.40625,4.550170898
3751.601563,4.486083984
3751.804688,4.388427734
3752,4.257202148
3752.203125,4.150390625
3752.40625,4.107666016
3752.601563,4.022216797
3752.804688,3.997802734
3753,3.854370117
3753.203125,3.80859375
3753.40625,3.713989258
3753.601563,3.518676758
3753.804688,3.485107422
3754,3.430175781
3754.203125,3.323364258
3754.40625,3.228759766
3754.601563,3.125
3754.804688,3.024291992
3755,2.941894531
3755.203125,2.847290039
3755.40625,2.697753906
3755.601563,2.600097656
3755.804688,2.51159668
3756,2.44140625
3756.203125,2.331542969
3756.40625,2.200317383
3756.601563,2.084350586
3756.804688,1.956176758
3757,1.852416992
3757.203125,1.821899414
3757.40625,1.733398438
3757.601563,1.657104492
3757.804688,1.568603516
3758,1.403808594
3758.203125,1.251220703
3758.40625,1.177978516
3758.601563,1.116943359
3758.804688,0.9948730469
3759,0.9002685547
3759.203125,0.8087158203
3759.40625,0.6774902344
3759.601563,0.6134033203
3759.804688,0.537109375
3760,0.4211425781
3760.203125,0.2807617188
3760.40625,0.2075195313
3760.601563,0.1098632813
3760.804688,-0.009155273438
3761,-0.1373291016
3761.203125,-0.2166748047
3761.40625,-0.3936767578
3761.601563,-0.5187988281
3761.804688,-0.6011962891
3762,-0.6958007813
3762.203125,-0.8483886719
3762.40625,-0.9399414063
3762.601563,-1.052856445
3762.804688,-1.150512695
3763,-1.260375977
3763.203125,-1.400756836
3763.40625,-1.547241211
3763.601563,-1.657104492
3763.804688,-1.669311523
3764,-1.78527832
3764.203125,-1.895141602
3764.40625,-2.001953125
3764.601563,-2.145385742
3764.804688,-2.194213867
3765,-2.282714844
3765.203125,-2.423095703
3765.40625,-2.578735352
3765.601563,-2.627563477
3765.804688,-2.700805664
3766,-2.792358398
3766.203125,-2.926635742
3766.40625,-3.005981445
3766.601563,-3.091430664
3766.804688,-3.25012207
3767,-3.372192383
3767.203125,-3.512573242
3767.40625,-3.58581543
3767.601563,-3.659057617
3767.804688,-3.771972656
3768,-3.875732422
3768.203125,-4.006958008
3768.40625,-4.113769531
3768.601563,-4.254150391
3768.804688,-4.339599609
3769,-4.431152344
3769.203125,-4.583740234
3769.40625,-4.595947266
3769.601563,-4.696655273
3769.804688,-4.867553711
3770,-5.020141602
3770.203125,-5.090332031
3770.40625,-5.249023438
3770.601563,-5.34362793
3770.804688,-5.514526367
3771,-5.560302734
3771.203125,-5.706787109
3771.40625,-5.850219727
3771.601563,-5.92956543
3771.804688,-6.024169922
3772,-6.243896484
3772.203125,-6.359863281
3772.40625,-6.466674805
3772.601563,-6.546020508
3772.804688,-6.661987305
3773,-6.811523438
3773.203125,-6.893920898
3773.40625,-7.028198242
3773.601563,-7.238769531
3773.804688,-7.342529297
3774,-7.467651367
3774.203125,-7.708740234
3774.40625,-7.833862305
3774.601563,-7.940673828
3774.804688,-8.090209961
3775,-8.218383789
3775.203125,-8.413696289
3775.40625,-8.560180664
3775.601563,-8.602905273
3775.804688,-8.703613281
3776,-8.819580078
3776.203125,-9.057617188
3776.40625,-9.188842773
3776.601563,-9.298706055
3776.804688,-9.414672852
3777,-9.555053711
3777.203125,-9.722900391
3777.40625,-9.796142578
3777.601563,-9.945678711
3777.804688,-10.15014648
3778,-10.37902832
3778.203125,-10.57739258
3778.40625,-10.69946289
3778.601563,-10.8001709
3778.804688,-10.96801758
3779,-11.09619141
3779.203125,-11.27624512
3779.40625,-11.56311035
3779.601563,-11.73095703
3779.804688,-11.88964844
3780,-12.05444336
3780.203125,-12.27111816
3780.40625,-12.41455078
3780.601563,-12.62512207
3780.804688,-12.82653809
3781,-13.03405762
3781.203125,-13.19274902
3781.40625,-13.42163086
3781.601563,-13.57116699
3781.804688,-13.70544434
3782,-13.8885498
3782.203125,-14.09301758
3782.40625,-14.23034668
3782.601563,-14.38598633
3782.804688,-14.57214355
3783,-14.76745605
3783.203125,-15.01464844
3783.40625,-15.14587402
3783.601563,-15.33203125
3783.804688,-15.4876709
3784,-15.71350098
3784.203125,-15.94238281
3784.40625,-16.14379883
3784.601563,-16.29333496
3784.804688,-16.47644043
3785,-16.76635742
3785.203125,-16.89453125
3785.40625,-17.14477539
3785.601563,-17.34313965
3785.804688,-17.50183105
3786,-17.78564453
3786.203125,-17.92602539
3786.40625,-18.13049316
3786.601563,-18.27697754
3786.804688,-18.47229004
3787,-18.6706543
3787.203125,-18.87207031
3787.40625,-19.03076172
3787.601563,-19.22912598
3787.804688,-19.43969727
3788,-19.63195801
3788.203125,-19.84558105
3788.40625,-20.10192871
3788.601563,-20.25756836
3788.804688,-20.52612305
3789,-20.68786621
3789.203125,-20.95947266
3789.40625,-21.19140625
3789.601563,-21.33483887
3789.804688,-21.52099609
3790,-21.67663574
3790.203125,-21.86279297
3790.40625,-22.15270996
3790.601563,-22.32055664
3790.804688,-22.59216309
3791,-22.78442383
3791.203125,-23.00109863
3791.40625,-23.26660156
3791.601563,-23.48022461
3791.804688,-23.70300293
3792,-23.89831543
3792.203125,-24.1027832
3792.40625,-24.34387207
3792.601563,-24.49951172
3792.804688,-24.74365234
3793,-24.89929199
3793.203125,-25.13122559
3793.40625,-25.44250488
3793.601563,-25.72631836
3793.804688,-25.91552734
3794,-26.06506348
3794.203125,-26.31530762
3794.40625,-26.54418945
3794.601563,-26.74255371
3794.804688,-26.96838379
3795,-27.23999023
3795.203125,-27.45056152
3795.40625,-27.73132324
3795.601563,-27.93579102
3795.804688,-28.25012207
3796,-28.40270996
3796.203125,-28.61938477
3796.40625,-28.97949219
3796.601563,-29.23583984
3796.804688,-29.46166992
3797,-29.69055176
3797.203125,-29.89807129
3797.40625,-30.14221191
3797.601563,-30.41687012
3797.804688,-30.69152832
3798,-30.93566895
3798.203125,-31.23474121
3798.40625,-31.45446777
3798.601563,-31.6619873
3798.804688,-31.99462891
3799,-32.17163086
3799.203125,-32.40356445
3799.40625,-32.70263672
3799.601563,-32.96813965
3799.804688,-33.203125
3800,-33.44116211
3800.203125,-33.67614746
3800.40625,-33.92944336
3800.601563,-34.18884277
3800.804688,-34.41467285
3801,-34.6282959
3801.203125,-34.86938477
3801.40625,-35.11962891
3801.601563,-35.36376953
3801.804688,-35.54382324
3802,-35.68115234
3802.203125,-35.87036133
3802.40625,-36.14196777
3802.601563,-36.42578125
3802.804688,-36.70654297
3803,-36.9140625
3803.203125,-37.17041016
3803.40625,-37.41760254
3803.601563,-37.63427734
3803.804688,-37.85400391
3804,-38.10119629
3804.203125,-38.34533691
3804.40625,-38.58947754
3804.601563,-38.7512207
3804.804688,-39.00756836
3805,-39.19067383
3805.203125,-39.42871094
3805.40625,-39.67895508
3805.601563,-39.91088867
3805.804688,-40.13977051
3806,-40.39611816
3806.203125,-40.54870605
3806.40625,-40.74707031
3806.601563,-40.93017578
3806.804688,-41.28417969
3807,-41.44287109
3807.203125,-41.66259766
3807.40625,-41.83044434
3807.601563,-42.08068848
3807.804688,-42.31872559
3808,-42.52929688
3808.203125,-42.73071289
3808.40625,-42.87719727
3808.601563,-43.21594238
3808.804688,-43.45092773
3809,-43.67980957
3809.203125,-43.85681152
3809.40625,-44.06738281
3809.601563,-44.30236816
3809.804688,-44.47631836
3810,-44.73571777
3810.203125,-44.90966797
3810.40625,-45.16906738
3810.601563,-45.33081055
3810.804688,-45.62683105
3811,-45.79162598
3811.203125,-46.01745605
3811.40625,-46.19140625
3811.601563,-46.41723633
3811.804688,-46.6003418
3812,-46.77734375
3812.203125,-47.00927734
3812.40625,-47.16491699
3812.601563,-47.37854004
3812.804688,-47.57080078
3813,-47.71118164
3813.203125,-47.95532227
3813.40625,-48.21166992
3813.601563,-48.48022461
3813.804688,-48.63891602
3814,-48.8494873
3814.203125,-48.98376465
3814.40625,-49.20043945
3814.601563,-49.38049316
3814.804688,-49.5513916
3815,-49.78027344
3815.203125,-49.9786377
3815.40625,-50.18920898
3815.601563,-50.37841797
3815.804688,-50.53100586
3816,-50.67443848
3816.203125,-50.91247559
3816.40625,-51.09558105
3816.601563,-51.28479004
3816.804688,-51.44042969
3817,-51.63879395
3817.203125,-51.79748535
3817.40625,-51.91040039
3817.601563,-52.09655762
3817.804688,-52.25524902
3818,-52.52990723
3818.203125,-52.68554688
3818.40625,-52.8137207
3818.601563,-52.96630859
3818.804688,-53.24707031
3819,-53.3416748
3819.203125,-53.52172852
3819.40625,-53.69873047
3819.601563,-53.86962891
3819.804688,-54.01611328
3820,-54.17785645
3820.203125,-54.34570313
3820.40625,-54.37316895
3820.601563,-54.58679199
3820.804688,-54.80957031
3821,-54.93164063
3821.203125,-55.12390137
3821.40625,-55.23071289
3821.601563,-55.39855957
3821.804688,-55.54199219
3822,-55.59082031
3822.203125,-55.72509766
3822.40625,-55.92041016
3822.601563,-56.06689453
3822.804688,-56.21643066
3823,-56.34765625
3823.203125,-56.55212402
3823.40625,-56.69250488
3823.601563,-56.73828125
3823.804688,-56.87561035
3824,-57.10144043
3824.203125,-57.27844238
3824.40625,-57.37304688
3824.601563,-57.44934082
3824.804688,-57.62939453
3825,-57.70568848
3825.203125,-57.87963867
3825.40625,-58.00170898
3825.601563,-57.9498291
3825.804688,-58.17565918
3826,-58.27941895
3826.203125,-58.47167969
3826.40625,-58.5357666
3826.601563,-58.59680176
3826.804688,-58.68530273
3827,-58.8470459
3827.203125,-59.03625488
3827.40625,-59.14916992
3827.601563,-59.19494629
3827.804688,-59.30175781
3828,-59.41772461
3828.203125,-59.51843262
3828.40625,-59.56115723
3828.601563,-59.75646973
3828.804688,-59.81140137
3829,-59.98535156
3829.203125,-60.10437012
3829.40625,-60.16235352
3829.601563,-60.25085449
3829.804688,-60.35766602
3830,-60.47058105
3830.203125,-60.61706543
3830.40625,-60.76049805
3830.601563,-60.80627441
3830.804688,-60.87646484
3831,-60.91003418
3831.203125,-61.09313965
3831.40625,-61.17248535
3831.601563,-61.23352051
3831.804688,-61.31591797
3832,-61.44104004
3832.203125,-61.5814209
3832.40625,-61.59362793
3832.601563,-61.65771484
3832.804688,-61.73400879
3833,-61.76452637
3833.203125,-61.93847656
3833.40625,-62.07275391
3833.601563,-62.14599609
3833.804688,-62.2253418
3834,-62.3046875
3834.203125,-62.35961914
3834.40625,-62.48168945
3834.601563,-62.57629395
3834.804688,-62.66174316
3835,-62.71362305
3835.203125,-62.82348633
3835.40625,-62.91503906
3835.601563,-63.00048828
3835.804688,-63.09204102
3836,-63.19580078
3836.203125,-63.23852539
3836.40625,-63.36364746
3836.601563,-63.45825195
3836.804688,-63.50708008
3837,-63.55285645
3837.203125,-63.65966797
3837.40625,-63.79699707
3837.601563,-63.83666992
3837.804688,-63.85803223
3838,-63.93737793
3838.203125,-64.08691406
3838.40625,-64.14489746
3838.601563,-64.16931152
3838.804688,-64.23950195
3839,-64.30664063
3839.203125,-64.45922852
3839.40625,-64.54772949
3839.601563,-64.60266113
3839.804688,-64.68811035
3840,-64.74609375
3840.203125,-64.78881836
3840.40625,-64.84680176
3840.601563,-64.95361328
3840.804688,-64.99328613
3841,-65.10925293
3841.203125,-65.13977051
3841.40625,-65.24658203
3841.601563,-65.31066895
3841.804688,-65.31982422
3842,-65.40527344
3842.203125,-65.48461914
3842.40625,-65.53955078
3842.601563,-65.64331055
3842.804688,-65.67993164
3843,-65.73791504
3843.203125,-65.75317383
3843.40625,-65.88745117
3843.601563,-65.96984863
3843.804688,-66.03088379
3844,-66.10107422
3844.203125,-66.11328125
3844.40625,-66.13464355
3844.601563,-66.2109375
3844.804688,-66.30554199
3845,-66.34521484
3845.203125,-66.39099121
3845.40625,-66.4855957
3845.601563,-66.54968262
3845.804688,-66.51611328
3846,-66.6595459
3846.203125,-66.68701172
3846.40625,-66.71142578
3846.601563,-66.75415039
3846.804688,-66.84265137
3847,-66.93725586
3847.203125,-66.94335938
3847.40625,-66.99829102
3847.601563,-67.01049805
3847.804688,-67.08068848
3848,-67.17224121
3848.203125,-67.19665527
3848.40625,-67.2454834
3848.601563,-67.31567383
3848.804688,-67.38891602
3849,-67.37976074
3849.203125,-67.43469238
3849.40625,-67.54455566
3849.601563,-67.53540039
3849.804688,-67.62695313
3850,-67.58728027
3850.203125,-67.73376465
3850.40625,-67.78259277
3850.601563,-67.88024902
3850.804688,-67.90466309
3851,-67.95349121
3851.203125,-67.97485352
3851.40625,-68.04504395
3851.601563,-68.09082031
3851.804688,-68.24035645
3852,-68.20678711
3852.203125,-68.25256348
3852.40625,-68.31359863
3852.601563,-68.31359863
3852.804688,-68.359375
3853,-68.40820313
3853.203125,-68.42956543
3853.40625,-68.48754883
3853.601563,-68.66760254
3853.804688,-68.72253418
3854,-68.65234375
3854.203125,-68.71032715
3854.40625,-68.78356934
3854.601563,-68.8659668
3854.804688,-68.90563965
3855,-68.95141602
3855.203125,-68.97888184
3855.40625,-69.07348633
3855.601563,-69.10705566
3855.804688,-69.15893555
3856,-69.19250488
3856.203125,-69.22302246
3856.40625,-69.31152344
3856.601563,-69.35424805
3856.804688,-69.37866211
3857,-69.43664551
3857.203125,-69.46716309
3857.40625,-69.56176758
3857.601563,-69.61364746
3857.804688,-69.66552734
3858,-69.66247559
3858.203125,-69.76318359
3858.40625,-69.76623535
3858.601563,-69.86999512
3858.804688,-69.90966797
3859,-69.99816895
3859.203125,-69.95849609
3859.40625,-70.01037598
3859.601563,-70.10803223
3859.804688,-70.20568848
3860,-70.21789551
3860.203125,-70.26062012
3860.40625,-70.30639648
3860.601563,-70.37658691
3860.804688,-70.42236328
3861,-70.43151855
3861.203125,-70.42236328
3861.40625,-70.49255371
3861.601563,-70.5657959
3861.804688,-70.61767578
3862,-70.63903809
3862.203125,-70.65429688
3862.40625,-70.64819336
3862.601563,-70.70922852
3862.804688,-70.8190918
3863,-70.87402344
3863.203125,-70.83740234
3863.40625,-70.94726563
3863.601563,-70.92895508
3863.804688,-71.02050781
3864,-71.09069824
3864.203125,-71.12121582
3864.40625,-71.10900879
3864.601563,-71.14562988
3864.804688,-71.24328613
3865,-71.2890625
3865.203125,-71.25854492
3865.40625,-71.32568359
3865.601563,-71.37756348
3865.804688,-71.43859863
3866,-71.42028809
3866.203125,-71.41113281
3866.40625,-71.53320313
3866.601563,-71.53015137
3866.804688,-71.52709961
3867,-71.63391113
3867.203125,-71.7376709
3867.40625,-71.81396484
3867.601563,-71.8170166
3867.804688,-71.74987793
3868,-71.87805176
3868.203125,-71.84753418
3868.40625,-71.83227539
3868.601563,-71.94213867
3868.804688,-71.93908691
3869,-72.02148438
3869.203125,-72.05505371
3869.40625,-72.0703125
3869.601563,-72.10083008
3869.804688,-72.13439941
3870,-72.21069336
3870.203125,-72.24731445
3870.40625,-72.31445313
3870.601563,-72.3449707
3870.804688,-72.31140137
3871,-72.35107422
3871.203125,-72.45178223
3871.40625,-72.43347168
3871.601563,-72.51586914
3871.804688,-72.52502441
3872,-72.53112793
3872.203125,-72.55554199
3872.40625,-72.64404297
3872.601563,-72.65014648
3872.804688,-72.70202637
3873,-72.71118164
3873.203125,-72.81494141
3873.40625,-72.89123535
3873.601563,-72.95837402
3873.804688,-72.97363281
3874,-73.04077148
3874.203125,-73.06213379
3874.40625,-73.0682373
3874.601563,-73.11401367
3874.804688,-73.14758301
3875,-73.21777344
3875.203125,-73.22692871
3875.40625,-73.29711914
3875.601563,-73.30322266
3875.804688,-73.33984375
3876,-73.41308594
3876.203125,-73.51379395
3876.40625,-73.51074219
3876.601563,-73.5168457
3876.804688,-73.5748291
3877,-73.62060547
3877.203125,-73.64196777
3877.40625,-73.64807129
3877.601563,-73.6541748
3877.804688,-73.75793457
3878,-73.83117676
3878.203125,-73.81286621
3878.40625,-73.83117676
3878.601563,-73.86169434
3878.804688,-73.97155762
3879,-74.01428223
3879.203125,-74.05395508
3879.40625,-74.09667969
3879.601563,-74.14245605
3879.804688,-74.20959473
3880,-74.17907715
3880.203125,-74.23400879
3880.40625,-74.21875
3880.601563,-74.23706055
3880.804688,-74.23095703
3881,-74.33166504
3881.203125,-74.36218262
3881.40625,-74.45068359
3881.601563,-74.45373535
3881.804688,-74.46899414
3882,-74.53308105
3882.203125,-74.55444336
3882.40625,-74.58496094
3882.601563,-74.6887207
3882.804688,-74.67956543
3883,-74.68566895
3883.203125,-74.78942871
3883.40625,-74.82910156
3883.601563,-74.75891113
3883.804688,-74.80163574
3884,-74.8260498
3884.203125,-74.91149902
3884.40625,-74.95422363
3884.601563,-74.96032715
3884.804688,-74.99084473
3885,-75.00610352
3885.203125,-75.03967285
3885.40625,-75.11901855
3885.601563,-75.19836426
3885.804688,-75.12512207
3886,-75.23498535
3886.203125,-75.28991699
3886.40625,-75.27160645
3886.601563,-75.23498535
3886.804688,-75.28381348
3887,-75.31433105
3887.203125,-75.38452148
3887.40625,-75.43029785
3887.601563,-75.4119873
3887.804688,-75.41503906
3888,-75.44555664
3888.203125,-75.54626465
3888.40625,-75.62866211
3888.601563,-75.61035156
3888.804688,-75.57373047
3889,-75.7232666
3889.203125,-75.67138672
3889.40625,-75.6652832
3889.601563,-75.67138672
3889.804688,-75.70495605
3890,-75.7598877
3890.203125,-75.82397461
3890.40625,-75.88500977
3890.601563,-75.88195801
3890.804688,-75.88500977
3891,-75.89111328
3891.203125,-75.93688965
3891.40625,-75.94299316
3891.601563,-75.97351074
3891.804688,-76.01623535
3892,-76.06811523
3892.203125,-76.13830566
3892.40625,-76.14135742
3892.601563,-76.19628906
3892.804688,-76.16577148
3893,-76.14746094
3893.203125,-76.20849609
3893.40625,-76.33056641
3893.601563,-76.38549805
3893.804688,-76.35803223
3894,-76.40686035
3894.203125,-76.44042969
3894.40625,-76.46179199
3894.601563,-76.5045166
3894.804688,-76.47094727
3895,-76.52893066
3895.203125,-76.59912109
3895.40625,-76.62353516
3895.601563,-76.66625977
3895.804688,-76.7364502
3896,-76.72729492
3896.203125,-76.7578125
3896.40625,-76.79748535
3896.601563,-76.84936523
3896.804688,-76.88903809
3897,-76.86462402
3897.203125,-76.92871094
3897.40625,-76.98364258
3897.601563,-76.95007324
3897.804688,-76.98669434
3898,-76.96838379
3898.203125,-77.10876465
3898.40625,-77.0904541
3898.601563,-77.08435059
3898.804688,-77.14538574
3899,-77.14233398
3899.203125,-77.16369629
3899.40625,-77.25830078
3899.601563,-77.34375
3899.804688,-77.38342285
3900,-77.41699219
3900.203125,-77.44445801
3900.40625,-77.37426758
3900.601563,-77.42004395
3900.804688,-77.45361328
3901,-77.45361328
3901.203125,-77.48413086
3901.40625,-77.54821777
3901.601563,-77.61230469
3901.804688,-77.55737305
3902,-77.58178711
3902.203125,-77.67028809
3902.40625,-77.734375
3902.601563,-77.7557373
3902.804688,-77.75268555
3903,-77.74353027
3903.203125,-77.80151367
3903.40625,-77.8137207
3903.601563,-77.8137207
3903.804688,-77.85644531
3904,-77.89001465
3904.203125,-77.9510498
3904.40625,-77.92663574
3904.601563,-77.91137695
3904.804688,-77.95410156
3905,-77.99682617
3905.203125,-78.01513672
3905.40625,-78.09143066
3905.601563,-78.10058594
3905.804688,-78.08837891
3906,-78.07006836
3906.203125,-78.16162109
3906.40625,-78.17077637
3906.601563,-78.21044922
3906.804688,-78.21960449
3907,-78.2043457
3907.203125,-78.28369141
3907.40625,-78.2989502
3907.601563,-78.31115723
3907.804688,-78.43017578
3908,-78.31420898
3908.203125,-78.33862305
3908.40625,-78.46679688
3908.601563,-78.44543457
3908.804688,-78.44848633
3909,-78.50952148
3909.203125,-78.52478027
3909.40625,-78.53393555
3909.601563,-78.56445313
3909.804688,-78.57666016
3910,-78.62548828
3910.203125,-78.6315918
3910.40625,-78.63464355
3910.601563,-78.68347168
3910.804688,-78.71398926
3911,-78.70483398
3911.203125,-78.74145508
3911.40625,-78.71398926
3911.601563,-78.77807617
3911.804688,-78.83911133
3912,-78.8482666
3912.203125,-78.88183594
3912.40625,-78.88183594
3912.601563,-78.87878418
3912.804688,-78.9276123
3913,-78.89404297
3913.203125,-78.93981934
3913.40625,-79.03137207
3913.601563,-79.0435791
3913.804688,-79.07104492
3914,-79.11682129
3914.203125,-79.11987305
3914.40625,-79.1015625
3914.601563,-79.1595459
3914.804688,-79.21447754
3915,-79.16259766
3915.203125,-79.16564941
3915.40625,-79.2388916
3915.601563,-79.22363281
3915.804688,-79.29077148
3916,-79.29382324
3916.203125,-79.30908203
3916.40625,-79.39758301
3916.601563,-79.46166992
3916.804688,-79.41894531
3917,-79.34570313
3917.203125,-79.41894531
3917.40625,-79.49829102
3917.601563,-79.53491211
3917.804688,-79.52575684
3918,-79.54711914
3918.203125,-79.58679199
3918.40625,-79.60510254
3918.601563,-79.63867188
3918.804688,-79.65393066
3919,-79.65698242
3919.203125,-79.62646484
3919.40625,-79.70581055
3919.601563,-79.70581055
3919.804688,-79.76379395
3920,-79.79431152
3920.203125,-79.84619141
3920.40625,-79.75769043
3920.601563,-79.75769043
3920.804688,-79.81872559
3921,-79.87060547
3921.203125,-79.83093262
3921.40625,-79.90722656
3921.601563,-79.93469238
3921.804688,-79.93164063
3922,-79.98352051
3922.203125,-79.98962402
3922.40625,-79.98657227
3922.601563,-80.02929688
3922.804688,-80.04760742
3923,-80.13000488
3923.203125,-80.05371094
3923.40625,-80.11474609
3923.601563,-80.10559082
3923.804688,-80.18188477
3924,-80.20324707
3924.203125,-80.18798828
3924.40625,-80.20935059
3924.601563,-80.13916016
3924.804688,-80.2520752
3925,-80.31005859
3925.203125,-80.31005859
3925.40625,-80.27954102
3925.601563,-80.37109375
3925.804688,-80.36193848
3926,-80.31616211
3926.203125,-80.38635254
3926.40625,-80.36804199
3926.601563,-80.37414551
3926.804688,-80.3894043
3927,-80.41687012
3927.203125,-80.38024902
3927.40625,-80.37719727
3927.601563,-80.48400879
3927.804688,-80.48400879
3928,-80.47180176
3928.203125,-80.47485352
3928.40625,-80.51757813
3928.601563,-80.56030273
3928.804688,-80.52062988
3929,-80.49621582
3929.203125,-80.56640625
3929.40625,-80.5847168
3929.601563,-80.60302734
3929.804688,-80.59692383
3930,-80.61828613
3930.203125,-80.70678711
3930.40625,-80.68847656
3930.601563,-80.59997559
3930.804688,-80.66101074
3931,-80.74951172
3931.203125,-80.71899414
3931.40625,-80.72814941
3931.601563,-80.78308105
3931.804688,-80.75866699
3932,-80.81359863
3932.203125,-80.86853027
3932.40625,-80.90515137
3932.601563,-80.88989258
3932.804688,-80.85632324
3933,-80.80749512
3933.203125,-80.92956543
3933.40625,-80.97839355
3933.601563,-80.98449707
3933.804688,-80.95703125
3934,-80.96313477
3934.203125,-81.00891113
3934.40625,-81.01806641
3934.601563,-81.00891113
3934.804688,-81.0333252
3935,-81.02722168
3935.203125,-81.04248047
3935.40625,-81.08825684
3935.601563,-81.10351563
3935.804688,-81.11877441
3936,-81.07910156
3936.203125,-81.17980957
3936.40625,-81.25915527
3936.601563,-81.18896484
3936.804688,-81.17980957
3937,-81.18286133
3937.203125,-81.15539551
3937.40625,-81.21948242
3937.601563,-81.24694824
3937.804688,-81.21032715
3938,-81.3079834
3938.203125,-81.3873291
3938.40625,-81.32019043
3938.601563,-81.3079834
3938.804688,-81.3293457
3939,-81.37817383
3939.203125,-81.37512207
3939.40625,-81.45141602
3939.601563,-81.47583008
3939.804688,-81.4666748
3940,-81.43005371
3940.203125,-81.47888184
3940.40625,-81.46972656
3940.601563,-81.45446777
3940.804688,-81.49108887
3941,-81.56738281
3941.203125,-81.60400391
3941.40625,-81.59179688
3941.601563,-81.57043457
3941.804688,-81.59484863
3942,-81.60095215
3942.203125,-81.62536621
3942.40625,-81.67724609
3942.601563,-81.66809082
3942.804688,-81.66503906
3943,-81.7565918
3943.203125,-81.72607422
3943.40625,-81.79016113
3943.601563,-81.80236816
3943.804688,-81.84509277
3944,-81.82067871
3944.203125,-81.78100586
3944.40625,-81.80847168
3944.601563,-81.83288574
3944.804688,-81.78100586
3945,-81.79321289
3945.203125,-81.85424805
3945.40625,-81.8359375
3945.601563,-81.93664551
3945.804688,-81.90612793
3946,-81.94274902
3946.203125,-81.87866211
3946.40625,-81.92443848
3946.601563,-81.88781738
3946.804688,-81.86645508
3947,-81.97631836
3947.203125,-81.96716309
3947.40625,-81.93054199
3947.601563,-81.92749023
3947.804688,-82.01599121
3948,-81.96411133
3948.203125,-81.95800781
3948.40625,-81.9519043
3948.601563,-81.99462891
3948.804688,-82.02819824
3949,-82.01904297
3949.203125,-82.02514648
3949.40625,-82.0526123
3949.601563,-82.04345703
3949.804688,-82.06176758
3950,-82.08618164
3950.203125,-82.06481934
3950.40625,-82.16247559
3950.601563,-82.15637207
3950.804688,-82.16552734
3951,-82.17163086
3951.203125,-82.21435547
3951.40625,-82.2052002
3951.601563,-82.19909668
3951.804688,-82.24487305
3952,-82.26318359
3952.203125,-82.24487305
3952.40625,-82.26928711
3952.601563,-82.2265625
3952.804688,-82.30895996
3953,-82.26318359
3953.203125,-82.27233887
3953.40625,-82.25097656
3953.601563,-82.30895996
3953.804688,-82.31201172
3954,-82.36083984
3954.203125,-82.38525391
3954.40625,-82.36083984
3954.601563,-82.37915039
3954.804688,-82.38220215
3955,-82.37304688
3955.203125,-82.39746094
3955.40625,-82.40356445
3955.601563,-82.45544434
3955.804688,-82.4798584
3956,-82.44628906
3956.203125,-82.4798584
3956.40625,-82.55615234
3956.601563,-82.57751465
3956.804688,-82.56835938
3957,-82.54089355
3957.203125,-82.53479004
3957.40625,-82.51342773
3957.601563,-82.58972168
3957.804688,-82.60498047
3958,-82.65380859
3958.203125,-82.59887695
3958.40625,-82.63244629
3958.601563,-82.65380859
3958.804688,-82.60192871
3959,-82.61413574
3959.203125,-82.63244629
3959.40625,-82.65380859
3959.601563,-82.6385498
3959.804688,-82.67822266
3960,-82.6965332
3960.203125,-82.66906738
3960.40625,-82.65686035
3960.601563,-82.68432617
3960.804688,-82.77282715
3961,-82.76977539
3961.203125,-82.74536133
3961.40625,-82.77893066
3961.601563,-82.78808594
3961.804688,-82.78198242
3962,-82.77282715
3962.203125,-82.75756836
3962.40625,-82.79724121
3962.601563,-82.80639648
3962.804688,-82.84301758
3963,-82.92236328
3963.203125,-82.90405273
3963.40625,-82.83691406
3963.601563,-82.82165527
3963.804688,-82.95288086
3964,-82.9498291
3964.203125,-82.89794922
3964.40625,-82.90100098
3964.601563,-82.88269043
3964.804688,-82.88269043
3965,-82.88879395
3965.203125,-82.91625977
3965.40625,-82.84301758
3965.601563,-82.91320801
3965.804688,-82.97424316
3966,-82.9498291
3966.203125,-82.85522461
3966.40625,-82.83996582
3966.601563,-82.88879395
3966.804688,-82.97729492
3967,-82.9864502
3967.203125,-82.97424316
3967.40625,-82.96508789
3967.601563,-82.95898438
3967.804688,-82.97119141
3968,-82.9498291
3968.203125,-82.99255371
3968.40625,-82.94372559
3968.601563,-83.0078125
3968.804688,-83.03527832
3969,-82.99865723