"","Date","Experiment","Cell Number","File Name","Folder","Cell Line","Condition","Frequency","Good?","Condition 3","variable","value","unique_id_cell"
"1",2021-02-18,"20210218",2,"21218009","HDF29c7_Expanded.Maturated_Tyr_0.5Hz","LQT1_R190W","Expanded.Maturated","0.5Hz","Yes","Tyr","Ediast (mV)",-57.3832370205362,"20210218 Cell_ 2 _ HDF29c7"
"2",2021-02-18,"20210218",2,"21218009","HDF29c7_Expanded.Maturated_Tyr_0.5Hz","LQT1_R190W","Expanded.Maturated","0.5Hz","Yes","Tyr","APA (mV)",109.578669111699,"20210218 Cell_ 2 _ HDF29c7"
"3",2021-02-18,"20210218",2,"21218009","HDF29c7_Expanded.Maturated_Tyr_0.5Hz","LQT1_R190W","Expanded.Maturated","0.5Hz","Yes","Tyr","dV/dt max y (V/s)",132.476800348314,"20210218 Cell_ 2 _ HDF29c7"
"4",2021-02-18,"20210218",2,"21218009","HDF29c7_Expanded.Maturated_Tyr_0.5Hz","LQT1_R190W","Expanded.Maturated","0.5Hz","Yes","Tyr","APD 90 (ms)",196.32,"20210218 Cell_ 2 _ HDF29c7"
"5",2021-02-18,"20210218",2,"21218010","HDF29c7_Expanded.Maturated_Tyr_1Hz","LQT1_R190W","Expanded.Maturated","1Hz","Yes","Tyr","Ediast (mV)",-62.7362641100311,"20210218 Cell_ 2 _ HDF29c7"
"6",2021-02-18,"20210218",2,"21218010","HDF29c7_Expanded.Maturated_Tyr_1Hz","LQT1_R190W","Expanded.Maturated","1Hz","Yes","Tyr","APA (mV)",112.847345714257,"20210218 Cell_ 2 _ HDF29c7"
"7",2021-02-18,"20210218",2,"21218010","HDF29c7_Expanded.Maturated_Tyr_1Hz","LQT1_R190W","Expanded.Maturated","1Hz","Yes","Tyr","dV/dt max y (V/s)",132.98034036346,"20210218 Cell_ 2 _ HDF29c7"
"8",2021-02-18,"20210218",2,"21218010","HDF29c7_Expanded.Maturated_Tyr_1Hz","LQT1_R190W","Expanded.Maturated","1Hz","Yes","Tyr","APD 90 (ms)",170.72,"20210218 Cell_ 2 _ HDF29c7"
"9",2021-02-18,"20210218",2,"21218011","HDF29c7_Expanded.Maturated_Tyr_2Hz","LQT1_R190W","Expanded.Maturated","2Hz","Yes","Tyr","Ediast (mV)",-73.5871547079227,"20210218 Cell_ 2 _ HDF29c7"
"10",2021-02-18,"20210218",2,"21218011","HDF29c7_Expanded.Maturated_Tyr_2Hz","LQT1_R190W","Expanded.Maturated","2Hz","Yes","Tyr","APA (mV)",124.088250942062,"20210218 Cell_ 2 _ HDF29c7"
"11",2021-02-18,"20210218",2,"21218011","HDF29c7_Expanded.Maturated_Tyr_2Hz","LQT1_R190W","Expanded.Maturated","2Hz","Yes","Tyr","dV/dt max y (V/s)",167.416373884086,"20210218 Cell_ 2 _ HDF29c7"
"12",2021-02-18,"20210218",2,"21218011","HDF29c7_Expanded.Maturated_Tyr_2Hz","LQT1_R190W","Expanded.Maturated","2Hz","Yes","Tyr","APD 90 (ms)",173.72,"20210218 Cell_ 2 _ HDF29c7"
"13",2021-02-18,"20210218",2,"21218012","HDF29c7_Expanded.Maturated_Tyr_3.33Hz","LQT1_R190W","Expanded.Maturated","3.33Hz","Yes","Tyr","Ediast (mV)",-85.1633260330841,"20210218 Cell_ 2 _ HDF29c7"
"14",2021-02-18,"20210218",2,"21218012","HDF29c7_Expanded.Maturated_Tyr_3.33Hz","LQT1_R190W","Expanded.Maturated","3.33Hz","Yes","Tyr","APA (mV)",135.315301190056,"20210218 Cell_ 2 _ HDF29c7"
"15",2021-02-18,"20210218",2,"21218012","HDF29c7_Expanded.Maturated_Tyr_3.33Hz","LQT1_R190W","Expanded.Maturated","3.33Hz","Yes","Tyr","dV/dt max y (V/s)",169.580070070378,"20210218 Cell_ 2 _ HDF29c7"
"16",2021-02-18,"20210218",2,"21218012","HDF29c7_Expanded.Maturated_Tyr_3.33Hz","LQT1_R190W","Expanded.Maturated","3.33Hz","Yes","Tyr","APD 90 (ms)",200.08,"20210218 Cell_ 2 _ HDF29c7"
"17",2021-02-18,"20210218",5,"21218024","HDF29c7_Expanded.Maturated_Tyr_0.5Hz","LQT1_R190W","Expanded.Maturated","0.5Hz","Yes","Tyr","Ediast (mV)",-65.7189910191404,"20210218 Cell_ 5 _ HDF29c7"
"18",2021-02-18,"20210218",5,"21218024","HDF29c7_Expanded.Maturated_Tyr_0.5Hz","LQT1_R190W","Expanded.Maturated","0.5Hz","Yes","Tyr","APA (mV)",123.263543949983,"20210218 Cell_ 5 _ HDF29c7"
"19",2021-02-18,"20210218",5,"21218024","HDF29c7_Expanded.Maturated_Tyr_0.5Hz","LQT1_R190W","Expanded.Maturated","0.5Hz","Yes","Tyr","dV/dt max y (V/s)",153.018181208587,"20210218 Cell_ 5 _ HDF29c7"
"20",2021-02-18,"20210218",5,"21218024","HDF29c7_Expanded.Maturated_Tyr_0.5Hz","LQT1_R190W","Expanded.Maturated","0.5Hz","Yes","Tyr","APD 90 (ms)",205.32,"20210218 Cell_ 5 _ HDF29c7"
"21",2021-02-18,"20210218",5,"21218026","HDF29c7_Expanded.Maturated_Tyr_1Hz","LQT1_R190W","Expanded.Maturated","1Hz","Yes","Tyr","Ediast (mV)",-72.7174037726711,"20210218 Cell_ 5 _ HDF29c7"
"22",2021-02-18,"20210218",5,"21218026","HDF29c7_Expanded.Maturated_Tyr_1Hz","LQT1_R190W","Expanded.Maturated","1Hz","Yes","Tyr","APA (mV)",129.023553442023,"20210218 Cell_ 5 _ HDF29c7"
"23",2021-02-18,"20210218",5,"21218026","HDF29c7_Expanded.Maturated_Tyr_1Hz","LQT1_R190W","Expanded.Maturated","1Hz","Yes","Tyr","dV/dt max y (V/s)",188.345327968137,"20210218 Cell_ 5 _ HDF29c7"
"24",2021-02-18,"20210218",5,"21218026","HDF29c7_Expanded.Maturated_Tyr_1Hz","LQT1_R190W","Expanded.Maturated","1Hz","Yes","Tyr","APD 90 (ms)",182.88,"20210218 Cell_ 5 _ HDF29c7"
"25",2021-02-18,"20210218",5,"21218027","HDF29c7_Expanded.Maturated_Tyr_2Hz","LQT1_R190W","Expanded.Maturated","2Hz","Yes","Tyr","Ediast (mV)",-83.814754319794,"20210218 Cell_ 5 _ HDF29c7"
"26",2021-02-18,"20210218",5,"21218027","HDF29c7_Expanded.Maturated_Tyr_2Hz","LQT1_R190W","Expanded.Maturated","2Hz","Yes","Tyr","APA (mV)",139.343316135454,"20210218 Cell_ 5 _ HDF29c7"
"27",2021-02-18,"20210218",5,"21218027","HDF29c7_Expanded.Maturated_Tyr_2Hz","LQT1_R190W","Expanded.Maturated","2Hz","Yes","Tyr","dV/dt max y (V/s)",173.660270071892,"20210218 Cell_ 5 _ HDF29c7"
"28",2021-02-18,"20210218",5,"21218027","HDF29c7_Expanded.Maturated_Tyr_2Hz","LQT1_R190W","Expanded.Maturated","2Hz","Yes","Tyr","APD 90 (ms)",194.4,"20210218 Cell_ 5 _ HDF29c7"
"29",2021-02-18,"20210218",5,"21218029","HDF29c7_Expanded.Maturated_Tyr_3.33Hz","LQT1_R190W","Expanded.Maturated","3.33Hz","Yes","Tyr","Ediast (mV)",-94.2154496265688,"20210218 Cell_ 5 _ HDF29c7"
"30",2021-02-18,"20210218",5,"21218029","HDF29c7_Expanded.Maturated_Tyr_3.33Hz","LQT1_R190W","Expanded.Maturated","3.33Hz","Yes","Tyr","APA (mV)",148.295036901676,"20210218 Cell_ 5 _ HDF29c7"
"31",2021-02-18,"20210218",5,"21218029","HDF29c7_Expanded.Maturated_Tyr_3.33Hz","LQT1_R190W","Expanded.Maturated","3.33Hz","Yes","Tyr","dV/dt max y (V/s)",184.722891616758,"20210218 Cell_ 5 _ HDF29c7"
"32",2021-02-18,"20210218",5,"21218029","HDF29c7_Expanded.Maturated_Tyr_3.33Hz","LQT1_R190W","Expanded.Maturated","3.33Hz","Yes","Tyr","APD 90 (ms)",192.72,"20210218 Cell_ 5 _ HDF29c7"
"33",2021-02-18,"20210218",5,"21218030","HDF29c7_Expanded.Maturated_Tyr_4Hz","LQT1_R190W","Expanded.Maturated","4Hz","Yes","Tyr","Ediast (mV)",-94.2232621261977,"20210218 Cell_ 5 _ HDF29c7"
"34",2021-02-18,"20210218",5,"21218030","HDF29c7_Expanded.Maturated_Tyr_4Hz","LQT1_R190W","Expanded.Maturated","4Hz","Yes","Tyr","APA (mV)",148.265007606228,"20210218 Cell_ 5 _ HDF29c7"
"35",2021-02-18,"20210218",5,"21218030","HDF29c7_Expanded.Maturated_Tyr_4Hz","LQT1_R190W","Expanded.Maturated","4Hz","Yes","Tyr","dV/dt max y (V/s)",173.907462442964,"20210218 Cell_ 5 _ HDF29c7"
"36",2021-02-18,"20210218",5,"21218030","HDF29c7_Expanded.Maturated_Tyr_4Hz","LQT1_R190W","Expanded.Maturated","4Hz","Yes","Tyr","APD 90 (ms)",182.2,"20210218 Cell_ 5 _ HDF29c7"
"37",2021-02-23,"20210223",6,"21223025","HDF29c7_Expanded.Maturated_Tyr_0.5Hz","LQT1_R190W","Expanded.Maturated","0.5Hz","Yes","Tyr","Ediast (mV)",-62.5709809147566,"20210223 Cell_ 6 _ HDF29c7"
"38",2021-02-23,"20210223",6,"21223025","HDF29c7_Expanded.Maturated_Tyr_0.5Hz","LQT1_R190W","Expanded.Maturated","0.5Hz","Yes","Tyr","APA (mV)",130.178399578577,"20210223 Cell_ 6 _ HDF29c7"
"39",2021-02-23,"20210223",6,"21223025","HDF29c7_Expanded.Maturated_Tyr_0.5Hz","LQT1_R190W","Expanded.Maturated","0.5Hz","Yes","Tyr","dV/dt max y (V/s)",204.699697308531,"20210223 Cell_ 6 _ HDF29c7"
"40",2021-02-23,"20210223",6,"21223025","HDF29c7_Expanded.Maturated_Tyr_0.5Hz","LQT1_R190W","Expanded.Maturated","0.5Hz","Yes","Tyr","APD 90 (ms)",431.16,"20210223 Cell_ 6 _ HDF29c7"
"41",2021-02-23,"20210223",6,"21223026","HDF29c7_Expanded.Maturated_Tyr_1Hz","LQT1_R190W","Expanded.Maturated","1Hz","Yes","Tyr","Ediast (mV)",-72.239681627393,"20210223 Cell_ 6 _ HDF29c7"
"42",2021-02-23,"20210223",6,"21223026","HDF29c7_Expanded.Maturated_Tyr_1Hz","LQT1_R190W","Expanded.Maturated","1Hz","Yes","Tyr","APA (mV)",137.599175593296,"20210223 Cell_ 6 _ HDF29c7"
"43",2021-02-23,"20210223",6,"21223026","HDF29c7_Expanded.Maturated_Tyr_1Hz","LQT1_R190W","Expanded.Maturated","1Hz","Yes","Tyr","dV/dt max y (V/s)",203.955068437652,"20210223 Cell_ 6 _ HDF29c7"
"44",2021-02-23,"20210223",6,"21223026","HDF29c7_Expanded.Maturated_Tyr_1Hz","LQT1_R190W","Expanded.Maturated","1Hz","Yes","Tyr","APD 90 (ms)",414.04,"20210223 Cell_ 6 _ HDF29c7"
"45",2021-02-23,"20210223",6,"21223027","HDF29c7_Expanded.Maturated_Tyr_2Hz","LQT1_R190W","Expanded.Maturated","2Hz","Yes","Tyr","Ediast (mV)",-69.0042691834106,"20210223 Cell_ 6 _ HDF29c7"
"46",2021-02-23,"20210223",6,"21223027","HDF29c7_Expanded.Maturated_Tyr_2Hz","LQT1_R190W","Expanded.Maturated","2Hz","Yes","Tyr","APA (mV)",132.740228070177,"20210223 Cell_ 6 _ HDF29c7"
"47",2021-02-23,"20210223",6,"21223027","HDF29c7_Expanded.Maturated_Tyr_2Hz","LQT1_R190W","Expanded.Maturated","2Hz","Yes","Tyr","dV/dt max y (V/s)",201.513662303616,"20210223 Cell_ 6 _ HDF29c7"
"48",2021-02-23,"20210223",6,"21223027","HDF29c7_Expanded.Maturated_Tyr_2Hz","LQT1_R190W","Expanded.Maturated","2Hz","Yes","Tyr","APD 90 (ms)",318.88,"20210223 Cell_ 6 _ HDF29c7"
"49",2021-02-23,"20210223",6,"21223029","HDF29c7_Expanded.Maturated_Tyr_3.33Hz","LQT1_R190W","Expanded.Maturated","3.33Hz","Yes","Tyr","Ediast (mV)",-55.0811741415971,"20210223 Cell_ 6 _ HDF29c7"
"50",2021-02-23,"20210223",6,"21223029","HDF29c7_Expanded.Maturated_Tyr_3.33Hz","LQT1_R190W","Expanded.Maturated","3.33Hz","Yes","Tyr","APA (mV)",116.272577485161,"20210223 Cell_ 6 _ HDF29c7"
"51",2021-02-23,"20210223",6,"21223029","HDF29c7_Expanded.Maturated_Tyr_3.33Hz","LQT1_R190W","Expanded.Maturated","3.33Hz","Yes","Tyr","dV/dt max y (V/s)",166.165153240392,"20210223 Cell_ 6 _ HDF29c7"
"52",2021-02-23,"20210223",6,"21223029","HDF29c7_Expanded.Maturated_Tyr_3.33Hz","LQT1_R190W","Expanded.Maturated","3.33Hz","Yes","Tyr","APD 90 (ms)",174.92,"20210223 Cell_ 6 _ HDF29c7"
"53",2021-02-23,"20210223",6,"21223030","HDF29c7_Expanded.Maturated_Tyr_4Hz","LQT1_R190W","Expanded.Maturated","4Hz","Yes","Tyr","Ediast (mV)",-54.9818089119417,"20210223 Cell_ 6 _ HDF29c7"
"54",2021-02-23,"20210223",6,"21223030","HDF29c7_Expanded.Maturated_Tyr_4Hz","LQT1_R190W","Expanded.Maturated","4Hz","Yes","Tyr","APA (mV)",113.081781738279,"20210223 Cell_ 6 _ HDF29c7"
"55",2021-02-23,"20210223",6,"21223030","HDF29c7_Expanded.Maturated_Tyr_4Hz","LQT1_R190W","Expanded.Maturated","4Hz","Yes","Tyr","dV/dt max y (V/s)",154.803459444106,"20210223 Cell_ 6 _ HDF29c7"
"56",2021-02-23,"20210223",6,"21223030","HDF29c7_Expanded.Maturated_Tyr_4Hz","LQT1_R190W","Expanded.Maturated","4Hz","Yes","Tyr","APD 90 (ms)",127.16,"20210223 Cell_ 6 _ HDF29c7"
"57",2021-02-23,"20210223",6,"21223031","HDF29c7_Expanded.Maturated_Tyr_5Hz","LQT1_R190W","Expanded.Maturated","5Hz","Yes","Tyr","Ediast (mV)",-52.8663915319499,"20210223 Cell_ 6 _ HDF29c7"
"58",2021-02-23,"20210223",6,"21223031","HDF29c7_Expanded.Maturated_Tyr_5Hz","LQT1_R190W","Expanded.Maturated","5Hz","Yes","Tyr","APA (mV)",108.90276582349,"20210223 Cell_ 6 _ HDF29c7"
"59",2021-02-23,"20210223",6,"21223031","HDF29c7_Expanded.Maturated_Tyr_5Hz","LQT1_R190W","Expanded.Maturated","5Hz","Yes","Tyr","dV/dt max y (V/s)",165.676872013583,"20210223 Cell_ 6 _ HDF29c7"
"60",2021-02-23,"20210223",6,"21223031","HDF29c7_Expanded.Maturated_Tyr_5Hz","LQT1_R190W","Expanded.Maturated","5Hz","Yes","Tyr","APD 90 (ms)",100.8,"20210223 Cell_ 6 _ HDF29c7"
"61",2021-02-24,"20210224",4,"21224022","HDF29c7_Expanded.Maturated_Tyr_0.5Hz","LQT1_R190W","Expanded.Maturated","0.5Hz","Yes","Tyr","Ediast (mV)",-60.5322236873737,"20210224 Cell_ 4 _ HDF29c7"
"62",2021-02-24,"20210224",4,"21224022","HDF29c7_Expanded.Maturated_Tyr_0.5Hz","LQT1_R190W","Expanded.Maturated","0.5Hz","Yes","Tyr","APA (mV)",120.986322378458,"20210224 Cell_ 4 _ HDF29c7"
"63",2021-02-24,"20210224",4,"21224022","HDF29c7_Expanded.Maturated_Tyr_0.5Hz","LQT1_R190W","Expanded.Maturated","0.5Hz","Yes","Tyr","dV/dt max y (V/s)",190.017691169959,"20210224 Cell_ 4 _ HDF29c7"
"64",2021-02-24,"20210224",4,"21224022","HDF29c7_Expanded.Maturated_Tyr_0.5Hz","LQT1_R190W","Expanded.Maturated","0.5Hz","Yes","Tyr","APD 90 (ms)",220.08,"20210224 Cell_ 4 _ HDF29c7"
"65",2021-02-24,"20210224",4,"21224023","HDF29c7_Expanded.Maturated_Tyr_1Hz","LQT1_R190W","Expanded.Maturated","1Hz","Yes","Tyr","Ediast (mV)",-61.8757294829356,"20210224 Cell_ 4 _ HDF29c7"
"66",2021-02-24,"20210224",4,"21224023","HDF29c7_Expanded.Maturated_Tyr_1Hz","LQT1_R190W","Expanded.Maturated","1Hz","Yes","Tyr","APA (mV)",121.14391514441,"20210224 Cell_ 4 _ HDF29c7"
"67",2021-02-24,"20210224",4,"21224023","HDF29c7_Expanded.Maturated_Tyr_1Hz","LQT1_R190W","Expanded.Maturated","1Hz","Yes","Tyr","dV/dt max y (V/s)",190.914907924216,"20210224 Cell_ 4 _ HDF29c7"
"68",2021-02-24,"20210224",4,"21224023","HDF29c7_Expanded.Maturated_Tyr_1Hz","LQT1_R190W","Expanded.Maturated","1Hz","Yes","Tyr","APD 90 (ms)",247.32,"20210224 Cell_ 4 _ HDF29c7"
"69",2021-02-24,"20210224",5,"21224029","HDF29c7_Expanded.Maturated_Tyr_0.5Hz","LQT1_R190W","Expanded.Maturated","0.5Hz","Yes","Tyr","Ediast (mV)",-58.0834933349321,"20210224 Cell_ 5 _ HDF29c7"
"70",2021-02-24,"20210224",5,"21224029","HDF29c7_Expanded.Maturated_Tyr_0.5Hz","LQT1_R190W","Expanded.Maturated","0.5Hz","Yes","Tyr","APA (mV)",125.520013569369,"20210224 Cell_ 5 _ HDF29c7"
"71",2021-02-24,"20210224",5,"21224029","HDF29c7_Expanded.Maturated_Tyr_0.5Hz","LQT1_R190W","Expanded.Maturated","0.5Hz","Yes","Tyr","dV/dt max y (V/s)",185.836783165415,"20210224 Cell_ 5 _ HDF29c7"
"72",2021-02-24,"20210224",5,"21224029","HDF29c7_Expanded.Maturated_Tyr_0.5Hz","LQT1_R190W","Expanded.Maturated","0.5Hz","Yes","Tyr","APD 90 (ms)",223.56,"20210224 Cell_ 5 _ HDF29c7"
"73",2021-02-24,"20210224",5,"21224030","HDF29c7_Expanded.Maturated_Tyr_1Hz","LQT1_R190W","Expanded.Maturated","1Hz","Yes","Tyr","Ediast (mV)",-61.2322358611561,"20210224 Cell_ 5 _ HDF29c7"
"74",2021-02-24,"20210224",5,"21224030","HDF29c7_Expanded.Maturated_Tyr_1Hz","LQT1_R190W","Expanded.Maturated","1Hz","Yes","Tyr","APA (mV)",126.91704719442,"20210224 Cell_ 5 _ HDF29c7"
"75",2021-02-24,"20210224",5,"21224030","HDF29c7_Expanded.Maturated_Tyr_1Hz","LQT1_R190W","Expanded.Maturated","1Hz","Yes","Tyr","dV/dt max y (V/s)",222.98888101016,"20210224 Cell_ 5 _ HDF29c7"
"76",2021-02-24,"20210224",5,"21224030","HDF29c7_Expanded.Maturated_Tyr_1Hz","LQT1_R190W","Expanded.Maturated","1Hz","Yes","Tyr","APD 90 (ms)",220.48,"20210224 Cell_ 5 _ HDF29c7"
"77",2021-02-24,"20210224",5,"21224031","HDF29c7_Expanded.Maturated_Tyr_2Hz","LQT1_R190W","Expanded.Maturated","2Hz","Yes","Tyr","Ediast (mV)",-62.741635203526,"20210224 Cell_ 5 _ HDF29c7"
"78",2021-02-24,"20210224",5,"21224031","HDF29c7_Expanded.Maturated_Tyr_2Hz","LQT1_R190W","Expanded.Maturated","2Hz","Yes","Tyr","APA (mV)",127.859429962159,"20210224 Cell_ 5 _ HDF29c7"
"79",2021-02-24,"20210224",5,"21224031","HDF29c7_Expanded.Maturated_Tyr_2Hz","LQT1_R190W","Expanded.Maturated","2Hz","Yes","Tyr","dV/dt max y (V/s)",219.51292902682,"20210224 Cell_ 5 _ HDF29c7"
"80",2021-02-24,"20210224",5,"21224031","HDF29c7_Expanded.Maturated_Tyr_2Hz","LQT1_R190W","Expanded.Maturated","2Hz","Yes","Tyr","APD 90 (ms)",195.2,"20210224 Cell_ 5 _ HDF29c7"
"81",2021-02-24,"20210224",5,"21224032","HDF29c7_Expanded.Maturated_Tyr_3.33Hz","LQT1_R190W","Expanded.Maturated","3.33Hz","Yes","Tyr","Ediast (mV)",-61.6264008814968,"20210224 Cell_ 5 _ HDF29c7"
"82",2021-02-24,"20210224",5,"21224032","HDF29c7_Expanded.Maturated_Tyr_3.33Hz","LQT1_R190W","Expanded.Maturated","3.33Hz","Yes","Tyr","APA (mV)",125.265313874436,"20210224 Cell_ 5 _ HDF29c7"
"83",2021-02-24,"20210224",5,"21224032","HDF29c7_Expanded.Maturated_Tyr_3.33Hz","LQT1_R190W","Expanded.Maturated","3.33Hz","Yes","Tyr","dV/dt max y (V/s)",193.707266190023,"20210224 Cell_ 5 _ HDF29c7"
"84",2021-02-24,"20210224",5,"21224032","HDF29c7_Expanded.Maturated_Tyr_3.33Hz","LQT1_R190W","Expanded.Maturated","3.33Hz","Yes","Tyr","APD 90 (ms)",163.96,"20210224 Cell_ 5 _ HDF29c7"
"85",2021-02-24,"20210224",5,"21224033","HDF29c7_Expanded.Maturated_Tyr_4Hz","LQT1_R190W","Expanded.Maturated","4Hz","Yes","Tyr","Ediast (mV)",-60.2922944995509,"20210224 Cell_ 5 _ HDF29c7"
"86",2021-02-24,"20210224",5,"21224033","HDF29c7_Expanded.Maturated_Tyr_4Hz","LQT1_R190W","Expanded.Maturated","4Hz","Yes","Tyr","APA (mV)",121.197442973899,"20210224 Cell_ 5 _ HDF29c7"
"87",2021-02-24,"20210224",5,"21224033","HDF29c7_Expanded.Maturated_Tyr_4Hz","LQT1_R190W","Expanded.Maturated","4Hz","Yes","Tyr","dV/dt max y (V/s)",187.582388551251,"20210224 Cell_ 5 _ HDF29c7"
"88",2021-02-24,"20210224",5,"21224033","HDF29c7_Expanded.Maturated_Tyr_4Hz","LQT1_R190W","Expanded.Maturated","4Hz","Yes","Tyr","APD 90 (ms)",144.16,"20210224 Cell_ 5 _ HDF29c7"
"89",2021-02-24,"20210224",6,"21224038","HDF29c7_Expanded.Maturated_Tyr_0.5Hz","LQT1_R190W","Expanded.Maturated","0.5Hz","Yes","Tyr","Ediast (mV)",-57.2334567542129,"20210224 Cell_ 6 _ HDF29c7"
"90",2021-02-24,"20210224",6,"21224038","HDF29c7_Expanded.Maturated_Tyr_0.5Hz","LQT1_R190W","Expanded.Maturated","0.5Hz","Yes","Tyr","APA (mV)",126.17937633102,"20210224 Cell_ 6 _ HDF29c7"
"91",2021-02-24,"20210224",6,"21224038","HDF29c7_Expanded.Maturated_Tyr_0.5Hz","LQT1_R190W","Expanded.Maturated","0.5Hz","Yes","Tyr","dV/dt max y (V/s)",216.033925285814,"20210224 Cell_ 6 _ HDF29c7"
"92",2021-02-24,"20210224",6,"21224038","HDF29c7_Expanded.Maturated_Tyr_0.5Hz","LQT1_R190W","Expanded.Maturated","0.5Hz","Yes","Tyr","APD 90 (ms)",317.84,"20210224 Cell_ 6 _ HDF29c7"
"93",2021-02-24,"20210224",6,"21224040","HDF29c7_Expanded.Maturated_Tyr_1Hz","LQT1_R190W","Expanded.Maturated","1Hz","Yes","Tyr","Ediast (mV)",-62.1456269310536,"20210224 Cell_ 6 _ HDF29c7"
"94",2021-02-24,"20210224",6,"21224040","HDF29c7_Expanded.Maturated_Tyr_1Hz","LQT1_R190W","Expanded.Maturated","1Hz","Yes","Tyr","APA (mV)",129.923333672723,"20210224 Cell_ 6 _ HDF29c7"
"95",2021-02-24,"20210224",6,"21224040","HDF29c7_Expanded.Maturated_Tyr_1Hz","LQT1_R190W","Expanded.Maturated","1Hz","Yes","Tyr","dV/dt max y (V/s)",238.513172264982,"20210224 Cell_ 6 _ HDF29c7"
"96",2021-02-24,"20210224",6,"21224040","HDF29c7_Expanded.Maturated_Tyr_1Hz","LQT1_R190W","Expanded.Maturated","1Hz","Yes","Tyr","APD 90 (ms)",279.68,"20210224 Cell_ 6 _ HDF29c7"
"97",2021-02-24,"20210224",6,"21224042","HDF29c7_Expanded.Maturated_Tyr_2Hz","LQT1_R190W","Expanded.Maturated","2Hz","Yes","Tyr","Ediast (mV)",-62.7314423329164,"20210224 Cell_ 6 _ HDF29c7"
"98",2021-02-24,"20210224",6,"21224042","HDF29c7_Expanded.Maturated_Tyr_2Hz","LQT1_R190W","Expanded.Maturated","2Hz","Yes","Tyr","APA (mV)",129.099237032178,"20210224 Cell_ 6 _ HDF29c7"
"99",2021-02-24,"20210224",6,"21224042","HDF29c7_Expanded.Maturated_Tyr_2Hz","LQT1_R190W","Expanded.Maturated","2Hz","Yes","Tyr","dV/dt max y (V/s)",235.736072787513,"20210224 Cell_ 6 _ HDF29c7"
"100",2021-02-24,"20210224",6,"21224042","HDF29c7_Expanded.Maturated_Tyr_2Hz","LQT1_R190W","Expanded.Maturated","2Hz","Yes","Tyr","APD 90 (ms)",240.68,"20210224 Cell_ 6 _ HDF29c7"
"101",2021-02-24,"20210224",6,"21224043","HDF29c7_Expanded.Maturated_Tyr_3.33Hz","LQT1_R190W","Expanded.Maturated","3.33Hz","Yes","Tyr","Ediast (mV)",-56.5842868631718,"20210224 Cell_ 6 _ HDF29c7"
"102",2021-02-24,"20210224",6,"21224043","HDF29c7_Expanded.Maturated_Tyr_3.33Hz","LQT1_R190W","Expanded.Maturated","3.33Hz","Yes","Tyr","APA (mV)",123.367730956753,"20210224 Cell_ 6 _ HDF29c7"
"103",2021-02-24,"20210224",6,"21224043","HDF29c7_Expanded.Maturated_Tyr_3.33Hz","LQT1_R190W","Expanded.Maturated","3.33Hz","Yes","Tyr","dV/dt max y (V/s)",245.483386777665,"20210224 Cell_ 6 _ HDF29c7"
"104",2021-02-24,"20210224",6,"21224043","HDF29c7_Expanded.Maturated_Tyr_3.33Hz","LQT1_R190W","Expanded.Maturated","3.33Hz","Yes","Tyr","APD 90 (ms)",197.2,"20210224 Cell_ 6 _ HDF29c7"
"105",2021-02-24,"20210224",14,"21224075","HDF29c7_Expanded.Maturated_Tyr_0.5Hz","LQT1_R190W","Expanded.Maturated","0.5Hz","Yes","Tyr","Ediast (mV)",-55.7922336781361,"20210224 Cell_ 14 _ HDF29c7"
"106",2021-02-24,"20210224",14,"21224075","HDF29c7_Expanded.Maturated_Tyr_0.5Hz","LQT1_R190W","Expanded.Maturated","0.5Hz","Yes","Tyr","APA (mV)",124.15160543124,"20210224 Cell_ 14 _ HDF29c7"
"107",2021-02-24,"20210224",14,"21224075","HDF29c7_Expanded.Maturated_Tyr_0.5Hz","LQT1_R190W","Expanded.Maturated","0.5Hz","Yes","Tyr","dV/dt max y (V/s)",204.467763725801,"20210224 Cell_ 14 _ HDF29c7"
"108",2021-02-24,"20210224",14,"21224075","HDF29c7_Expanded.Maturated_Tyr_0.5Hz","LQT1_R190W","Expanded.Maturated","0.5Hz","Yes","Tyr","APD 90 (ms)",238.72,"20210224 Cell_ 14 _ HDF29c7"
"109",2021-02-24,"20210224",14,"21224076","HDF29c7_Expanded.Maturated_Tyr_1Hz","LQT1_R190W","Expanded.Maturated","1Hz","Yes","Tyr","Ediast (mV)",-58.013913260112,"20210224 Cell_ 14 _ HDF29c7"
"110",2021-02-24,"20210224",14,"21224076","HDF29c7_Expanded.Maturated_Tyr_1Hz","LQT1_R190W","Expanded.Maturated","1Hz","Yes","Tyr","APA (mV)",126.190179553163,"20210224 Cell_ 14 _ HDF29c7"
"111",2021-02-24,"20210224",14,"21224076","HDF29c7_Expanded.Maturated_Tyr_1Hz","LQT1_R190W","Expanded.Maturated","1Hz","Yes","Tyr","dV/dt max y (V/s)",214.233388261959,"20210224 Cell_ 14 _ HDF29c7"
"112",2021-02-24,"20210224",14,"21224076","HDF29c7_Expanded.Maturated_Tyr_1Hz","LQT1_R190W","Expanded.Maturated","1Hz","Yes","Tyr","APD 90 (ms)",238.32,"20210224 Cell_ 14 _ HDF29c7"
"113",2021-02-24,"20210224",14,"21224078","HDF29c7_Expanded.Maturated_Tyr_2Hz","LQT1_R190W","Expanded.Maturated","2Hz","Yes","Tyr","Ediast (mV)",-60.6933564922203,"20210224 Cell_ 14 _ HDF29c7"
"114",2021-02-24,"20210224",14,"21224078","HDF29c7_Expanded.Maturated_Tyr_2Hz","LQT1_R190W","Expanded.Maturated","2Hz","Yes","Tyr","APA (mV)",128.442376711814,"20210224 Cell_ 14 _ HDF29c7"
"115",2021-02-24,"20210224",14,"21224078","HDF29c7_Expanded.Maturated_Tyr_2Hz","LQT1_R190W","Expanded.Maturated","2Hz","Yes","Tyr","dV/dt max y (V/s)",195.922842256665,"20210224 Cell_ 14 _ HDF29c7"
"116",2021-02-24,"20210224",14,"21224078","HDF29c7_Expanded.Maturated_Tyr_2Hz","LQT1_R190W","Expanded.Maturated","2Hz","Yes","Tyr","APD 90 (ms)",212,"20210224 Cell_ 14 _ HDF29c7"
"117",2021-02-24,"20210224",14,"21224079","HDF29c7_Expanded.Maturated_Tyr_3.33Hz","LQT1_R190W","Expanded.Maturated","3.33Hz","Yes","Tyr","Ediast (mV)",-58.5144015175901,"20210224 Cell_ 14 _ HDF29c7"
"118",2021-02-24,"20210224",14,"21224079","HDF29c7_Expanded.Maturated_Tyr_3.33Hz","LQT1_R190W","Expanded.Maturated","3.33Hz","Yes","Tyr","APA (mV)",125.530999896972,"20210224 Cell_ 14 _ HDF29c7"
"119",2021-02-24,"20210224",14,"21224079","HDF29c7_Expanded.Maturated_Tyr_3.33Hz","LQT1_R190W","Expanded.Maturated","3.33Hz","Yes","Tyr","dV/dt max y (V/s)",195.61766648991,"20210224 Cell_ 14 _ HDF29c7"
"120",2021-02-24,"20210224",14,"21224079","HDF29c7_Expanded.Maturated_Tyr_3.33Hz","LQT1_R190W","Expanded.Maturated","3.33Hz","Yes","Tyr","APD 90 (ms)",189.68,"20210224 Cell_ 14 _ HDF29c7"
"121",2021-02-24,"20210224",15,"21224086","HDF29c7_Expanded.Maturated_Tyr_2Hz","LQT1_R190W","Expanded.Maturated","2Hz","Yes","Tyr","Ediast (mV)",-50.0826392227648,"20210224 Cell_ 15 _ HDF29c7"
"122",2021-02-24,"20210224",15,"21224086","HDF29c7_Expanded.Maturated_Tyr_2Hz","LQT1_R190W","Expanded.Maturated","2Hz","Yes","Tyr","APA (mV)",114.631586352167,"20210224 Cell_ 15 _ HDF29c7"
"123",2021-02-24,"20210224",15,"21224086","HDF29c7_Expanded.Maturated_Tyr_2Hz","LQT1_R190W","Expanded.Maturated","2Hz","Yes","Tyr","dV/dt max y (V/s)",183.627310614108,"20210224 Cell_ 15 _ HDF29c7"
"124",2021-02-24,"20210224",15,"21224086","HDF29c7_Expanded.Maturated_Tyr_2Hz","LQT1_R190W","Expanded.Maturated","2Hz","Yes","Tyr","APD 90 (ms)",120.16,"20210224 Cell_ 15 _ HDF29c7"
"125",2021-02-24,"20210224",15,"21224087","HDF29c7_Expanded.Maturated_Tyr_3.33Hz","LQT1_R190W","Expanded.Maturated","3.33Hz","Yes","Tyr","Ediast (mV)",-63.5394256929767,"20210224 Cell_ 15 _ HDF29c7"
"126",2021-02-24,"20210224",15,"21224087","HDF29c7_Expanded.Maturated_Tyr_3.33Hz","LQT1_R190W","Expanded.Maturated","3.33Hz","Yes","Tyr","APA (mV)",125.388787989665,"20210224 Cell_ 15 _ HDF29c7"
"127",2021-02-24,"20210224",15,"21224087","HDF29c7_Expanded.Maturated_Tyr_3.33Hz","LQT1_R190W","Expanded.Maturated","3.33Hz","Yes","Tyr","dV/dt max y (V/s)",187.47252527522,"20210224 Cell_ 15 _ HDF29c7"
"128",2021-02-24,"20210224",15,"21224087","HDF29c7_Expanded.Maturated_Tyr_3.33Hz","LQT1_R190W","Expanded.Maturated","3.33Hz","Yes","Tyr","APD 90 (ms)",158.16,"20210224 Cell_ 15 _ HDF29c7"
"129",2021-02-24,"20210224",15,"21224088","HDF29c7_Expanded.Maturated_Tyr_4Hz","LQT1_R190W","Expanded.Maturated","4Hz","Yes","Tyr","Ediast (mV)",-61.0515718072372,"20210224 Cell_ 15 _ HDF29c7"
"130",2021-02-24,"20210224",15,"21224088","HDF29c7_Expanded.Maturated_Tyr_4Hz","LQT1_R190W","Expanded.Maturated","4Hz","Yes","Tyr","APA (mV)",123.902520970415,"20210224 Cell_ 15 _ HDF29c7"
"131",2021-02-24,"20210224",15,"21224088","HDF29c7_Expanded.Maturated_Tyr_4Hz","LQT1_R190W","Expanded.Maturated","4Hz","Yes","Tyr","dV/dt max y (V/s)",218.90257749331,"20210224 Cell_ 15 _ HDF29c7"
"132",2021-02-24,"20210224",15,"21224088","HDF29c7_Expanded.Maturated_Tyr_4Hz","LQT1_R190W","Expanded.Maturated","4Hz","Yes","Tyr","APD 90 (ms)",146.16,"20210224 Cell_ 15 _ HDF29c7"
"133",2021-02-24,"20210224",15,"21224089","HDF29c7_Expanded.Maturated_Tyr_5Hz","LQT1_R190W","Expanded.Maturated","5Hz","Yes","Tyr","Ediast (mV)",-57.4000216877078,"20210224 Cell_ 15 _ HDF29c7"
"134",2021-02-24,"20210224",15,"21224089","HDF29c7_Expanded.Maturated_Tyr_5Hz","LQT1_R190W","Expanded.Maturated","5Hz","Yes","Tyr","APA (mV)",117.561761994241,"20210224 Cell_ 15 _ HDF29c7"
"135",2021-02-24,"20210224",15,"21224089","HDF29c7_Expanded.Maturated_Tyr_5Hz","LQT1_R190W","Expanded.Maturated","5Hz","Yes","Tyr","dV/dt max y (V/s)",216.040028801148,"20210224 Cell_ 15 _ HDF29c7"
"136",2021-02-24,"20210224",15,"21224089","HDF29c7_Expanded.Maturated_Tyr_5Hz","LQT1_R190W","Expanded.Maturated","5Hz","Yes","Tyr","APD 90 (ms)",124.76,"20210224 Cell_ 15 _ HDF29c7"
"137",2021-02-24,"20210224",16,"21224093","HDF29c7_Expanded.Maturated_Tyr_0.5Hz","LQT1_R190W","Expanded.Maturated","0.5Hz","Yes","Tyr","Ediast (mV)",-55.4765598650048,"20210224 Cell_ 16 _ HDF29c7"
"138",2021-02-24,"20210224",16,"21224093","HDF29c7_Expanded.Maturated_Tyr_0.5Hz","LQT1_R190W","Expanded.Maturated","0.5Hz","Yes","Tyr","APA (mV)",121.943231512695,"20210224 Cell_ 16 _ HDF29c7"
"139",2021-02-24,"20210224",16,"21224093","HDF29c7_Expanded.Maturated_Tyr_0.5Hz","LQT1_R190W","Expanded.Maturated","0.5Hz","Yes","Tyr","dV/dt max y (V/s)",216.604603969647,"20210224 Cell_ 16 _ HDF29c7"
"140",2021-02-24,"20210224",16,"21224093","HDF29c7_Expanded.Maturated_Tyr_0.5Hz","LQT1_R190W","Expanded.Maturated","0.5Hz","Yes","Tyr","APD 90 (ms)",262.52,"20210224 Cell_ 16 _ HDF29c7"
"141",2021-02-24,"20210224",16,"21224095","HDF29c7_Expanded.Maturated_Tyr_1Hz","LQT1_R190W","Expanded.Maturated","1Hz","Yes","Tyr","Ediast (mV)",-60.3804902961431,"20210224 Cell_ 16 _ HDF29c7"
"142",2021-02-24,"20210224",16,"21224095","HDF29c7_Expanded.Maturated_Tyr_1Hz","LQT1_R190W","Expanded.Maturated","1Hz","Yes","Tyr","APA (mV)",125.457391502031,"20210224 Cell_ 16 _ HDF29c7"
"143",2021-02-24,"20210224",16,"21224095","HDF29c7_Expanded.Maturated_Tyr_1Hz","LQT1_R190W","Expanded.Maturated","1Hz","Yes","Tyr","dV/dt max y (V/s)",256.274401890119,"20210224 Cell_ 16 _ HDF29c7"
"144",2021-02-24,"20210224",16,"21224095","HDF29c7_Expanded.Maturated_Tyr_1Hz","LQT1_R190W","Expanded.Maturated","1Hz","Yes","Tyr","APD 90 (ms)",234.24,"20210224 Cell_ 16 _ HDF29c7"
"145",2021-02-24,"20210224",16,"21224097","HDF29c7_Expanded.Maturated_Tyr_2Hz","LQT1_R190W","Expanded.Maturated","2Hz","Yes","Tyr","Ediast (mV)",-67.5730558724833,"20210224 Cell_ 16 _ HDF29c7"
"146",2021-02-24,"20210224",16,"21224097","HDF29c7_Expanded.Maturated_Tyr_2Hz","LQT1_R190W","Expanded.Maturated","2Hz","Yes","Tyr","APA (mV)",128.329888924189,"20210224 Cell_ 16 _ HDF29c7"
"147",2021-02-24,"20210224",16,"21224097","HDF29c7_Expanded.Maturated_Tyr_2Hz","LQT1_R190W","Expanded.Maturated","2Hz","Yes","Tyr","dV/dt max y (V/s)",233.682239877252,"20210224 Cell_ 16 _ HDF29c7"
"148",2021-02-24,"20210224",16,"21224097","HDF29c7_Expanded.Maturated_Tyr_2Hz","LQT1_R190W","Expanded.Maturated","2Hz","Yes","Tyr","APD 90 (ms)",189.36,"20210224 Cell_ 16 _ HDF29c7"
"149",2021-02-24,"20210224",16,"21224098","HDF29c7_Expanded.Maturated_Tyr_3.33Hz","LQT1_R190W","Expanded.Maturated","3.33Hz","Yes","Tyr","Ediast (mV)",-65.8792693318401,"20210224 Cell_ 16 _ HDF29c7"
"150",2021-02-24,"20210224",16,"21224098","HDF29c7_Expanded.Maturated_Tyr_3.33Hz","LQT1_R190W","Expanded.Maturated","3.33Hz","Yes","Tyr","APA (mV)",125.538079974761,"20210224 Cell_ 16 _ HDF29c7"
"151",2021-02-24,"20210224",16,"21224098","HDF29c7_Expanded.Maturated_Tyr_3.33Hz","LQT1_R190W","Expanded.Maturated","3.33Hz","Yes","Tyr","dV/dt max y (V/s)",218.649281606904,"20210224 Cell_ 16 _ HDF29c7"
"152",2021-02-24,"20210224",16,"21224098","HDF29c7_Expanded.Maturated_Tyr_3.33Hz","LQT1_R190W","Expanded.Maturated","3.33Hz","Yes","Tyr","APD 90 (ms)",173.96,"20210224 Cell_ 16 _ HDF29c7"
"153",2021-02-24,"20210224",16,"21224099","HDF29c7_Expanded.Maturated_Tyr_4Hz","LQT1_R190W","Expanded.Maturated","4Hz","Yes","Tyr","Ediast (mV)",-64.9021575618442,"20210224 Cell_ 16 _ HDF29c7"
"154",2021-02-24,"20210224",16,"21224099","HDF29c7_Expanded.Maturated_Tyr_4Hz","LQT1_R190W","Expanded.Maturated","4Hz","Yes","Tyr","APA (mV)",124.222833455201,"20210224 Cell_ 16 _ HDF29c7"
"155",2021-02-24,"20210224",16,"21224099","HDF29c7_Expanded.Maturated_Tyr_4Hz","LQT1_R190W","Expanded.Maturated","4Hz","Yes","Tyr","dV/dt max y (V/s)",224.652088938974,"20210224 Cell_ 16 _ HDF29c7"
"156",2021-02-24,"20210224",16,"21224099","HDF29c7_Expanded.Maturated_Tyr_4Hz","LQT1_R190W","Expanded.Maturated","4Hz","Yes","Tyr","APD 90 (ms)",153.2,"20210224 Cell_ 16 _ HDF29c7"
"157",2021-02-26,"20210226",6,"21226019","HDF29c7_Expanded.Maturated_Tyr_0.5Hz","LQT1_R190W","Expanded.Maturated","0.5Hz","Yes","Tyr","Ediast (mV)",-59.3499727669651,"20210226 Cell_ 6 _ HDF29c7"
"158",2021-02-26,"20210226",6,"21226019","HDF29c7_Expanded.Maturated_Tyr_0.5Hz","LQT1_R190W","Expanded.Maturated","0.5Hz","Yes","Tyr","APA (mV)",122.870477562403,"20210226 Cell_ 6 _ HDF29c7"
"159",2021-02-26,"20210226",6,"21226019","HDF29c7_Expanded.Maturated_Tyr_0.5Hz","LQT1_R190W","Expanded.Maturated","0.5Hz","Yes","Tyr","dV/dt max y (V/s)",188.589468581539,"20210226 Cell_ 6 _ HDF29c7"
"160",2021-02-26,"20210226",6,"21226019","HDF29c7_Expanded.Maturated_Tyr_0.5Hz","LQT1_R190W","Expanded.Maturated","0.5Hz","Yes","Tyr","APD 90 (ms)",290.68,"20210226 Cell_ 6 _ HDF29c7"
"161",2021-02-26,"20210226",6,"21226020","HDF29c7_Expanded.Maturated_Tyr_1Hz","LQT1_R190W","Expanded.Maturated","1Hz","Yes","Tyr","Ediast (mV)",-61.5542573302359,"20210226 Cell_ 6 _ HDF29c7"
"162",2021-02-26,"20210226",6,"21226020","HDF29c7_Expanded.Maturated_Tyr_1Hz","LQT1_R190W","Expanded.Maturated","1Hz","Yes","Tyr","APA (mV)",124.056695767779,"20210226 Cell_ 6 _ HDF29c7"
"163",2021-02-26,"20210226",6,"21226020","HDF29c7_Expanded.Maturated_Tyr_1Hz","LQT1_R190W","Expanded.Maturated","1Hz","Yes","Tyr","dV/dt max y (V/s)",198.281850933681,"20210226 Cell_ 6 _ HDF29c7"
"164",2021-02-26,"20210226",6,"21226020","HDF29c7_Expanded.Maturated_Tyr_1Hz","LQT1_R190W","Expanded.Maturated","1Hz","Yes","Tyr","APD 90 (ms)",271.48,"20210226 Cell_ 6 _ HDF29c7"
"165",2021-02-26,"20210226",6,"21226021","HDF29c7_Expanded.Maturated_Tyr_2Hz","LQT1_R190W","Expanded.Maturated","2Hz","Yes","Tyr","Ediast (mV)",-64.4868133432907,"20210226 Cell_ 6 _ HDF29c7"
"166",2021-02-26,"20210226",6,"21226021","HDF29c7_Expanded.Maturated_Tyr_2Hz","LQT1_R190W","Expanded.Maturated","2Hz","Yes","Tyr","APA (mV)",126.102411002644,"20210226 Cell_ 6 _ HDF29c7"
"167",2021-02-26,"20210226",6,"21226021","HDF29c7_Expanded.Maturated_Tyr_2Hz","LQT1_R190W","Expanded.Maturated","2Hz","Yes","Tyr","dV/dt max y (V/s)",190.832510467192,"20210226 Cell_ 6 _ HDF29c7"
"168",2021-02-26,"20210226",6,"21226021","HDF29c7_Expanded.Maturated_Tyr_2Hz","LQT1_R190W","Expanded.Maturated","2Hz","Yes","Tyr","APD 90 (ms)",234.44,"20210226 Cell_ 6 _ HDF29c7"
"169",2021-02-26,"20210226",6,"21226022","HDF29c7_Expanded.Maturated_Tyr_3.33Hz","LQT1_R190W","Expanded.Maturated","3.33Hz","Yes","Tyr","Ediast (mV)",-60.3580293597099,"20210226 Cell_ 6 _ HDF29c7"
"170",2021-02-26,"20210226",6,"21226022","HDF29c7_Expanded.Maturated_Tyr_3.33Hz","LQT1_R190W","Expanded.Maturated","3.33Hz","Yes","Tyr","APA (mV)",120.273187646705,"20210226 Cell_ 6 _ HDF29c7"
"171",2021-02-26,"20210226",6,"21226022","HDF29c7_Expanded.Maturated_Tyr_3.33Hz","LQT1_R190W","Expanded.Maturated","3.33Hz","Yes","Tyr","dV/dt max y (V/s)",187.017813382756,"20210226 Cell_ 6 _ HDF29c7"
"172",2021-02-26,"20210226",6,"21226022","HDF29c7_Expanded.Maturated_Tyr_3.33Hz","LQT1_R190W","Expanded.Maturated","3.33Hz","Yes","Tyr","APD 90 (ms)",170.88,"20210226 Cell_ 6 _ HDF29c7"
"173",2021-02-26,"20210226",6,"21226023","HDF29c7_Expanded.Maturated_Tyr_4Hz","LQT1_R190W","Expanded.Maturated","4Hz","Yes","Tyr","Ediast (mV)",-59.5742769555299,"20210226 Cell_ 6 _ HDF29c7"
"174",2021-02-26,"20210226",6,"21226023","HDF29c7_Expanded.Maturated_Tyr_4Hz","LQT1_R190W","Expanded.Maturated","4Hz","Yes","Tyr","APA (mV)",118.364557366266,"20210226 Cell_ 6 _ HDF29c7"
"175",2021-02-26,"20210226",6,"21226023","HDF29c7_Expanded.Maturated_Tyr_4Hz","LQT1_R190W","Expanded.Maturated","4Hz","Yes","Tyr","dV/dt max y (V/s)",191.653433279763,"20210226 Cell_ 6 _ HDF29c7"
"176",2021-02-26,"20210226",6,"21226023","HDF29c7_Expanded.Maturated_Tyr_4Hz","LQT1_R190W","Expanded.Maturated","4Hz","Yes","Tyr","APD 90 (ms)",143.84,"20210226 Cell_ 6 _ HDF29c7"
"177",2021-02-26,"20210226",6,"21226024","HDF29c7_Expanded.Maturated_Tyr_5Hz","LQT1_R190W","Expanded.Maturated","5Hz","Yes","Tyr","Ediast (mV)",-55.2487156375456,"20210226 Cell_ 6 _ HDF29c7"
"178",2021-02-26,"20210226",6,"21226024","HDF29c7_Expanded.Maturated_Tyr_5Hz","LQT1_R190W","Expanded.Maturated","5Hz","Yes","Tyr","APA (mV)",114.087824170963,"20210226 Cell_ 6 _ HDF29c7"
"179",2021-02-26,"20210226",6,"21226024","HDF29c7_Expanded.Maturated_Tyr_5Hz","LQT1_R190W","Expanded.Maturated","5Hz","Yes","Tyr","dV/dt max y (V/s)",203.44847666484,"20210226 Cell_ 6 _ HDF29c7"
"180",2021-02-26,"20210226",6,"21226024","HDF29c7_Expanded.Maturated_Tyr_5Hz","LQT1_R190W","Expanded.Maturated","5Hz","Yes","Tyr","APD 90 (ms)",76.04,"20210226 Cell_ 6 _ HDF29c7"
"181",2021-03-01,"20210301",1,"21301002","HDF29c7_Expanded.Maturated_Tyr_1Hz","LQT1_R190W","Expanded.Maturated","1Hz","Yes","Tyr","Ediast (mV)",-52.2561010335934,"20210301 Cell_ 1 _ HDF29c7"
"182",2021-03-01,"20210301",1,"21301002","HDF29c7_Expanded.Maturated_Tyr_1Hz","LQT1_R190W","Expanded.Maturated","1Hz","Yes","Tyr","APA (mV)",108.93883759912,"20210301 Cell_ 1 _ HDF29c7"
"183",2021-03-01,"20210301",1,"21301002","HDF29c7_Expanded.Maturated_Tyr_1Hz","LQT1_R190W","Expanded.Maturated","1Hz","Yes","Tyr","dV/dt max y (V/s)",161.73400110711,"20210301 Cell_ 1 _ HDF29c7"
"184",2021-03-01,"20210301",1,"21301002","HDF29c7_Expanded.Maturated_Tyr_1Hz","LQT1_R190W","Expanded.Maturated","1Hz","Yes","Tyr","APD 90 (ms)",174.52,"20210301 Cell_ 1 _ HDF29c7"
"185",2021-03-01,"20210301",2,"21301009","HDF29c7_Expanded.Maturated_Tyr_0.5Hz","LQT1_R190W","Expanded.Maturated","0.5Hz","Yes","Tyr","Ediast (mV)",-55.9862033954855,"20210301 Cell_ 2 _ HDF29c7"
"186",2021-03-01,"20210301",2,"21301009","HDF29c7_Expanded.Maturated_Tyr_0.5Hz","LQT1_R190W","Expanded.Maturated","0.5Hz","Yes","Tyr","APA (mV)",107.977778074456,"20210301 Cell_ 2 _ HDF29c7"
"187",2021-03-01,"20210301",2,"21301009","HDF29c7_Expanded.Maturated_Tyr_0.5Hz","LQT1_R190W","Expanded.Maturated","0.5Hz","Yes","Tyr","dV/dt max y (V/s)",182.296744271056,"20210301 Cell_ 2 _ HDF29c7"
"188",2021-03-01,"20210301",2,"21301009","HDF29c7_Expanded.Maturated_Tyr_0.5Hz","LQT1_R190W","Expanded.Maturated","0.5Hz","Yes","Tyr","APD 90 (ms)",113.36,"20210301 Cell_ 2 _ HDF29c7"
"189",2021-03-01,"20210301",2,"21301011","HDF29c7_Expanded.Maturated_Tyr_1Hz","LQT1_R190W","Expanded.Maturated","1Hz","Yes","Tyr","Ediast (mV)",-61.0483979792629,"20210301 Cell_ 2 _ HDF29c7"
"190",2021-03-01,"20210301",2,"21301011","HDF29c7_Expanded.Maturated_Tyr_1Hz","LQT1_R190W","Expanded.Maturated","1Hz","Yes","Tyr","APA (mV)",117.332574993408,"20210301 Cell_ 2 _ HDF29c7"
"191",2021-03-01,"20210301",2,"21301011","HDF29c7_Expanded.Maturated_Tyr_1Hz","LQT1_R190W","Expanded.Maturated","1Hz","Yes","Tyr","dV/dt max y (V/s)",211.279286839772,"20210301 Cell_ 2 _ HDF29c7"
"192",2021-03-01,"20210301",2,"21301011","HDF29c7_Expanded.Maturated_Tyr_1Hz","LQT1_R190W","Expanded.Maturated","1Hz","Yes","Tyr","APD 90 (ms)",105.48,"20210301 Cell_ 2 _ HDF29c7"
"193",2021-03-01,"20210301",2,"21301013","HDF29c7_Expanded.Maturated_Tyr_2Hz","LQT1_R190W","Expanded.Maturated","2Hz","Yes","Tyr","Ediast (mV)",-66.7739226096589,"20210301 Cell_ 2 _ HDF29c7"
"194",2021-03-01,"20210301",2,"21301013","HDF29c7_Expanded.Maturated_Tyr_2Hz","LQT1_R190W","Expanded.Maturated","2Hz","Yes","Tyr","APA (mV)",122.025995180639,"20210301 Cell_ 2 _ HDF29c7"
"195",2021-03-01,"20210301",2,"21301013","HDF29c7_Expanded.Maturated_Tyr_2Hz","LQT1_R190W","Expanded.Maturated","2Hz","Yes","Tyr","dV/dt max y (V/s)",232.629383481949,"20210301 Cell_ 2 _ HDF29c7"
"196",2021-03-01,"20210301",2,"21301013","HDF29c7_Expanded.Maturated_Tyr_2Hz","LQT1_R190W","Expanded.Maturated","2Hz","Yes","Tyr","APD 90 (ms)",115.32,"20210301 Cell_ 2 _ HDF29c7"
"197",2021-03-01,"20210301",2,"21301014","HDF29c7_Expanded.Maturated_Tyr_3.33Hz","LQT1_R190W","Expanded.Maturated","3.33Hz","Yes","Tyr","Ediast (mV)",-73.2086757219932,"20210301 Cell_ 2 _ HDF29c7"
"198",2021-03-01,"20210301",2,"21301014","HDF29c7_Expanded.Maturated_Tyr_3.33Hz","LQT1_R190W","Expanded.Maturated","3.33Hz","Yes","Tyr","APA (mV)",127.894952421409,"20210301 Cell_ 2 _ HDF29c7"
"199",2021-03-01,"20210301",2,"21301014","HDF29c7_Expanded.Maturated_Tyr_3.33Hz","LQT1_R190W","Expanded.Maturated","3.33Hz","Yes","Tyr","dV/dt max y (V/s)",233.053577797736,"20210301 Cell_ 2 _ HDF29c7"
"200",2021-03-01,"20210301",2,"21301014","HDF29c7_Expanded.Maturated_Tyr_3.33Hz","LQT1_R190W","Expanded.Maturated","3.33Hz","Yes","Tyr","APD 90 (ms)",125.12,"20210301 Cell_ 2 _ HDF29c7"
"201",2021-03-01,"20210301",2,"21301015","HDF29c7_Expanded.Maturated_Tyr_4Hz","LQT1_R190W","Expanded.Maturated","4Hz","Yes","Tyr","Ediast (mV)",-73.0139735828036,"20210301 Cell_ 2 _ HDF29c7"
"202",2021-03-01,"20210301",2,"21301015","HDF29c7_Expanded.Maturated_Tyr_4Hz","LQT1_R190W","Expanded.Maturated","4Hz","Yes","Tyr","APA (mV)",127.822320588922,"20210301 Cell_ 2 _ HDF29c7"
"203",2021-03-01,"20210301",2,"21301015","HDF29c7_Expanded.Maturated_Tyr_4Hz","LQT1_R190W","Expanded.Maturated","4Hz","Yes","Tyr","dV/dt max y (V/s)",231.854237034389,"20210301 Cell_ 2 _ HDF29c7"
"204",2021-03-01,"20210301",2,"21301015","HDF29c7_Expanded.Maturated_Tyr_4Hz","LQT1_R190W","Expanded.Maturated","4Hz","Yes","Tyr","APD 90 (ms)",117.96,"20210301 Cell_ 2 _ HDF29c7"
"205",2021-03-01,"20210301",2,"21301016","HDF29c7_Expanded.Maturated_Tyr_5Hz","LQT1_R190W","Expanded.Maturated","5Hz","Yes","Tyr","Ediast (mV)",-70.8428311078023,"20210301 Cell_ 2 _ HDF29c7"
"206",2021-03-01,"20210301",2,"21301016","HDF29c7_Expanded.Maturated_Tyr_5Hz","LQT1_R190W","Expanded.Maturated","5Hz","Yes","Tyr","APA (mV)",124.55376605667,"20210301 Cell_ 2 _ HDF29c7"
"207",2021-03-01,"20210301",2,"21301016","HDF29c7_Expanded.Maturated_Tyr_5Hz","LQT1_R190W","Expanded.Maturated","5Hz","Yes","Tyr","dV/dt max y (V/s)",230.551136510345,"20210301 Cell_ 2 _ HDF29c7"
"208",2021-03-01,"20210301",2,"21301016","HDF29c7_Expanded.Maturated_Tyr_5Hz","LQT1_R190W","Expanded.Maturated","5Hz","Yes","Tyr","APD 90 (ms)",111.36,"20210301 Cell_ 2 _ HDF29c7"
"209",2021-03-01,"20210301",12,"21301071","HDF29c7_Expanded.Maturated_Tyr_1Hz","LQT1_R190W","Expanded.Maturated","1Hz","Yes","Tyr","Ediast (mV)",-49.5637793841281,"20210301 Cell_ 12 _ HDF29c7"
"210",2021-03-01,"20210301",12,"21301071","HDF29c7_Expanded.Maturated_Tyr_1Hz","LQT1_R190W","Expanded.Maturated","1Hz","Yes","Tyr","APA (mV)",108.727594933373,"20210301 Cell_ 12 _ HDF29c7"
"211",2021-03-01,"20210301",12,"21301071","HDF29c7_Expanded.Maturated_Tyr_1Hz","LQT1_R190W","Expanded.Maturated","1Hz","Yes","Tyr","dV/dt max y (V/s)",187.762442253637,"20210301 Cell_ 12 _ HDF29c7"
"212",2021-03-01,"20210301",12,"21301071","HDF29c7_Expanded.Maturated_Tyr_1Hz","LQT1_R190W","Expanded.Maturated","1Hz","Yes","Tyr","APD 90 (ms)",190.36,"20210301 Cell_ 12 _ HDF29c7"
"213",2021-03-01,"20210301",13,"21301077","HDF29c7_Expanded.Maturated_Tyr_0.5Hz","LQT1_R190W","Expanded.Maturated","0.5Hz","Yes","Tyr","Ediast (mV)",-59.1922579307061,"20210301 Cell_ 13 _ HDF29c7"
"214",2021-03-01,"20210301",13,"21301077","HDF29c7_Expanded.Maturated_Tyr_0.5Hz","LQT1_R190W","Expanded.Maturated","0.5Hz","Yes","Tyr","APA (mV)",127.521722458668,"20210301 Cell_ 13 _ HDF29c7"
"215",2021-03-01,"20210301",13,"21301077","HDF29c7_Expanded.Maturated_Tyr_0.5Hz","LQT1_R190W","Expanded.Maturated","0.5Hz","Yes","Tyr","dV/dt max y (V/s)",156.085197664477,"20210301 Cell_ 13 _ HDF29c7"
"216",2021-03-01,"20210301",13,"21301077","HDF29c7_Expanded.Maturated_Tyr_0.5Hz","LQT1_R190W","Expanded.Maturated","0.5Hz","Yes","Tyr","APD 90 (ms)",294.68,"20210301 Cell_ 13 _ HDF29c7"
"217",2021-03-05,"20210305",2,"21305004","HDF28c44_Expanded.Maturated_Tyr_0.5Hz","LQT1_R594Q","Expanded.Maturated","0.5Hz","Yes","Tyr","Ediast (mV)",-62.2935761427764,"20210305 Cell_ 2 _ HDF28c44"
"218",2021-03-05,"20210305",2,"21305004","HDF28c44_Expanded.Maturated_Tyr_0.5Hz","LQT1_R594Q","Expanded.Maturated","0.5Hz","Yes","Tyr","APA (mV)",99.6409864782446,"20210305 Cell_ 2 _ HDF28c44"
"219",2021-03-05,"20210305",2,"21305004","HDF28c44_Expanded.Maturated_Tyr_0.5Hz","LQT1_R594Q","Expanded.Maturated","0.5Hz","Yes","Tyr","dV/dt max y (V/s)",67.4957243331862,"20210305 Cell_ 2 _ HDF28c44"
"220",2021-03-05,"20210305",2,"21305004","HDF28c44_Expanded.Maturated_Tyr_0.5Hz","LQT1_R594Q","Expanded.Maturated","0.5Hz","Yes","Tyr","APD 90 (ms)",54.8,"20210305 Cell_ 2 _ HDF28c44"
"221",2021-03-05,"20210305",2,"21305005","HDF28c44_Expanded.Maturated_Tyr_1Hz","LQT1_R594Q","Expanded.Maturated","1Hz","Yes","Tyr","Ediast (mV)",-66.1727263491517,"20210305 Cell_ 2 _ HDF28c44"
"222",2021-03-05,"20210305",2,"21305005","HDF28c44_Expanded.Maturated_Tyr_1Hz","LQT1_R594Q","Expanded.Maturated","1Hz","Yes","Tyr","APA (mV)",106.36864729151,"20210305 Cell_ 2 _ HDF28c44"
"223",2021-03-05,"20210305",2,"21305005","HDF28c44_Expanded.Maturated_Tyr_1Hz","LQT1_R594Q","Expanded.Maturated","1Hz","Yes","Tyr","dV/dt max y (V/s)",81.2133750488217,"20210305 Cell_ 2 _ HDF28c44"
"224",2021-03-05,"20210305",2,"21305005","HDF28c44_Expanded.Maturated_Tyr_1Hz","LQT1_R594Q","Expanded.Maturated","1Hz","Yes","Tyr","APD 90 (ms)",55.96,"20210305 Cell_ 2 _ HDF28c44"
"225",2021-03-05,"20210305",2,"21305006","HDF28c44_Expanded.Maturated_Tyr_2Hz","LQT1_R594Q","Expanded.Maturated","2Hz","Yes","Tyr","Ediast (mV)",-72.0564540970333,"20210305 Cell_ 2 _ HDF28c44"
"226",2021-03-05,"20210305",2,"21305006","HDF28c44_Expanded.Maturated_Tyr_2Hz","LQT1_R594Q","Expanded.Maturated","2Hz","Yes","Tyr","APA (mV)",111.519342847647,"20210305 Cell_ 2 _ HDF28c44"
"227",2021-03-05,"20210305",2,"21305006","HDF28c44_Expanded.Maturated_Tyr_2Hz","LQT1_R594Q","Expanded.Maturated","2Hz","Yes","Tyr","dV/dt max y (V/s)",79.3945274789625,"20210305 Cell_ 2 _ HDF28c44"
"228",2021-03-05,"20210305",2,"21305006","HDF28c44_Expanded.Maturated_Tyr_2Hz","LQT1_R594Q","Expanded.Maturated","2Hz","Yes","Tyr","APD 90 (ms)",53.84,"20210305 Cell_ 2 _ HDF28c44"
"229",2021-03-05,"20210305",2,"21305007","HDF28c44_Expanded.Maturated_Tyr_3.33Hz","LQT1_R594Q","Expanded.Maturated","3.33Hz","Yes","Tyr","Ediast (mV)",-74.1957362219854,"20210305 Cell_ 2 _ HDF28c44"
"230",2021-03-05,"20210305",2,"21305007","HDF28c44_Expanded.Maturated_Tyr_3.33Hz","LQT1_R594Q","Expanded.Maturated","3.33Hz","Yes","Tyr","APA (mV)",116.271539887554,"20210305 Cell_ 2 _ HDF28c44"
"231",2021-03-05,"20210305",2,"21305007","HDF28c44_Expanded.Maturated_Tyr_3.33Hz","LQT1_R594Q","Expanded.Maturated","3.33Hz","Yes","Tyr","dV/dt max y (V/s)",88.4826618129242,"20210305 Cell_ 2 _ HDF28c44"
"232",2021-03-05,"20210305",2,"21305007","HDF28c44_Expanded.Maturated_Tyr_3.33Hz","LQT1_R594Q","Expanded.Maturated","3.33Hz","Yes","Tyr","APD 90 (ms)",52.8,"20210305 Cell_ 2 _ HDF28c44"
"233",2021-03-05,"20210305",2,"21305008","HDF28c44_Expanded.Maturated_Tyr_4Hz","LQT1_R594Q","Expanded.Maturated","4Hz","Yes","Tyr","Ediast (mV)",-75.8712122166233,"20210305 Cell_ 2 _ HDF28c44"
"234",2021-03-05,"20210305",2,"21305008","HDF28c44_Expanded.Maturated_Tyr_4Hz","LQT1_R594Q","Expanded.Maturated","4Hz","Yes","Tyr","APA (mV)",116.516962239179,"20210305 Cell_ 2 _ HDF28c44"
"235",2021-03-05,"20210305",2,"21305008","HDF28c44_Expanded.Maturated_Tyr_4Hz","LQT1_R594Q","Expanded.Maturated","4Hz","Yes","Tyr","dV/dt max y (V/s)",86.9689900098198,"20210305 Cell_ 2 _ HDF28c44"
"236",2021-03-05,"20210305",2,"21305008","HDF28c44_Expanded.Maturated_Tyr_4Hz","LQT1_R594Q","Expanded.Maturated","4Hz","Yes","Tyr","APD 90 (ms)",51.24,"20210305 Cell_ 2 _ HDF28c44"
"237",2021-03-05,"20210305",2,"21305009","HDF28c44_Expanded.Maturated_Tyr_5Hz","LQT1_R594Q","Expanded.Maturated","5Hz","Yes","Tyr","Ediast (mV)",-76.8279992805533,"20210305 Cell_ 2 _ HDF28c44"
"238",2021-03-05,"20210305",2,"21305009","HDF28c44_Expanded.Maturated_Tyr_5Hz","LQT1_R594Q","Expanded.Maturated","5Hz","Yes","Tyr","APA (mV)",115.63414978111,"20210305 Cell_ 2 _ HDF28c44"
"239",2021-03-05,"20210305",2,"21305009","HDF28c44_Expanded.Maturated_Tyr_5Hz","LQT1_R594Q","Expanded.Maturated","5Hz","Yes","Tyr","dV/dt max y (V/s)",76.7608606118671,"20210305 Cell_ 2 _ HDF28c44"
"240",2021-03-05,"20210305",2,"21305009","HDF28c44_Expanded.Maturated_Tyr_5Hz","LQT1_R594Q","Expanded.Maturated","5Hz","Yes","Tyr","APD 90 (ms)",50.48,"20210305 Cell_ 2 _ HDF28c44"
"241",2021-03-05,"20210305",3,"21305012","HDF28c44_Expanded.Maturated_Tyr_0.5Hz","LQT1_R594Q","Expanded.Maturated","0.5Hz","Yes","Tyr","Ediast (mV)",-64.812924167645,"20210305 Cell_ 3 _ HDF28c44"
"242",2021-03-05,"20210305",3,"21305012","HDF28c44_Expanded.Maturated_Tyr_0.5Hz","LQT1_R594Q","Expanded.Maturated","0.5Hz","Yes","Tyr","APA (mV)",128.399957280236,"20210305 Cell_ 3 _ HDF28c44"
"243",2021-03-05,"20210305",3,"21305012","HDF28c44_Expanded.Maturated_Tyr_0.5Hz","LQT1_R594Q","Expanded.Maturated","0.5Hz","Yes","Tyr","dV/dt max y (V/s)",166.284171789427,"20210305 Cell_ 3 _ HDF28c44"
"244",2021-03-05,"20210305",3,"21305012","HDF28c44_Expanded.Maturated_Tyr_0.5Hz","LQT1_R594Q","Expanded.Maturated","0.5Hz","Yes","Tyr","APD 90 (ms)",312.6,"20210305 Cell_ 3 _ HDF28c44"
"245",2021-03-05,"20210305",3,"21305013","HDF28c44_Expanded.Maturated_Tyr_1Hz","LQT1_R594Q","Expanded.Maturated","1Hz","Yes","Tyr","Ediast (mV)",-67.9804044859478,"20210305 Cell_ 3 _ HDF28c44"
"246",2021-03-05,"20210305",3,"21305013","HDF28c44_Expanded.Maturated_Tyr_1Hz","LQT1_R594Q","Expanded.Maturated","1Hz","Yes","Tyr","APA (mV)",130.498101711829,"20210305 Cell_ 3 _ HDF28c44"
"247",2021-03-05,"20210305",3,"21305013","HDF28c44_Expanded.Maturated_Tyr_1Hz","LQT1_R594Q","Expanded.Maturated","1Hz","Yes","Tyr","dV/dt max y (V/s)",144.180291003366,"20210305 Cell_ 3 _ HDF28c44"
"248",2021-03-05,"20210305",3,"21305013","HDF28c44_Expanded.Maturated_Tyr_1Hz","LQT1_R594Q","Expanded.Maturated","1Hz","Yes","Tyr","APD 90 (ms)",287.8,"20210305 Cell_ 3 _ HDF28c44"
"249",2021-03-05,"20210305",3,"21305014","HDF28c44_Expanded.Maturated_Tyr_2Hz","LQT1_R594Q","Expanded.Maturated","2Hz","Yes","Tyr","Ediast (mV)",-66.7909514174438,"20210305 Cell_ 3 _ HDF28c44"
"250",2021-03-05,"20210305",3,"21305014","HDF28c44_Expanded.Maturated_Tyr_2Hz","LQT1_R594Q","Expanded.Maturated","2Hz","Yes","Tyr","APA (mV)",128.526788328899,"20210305 Cell_ 3 _ HDF28c44"
"251",2021-03-05,"20210305",3,"21305014","HDF28c44_Expanded.Maturated_Tyr_2Hz","LQT1_R594Q","Expanded.Maturated","2Hz","Yes","Tyr","dV/dt max y (V/s)",151.043693997684,"20210305 Cell_ 3 _ HDF28c44"
"252",2021-03-05,"20210305",3,"21305014","HDF28c44_Expanded.Maturated_Tyr_2Hz","LQT1_R594Q","Expanded.Maturated","2Hz","Yes","Tyr","APD 90 (ms)",257.6,"20210305 Cell_ 3 _ HDF28c44"
"253",2021-03-05,"20210305",3,"21305015","HDF28c44_Expanded.Maturated_Tyr_3.33Hz","LQT1_R594Q","Expanded.Maturated","3.33Hz","Yes","Tyr","Ediast (mV)",-64.5722015228287,"20210305 Cell_ 3 _ HDF28c44"
"254",2021-03-05,"20210305",3,"21305015","HDF28c44_Expanded.Maturated_Tyr_3.33Hz","LQT1_R594Q","Expanded.Maturated","3.33Hz","Yes","Tyr","APA (mV)",123.870904760979,"20210305 Cell_ 3 _ HDF28c44"
"255",2021-03-05,"20210305",3,"21305015","HDF28c44_Expanded.Maturated_Tyr_3.33Hz","LQT1_R594Q","Expanded.Maturated","3.33Hz","Yes","Tyr","dV/dt max y (V/s)",114.42565374476,"20210305 Cell_ 3 _ HDF28c44"
"256",2021-03-05,"20210305",3,"21305015","HDF28c44_Expanded.Maturated_Tyr_3.33Hz","LQT1_R594Q","Expanded.Maturated","3.33Hz","Yes","Tyr","APD 90 (ms)",202.32,"20210305 Cell_ 3 _ HDF28c44"
"257",2021-03-05,"20210305",3,"21305016","HDF28c44_Expanded.Maturated_Tyr_4Hz","LQT1_R594Q","Expanded.Maturated","4Hz","Yes","Tyr","Ediast (mV)",-62.3529633469869,"20210305 Cell_ 3 _ HDF28c44"
"258",2021-03-05,"20210305",3,"21305016","HDF28c44_Expanded.Maturated_Tyr_4Hz","LQT1_R594Q","Expanded.Maturated","4Hz","Yes","Tyr","APA (mV)",119.563043637466,"20210305 Cell_ 3 _ HDF28c44"
"259",2021-03-05,"20210305",3,"21305016","HDF28c44_Expanded.Maturated_Tyr_4Hz","LQT1_R594Q","Expanded.Maturated","4Hz","Yes","Tyr","dV/dt max y (V/s)",119.454950380882,"20210305 Cell_ 3 _ HDF28c44"
"260",2021-03-05,"20210305",3,"21305016","HDF28c44_Expanded.Maturated_Tyr_4Hz","LQT1_R594Q","Expanded.Maturated","4Hz","Yes","Tyr","APD 90 (ms)",175.2,"20210305 Cell_ 3 _ HDF28c44"
"261",2021-03-05,"20210305",4,"21305021","HDF28c44_Expanded.Maturated_Tyr_0.5Hz","LQT1_R594Q","Expanded.Maturated","0.5Hz","Yes","Tyr","Ediast (mV)",-64.2185028091598,"20210305 Cell_ 4 _ HDF28c44"
"262",2021-03-05,"20210305",4,"21305021","HDF28c44_Expanded.Maturated_Tyr_0.5Hz","LQT1_R594Q","Expanded.Maturated","0.5Hz","Yes","Tyr","APA (mV)",116.454218101534,"20210305 Cell_ 4 _ HDF28c44"
"263",2021-03-05,"20210305",4,"21305021","HDF28c44_Expanded.Maturated_Tyr_0.5Hz","LQT1_R594Q","Expanded.Maturated","0.5Hz","Yes","Tyr","dV/dt max y (V/s)",193.829336496726,"20210305 Cell_ 4 _ HDF28c44"
"264",2021-03-05,"20210305",4,"21305021","HDF28c44_Expanded.Maturated_Tyr_0.5Hz","LQT1_R594Q","Expanded.Maturated","0.5Hz","Yes","Tyr","APD 90 (ms)",296.72,"20210305 Cell_ 4 _ HDF28c44"
"265",2021-03-05,"20210305",4,"21305022","HDF28c44_Expanded.Maturated_Tyr_1Hz","LQT1_R594Q","Expanded.Maturated","1Hz","Yes","Tyr","Ediast (mV)",-61.4238862426782,"20210305 Cell_ 4 _ HDF28c44"
"266",2021-03-05,"20210305",4,"21305022","HDF28c44_Expanded.Maturated_Tyr_1Hz","LQT1_R594Q","Expanded.Maturated","1Hz","Yes","Tyr","APA (mV)",112.498102566783,"20210305 Cell_ 4 _ HDF28c44"
"267",2021-03-05,"20210305",4,"21305022","HDF28c44_Expanded.Maturated_Tyr_1Hz","LQT1_R594Q","Expanded.Maturated","1Hz","Yes","Tyr","dV/dt max y (V/s)",178.393546214261,"20210305 Cell_ 4 _ HDF28c44"
"268",2021-03-05,"20210305",4,"21305022","HDF28c44_Expanded.Maturated_Tyr_1Hz","LQT1_R594Q","Expanded.Maturated","1Hz","Yes","Tyr","APD 90 (ms)",248.6,"20210305 Cell_ 4 _ HDF28c44"
"269",2021-03-05,"20210305",4,"21305023","HDF28c44_Expanded.Maturated_Tyr_2Hz","LQT1_R594Q","Expanded.Maturated","2Hz","Yes","Tyr","Ediast (mV)",-66.9189421340208,"20210305 Cell_ 4 _ HDF28c44"
"270",2021-03-05,"20210305",4,"21305023","HDF28c44_Expanded.Maturated_Tyr_2Hz","LQT1_R594Q","Expanded.Maturated","2Hz","Yes","Tyr","APA (mV)",116.746210275165,"20210305 Cell_ 4 _ HDF28c44"
"271",2021-03-05,"20210305",4,"21305023","HDF28c44_Expanded.Maturated_Tyr_2Hz","LQT1_R594Q","Expanded.Maturated","2Hz","Yes","Tyr","dV/dt max y (V/s)",193.194570901875,"20210305 Cell_ 4 _ HDF28c44"
"272",2021-03-05,"20210305",4,"21305023","HDF28c44_Expanded.Maturated_Tyr_2Hz","LQT1_R594Q","Expanded.Maturated","2Hz","Yes","Tyr","APD 90 (ms)",205.76,"20210305 Cell_ 4 _ HDF28c44"
"273",2021-03-11,"20210311",1,"21311001","HDF28c44_Expanded.Maturated_Tyr_0.5Hz","LQT1_R594Q","Expanded.Maturated","0.5Hz","Yes","Tyr","Ediast (mV)",-45.3875100512402,"20210311 Cell_ 1 _ HDF28c44"
"274",2021-03-11,"20210311",1,"21311001","HDF28c44_Expanded.Maturated_Tyr_0.5Hz","LQT1_R594Q","Expanded.Maturated","0.5Hz","Yes","Tyr","APA (mV)",116.940851379201,"20210311 Cell_ 1 _ HDF28c44"
"275",2021-03-11,"20210311",1,"21311001","HDF28c44_Expanded.Maturated_Tyr_0.5Hz","LQT1_R594Q","Expanded.Maturated","0.5Hz","Yes","Tyr","dV/dt max y (V/s)",137.661736625481,"20210311 Cell_ 1 _ HDF28c44"
"276",2021-03-11,"20210311",1,"21311001","HDF28c44_Expanded.Maturated_Tyr_0.5Hz","LQT1_R594Q","Expanded.Maturated","0.5Hz","Yes","Tyr","APD 90 (ms)",274.72,"20210311 Cell_ 1 _ HDF28c44"
"277",2021-03-11,"20210311",1,"21311002","HDF28c44_Expanded.Maturated_Tyr_1Hz","LQT1_R594Q","Expanded.Maturated","1Hz","Yes","Tyr","Ediast (mV)",-47.3568703092631,"20210311 Cell_ 1 _ HDF28c44"
"278",2021-03-11,"20210311",1,"21311002","HDF28c44_Expanded.Maturated_Tyr_1Hz","LQT1_R594Q","Expanded.Maturated","1Hz","Yes","Tyr","APA (mV)",118.892511442752,"20210311 Cell_ 1 _ HDF28c44"
"279",2021-03-11,"20210311",1,"21311002","HDF28c44_Expanded.Maturated_Tyr_1Hz","LQT1_R594Q","Expanded.Maturated","1Hz","Yes","Tyr","dV/dt max y (V/s)",153.833000505825,"20210311 Cell_ 1 _ HDF28c44"
"280",2021-03-11,"20210311",1,"21311002","HDF28c44_Expanded.Maturated_Tyr_1Hz","LQT1_R594Q","Expanded.Maturated","1Hz","Yes","Tyr","APD 90 (ms)",253.2,"20210311 Cell_ 1 _ HDF28c44"
"281",2021-03-11,"20210311",1,"21311003","HDF28c44_Expanded.Maturated_Tyr_2Hz","LQT1_R594Q","Expanded.Maturated","2Hz","Yes","Tyr","Ediast (mV)",-50.1413550402884,"20210311 Cell_ 1 _ HDF28c44"
"282",2021-03-11,"20210311",1,"21311003","HDF28c44_Expanded.Maturated_Tyr_2Hz","LQT1_R594Q","Expanded.Maturated","2Hz","Yes","Tyr","APA (mV)",118.45861253758,"20210311 Cell_ 1 _ HDF28c44"
"283",2021-03-11,"20210311",1,"21311003","HDF28c44_Expanded.Maturated_Tyr_2Hz","LQT1_R594Q","Expanded.Maturated","2Hz","Yes","Tyr","dV/dt max y (V/s)",135.610955472887,"20210311 Cell_ 1 _ HDF28c44"
"284",2021-03-11,"20210311",1,"21311003","HDF28c44_Expanded.Maturated_Tyr_2Hz","LQT1_R594Q","Expanded.Maturated","2Hz","Yes","Tyr","APD 90 (ms)",235,"20210311 Cell_ 1 _ HDF28c44"
"285",2021-03-11,"20210311",1,"21311004","HDF28c44_Expanded.Maturated_Tyr_3.33Hz","LQT1_R594Q","Expanded.Maturated","3.33Hz","Yes","Tyr","Ediast (mV)",-44.4771097038569,"20210311 Cell_ 1 _ HDF28c44"
"286",2021-03-11,"20210311",1,"21311004","HDF28c44_Expanded.Maturated_Tyr_3.33Hz","LQT1_R594Q","Expanded.Maturated","3.33Hz","Yes","Tyr","APA (mV)",110.25042200948,"20210311 Cell_ 1 _ HDF28c44"
"287",2021-03-11,"20210311",1,"21311004","HDF28c44_Expanded.Maturated_Tyr_3.33Hz","LQT1_R594Q","Expanded.Maturated","3.33Hz","Yes","Tyr","dV/dt max y (V/s)",98.5351515698314,"20210311 Cell_ 1 _ HDF28c44"
"288",2021-03-11,"20210311",1,"21311004","HDF28c44_Expanded.Maturated_Tyr_3.33Hz","LQT1_R594Q","Expanded.Maturated","3.33Hz","Yes","Tyr","APD 90 (ms)",182.44,"20210311 Cell_ 1 _ HDF28c44"
"289",2021-03-11,"20210311",2,"21311008","HDF28c44_Expanded.Maturated_Tyr_0.5Hz","LQT1_R594Q","Expanded.Maturated","0.5Hz","Yes","Tyr","Ediast (mV)",-55.5838596645958,"20210311 Cell_ 2 _ HDF28c44"
"290",2021-03-11,"20210311",2,"21311008","HDF28c44_Expanded.Maturated_Tyr_0.5Hz","LQT1_R594Q","Expanded.Maturated","0.5Hz","Yes","Tyr","APA (mV)",119.54198650956,"20210311 Cell_ 2 _ HDF28c44"
"291",2021-03-11,"20210311",2,"21311008","HDF28c44_Expanded.Maturated_Tyr_0.5Hz","LQT1_R594Q","Expanded.Maturated","0.5Hz","Yes","Tyr","dV/dt max y (V/s)",174.191275906043,"20210311 Cell_ 2 _ HDF28c44"
"292",2021-03-11,"20210311",2,"21311008","HDF28c44_Expanded.Maturated_Tyr_0.5Hz","LQT1_R594Q","Expanded.Maturated","0.5Hz","Yes","Tyr","APD 90 (ms)",139.4,"20210311 Cell_ 2 _ HDF28c44"
"293",2021-03-11,"20210311",2,"21311009","HDF28c44_Expanded.Maturated_Tyr_1Hz","LQT1_R594Q","Expanded.Maturated","1Hz","Yes","Tyr","Ediast (mV)",-60.5840425325686,"20210311 Cell_ 2 _ HDF28c44"
"294",2021-03-11,"20210311",2,"21311009","HDF28c44_Expanded.Maturated_Tyr_1Hz","LQT1_R594Q","Expanded.Maturated","1Hz","Yes","Tyr","APA (mV)",123.560113760116,"20210311 Cell_ 2 _ HDF28c44"
"295",2021-03-11,"20210311",2,"21311009","HDF28c44_Expanded.Maturated_Tyr_1Hz","LQT1_R594Q","Expanded.Maturated","1Hz","Yes","Tyr","dV/dt max y (V/s)",180.096426992754,"20210311 Cell_ 2 _ HDF28c44"
"296",2021-03-11,"20210311",2,"21311009","HDF28c44_Expanded.Maturated_Tyr_1Hz","LQT1_R594Q","Expanded.Maturated","1Hz","Yes","Tyr","APD 90 (ms)",140.68,"20210311 Cell_ 2 _ HDF28c44"
"297",2021-03-11,"20210311",2,"21311010","HDF28c44_Expanded.Maturated_Tyr_2Hz","LQT1_R594Q","Expanded.Maturated","2Hz","Yes","Tyr","Ediast (mV)",-64.5451019147409,"20210311 Cell_ 2 _ HDF28c44"
"298",2021-03-11,"20210311",2,"21311010","HDF28c44_Expanded.Maturated_Tyr_2Hz","LQT1_R594Q","Expanded.Maturated","2Hz","Yes","Tyr","APA (mV)",123.981134247931,"20210311 Cell_ 2 _ HDF28c44"
"299",2021-03-11,"20210311",2,"21311010","HDF28c44_Expanded.Maturated_Tyr_2Hz","LQT1_R594Q","Expanded.Maturated","2Hz","Yes","Tyr","dV/dt max y (V/s)",163.436881885602,"20210311 Cell_ 2 _ HDF28c44"
"300",2021-03-11,"20210311",2,"21311010","HDF28c44_Expanded.Maturated_Tyr_2Hz","LQT1_R594Q","Expanded.Maturated","2Hz","Yes","Tyr","APD 90 (ms)",150.08,"20210311 Cell_ 2 _ HDF28c44"
"301",2021-03-11,"20210311",2,"21311011","HDF28c44_Expanded.Maturated_Tyr_3.33Hz","LQT1_R594Q","Expanded.Maturated","3.33Hz","Yes","Tyr","Ediast (mV)",-64.510678088251,"20210311 Cell_ 2 _ HDF28c44"
"302",2021-03-11,"20210311",2,"21311011","HDF28c44_Expanded.Maturated_Tyr_3.33Hz","LQT1_R594Q","Expanded.Maturated","3.33Hz","Yes","Tyr","APA (mV)",121.632257406372,"20210311 Cell_ 2 _ HDF28c44"
"303",2021-03-11,"20210311",2,"21311011","HDF28c44_Expanded.Maturated_Tyr_3.33Hz","LQT1_R594Q","Expanded.Maturated","3.33Hz","Yes","Tyr","dV/dt max y (V/s)",164.190666029487,"20210311 Cell_ 2 _ HDF28c44"
"304",2021-03-11,"20210311",2,"21311011","HDF28c44_Expanded.Maturated_Tyr_3.33Hz","LQT1_R594Q","Expanded.Maturated","3.33Hz","Yes","Tyr","APD 90 (ms)",134.32,"20210311 Cell_ 2 _ HDF28c44"
"305",2021-03-11,"20210311",2,"21311012","HDF28c44_Expanded.Maturated_Tyr_4Hz","LQT1_R594Q","Expanded.Maturated","4Hz","Yes","Tyr","Ediast (mV)",-65.6955535202537,"20210311 Cell_ 2 _ HDF28c44"
"306",2021-03-11,"20210311",2,"21311012","HDF28c44_Expanded.Maturated_Tyr_4Hz","LQT1_R594Q","Expanded.Maturated","4Hz","Yes","Tyr","APA (mV)",120.15050698847,"20210311 Cell_ 2 _ HDF28c44"
"307",2021-03-11,"20210311",2,"21311012","HDF28c44_Expanded.Maturated_Tyr_4Hz","LQT1_R594Q","Expanded.Maturated","4Hz","Yes","Tyr","dV/dt max y (V/s)",158.090202452056,"20210311 Cell_ 2 _ HDF28c44"
"308",2021-03-11,"20210311",2,"21311012","HDF28c44_Expanded.Maturated_Tyr_4Hz","LQT1_R594Q","Expanded.Maturated","4Hz","Yes","Tyr","APD 90 (ms)",82.28,"20210311 Cell_ 2 _ HDF28c44"
"309",2021-03-11,"20210311",2,"21311013","HDF28c44_Expanded.Maturated_Tyr_5Hz","LQT1_R594Q","Expanded.Maturated","5Hz","Yes","Tyr","Ediast (mV)",-64.018551646782,"20210311 Cell_ 2 _ HDF28c44"
"310",2021-03-11,"20210311",2,"21311013","HDF28c44_Expanded.Maturated_Tyr_5Hz","LQT1_R594Q","Expanded.Maturated","5Hz","Yes","Tyr","APA (mV)",119.231561719617,"20210311 Cell_ 2 _ HDF28c44"
"311",2021-03-11,"20210311",2,"21311013","HDF28c44_Expanded.Maturated_Tyr_5Hz","LQT1_R594Q","Expanded.Maturated","5Hz","Yes","Tyr","dV/dt max y (V/s)",166.110221602375,"20210311 Cell_ 2 _ HDF28c44"
"312",2021-03-11,"20210311",2,"21311013","HDF28c44_Expanded.Maturated_Tyr_5Hz","LQT1_R594Q","Expanded.Maturated","5Hz","Yes","Tyr","APD 90 (ms)",69.52,"20210311 Cell_ 2 _ HDF28c44"
"313",2021-03-11,"20210311",3,"21311016","HDF28c44_Expanded.Maturated_Tyr_0.5Hz","LQT1_R594Q","Expanded.Maturated","0.5Hz","Yes","Tyr","Ediast (mV)",-59.0819674086009,"20210311 Cell_ 3 _ HDF28c44"
"314",2021-03-11,"20210311",3,"21311016","HDF28c44_Expanded.Maturated_Tyr_0.5Hz","LQT1_R594Q","Expanded.Maturated","0.5Hz","Yes","Tyr","APA (mV)",124.903497485371,"20210311 Cell_ 3 _ HDF28c44"
"315",2021-03-11,"20210311",3,"21311016","HDF28c44_Expanded.Maturated_Tyr_0.5Hz","LQT1_R594Q","Expanded.Maturated","0.5Hz","Yes","Tyr","dV/dt max y (V/s)",208.123769411525,"20210311 Cell_ 3 _ HDF28c44"
"316",2021-03-11,"20210311",3,"21311016","HDF28c44_Expanded.Maturated_Tyr_0.5Hz","LQT1_R594Q","Expanded.Maturated","0.5Hz","Yes","Tyr","APD 90 (ms)",272,"20210311 Cell_ 3 _ HDF28c44"
"317",2021-03-11,"20210311",3,"21311017","HDF28c44_Expanded.Maturated_Tyr_1Hz","LQT1_R594Q","Expanded.Maturated","1Hz","Yes","Tyr","Ediast (mV)",-59.426816025034,"20210311 Cell_ 3 _ HDF28c44"
"318",2021-03-11,"20210311",3,"21311017","HDF28c44_Expanded.Maturated_Tyr_1Hz","LQT1_R594Q","Expanded.Maturated","1Hz","Yes","Tyr","APA (mV)",122.009820865001,"20210311 Cell_ 3 _ HDF28c44"
"319",2021-03-11,"20210311",3,"21311017","HDF28c44_Expanded.Maturated_Tyr_1Hz","LQT1_R594Q","Expanded.Maturated","1Hz","Yes","Tyr","dV/dt max y (V/s)",193.524160729971,"20210311 Cell_ 3 _ HDF28c44"
"320",2021-03-11,"20210311",3,"21311017","HDF28c44_Expanded.Maturated_Tyr_1Hz","LQT1_R594Q","Expanded.Maturated","1Hz","Yes","Tyr","APD 90 (ms)",295.68,"20210311 Cell_ 3 _ HDF28c44"
"321",2021-03-11,"20210311",3,"21311018","HDF28c44_Expanded.Maturated_Tyr_2Hz","LQT1_R594Q","Expanded.Maturated","2Hz","Yes","Tyr","Ediast (mV)",-57.1239596891013,"20210311 Cell_ 3 _ HDF28c44"
"322",2021-03-11,"20210311",3,"21311018","HDF28c44_Expanded.Maturated_Tyr_2Hz","LQT1_R594Q","Expanded.Maturated","2Hz","Yes","Tyr","APA (mV)",116.249323091735,"20210311 Cell_ 3 _ HDF28c44"
"323",2021-03-11,"20210311",3,"21311018","HDF28c44_Expanded.Maturated_Tyr_2Hz","LQT1_R594Q","Expanded.Maturated","2Hz","Yes","Tyr","dV/dt max y (V/s)",190.829458709526,"20210311 Cell_ 3 _ HDF28c44"
"324",2021-03-11,"20210311",3,"21311018","HDF28c44_Expanded.Maturated_Tyr_2Hz","LQT1_R594Q","Expanded.Maturated","2Hz","Yes","Tyr","APD 90 (ms)",238.2,"20210311 Cell_ 3 _ HDF28c44"
"325",2021-03-11,"20210311",3,"21311019","HDF28c44_Expanded.Maturated_Tyr_3.33Hz","LQT1_R594Q","Expanded.Maturated","3.33Hz","Yes","Tyr","Ediast (mV)",-56.3637058189614,"20210311 Cell_ 3 _ HDF28c44"
"326",2021-03-11,"20210311",3,"21311019","HDF28c44_Expanded.Maturated_Tyr_3.33Hz","LQT1_R594Q","Expanded.Maturated","3.33Hz","Yes","Tyr","APA (mV)",113.188654291796,"20210311 Cell_ 3 _ HDF28c44"
"327",2021-03-11,"20210311",3,"21311019","HDF28c44_Expanded.Maturated_Tyr_3.33Hz","LQT1_R594Q","Expanded.Maturated","3.33Hz","Yes","Tyr","dV/dt max y (V/s)",149.353020249863,"20210311 Cell_ 3 _ HDF28c44"
"328",2021-03-11,"20210311",3,"21311019","HDF28c44_Expanded.Maturated_Tyr_3.33Hz","LQT1_R594Q","Expanded.Maturated","3.33Hz","Yes","Tyr","APD 90 (ms)",170.56,"20210311 Cell_ 3 _ HDF28c44"
"329",2021-03-11,"20210311",3,"21311020","HDF28c44_Expanded.Maturated_Tyr_4Hz","LQT1_R594Q","Expanded.Maturated","4Hz","Yes","Tyr","Ediast (mV)",-55.7742893430509,"20210311 Cell_ 3 _ HDF28c44"
"330",2021-03-11,"20210311",3,"21311020","HDF28c44_Expanded.Maturated_Tyr_4Hz","LQT1_R594Q","Expanded.Maturated","4Hz","Yes","Tyr","APA (mV)",110.178583633986,"20210311 Cell_ 3 _ HDF28c44"
"331",2021-03-11,"20210311",3,"21311020","HDF28c44_Expanded.Maturated_Tyr_4Hz","LQT1_R594Q","Expanded.Maturated","4Hz","Yes","Tyr","dV/dt max y (V/s)",141.13768860882,"20210311 Cell_ 3 _ HDF28c44"
"332",2021-03-11,"20210311",3,"21311020","HDF28c44_Expanded.Maturated_Tyr_4Hz","LQT1_R594Q","Expanded.Maturated","4Hz","Yes","Tyr","APD 90 (ms)",147.84,"20210311 Cell_ 3 _ HDF28c44"
"333",2021-03-11,"20210311",3,"21311021","HDF28c44_Expanded.Maturated_Tyr_5Hz","LQT1_R594Q","Expanded.Maturated","5Hz","Yes","Tyr","Ediast (mV)",-46.918454802743,"20210311 Cell_ 3 _ HDF28c44"
"334",2021-03-11,"20210311",3,"21311021","HDF28c44_Expanded.Maturated_Tyr_5Hz","LQT1_R594Q","Expanded.Maturated","5Hz","Yes","Tyr","APA (mV)",94.4208939527482,"20210311 Cell_ 3 _ HDF28c44"
"335",2021-03-11,"20210311",3,"21311021","HDF28c44_Expanded.Maturated_Tyr_5Hz","LQT1_R594Q","Expanded.Maturated","5Hz","Yes","Tyr","dV/dt max y (V/s)",82.1777304717672,"20210311 Cell_ 3 _ HDF28c44"
"336",2021-03-11,"20210311",3,"21311021","HDF28c44_Expanded.Maturated_Tyr_5Hz","LQT1_R594Q","Expanded.Maturated","5Hz","Yes","Tyr","APD 90 (ms)",91.8,"20210311 Cell_ 3 _ HDF28c44"
"337",2021-03-11,"20210311",4,"21311026","HDF28c44_Expanded.Maturated_Tyr_0.5Hz","LQT1_R594Q","Expanded.Maturated","0.5Hz","Yes","Tyr","Ediast (mV)",-57.2211886883894,"20210311 Cell_ 4 _ HDF28c44"
"338",2021-03-11,"20210311",4,"21311026","HDF28c44_Expanded.Maturated_Tyr_0.5Hz","LQT1_R594Q","Expanded.Maturated","0.5Hz","Yes","Tyr","APA (mV)",110.349848274288,"20210311 Cell_ 4 _ HDF28c44"
"339",2021-03-11,"20210311",4,"21311026","HDF28c44_Expanded.Maturated_Tyr_0.5Hz","LQT1_R594Q","Expanded.Maturated","0.5Hz","Yes","Tyr","dV/dt max y (V/s)",48.5015846103608,"20210311 Cell_ 4 _ HDF28c44"
"340",2021-03-11,"20210311",4,"21311026","HDF28c44_Expanded.Maturated_Tyr_0.5Hz","LQT1_R594Q","Expanded.Maturated","0.5Hz","Yes","Tyr","APD 90 (ms)",270.24,"20210311 Cell_ 4 _ HDF28c44"
"341",2021-03-11,"20210311",5,"21311029","HDF28c44_Expanded.Maturated_Tyr_0.5Hz","LQT1_R594Q","Expanded.Maturated","0.5Hz","Yes","Tyr","Ediast (mV)",-59.0173311812022,"20210311 Cell_ 5 _ HDF28c44"
"342",2021-03-11,"20210311",5,"21311029","HDF28c44_Expanded.Maturated_Tyr_0.5Hz","LQT1_R594Q","Expanded.Maturated","0.5Hz","Yes","Tyr","APA (mV)",124.940179612535,"20210311 Cell_ 5 _ HDF28c44"
"343",2021-03-11,"20210311",5,"21311029","HDF28c44_Expanded.Maturated_Tyr_0.5Hz","LQT1_R594Q","Expanded.Maturated","0.5Hz","Yes","Tyr","dV/dt max y (V/s)",221.115101802285,"20210311 Cell_ 5 _ HDF28c44"
"344",2021-03-11,"20210311",5,"21311029","HDF28c44_Expanded.Maturated_Tyr_0.5Hz","LQT1_R594Q","Expanded.Maturated","0.5Hz","Yes","Tyr","APD 90 (ms)",286.32,"20210311 Cell_ 5 _ HDF28c44"
"345",2021-03-11,"20210311",5,"21311030","HDF28c44_Expanded.Maturated_Tyr_1Hz","LQT1_R594Q","Expanded.Maturated","1Hz","Yes","Tyr","Ediast (mV)",-69.7078213960874,"20210311 Cell_ 5 _ HDF28c44"
"346",2021-03-11,"20210311",5,"21311030","HDF28c44_Expanded.Maturated_Tyr_1Hz","LQT1_R594Q","Expanded.Maturated","1Hz","Yes","Tyr","APA (mV)",127.919488553057,"20210311 Cell_ 5 _ HDF28c44"
"347",2021-03-11,"20210311",5,"21311030","HDF28c44_Expanded.Maturated_Tyr_1Hz","LQT1_R594Q","Expanded.Maturated","1Hz","Yes","Tyr","dV/dt max y (V/s)",246.185291041202,"20210311 Cell_ 5 _ HDF28c44"
"348",2021-03-11,"20210311",5,"21311030","HDF28c44_Expanded.Maturated_Tyr_1Hz","LQT1_R594Q","Expanded.Maturated","1Hz","Yes","Tyr","APD 90 (ms)",236.76,"20210311 Cell_ 5 _ HDF28c44"
"349",2021-03-11,"20210311",6,"21311032","HDF28c44_Expanded.Maturated_Tyr_0.5Hz","LQT1_R594Q","Expanded.Maturated","0.5Hz","Yes","Tyr","Ediast (mV)",-54.1748631494883,"20210311 Cell_ 6 _ HDF28c44"
"350",2021-03-11,"20210311",6,"21311032","HDF28c44_Expanded.Maturated_Tyr_0.5Hz","LQT1_R594Q","Expanded.Maturated","0.5Hz","Yes","Tyr","APA (mV)",124.809015067984,"20210311 Cell_ 6 _ HDF28c44"
"351",2021-03-11,"20210311",6,"21311032","HDF28c44_Expanded.Maturated_Tyr_0.5Hz","LQT1_R594Q","Expanded.Maturated","0.5Hz","Yes","Tyr","dV/dt max y (V/s)",259.210192766292,"20210311 Cell_ 6 _ HDF28c44"
"352",2021-03-11,"20210311",6,"21311032","HDF28c44_Expanded.Maturated_Tyr_0.5Hz","LQT1_R594Q","Expanded.Maturated","0.5Hz","Yes","Tyr","APD 90 (ms)",259.92,"20210311 Cell_ 6 _ HDF28c44"
"353",2021-03-11,"20210311",6,"21311033","HDF28c44_Expanded.Maturated_Tyr_1Hz","LQT1_R594Q","Expanded.Maturated","1Hz","Yes","Tyr","Ediast (mV)",-60.9717378266541,"20210311 Cell_ 6 _ HDF28c44"
"354",2021-03-11,"20210311",6,"21311033","HDF28c44_Expanded.Maturated_Tyr_1Hz","LQT1_R594Q","Expanded.Maturated","1Hz","Yes","Tyr","APA (mV)",129.432427934321,"20210311 Cell_ 6 _ HDF28c44"
"355",2021-03-11,"20210311",6,"21311033","HDF28c44_Expanded.Maturated_Tyr_1Hz","LQT1_R594Q","Expanded.Maturated","1Hz","Yes","Tyr","dV/dt max y (V/s)",270.175158065807,"20210311 Cell_ 6 _ HDF28c44"
"356",2021-03-11,"20210311",6,"21311033","HDF28c44_Expanded.Maturated_Tyr_1Hz","LQT1_R594Q","Expanded.Maturated","1Hz","Yes","Tyr","APD 90 (ms)",254.48,"20210311 Cell_ 6 _ HDF28c44"
"357",2021-03-11,"20210311",6,"21311034","HDF28c44_Expanded.Maturated_Tyr_2Hz","LQT1_R594Q","Expanded.Maturated","2Hz","Yes","Tyr","Ediast (mV)",-65.9311492121885,"20210311 Cell_ 6 _ HDF28c44"
"358",2021-03-11,"20210311",6,"21311034","HDF28c44_Expanded.Maturated_Tyr_2Hz","LQT1_R594Q","Expanded.Maturated","2Hz","Yes","Tyr","APA (mV)",131.972405841022,"20210311 Cell_ 6 _ HDF28c44"
"359",2021-03-11,"20210311",6,"21311034","HDF28c44_Expanded.Maturated_Tyr_2Hz","LQT1_R594Q","Expanded.Maturated","2Hz","Yes","Tyr","dV/dt max y (V/s)",290.731797714419,"20210311 Cell_ 6 _ HDF28c44"
"360",2021-03-11,"20210311",6,"21311034","HDF28c44_Expanded.Maturated_Tyr_2Hz","LQT1_R594Q","Expanded.Maturated","2Hz","Yes","Tyr","APD 90 (ms)",218,"20210311 Cell_ 6 _ HDF28c44"
"361",2021-03-11,"20210311",6,"21311035","HDF28c44_Expanded.Maturated_Tyr_3.33Hz","LQT1_R594Q","Expanded.Maturated","3.33Hz","Yes","Tyr","Ediast (mV)",-64.788754246918,"20210311 Cell_ 6 _ HDF28c44"
"362",2021-03-11,"20210311",6,"21311035","HDF28c44_Expanded.Maturated_Tyr_3.33Hz","LQT1_R594Q","Expanded.Maturated","3.33Hz","Yes","Tyr","APA (mV)",129.473809768293,"20210311 Cell_ 6 _ HDF28c44"
"363",2021-03-11,"20210311",6,"21311035","HDF28c44_Expanded.Maturated_Tyr_3.33Hz","LQT1_R594Q","Expanded.Maturated","3.33Hz","Yes","Tyr","dV/dt max y (V/s)",231.005848402811,"20210311 Cell_ 6 _ HDF28c44"
"364",2021-03-11,"20210311",6,"21311035","HDF28c44_Expanded.Maturated_Tyr_3.33Hz","LQT1_R594Q","Expanded.Maturated","3.33Hz","Yes","Tyr","APD 90 (ms)",180.2,"20210311 Cell_ 6 _ HDF28c44"
"365",2021-03-11,"20210311",6,"21311036","HDF28c44_Expanded.Maturated_Tyr_4Hz","LQT1_R594Q","Expanded.Maturated","4Hz","Yes","Tyr","Ediast (mV)",-64.3045623753847,"20210311 Cell_ 6 _ HDF28c44"
"366",2021-03-11,"20210311",6,"21311036","HDF28c44_Expanded.Maturated_Tyr_4Hz","LQT1_R594Q","Expanded.Maturated","4Hz","Yes","Tyr","APA (mV)",126.974847484643,"20210311 Cell_ 6 _ HDF28c44"
"367",2021-03-11,"20210311",6,"21311036","HDF28c44_Expanded.Maturated_Tyr_4Hz","LQT1_R594Q","Expanded.Maturated","4Hz","Yes","Tyr","dV/dt max y (V/s)",244.335925894667,"20210311 Cell_ 6 _ HDF28c44"
"368",2021-03-11,"20210311",6,"21311036","HDF28c44_Expanded.Maturated_Tyr_4Hz","LQT1_R594Q","Expanded.Maturated","4Hz","Yes","Tyr","APD 90 (ms)",159.16,"20210311 Cell_ 6 _ HDF28c44"
"369",2021-03-11,"20210311",6,"21311037","HDF28c44_Expanded.Maturated_Tyr_5Hz","LQT1_R594Q","Expanded.Maturated","5Hz","Yes","Tyr","Ediast (mV)",-62.8448456478425,"20210311 Cell_ 6 _ HDF28c44"
"370",2021-03-11,"20210311",6,"21311037","HDF28c44_Expanded.Maturated_Tyr_5Hz","LQT1_R594Q","Expanded.Maturated","5Hz","Yes","Tyr","APA (mV)",123.585199208143,"20210311 Cell_ 6 _ HDF28c44"
"371",2021-03-11,"20210311",6,"21311037","HDF28c44_Expanded.Maturated_Tyr_5Hz","LQT1_R594Q","Expanded.Maturated","5Hz","Yes","Tyr","dV/dt max y (V/s)",277.270494642857,"20210311 Cell_ 6 _ HDF28c44"
"372",2021-03-11,"20210311",6,"21311037","HDF28c44_Expanded.Maturated_Tyr_5Hz","LQT1_R594Q","Expanded.Maturated","5Hz","Yes","Tyr","APD 90 (ms)",134.56,"20210311 Cell_ 6 _ HDF28c44"
"373",2021-03-11,"20210311",7,"21311040","HDF28c44_Expanded.Maturated_Tyr_0.5Hz","LQT1_R594Q","Expanded.Maturated","0.5Hz","Yes","Tyr","Ediast (mV)",-55.3010227639674,"20210311 Cell_ 7 _ HDF28c44"
"374",2021-03-11,"20210311",7,"21311040","HDF28c44_Expanded.Maturated_Tyr_0.5Hz","LQT1_R594Q","Expanded.Maturated","0.5Hz","Yes","Tyr","APA (mV)",119.485590027864,"20210311 Cell_ 7 _ HDF28c44"
"375",2021-03-11,"20210311",7,"21311040","HDF28c44_Expanded.Maturated_Tyr_0.5Hz","LQT1_R594Q","Expanded.Maturated","0.5Hz","Yes","Tyr","dV/dt max y (V/s)",139.901726753462,"20210311 Cell_ 7 _ HDF28c44"
"376",2021-03-11,"20210311",7,"21311040","HDF28c44_Expanded.Maturated_Tyr_0.5Hz","LQT1_R594Q","Expanded.Maturated","0.5Hz","Yes","Tyr","APD 90 (ms)",215.08,"20210311 Cell_ 7 _ HDF28c44"
"377",2021-03-11,"20210311",7,"21311041","HDF28c44_Expanded.Maturated_Tyr_1Hz","LQT1_R594Q","Expanded.Maturated","1Hz","Yes","Tyr","Ediast (mV)",-62.2092865959987,"20210311 Cell_ 7 _ HDF28c44"
"378",2021-03-11,"20210311",7,"21311041","HDF28c44_Expanded.Maturated_Tyr_1Hz","LQT1_R594Q","Expanded.Maturated","1Hz","Yes","Tyr","APA (mV)",129.797174010746,"20210311 Cell_ 7 _ HDF28c44"
"379",2021-03-11,"20210311",7,"21311041","HDF28c44_Expanded.Maturated_Tyr_1Hz","LQT1_R594Q","Expanded.Maturated","1Hz","Yes","Tyr","dV/dt max y (V/s)",181.213370299075,"20210311 Cell_ 7 _ HDF28c44"
"380",2021-03-11,"20210311",7,"21311041","HDF28c44_Expanded.Maturated_Tyr_1Hz","LQT1_R594Q","Expanded.Maturated","1Hz","Yes","Tyr","APD 90 (ms)",229.28,"20210311 Cell_ 7 _ HDF28c44"
"381",2021-03-11,"20210311",7,"21311043","HDF28c44_Expanded.Maturated_Tyr_2Hz","LQT1_R594Q","Expanded.Maturated","2Hz","Yes","Tyr","Ediast (mV)",-71.6326870273174,"20210311 Cell_ 7 _ HDF28c44"
"382",2021-03-11,"20210311",7,"21311043","HDF28c44_Expanded.Maturated_Tyr_2Hz","LQT1_R594Q","Expanded.Maturated","2Hz","Yes","Tyr","APA (mV)",138.289788353463,"20210311 Cell_ 7 _ HDF28c44"
"383",2021-03-11,"20210311",7,"21311043","HDF28c44_Expanded.Maturated_Tyr_2Hz","LQT1_R594Q","Expanded.Maturated","2Hz","Yes","Tyr","dV/dt max y (V/s)",184.289542027967,"20210311 Cell_ 7 _ HDF28c44"
"384",2021-03-11,"20210311",7,"21311043","HDF28c44_Expanded.Maturated_Tyr_2Hz","LQT1_R594Q","Expanded.Maturated","2Hz","Yes","Tyr","APD 90 (ms)",240.96,"20210311 Cell_ 7 _ HDF28c44"
"385",2021-03-11,"20210311",7,"21311044","HDF28c44_Expanded.Maturated_Tyr_3.33Hz","LQT1_R594Q","Expanded.Maturated","3.33Hz","Yes","Tyr","Ediast (mV)",-70.4679531959206,"20210311 Cell_ 7 _ HDF28c44"
"386",2021-03-11,"20210311",7,"21311044","HDF28c44_Expanded.Maturated_Tyr_3.33Hz","LQT1_R594Q","Expanded.Maturated","3.33Hz","Yes","Tyr","APA (mV)",134.818536076932,"20210311 Cell_ 7 _ HDF28c44"
"387",2021-03-11,"20210311",7,"21311044","HDF28c44_Expanded.Maturated_Tyr_3.33Hz","LQT1_R594Q","Expanded.Maturated","3.33Hz","Yes","Tyr","dV/dt max y (V/s)",174.993888172611,"20210311 Cell_ 7 _ HDF28c44"
"388",2021-03-11,"20210311",7,"21311044","HDF28c44_Expanded.Maturated_Tyr_3.33Hz","LQT1_R594Q","Expanded.Maturated","3.33Hz","Yes","Tyr","APD 90 (ms)",207.2,"20210311 Cell_ 7 _ HDF28c44"
"389",2021-03-11,"20210311",7,"21311046","HDF28c44_Expanded.Maturated_Tyr_4Hz","LQT1_R594Q","Expanded.Maturated","4Hz","Yes","Tyr","Ediast (mV)",-70.6294522116873,"20210311 Cell_ 7 _ HDF28c44"
"390",2021-03-11,"20210311",7,"21311046","HDF28c44_Expanded.Maturated_Tyr_4Hz","LQT1_R594Q","Expanded.Maturated","4Hz","Yes","Tyr","APA (mV)",131.877618247868,"20210311 Cell_ 7 _ HDF28c44"
"391",2021-03-11,"20210311",7,"21311046","HDF28c44_Expanded.Maturated_Tyr_4Hz","LQT1_R594Q","Expanded.Maturated","4Hz","Yes","Tyr","dV/dt max y (V/s)",153.268425337327,"20210311 Cell_ 7 _ HDF28c44"
"392",2021-03-11,"20210311",7,"21311046","HDF28c44_Expanded.Maturated_Tyr_4Hz","LQT1_R594Q","Expanded.Maturated","4Hz","Yes","Tyr","APD 90 (ms)",177.04,"20210311 Cell_ 7 _ HDF28c44"
"393",2021-03-12,"20210312",2,"21312003","HDF28c44_Expanded.Maturated_Tyr_0.5Hz","LQT1_R594Q","Expanded.Maturated","0.5Hz","Yes","Tyr","Ediast (mV)",-55.7114231350994,"20210312 Cell_ 2 _ HDF28c44"
"394",2021-03-12,"20210312",2,"21312003","HDF28c44_Expanded.Maturated_Tyr_0.5Hz","LQT1_R594Q","Expanded.Maturated","0.5Hz","Yes","Tyr","APA (mV)",117.342889934324,"20210312 Cell_ 2 _ HDF28c44"
"395",2021-03-12,"20210312",2,"21312003","HDF28c44_Expanded.Maturated_Tyr_0.5Hz","LQT1_R594Q","Expanded.Maturated","0.5Hz","Yes","Tyr","dV/dt max y (V/s)",165.106193329753,"20210312 Cell_ 2 _ HDF28c44"
"396",2021-03-12,"20210312",2,"21312003","HDF28c44_Expanded.Maturated_Tyr_0.5Hz","LQT1_R594Q","Expanded.Maturated","0.5Hz","Yes","Tyr","APD 90 (ms)",188.12,"20210312 Cell_ 2 _ HDF28c44"
"397",2021-03-12,"20210312",2,"21312004","HDF28c44_Expanded.Maturated_Tyr_1Hz","LQT1_R594Q","Expanded.Maturated","1Hz","Yes","Tyr","Ediast (mV)",-60.5306978085399,"20210312 Cell_ 2 _ HDF28c44"
"398",2021-03-12,"20210312",2,"21312004","HDF28c44_Expanded.Maturated_Tyr_1Hz","LQT1_R594Q","Expanded.Maturated","1Hz","Yes","Tyr","APA (mV)",122.708429230256,"20210312 Cell_ 2 _ HDF28c44"
"399",2021-03-12,"20210312",2,"21312004","HDF28c44_Expanded.Maturated_Tyr_1Hz","LQT1_R594Q","Expanded.Maturated","1Hz","Yes","Tyr","dV/dt max y (V/s)",164.21202833316,"20210312 Cell_ 2 _ HDF28c44"
"400",2021-03-12,"20210312",2,"21312004","HDF28c44_Expanded.Maturated_Tyr_1Hz","LQT1_R594Q","Expanded.Maturated","1Hz","Yes","Tyr","APD 90 (ms)",196.84,"20210312 Cell_ 2 _ HDF28c44"
"401",2021-03-12,"20210312",2,"21312005","HDF28c44_Expanded.Maturated_Tyr_2Hz","LQT1_R594Q","Expanded.Maturated","2Hz","Yes","Tyr","Ediast (mV)",-65.7531096698636,"20210312 Cell_ 2 _ HDF28c44"
"402",2021-03-12,"20210312",2,"21312005","HDF28c44_Expanded.Maturated_Tyr_2Hz","LQT1_R594Q","Expanded.Maturated","2Hz","Yes","Tyr","APA (mV)",126.622247403735,"20210312 Cell_ 2 _ HDF28c44"
"403",2021-03-12,"20210312",2,"21312005","HDF28c44_Expanded.Maturated_Tyr_2Hz","LQT1_R594Q","Expanded.Maturated","2Hz","Yes","Tyr","dV/dt max y (V/s)",156.259147851526,"20210312 Cell_ 2 _ HDF28c44"
"404",2021-03-12,"20210312",2,"21312005","HDF28c44_Expanded.Maturated_Tyr_2Hz","LQT1_R594Q","Expanded.Maturated","2Hz","Yes","Tyr","APD 90 (ms)",186.32,"20210312 Cell_ 2 _ HDF28c44"
"405",2021-03-12,"20210312",2,"21312007","HDF28c44_Expanded.Maturated_Tyr_3.33Hz","LQT1_R594Q","Expanded.Maturated","3.33Hz","Yes","Tyr","Ediast (mV)",-64.0040863154378,"20210312 Cell_ 2 _ HDF28c44"
"406",2021-03-12,"20210312",2,"21312007","HDF28c44_Expanded.Maturated_Tyr_3.33Hz","LQT1_R594Q","Expanded.Maturated","3.33Hz","Yes","Tyr","APA (mV)",123.15874659168,"20210312 Cell_ 2 _ HDF28c44"
"407",2021-03-12,"20210312",2,"21312007","HDF28c44_Expanded.Maturated_Tyr_3.33Hz","LQT1_R594Q","Expanded.Maturated","3.33Hz","Yes","Tyr","dV/dt max y (V/s)",139.663689655393,"20210312 Cell_ 2 _ HDF28c44"
"408",2021-03-12,"20210312",2,"21312007","HDF28c44_Expanded.Maturated_Tyr_3.33Hz","LQT1_R594Q","Expanded.Maturated","3.33Hz","Yes","Tyr","APD 90 (ms)",153.24,"20210312 Cell_ 2 _ HDF28c44"
"409",2021-03-12,"20210312",2,"21312008","HDF28c44_Expanded.Maturated_Tyr_4Hz","LQT1_R594Q","Expanded.Maturated","4Hz","Yes","Tyr","Ediast (mV)",-63.141781668895,"20210312 Cell_ 2 _ HDF28c44"
"410",2021-03-12,"20210312",2,"21312008","HDF28c44_Expanded.Maturated_Tyr_4Hz","LQT1_R594Q","Expanded.Maturated","4Hz","Yes","Tyr","APA (mV)",120.607599251915,"20210312 Cell_ 2 _ HDF28c44"
"411",2021-03-12,"20210312",2,"21312008","HDF28c44_Expanded.Maturated_Tyr_4Hz","LQT1_R594Q","Expanded.Maturated","4Hz","Yes","Tyr","dV/dt max y (V/s)",129.443353226771,"20210312 Cell_ 2 _ HDF28c44"
"412",2021-03-12,"20210312",2,"21312008","HDF28c44_Expanded.Maturated_Tyr_4Hz","LQT1_R594Q","Expanded.Maturated","4Hz","Yes","Tyr","APD 90 (ms)",146.68,"20210312 Cell_ 2 _ HDF28c44"
"413",2021-03-12,"20210312",2,"21312009","HDF28c44_Expanded.Maturated_Tyr_5Hz","LQT1_R594Q","Expanded.Maturated","5Hz","Yes","Tyr","Ediast (mV)",-59.9878511546362,"20210312 Cell_ 2 _ HDF28c44"
"414",2021-03-12,"20210312",2,"21312009","HDF28c44_Expanded.Maturated_Tyr_5Hz","LQT1_R594Q","Expanded.Maturated","5Hz","Yes","Tyr","APA (mV)",115.814264518649,"20210312 Cell_ 2 _ HDF28c44"
"415",2021-03-12,"20210312",2,"21312009","HDF28c44_Expanded.Maturated_Tyr_5Hz","LQT1_R594Q","Expanded.Maturated","5Hz","Yes","Tyr","dV/dt max y (V/s)",112.774652846617,"20210312 Cell_ 2 _ HDF28c44"
"416",2021-03-12,"20210312",2,"21312009","HDF28c44_Expanded.Maturated_Tyr_5Hz","LQT1_R594Q","Expanded.Maturated","5Hz","Yes","Tyr","APD 90 (ms)",122.6,"20210312 Cell_ 2 _ HDF28c44"
"417",2021-03-18,"20210318",1,"21318001","HDF30c03_Expanded.Maturated_Tyr_0.5Hz","Compound JLNS","Expanded.Maturated","0.5Hz","Yes","Tyr","Ediast (mV)",-57.7560397372041,"20210318 Cell_ 1 _ HDF30c03"
"418",2021-03-18,"20210318",1,"21318001","HDF30c03_Expanded.Maturated_Tyr_0.5Hz","Compound JLNS","Expanded.Maturated","0.5Hz","Yes","Tyr","APA (mV)",117.737115989818,"20210318 Cell_ 1 _ HDF30c03"
"419",2021-03-18,"20210318",1,"21318001","HDF30c03_Expanded.Maturated_Tyr_0.5Hz","Compound JLNS","Expanded.Maturated","0.5Hz","Yes","Tyr","dV/dt max y (V/s)",81.701656275629,"20210318 Cell_ 1 _ HDF30c03"
"420",2021-03-18,"20210318",1,"21318001","HDF30c03_Expanded.Maturated_Tyr_0.5Hz","Compound JLNS","Expanded.Maturated","0.5Hz","Yes","Tyr","APD 90 (ms)",198.6,"20210318 Cell_ 1 _ HDF30c03"
"421",2021-03-18,"20210318",1,"21318002","HDF30c03_Expanded.Maturated_Tyr_1Hz","Compound JLNS","Expanded.Maturated","1Hz","Yes","Tyr","Ediast (mV)",-64.0175750843283,"20210318 Cell_ 1 _ HDF30c03"
"422",2021-03-18,"20210318",1,"21318002","HDF30c03_Expanded.Maturated_Tyr_1Hz","Compound JLNS","Expanded.Maturated","1Hz","Yes","Tyr","APA (mV)",121.748285232892,"20210318 Cell_ 1 _ HDF30c03"
"423",2021-03-18,"20210318",1,"21318002","HDF30c03_Expanded.Maturated_Tyr_1Hz","Compound JLNS","Expanded.Maturated","1Hz","Yes","Tyr","dV/dt max y (V/s)",68.447872725463,"20210318 Cell_ 1 _ HDF30c03"
"424",2021-03-18,"20210318",1,"21318002","HDF30c03_Expanded.Maturated_Tyr_1Hz","Compound JLNS","Expanded.Maturated","1Hz","Yes","Tyr","APD 90 (ms)",194.92,"20210318 Cell_ 1 _ HDF30c03"
"425",2021-03-18,"20210318",1,"21318003","HDF30c03_Expanded.Maturated_Tyr_2Hz","Compound JLNS","Expanded.Maturated","2Hz","Yes","Tyr","Ediast (mV)",-67.8963590797835,"20210318 Cell_ 1 _ HDF30c03"
"426",2021-03-18,"20210318",1,"21318003","HDF30c03_Expanded.Maturated_Tyr_2Hz","Compound JLNS","Expanded.Maturated","2Hz","Yes","Tyr","APA (mV)",124.190912069998,"20210318 Cell_ 1 _ HDF30c03"
"427",2021-03-18,"20210318",1,"21318003","HDF30c03_Expanded.Maturated_Tyr_2Hz","Compound JLNS","Expanded.Maturated","2Hz","Yes","Tyr","dV/dt max y (V/s)",62.9638641968772,"20210318 Cell_ 1 _ HDF30c03"
"428",2021-03-18,"20210318",1,"21318003","HDF30c03_Expanded.Maturated_Tyr_2Hz","Compound JLNS","Expanded.Maturated","2Hz","Yes","Tyr","APD 90 (ms)",178.36,"20210318 Cell_ 1 _ HDF30c03"
"429",2021-03-18,"20210318",2,"21318007","HDF30c03_Expanded.Maturated_Tyr_0.5Hz","Compound JLNS","Expanded.Maturated","0.5Hz","Yes","Tyr","Ediast (mV)",-62.5491913650103,"20210318 Cell_ 2 _ HDF30c03"
"430",2021-03-18,"20210318",2,"21318007","HDF30c03_Expanded.Maturated_Tyr_0.5Hz","Compound JLNS","Expanded.Maturated","0.5Hz","Yes","Tyr","APA (mV)",121.35045810335,"20210318 Cell_ 2 _ HDF30c03"
"431",2021-03-18,"20210318",2,"21318007","HDF30c03_Expanded.Maturated_Tyr_0.5Hz","Compound JLNS","Expanded.Maturated","0.5Hz","Yes","Tyr","dV/dt max y (V/s)",200.741567613726,"20210318 Cell_ 2 _ HDF30c03"
"432",2021-03-18,"20210318",2,"21318007","HDF30c03_Expanded.Maturated_Tyr_0.5Hz","Compound JLNS","Expanded.Maturated","0.5Hz","Yes","Tyr","APD 90 (ms)",413.64,"20210318 Cell_ 2 _ HDF30c03"
"433",2021-03-18,"20210318",2,"21318008","HDF30c03_Expanded.Maturated_Tyr_1Hz","Compound JLNS","Expanded.Maturated","1Hz","Yes","Tyr","Ediast (mV)",-69.4184537340504,"20210318 Cell_ 2 _ HDF30c03"
"434",2021-03-18,"20210318",2,"21318008","HDF30c03_Expanded.Maturated_Tyr_1Hz","Compound JLNS","Expanded.Maturated","1Hz","Yes","Tyr","APA (mV)",123.658563462471,"20210318 Cell_ 2 _ HDF30c03"
"435",2021-03-18,"20210318",2,"21318008","HDF30c03_Expanded.Maturated_Tyr_1Hz","Compound JLNS","Expanded.Maturated","1Hz","Yes","Tyr","dV/dt max y (V/s)",215.25267532292,"20210318 Cell_ 2 _ HDF30c03"
"436",2021-03-18,"20210318",2,"21318008","HDF30c03_Expanded.Maturated_Tyr_1Hz","Compound JLNS","Expanded.Maturated","1Hz","Yes","Tyr","APD 90 (ms)",285.52,"20210318 Cell_ 2 _ HDF30c03"
"437",2021-03-18,"20210318",2,"21318009","HDF30c03_Expanded.Maturated_Tyr_2Hz","Compound JLNS","Expanded.Maturated","2Hz","Yes","Tyr","Ediast (mV)",-75.4958460235147,"20210318 Cell_ 2 _ HDF30c03"
"438",2021-03-18,"20210318",2,"21318009","HDF30c03_Expanded.Maturated_Tyr_2Hz","Compound JLNS","Expanded.Maturated","2Hz","Yes","Tyr","APA (mV)",125.882196169354,"20210318 Cell_ 2 _ HDF30c03"
"439",2021-03-18,"20210318",2,"21318009","HDF30c03_Expanded.Maturated_Tyr_2Hz","Compound JLNS","Expanded.Maturated","2Hz","Yes","Tyr","dV/dt max y (V/s)",194.479360879915,"20210318 Cell_ 2 _ HDF30c03"
"440",2021-03-18,"20210318",2,"21318009","HDF30c03_Expanded.Maturated_Tyr_2Hz","Compound JLNS","Expanded.Maturated","2Hz","Yes","Tyr","APD 90 (ms)",234.4,"20210318 Cell_ 2 _ HDF30c03"
"441",2021-03-18,"20210318",2,"21318010","HDF30c03_Expanded.Maturated_Tyr_3.33Hz","Compound JLNS","Expanded.Maturated","3.33Hz","Yes","Tyr","Ediast (mV)",-70.4812588593511,"20210318 Cell_ 2 _ HDF30c03"
"442",2021-03-18,"20210318",2,"21318010","HDF30c03_Expanded.Maturated_Tyr_3.33Hz","Compound JLNS","Expanded.Maturated","3.33Hz","Yes","Tyr","APA (mV)",120.961603141351,"20210318 Cell_ 2 _ HDF30c03"
"443",2021-03-18,"20210318",2,"21318010","HDF30c03_Expanded.Maturated_Tyr_3.33Hz","Compound JLNS","Expanded.Maturated","3.33Hz","Yes","Tyr","dV/dt max y (V/s)",176.650992586091,"20210318 Cell_ 2 _ HDF30c03"
"444",2021-03-18,"20210318",2,"21318010","HDF30c03_Expanded.Maturated_Tyr_3.33Hz","Compound JLNS","Expanded.Maturated","3.33Hz","Yes","Tyr","APD 90 (ms)",211.6,"20210318 Cell_ 2 _ HDF30c03"
"445",2021-03-18,"20210318",2,"21318011","HDF30c03_Expanded.Maturated_Tyr_4Hz","Compound JLNS","Expanded.Maturated","4Hz","Yes","Tyr","Ediast (mV)",-66.3740813200566,"20210318 Cell_ 2 _ HDF30c03"
"446",2021-03-18,"20210318",2,"21318011","HDF30c03_Expanded.Maturated_Tyr_4Hz","Compound JLNS","Expanded.Maturated","4Hz","Yes","Tyr","APA (mV)",116.305109221897,"20210318 Cell_ 2 _ HDF30c03"
"447",2021-03-18,"20210318",2,"21318011","HDF30c03_Expanded.Maturated_Tyr_4Hz","Compound JLNS","Expanded.Maturated","4Hz","Yes","Tyr","dV/dt max y (V/s)",143.457024436157,"20210318 Cell_ 2 _ HDF30c03"
"448",2021-03-18,"20210318",2,"21318011","HDF30c03_Expanded.Maturated_Tyr_4Hz","Compound JLNS","Expanded.Maturated","4Hz","Yes","Tyr","APD 90 (ms)",184.56,"20210318 Cell_ 2 _ HDF30c03"
"449",2021-03-18,"20210318",2,"21318012","HDF30c03_Expanded.Maturated_Tyr_5Hz","Compound JLNS","Expanded.Maturated","5Hz","Yes","Tyr","Ediast (mV)",-59.0793428970068,"20210318 Cell_ 2 _ HDF30c03"
"450",2021-03-18,"20210318",2,"21318012","HDF30c03_Expanded.Maturated_Tyr_5Hz","Compound JLNS","Expanded.Maturated","5Hz","Yes","Tyr","APA (mV)",104.230707939932,"20210318 Cell_ 2 _ HDF30c03"
"451",2021-03-18,"20210318",2,"21318012","HDF30c03_Expanded.Maturated_Tyr_5Hz","Compound JLNS","Expanded.Maturated","5Hz","Yes","Tyr","dV/dt max y (V/s)",110.211176405875,"20210318 Cell_ 2 _ HDF30c03"
"452",2021-03-18,"20210318",2,"21318012","HDF30c03_Expanded.Maturated_Tyr_5Hz","Compound JLNS","Expanded.Maturated","5Hz","Yes","Tyr","APD 90 (ms)",147.84,"20210318 Cell_ 2 _ HDF30c03"
"453",2021-03-18,"20210318",3,"21318015","HDF30c03_Expanded.Maturated_Tyr_0.5Hz","Compound JLNS","Expanded.Maturated","0.5Hz","Yes","Tyr","Ediast (mV)",-56.8397800150991,"20210318 Cell_ 3 _ HDF30c03"
"454",2021-03-18,"20210318",3,"21318015","HDF30c03_Expanded.Maturated_Tyr_0.5Hz","Compound JLNS","Expanded.Maturated","0.5Hz","Yes","Tyr","APA (mV)",115.936456895658,"20210318 Cell_ 3 _ HDF30c03"
"455",2021-03-18,"20210318",3,"21318015","HDF30c03_Expanded.Maturated_Tyr_0.5Hz","Compound JLNS","Expanded.Maturated","0.5Hz","Yes","Tyr","dV/dt max y (V/s)",166.537467675833,"20210318 Cell_ 3 _ HDF30c03"
"456",2021-03-18,"20210318",3,"21318015","HDF30c03_Expanded.Maturated_Tyr_0.5Hz","Compound JLNS","Expanded.Maturated","0.5Hz","Yes","Tyr","APD 90 (ms)",219.6,"20210318 Cell_ 3 _ HDF30c03"
"457",2021-03-18,"20210318",3,"21318016","HDF30c03_Expanded.Maturated_Tyr_1Hz","Compound JLNS","Expanded.Maturated","1Hz","Yes","Tyr","Ediast (mV)",-63.1520966098114,"20210318 Cell_ 3 _ HDF30c03"
"458",2021-03-18,"20210318",3,"21318016","HDF30c03_Expanded.Maturated_Tyr_1Hz","Compound JLNS","Expanded.Maturated","1Hz","Yes","Tyr","APA (mV)",118.075189704229,"20210318 Cell_ 3 _ HDF30c03"
"459",2021-03-18,"20210318",3,"21318016","HDF30c03_Expanded.Maturated_Tyr_1Hz","Compound JLNS","Expanded.Maturated","1Hz","Yes","Tyr","dV/dt max y (V/s)",152.108757423659,"20210318 Cell_ 3 _ HDF30c03"
"460",2021-03-18,"20210318",3,"21318016","HDF30c03_Expanded.Maturated_Tyr_1Hz","Compound JLNS","Expanded.Maturated","1Hz","Yes","Tyr","APD 90 (ms)",170.36,"20210318 Cell_ 3 _ HDF30c03"
"461",2021-03-18,"20210318",3,"21318017","HDF30c03_Expanded.Maturated_Tyr_2Hz","Compound JLNS","Expanded.Maturated","2Hz","Yes","Tyr","Ediast (mV)",-61.9826020364531,"20210318 Cell_ 3 _ HDF30c03"
"462",2021-03-18,"20210318",3,"21318017","HDF30c03_Expanded.Maturated_Tyr_2Hz","Compound JLNS","Expanded.Maturated","2Hz","Yes","Tyr","APA (mV)",113.352228502777,"20210318 Cell_ 3 _ HDF30c03"
"463",2021-03-18,"20210318",3,"21318017","HDF30c03_Expanded.Maturated_Tyr_2Hz","Compound JLNS","Expanded.Maturated","2Hz","Yes","Tyr","dV/dt max y (V/s)",164.59960155694,"20210318 Cell_ 3 _ HDF30c03"
"464",2021-03-18,"20210318",3,"21318017","HDF30c03_Expanded.Maturated_Tyr_2Hz","Compound JLNS","Expanded.Maturated","2Hz","Yes","Tyr","APD 90 (ms)",174.96,"20210318 Cell_ 3 _ HDF30c03"
"465",2021-03-18,"20210318",3,"21318020","HDF30c03_Expanded.Maturated_Tyr_3.33Hz","Compound JLNS","Expanded.Maturated","3.33Hz","Yes","Tyr","Ediast (mV)",-65.239315748955,"20210318 Cell_ 3 _ HDF30c03"
"466",2021-03-18,"20210318",3,"21318020","HDF30c03_Expanded.Maturated_Tyr_3.33Hz","Compound JLNS","Expanded.Maturated","3.33Hz","Yes","Tyr","APA (mV)",111.850641660036,"20210318 Cell_ 3 _ HDF30c03"
"467",2021-03-18,"20210318",3,"21318020","HDF30c03_Expanded.Maturated_Tyr_3.33Hz","Compound JLNS","Expanded.Maturated","3.33Hz","Yes","Tyr","dV/dt max y (V/s)",156.048576572465,"20210318 Cell_ 3 _ HDF30c03"
"468",2021-03-18,"20210318",3,"21318020","HDF30c03_Expanded.Maturated_Tyr_3.33Hz","Compound JLNS","Expanded.Maturated","3.33Hz","Yes","Tyr","APD 90 (ms)",139.16,"20210318 Cell_ 3 _ HDF30c03"
"469",2021-03-18,"20210318",3,"21318021","HDF30c03_Expanded.Maturated_Tyr_4Hz","Compound JLNS","Expanded.Maturated","4Hz","Yes","Tyr","Ediast (mV)",-63.9180877843662,"20210318 Cell_ 3 _ HDF30c03"
"470",2021-03-18,"20210318",3,"21318021","HDF30c03_Expanded.Maturated_Tyr_4Hz","Compound JLNS","Expanded.Maturated","4Hz","Yes","Tyr","APA (mV)",108.968744824262,"20210318 Cell_ 3 _ HDF30c03"
"471",2021-03-18,"20210318",3,"21318021","HDF30c03_Expanded.Maturated_Tyr_4Hz","Compound JLNS","Expanded.Maturated","4Hz","Yes","Tyr","dV/dt max y (V/s)",167.105094601997,"20210318 Cell_ 3 _ HDF30c03"
"472",2021-03-18,"20210318",3,"21318021","HDF30c03_Expanded.Maturated_Tyr_4Hz","Compound JLNS","Expanded.Maturated","4Hz","Yes","Tyr","APD 90 (ms)",128.72,"20210318 Cell_ 3 _ HDF30c03"
"473",2021-03-18,"20210318",4,"21318025","HDF30c03_Expanded.Maturated_Tyr_0.5Hz","Compound JLNS","Expanded.Maturated","0.5Hz","Yes","Tyr","Ediast (mV)",-48.1035743753591,"20210318 Cell_ 4 _ HDF30c03"
"474",2021-03-18,"20210318",4,"21318025","HDF30c03_Expanded.Maturated_Tyr_0.5Hz","Compound JLNS","Expanded.Maturated","0.5Hz","Yes","Tyr","APA (mV)",106.141291345278,"20210318 Cell_ 4 _ HDF30c03"
"475",2021-03-18,"20210318",4,"21318025","HDF30c03_Expanded.Maturated_Tyr_0.5Hz","Compound JLNS","Expanded.Maturated","0.5Hz","Yes","Tyr","dV/dt max y (V/s)",16.4428703127558,"20210318 Cell_ 4 _ HDF30c03"
"476",2021-03-18,"20210318",4,"21318025","HDF30c03_Expanded.Maturated_Tyr_0.5Hz","Compound JLNS","Expanded.Maturated","0.5Hz","Yes","Tyr","APD 90 (ms)",151.84,"20210318 Cell_ 4 _ HDF30c03"
"477",2021-03-18,"20210318",4,"21318026","HDF30c03_Expanded.Maturated_Tyr_1Hz","Compound JLNS","Expanded.Maturated","1Hz","Yes","Tyr","Ediast (mV)",-54.2630589460805,"20210318 Cell_ 4 _ HDF30c03"
"478",2021-03-18,"20210318",4,"21318026","HDF30c03_Expanded.Maturated_Tyr_1Hz","Compound JLNS","Expanded.Maturated","1Hz","Yes","Tyr","APA (mV)",109.297236019597,"20210318 Cell_ 4 _ HDF30c03"
"479",2021-03-18,"20210318",4,"21318026","HDF30c03_Expanded.Maturated_Tyr_1Hz","Compound JLNS","Expanded.Maturated","1Hz","Yes","Tyr","dV/dt max y (V/s)",15.0024406936724,"20210318 Cell_ 4 _ HDF30c03"
"480",2021-03-18,"20210318",4,"21318026","HDF30c03_Expanded.Maturated_Tyr_1Hz","Compound JLNS","Expanded.Maturated","1Hz","Yes","Tyr","APD 90 (ms)",139.56,"20210318 Cell_ 4 _ HDF30c03"
"481",2021-03-18,"20210318",4,"21318027","HDF30c03_Expanded.Maturated_Tyr_2Hz","Compound JLNS","Expanded.Maturated","2Hz","Yes","Tyr","Ediast (mV)",-63.5422333100309,"20210318 Cell_ 4 _ HDF30c03"
"482",2021-03-18,"20210318",4,"21318027","HDF30c03_Expanded.Maturated_Tyr_2Hz","Compound JLNS","Expanded.Maturated","2Hz","Yes","Tyr","APA (mV)",113.251703605208,"20210318 Cell_ 4 _ HDF30c03"
"483",2021-03-18,"20210318",4,"21318027","HDF30c03_Expanded.Maturated_Tyr_2Hz","Compound JLNS","Expanded.Maturated","2Hz","Yes","Tyr","dV/dt max y (V/s)",13.8336175070008,"20210318 Cell_ 4 _ HDF30c03"
"484",2021-03-18,"20210318",4,"21318027","HDF30c03_Expanded.Maturated_Tyr_2Hz","Compound JLNS","Expanded.Maturated","2Hz","Yes","Tyr","APD 90 (ms)",130.16,"20210318 Cell_ 4 _ HDF30c03"
"485",2021-03-18,"20210318",4,"21318029","HDF30c03_Expanded.Maturated_Tyr_3.33Hz","Compound JLNS","Expanded.Maturated","3.33Hz","Yes","Tyr","Ediast (mV)",-74.2363245989638,"20210318 Cell_ 4 _ HDF30c03"
"486",2021-03-18,"20210318",4,"21318029","HDF30c03_Expanded.Maturated_Tyr_3.33Hz","Compound JLNS","Expanded.Maturated","3.33Hz","Yes","Tyr","APA (mV)",118.483759020761,"20210318 Cell_ 4 _ HDF30c03"
"487",2021-03-18,"20210318",4,"21318029","HDF30c03_Expanded.Maturated_Tyr_3.33Hz","Compound JLNS","Expanded.Maturated","3.33Hz","Yes","Tyr","dV/dt max y (V/s)",17.578124165084,"20210318 Cell_ 4 _ HDF30c03"
"488",2021-03-18,"20210318",4,"21318029","HDF30c03_Expanded.Maturated_Tyr_3.33Hz","Compound JLNS","Expanded.Maturated","3.33Hz","Yes","Tyr","APD 90 (ms)",137,"20210318 Cell_ 4 _ HDF30c03"
"489",2021-03-18,"20210318",4,"21318030","HDF30c03_Expanded.Maturated_Tyr_4Hz","Compound JLNS","Expanded.Maturated","4Hz","Yes","Tyr","Ediast (mV)",-75.8342249136926,"20210318 Cell_ 4 _ HDF30c03"
"490",2021-03-18,"20210318",4,"21318030","HDF30c03_Expanded.Maturated_Tyr_4Hz","Compound JLNS","Expanded.Maturated","4Hz","Yes","Tyr","APA (mV)",119.489007996452,"20210318 Cell_ 4 _ HDF30c03"
"491",2021-03-18,"20210318",4,"21318030","HDF30c03_Expanded.Maturated_Tyr_4Hz","Compound JLNS","Expanded.Maturated","4Hz","Yes","Tyr","dV/dt max y (V/s)",9.68933059446898,"20210318 Cell_ 4 _ HDF30c03"
"492",2021-03-18,"20210318",4,"21318030","HDF30c03_Expanded.Maturated_Tyr_4Hz","Compound JLNS","Expanded.Maturated","4Hz","Yes","Tyr","APD 90 (ms)",135.28,"20210318 Cell_ 4 _ HDF30c03"
"493",2021-03-18,"20210318",4,"21318031","HDF30c03_Expanded.Maturated_Tyr_5Hz","Compound JLNS","Expanded.Maturated","5Hz","Yes","Tyr","Ediast (mV)",-76.6644861047261,"20210318 Cell_ 4 _ HDF30c03"
"494",2021-03-18,"20210318",4,"21318031","HDF30c03_Expanded.Maturated_Tyr_5Hz","Compound JLNS","Expanded.Maturated","5Hz","Yes","Tyr","APA (mV)",120.902765253521,"20210318 Cell_ 4 _ HDF30c03"
"495",2021-03-18,"20210318",4,"21318031","HDF30c03_Expanded.Maturated_Tyr_5Hz","Compound JLNS","Expanded.Maturated","5Hz","Yes","Tyr","dV/dt max y (V/s)",18.4753409193433,"20210318 Cell_ 4 _ HDF30c03"
"496",2021-03-18,"20210318",4,"21318031","HDF30c03_Expanded.Maturated_Tyr_5Hz","Compound JLNS","Expanded.Maturated","5Hz","Yes","Tyr","APD 90 (ms)",133.16,"20210318 Cell_ 4 _ HDF30c03"
"497",2021-03-18,"20210318",13,"21318083","HDF30c03_Expanded.Maturated_Tyr_0.5Hz","Compound JLNS","Expanded.Maturated","0.5Hz","Yes","Tyr","Ediast (mV)",-58.5812960456627,"20210318 Cell_ 13 _ HDF30c03"
"498",2021-03-18,"20210318",13,"21318083","HDF30c03_Expanded.Maturated_Tyr_0.5Hz","Compound JLNS","Expanded.Maturated","0.5Hz","Yes","Tyr","APA (mV)",116.683710278134,"20210318 Cell_ 13 _ HDF30c03"
"499",2021-03-18,"20210318",13,"21318083","HDF30c03_Expanded.Maturated_Tyr_0.5Hz","Compound JLNS","Expanded.Maturated","0.5Hz","Yes","Tyr","dV/dt max y (V/s)",197.402944725427,"20210318 Cell_ 13 _ HDF30c03"
"500",2021-03-18,"20210318",13,"21318083","HDF30c03_Expanded.Maturated_Tyr_0.5Hz","Compound JLNS","Expanded.Maturated","0.5Hz","Yes","Tyr","APD 90 (ms)",289.48,"20210318 Cell_ 13 _ HDF30c03"
"501",2021-03-18,"20210318",13,"21318084","HDF30c03_Expanded.Maturated_Tyr_1Hz","Compound JLNS","Expanded.Maturated","1Hz","Yes","Tyr","Ediast (mV)",-62.9327973038213,"20210318 Cell_ 13 _ HDF30c03"
"502",2021-03-18,"20210318",13,"21318084","HDF30c03_Expanded.Maturated_Tyr_1Hz","Compound JLNS","Expanded.Maturated","1Hz","Yes","Tyr","APA (mV)",120.817926390363,"20210318 Cell_ 13 _ HDF30c03"
"503",2021-03-18,"20210318",13,"21318084","HDF30c03_Expanded.Maturated_Tyr_1Hz","Compound JLNS","Expanded.Maturated","1Hz","Yes","Tyr","dV/dt max y (V/s)",204.025258864006,"20210318 Cell_ 13 _ HDF30c03"
"504",2021-03-18,"20210318",13,"21318084","HDF30c03_Expanded.Maturated_Tyr_1Hz","Compound JLNS","Expanded.Maturated","1Hz","Yes","Tyr","APD 90 (ms)",269.32,"20210318 Cell_ 13 _ HDF30c03"
"505",2021-03-18,"20210318",13,"21318086","HDF30c03_Expanded.Maturated_Tyr_2Hz","Compound JLNS","Expanded.Maturated","2Hz","Yes","Tyr","Ediast (mV)",-66.4055754591857,"20210318 Cell_ 13 _ HDF30c03"
"506",2021-03-18,"20210318",13,"21318086","HDF30c03_Expanded.Maturated_Tyr_2Hz","Compound JLNS","Expanded.Maturated","2Hz","Yes","Tyr","APA (mV)",121.932306220245,"20210318 Cell_ 13 _ HDF30c03"
"507",2021-03-18,"20210318",13,"21318086","HDF30c03_Expanded.Maturated_Tyr_2Hz","Compound JLNS","Expanded.Maturated","2Hz","Yes","Tyr","dV/dt max y (V/s)",177.593985705364,"20210318 Cell_ 13 _ HDF30c03"
"508",2021-03-18,"20210318",13,"21318086","HDF30c03_Expanded.Maturated_Tyr_2Hz","Compound JLNS","Expanded.Maturated","2Hz","Yes","Tyr","APD 90 (ms)",234.08,"20210318 Cell_ 13 _ HDF30c03"
"509",2021-03-18,"20210318",13,"21318087","HDF30c03_Expanded.Maturated_Tyr_3.33Hz","Compound JLNS","Expanded.Maturated","3.33Hz","Yes","Tyr","Ediast (mV)",-64.1377533012764,"20210318 Cell_ 13 _ HDF30c03"
"510",2021-03-18,"20210318",13,"21318087","HDF30c03_Expanded.Maturated_Tyr_3.33Hz","Compound JLNS","Expanded.Maturated","3.33Hz","Yes","Tyr","APA (mV)",118.726984106865,"20210318 Cell_ 13 _ HDF30c03"
"511",2021-03-18,"20210318",13,"21318087","HDF30c03_Expanded.Maturated_Tyr_3.33Hz","Compound JLNS","Expanded.Maturated","3.33Hz","Yes","Tyr","dV/dt max y (V/s)",147.604363106356,"20210318 Cell_ 13 _ HDF30c03"
"512",2021-03-18,"20210318",13,"21318087","HDF30c03_Expanded.Maturated_Tyr_3.33Hz","Compound JLNS","Expanded.Maturated","3.33Hz","Yes","Tyr","APD 90 (ms)",189.16,"20210318 Cell_ 13 _ HDF30c03"
"513",2021-03-18,"20210318",13,"21318088","HDF30c03_Expanded.Maturated_Tyr_4Hz","Compound JLNS","Expanded.Maturated","4Hz","Yes","Tyr","Ediast (mV)",-62.1595429460176,"20210318 Cell_ 13 _ HDF30c03"
"514",2021-03-18,"20210318",13,"21318088","HDF30c03_Expanded.Maturated_Tyr_4Hz","Compound JLNS","Expanded.Maturated","4Hz","Yes","Tyr","APA (mV)",116.390497401436,"20210318 Cell_ 13 _ HDF30c03"
"515",2021-03-18,"20210318",13,"21318088","HDF30c03_Expanded.Maturated_Tyr_4Hz","Compound JLNS","Expanded.Maturated","4Hz","Yes","Tyr","dV/dt max y (V/s)",126.367181497881,"20210318 Cell_ 13 _ HDF30c03"
"516",2021-03-18,"20210318",13,"21318088","HDF30c03_Expanded.Maturated_Tyr_4Hz","Compound JLNS","Expanded.Maturated","4Hz","Yes","Tyr","APD 90 (ms)",162.36,"20210318 Cell_ 13 _ HDF30c03"
"517",2021-03-18,"20210318",13,"21318089","HDF30c03_Expanded.Maturated_Tyr_5Hz","Compound JLNS","Expanded.Maturated","5Hz","Yes","Tyr","Ediast (mV)",-58.8686495476392,"20210318 Cell_ 13 _ HDF30c03"
"518",2021-03-18,"20210318",13,"21318089","HDF30c03_Expanded.Maturated_Tyr_5Hz","Compound JLNS","Expanded.Maturated","5Hz","Yes","Tyr","APA (mV)",111.442499589578,"20210318 Cell_ 13 _ HDF30c03"
"519",2021-03-18,"20210318",13,"21318089","HDF30c03_Expanded.Maturated_Tyr_5Hz","Compound JLNS","Expanded.Maturated","5Hz","Yes","Tyr","dV/dt max y (V/s)",110.397333623596,"20210318 Cell_ 13 _ HDF30c03"
"520",2021-03-18,"20210318",13,"21318089","HDF30c03_Expanded.Maturated_Tyr_5Hz","Compound JLNS","Expanded.Maturated","5Hz","Yes","Tyr","APD 90 (ms)",135.4,"20210318 Cell_ 13 _ HDF30c03"
"521",2021-03-18,"20210318",15,"21318096","HDF30c03_Expanded.Maturated_Tyr_0.5Hz","Compound JLNS","Expanded.Maturated","0.5Hz","Yes","Tyr","Ediast (mV)",-62.5764130434049,"20210318 Cell_ 15 _ HDF30c03"
"522",2021-03-18,"20210318",15,"21318096","HDF30c03_Expanded.Maturated_Tyr_0.5Hz","Compound JLNS","Expanded.Maturated","0.5Hz","Yes","Tyr","APA (mV)",113.873407677241,"20210318 Cell_ 15 _ HDF30c03"
"523",2021-03-18,"20210318",15,"21318096","HDF30c03_Expanded.Maturated_Tyr_0.5Hz","Compound JLNS","Expanded.Maturated","0.5Hz","Yes","Tyr","dV/dt max y (V/s)",86.7675740037607,"20210318 Cell_ 15 _ HDF30c03"
"524",2021-03-18,"20210318",15,"21318096","HDF30c03_Expanded.Maturated_Tyr_0.5Hz","Compound JLNS","Expanded.Maturated","0.5Hz","Yes","Tyr","APD 90 (ms)",184.4,"20210318 Cell_ 15 _ HDF30c03"
"525",2021-03-18,"20210318",15,"21318097","HDF30c03_Expanded.Maturated_Tyr_1Hz","Compound JLNS","Expanded.Maturated","1Hz","Yes","Tyr","Ediast (mV)",-67.7693449256601,"20210318 Cell_ 15 _ HDF30c03"
"526",2021-03-18,"20210318",15,"21318097","HDF30c03_Expanded.Maturated_Tyr_1Hz","Compound JLNS","Expanded.Maturated","1Hz","Yes","Tyr","APA (mV)",119.220148145941,"20210318 Cell_ 15 _ HDF30c03"
"527",2021-03-18,"20210318",15,"21318097","HDF30c03_Expanded.Maturated_Tyr_1Hz","Compound JLNS","Expanded.Maturated","1Hz","Yes","Tyr","dV/dt max y (V/s)",111.773676331661,"20210318 Cell_ 15 _ HDF30c03"
"528",2021-03-18,"20210318",15,"21318097","HDF30c03_Expanded.Maturated_Tyr_1Hz","Compound JLNS","Expanded.Maturated","1Hz","Yes","Tyr","APD 90 (ms)",182.96,"20210318 Cell_ 15 _ HDF30c03"
"529",2021-03-18,"20210318",15,"21318098","HDF30c03_Expanded.Maturated_Tyr_2Hz","Compound JLNS","Expanded.Maturated","2Hz","Yes","Tyr","Ediast (mV)",-71.2144741565565,"20210318 Cell_ 15 _ HDF30c03"
"530",2021-03-18,"20210318",15,"21318098","HDF30c03_Expanded.Maturated_Tyr_2Hz","Compound JLNS","Expanded.Maturated","2Hz","Yes","Tyr","APA (mV)",122.520624063395,"20210318 Cell_ 15 _ HDF30c03"
"531",2021-03-18,"20210318",15,"21318098","HDF30c03_Expanded.Maturated_Tyr_2Hz","Compound JLNS","Expanded.Maturated","2Hz","Yes","Tyr","dV/dt max y (V/s)",107.208246861007,"20210318 Cell_ 15 _ HDF30c03"
"532",2021-03-18,"20210318",15,"21318098","HDF30c03_Expanded.Maturated_Tyr_2Hz","Compound JLNS","Expanded.Maturated","2Hz","Yes","Tyr","APD 90 (ms)",172.4,"20210318 Cell_ 15 _ HDF30c03"
"533",2021-03-18,"20210318",15,"21318099","HDF30c03_Expanded.Maturated_Tyr_3.33Hz","Compound JLNS","Expanded.Maturated","3.33Hz","Yes","Tyr","Ediast (mV)",-71.7229580191235,"20210318 Cell_ 15 _ HDF30c03"
"534",2021-03-18,"20210318",15,"21318099","HDF30c03_Expanded.Maturated_Tyr_3.33Hz","Compound JLNS","Expanded.Maturated","3.33Hz","Yes","Tyr","APA (mV)",119.755792651749,"20210318 Cell_ 15 _ HDF30c03"
"535",2021-03-18,"20210318",15,"21318099","HDF30c03_Expanded.Maturated_Tyr_3.33Hz","Compound JLNS","Expanded.Maturated","3.33Hz","Yes","Tyr","dV/dt max y (V/s)",84.3017538083817,"20210318 Cell_ 15 _ HDF30c03"
"536",2021-03-18,"20210318",15,"21318099","HDF30c03_Expanded.Maturated_Tyr_3.33Hz","Compound JLNS","Expanded.Maturated","3.33Hz","Yes","Tyr","APD 90 (ms)",150.4,"20210318 Cell_ 15 _ HDF30c03"
"537",2021-03-18,"20210318",15,"21318100","HDF30c03_Expanded.Maturated_Tyr_4Hz","Compound JLNS","Expanded.Maturated","4Hz","Yes","Tyr","Ediast (mV)",-72.1300624919746,"20210318 Cell_ 15 _ HDF30c03"
"538",2021-03-18,"20210318",15,"21318100","HDF30c03_Expanded.Maturated_Tyr_4Hz","Compound JLNS","Expanded.Maturated","4Hz","Yes","Tyr","APA (mV)",116.795587714226,"20210318 Cell_ 15 _ HDF30c03"
"539",2021-03-18,"20210318",15,"21318100","HDF30c03_Expanded.Maturated_Tyr_4Hz","Compound JLNS","Expanded.Maturated","4Hz","Yes","Tyr","dV/dt max y (V/s)",60.0677461703728,"20210318 Cell_ 15 _ HDF30c03"
"540",2021-03-18,"20210318",15,"21318100","HDF30c03_Expanded.Maturated_Tyr_4Hz","Compound JLNS","Expanded.Maturated","4Hz","Yes","Tyr","APD 90 (ms)",135.52,"20210318 Cell_ 15 _ HDF30c03"
"541",2021-03-18,"20210318",15,"21318101","HDF30c03_Expanded.Maturated_Tyr_5Hz","Compound JLNS","Expanded.Maturated","5Hz","Yes","Tyr","Ediast (mV)",-70.3967862071133,"20210318 Cell_ 15 _ HDF30c03"
"542",2021-03-18,"20210318",15,"21318101","HDF30c03_Expanded.Maturated_Tyr_5Hz","Compound JLNS","Expanded.Maturated","5Hz","Yes","Tyr","APA (mV)",112.490900418688,"20210318 Cell_ 15 _ HDF30c03"
"543",2021-03-18,"20210318",15,"21318101","HDF30c03_Expanded.Maturated_Tyr_5Hz","Compound JLNS","Expanded.Maturated","5Hz","Yes","Tyr","dV/dt max y (V/s)",69.8547330102035,"20210318 Cell_ 15 _ HDF30c03"
"544",2021-03-18,"20210318",15,"21318101","HDF30c03_Expanded.Maturated_Tyr_5Hz","Compound JLNS","Expanded.Maturated","5Hz","Yes","Tyr","APD 90 (ms)",122.8,"20210318 Cell_ 15 _ HDF30c03"
"545",2021-03-18,"20210318",16,"21318104","HDF30c03_Expanded.Maturated_Tyr_0.5Hz","Compound JLNS","Expanded.Maturated","0.5Hz","Yes","Tyr","Ediast (mV)",-57.3480197370527,"20210318 Cell_ 16 _ HDF30c03"
"546",2021-03-18,"20210318",16,"21318104","HDF30c03_Expanded.Maturated_Tyr_0.5Hz","Compound JLNS","Expanded.Maturated","0.5Hz","Yes","Tyr","APA (mV)",108.634028043286,"20210318 Cell_ 16 _ HDF30c03"
"547",2021-03-18,"20210318",16,"21318104","HDF30c03_Expanded.Maturated_Tyr_0.5Hz","Compound JLNS","Expanded.Maturated","0.5Hz","Yes","Tyr","dV/dt max y (V/s)",101.187128982932,"20210318 Cell_ 16 _ HDF30c03"
"548",2021-03-18,"20210318",16,"21318104","HDF30c03_Expanded.Maturated_Tyr_0.5Hz","Compound JLNS","Expanded.Maturated","0.5Hz","Yes","Tyr","APD 90 (ms)",194.88,"20210318 Cell_ 16 _ HDF30c03"
"549",2021-03-18,"20210318",16,"21318105","HDF30c03_Expanded.Maturated_Tyr_1Hz","Compound JLNS","Expanded.Maturated","1Hz","Yes","Tyr","Ediast (mV)",-61.6312226586115,"20210318 Cell_ 16 _ HDF30c03"
"550",2021-03-18,"20210318",16,"21318105","HDF30c03_Expanded.Maturated_Tyr_1Hz","Compound JLNS","Expanded.Maturated","1Hz","Yes","Tyr","APA (mV)",112.721918474121,"20210318 Cell_ 16 _ HDF30c03"
"551",2021-03-18,"20210318",16,"21318105","HDF30c03_Expanded.Maturated_Tyr_1Hz","Compound JLNS","Expanded.Maturated","1Hz","Yes","Tyr","dV/dt max y (V/s)",129.800408873874,"20210318 Cell_ 16 _ HDF30c03"
"552",2021-03-18,"20210318",16,"21318105","HDF30c03_Expanded.Maturated_Tyr_1Hz","Compound JLNS","Expanded.Maturated","1Hz","Yes","Tyr","APD 90 (ms)",177.52,"20210318 Cell_ 16 _ HDF30c03"
"553",2021-03-18,"20210318",16,"21318106","HDF30c03_Expanded.Maturated_Tyr_2Hz","Compound JLNS","Expanded.Maturated","2Hz","Yes","Tyr","Ediast (mV)",-64.9581878326204,"20210318 Cell_ 16 _ HDF30c03"
"554",2021-03-18,"20210318",16,"21318106","HDF30c03_Expanded.Maturated_Tyr_2Hz","Compound JLNS","Expanded.Maturated","2Hz","Yes","Tyr","APA (mV)",113.372492173689,"20210318 Cell_ 16 _ HDF30c03"
"555",2021-03-18,"20210318",16,"21318106","HDF30c03_Expanded.Maturated_Tyr_2Hz","Compound JLNS","Expanded.Maturated","2Hz","Yes","Tyr","dV/dt max y (V/s)",144.271843733393,"20210318 Cell_ 16 _ HDF30c03"
"556",2021-03-18,"20210318",16,"21318106","HDF30c03_Expanded.Maturated_Tyr_2Hz","Compound JLNS","Expanded.Maturated","2Hz","Yes","Tyr","APD 90 (ms)",155.2,"20210318 Cell_ 16 _ HDF30c03"
"557",2021-03-18,"20210318",16,"21318107","HDF30c03_Expanded.Maturated_Tyr_3.33Hz","Compound JLNS","Expanded.Maturated","3.33Hz","Yes","Tyr","Ediast (mV)",-65.7669646496743,"20210318 Cell_ 16 _ HDF30c03"
"558",2021-03-18,"20210318",16,"21318107","HDF30c03_Expanded.Maturated_Tyr_3.33Hz","Compound JLNS","Expanded.Maturated","3.33Hz","Yes","Tyr","APA (mV)",110.16027308798,"20210318 Cell_ 16 _ HDF30c03"
"559",2021-03-18,"20210318",16,"21318107","HDF30c03_Expanded.Maturated_Tyr_3.33Hz","Compound JLNS","Expanded.Maturated","3.33Hz","Yes","Tyr","dV/dt max y (V/s)",110.867304304398,"20210318 Cell_ 16 _ HDF30c03"
"560",2021-03-18,"20210318",16,"21318107","HDF30c03_Expanded.Maturated_Tyr_3.33Hz","Compound JLNS","Expanded.Maturated","3.33Hz","Yes","Tyr","APD 90 (ms)",136.68,"20210318 Cell_ 16 _ HDF30c03"
"561",2021-03-18,"20210318",17,"21318111","HDF30c03_Expanded.Maturated_Tyr_0.5Hz","Compound JLNS","Expanded.Maturated","0.5Hz","Yes","Tyr","Ediast (mV)",-63.225766039906,"20210318 Cell_ 17 _ HDF30c03"
"562",2021-03-18,"20210318",17,"21318111","HDF30c03_Expanded.Maturated_Tyr_0.5Hz","Compound JLNS","Expanded.Maturated","0.5Hz","Yes","Tyr","APA (mV)",119.511774108652,"20210318 Cell_ 17 _ HDF30c03"
"563",2021-03-18,"20210318",17,"21318111","HDF30c03_Expanded.Maturated_Tyr_0.5Hz","Compound JLNS","Expanded.Maturated","0.5Hz","Yes","Tyr","dV/dt max y (V/s)",172.338859001841,"20210318 Cell_ 17 _ HDF30c03"
"564",2021-03-18,"20210318",17,"21318111","HDF30c03_Expanded.Maturated_Tyr_0.5Hz","Compound JLNS","Expanded.Maturated","0.5Hz","Yes","Tyr","APD 90 (ms)",239.08,"20210318 Cell_ 17 _ HDF30c03"
"565",2021-03-18,"20210318",17,"21318112","HDF30c03_Expanded.Maturated_Tyr_1Hz","Compound JLNS","Expanded.Maturated","1Hz","Yes","Tyr","Ediast (mV)",-69.8956265629484,"20210318 Cell_ 17 _ HDF30c03"
"566",2021-03-18,"20210318",17,"21318112","HDF30c03_Expanded.Maturated_Tyr_1Hz","Compound JLNS","Expanded.Maturated","1Hz","Yes","Tyr","APA (mV)",123.428949215565,"20210318 Cell_ 17 _ HDF30c03"
"567",2021-03-18,"20210318",17,"21318112","HDF30c03_Expanded.Maturated_Tyr_1Hz","Compound JLNS","Expanded.Maturated","1Hz","Yes","Tyr","dV/dt max y (V/s)",161.6973800151,"20210318 Cell_ 17 _ HDF30c03"
"568",2021-03-18,"20210318",17,"21318112","HDF30c03_Expanded.Maturated_Tyr_1Hz","Compound JLNS","Expanded.Maturated","1Hz","Yes","Tyr","APD 90 (ms)",229.08,"20210318 Cell_ 17 _ HDF30c03"
"569",2021-03-18,"20210318",17,"21318113","HDF30c03_Expanded.Maturated_Tyr_2Hz","Compound JLNS","Expanded.Maturated","2Hz","Yes","Tyr","Ediast (mV)",-74.1162074171691,"20210318 Cell_ 17 _ HDF30c03"
"570",2021-03-18,"20210318",17,"21318113","HDF30c03_Expanded.Maturated_Tyr_2Hz","Compound JLNS","Expanded.Maturated","2Hz","Yes","Tyr","APA (mV)",127.612908977775,"20210318 Cell_ 17 _ HDF30c03"
"571",2021-03-18,"20210318",17,"21318113","HDF30c03_Expanded.Maturated_Tyr_2Hz","Compound JLNS","Expanded.Maturated","2Hz","Yes","Tyr","dV/dt max y (V/s)",180.062857658412,"20210318 Cell_ 17 _ HDF30c03"
"572",2021-03-18,"20210318",17,"21318113","HDF30c03_Expanded.Maturated_Tyr_2Hz","Compound JLNS","Expanded.Maturated","2Hz","Yes","Tyr","APD 90 (ms)",221.44,"20210318 Cell_ 17 _ HDF30c03"
"573",2021-03-18,"20210318",17,"21318114","HDF30c03_Expanded.Maturated_Tyr_3.33Hz","Compound JLNS","Expanded.Maturated","3.33Hz","Yes","Tyr","Ediast (mV)",-73.2048305073321,"20210318 Cell_ 17 _ HDF30c03"
"574",2021-03-18,"20210318",17,"21318114","HDF30c03_Expanded.Maturated_Tyr_3.33Hz","Compound JLNS","Expanded.Maturated","3.33Hz","Yes","Tyr","APA (mV)",123.561883779563,"20210318 Cell_ 17 _ HDF30c03"
"575",2021-03-18,"20210318",17,"21318114","HDF30c03_Expanded.Maturated_Tyr_3.33Hz","Compound JLNS","Expanded.Maturated","3.33Hz","Yes","Tyr","dV/dt max y (V/s)",162.164298938235,"20210318 Cell_ 17 _ HDF30c03"
"576",2021-03-18,"20210318",17,"21318114","HDF30c03_Expanded.Maturated_Tyr_3.33Hz","Compound JLNS","Expanded.Maturated","3.33Hz","Yes","Tyr","APD 90 (ms)",182.96,"20210318 Cell_ 17 _ HDF30c03"
"577",2021-03-18,"20210318",17,"21318115","HDF30c03_Expanded.Maturated_Tyr_4Hz","Compound JLNS","Expanded.Maturated","4Hz","Yes","Tyr","Ediast (mV)",-73.7842982532464,"20210318 Cell_ 17 _ HDF30c03"
"578",2021-03-18,"20210318",17,"21318115","HDF30c03_Expanded.Maturated_Tyr_4Hz","Compound JLNS","Expanded.Maturated","4Hz","Yes","Tyr","APA (mV)",122.277337942138,"20210318 Cell_ 17 _ HDF30c03"
"579",2021-03-18,"20210318",17,"21318115","HDF30c03_Expanded.Maturated_Tyr_4Hz","Compound JLNS","Expanded.Maturated","4Hz","Yes","Tyr","dV/dt max y (V/s)",160.092155481969,"20210318 Cell_ 17 _ HDF30c03"
"580",2021-03-18,"20210318",17,"21318115","HDF30c03_Expanded.Maturated_Tyr_4Hz","Compound JLNS","Expanded.Maturated","4Hz","Yes","Tyr","APD 90 (ms)",158.84,"20210318 Cell_ 17 _ HDF30c03"
"581",2021-03-24,"20210324",1,"21324001","HDF30c03_Expanded.Maturated_Tyr_0.5Hz","Compound JLNS","Expanded.Maturated","0.5Hz","Yes","Tyr","Ediast (mV)",-62.7103241698569,"20210324 Cell_ 1 _ HDF30c03"
"582",2021-03-24,"20210324",1,"21324001","HDF30c03_Expanded.Maturated_Tyr_0.5Hz","Compound JLNS","Expanded.Maturated","0.5Hz","Yes","Tyr","APA (mV)",117.005975887827,"20210324 Cell_ 1 _ HDF30c03"
"583",2021-03-24,"20210324",1,"21324001","HDF30c03_Expanded.Maturated_Tyr_0.5Hz","Compound JLNS","Expanded.Maturated","0.5Hz","Yes","Tyr","dV/dt max y (V/s)",166.046134691358,"20210324 Cell_ 1 _ HDF30c03"
"584",2021-03-24,"20210324",1,"21324001","HDF30c03_Expanded.Maturated_Tyr_0.5Hz","Compound JLNS","Expanded.Maturated","0.5Hz","Yes","Tyr","APD 90 (ms)",200.6,"20210324 Cell_ 1 _ HDF30c03"
"585",2021-03-24,"20210324",1,"21324002","HDF30c03_Expanded.Maturated_Tyr_1Hz","Compound JLNS","Expanded.Maturated","1Hz","Yes","Tyr","Ediast (mV)",-67.6408659278563,"20210324 Cell_ 1 _ HDF30c03"
"586",2021-03-24,"20210324",1,"21324002","HDF30c03_Expanded.Maturated_Tyr_1Hz","Compound JLNS","Expanded.Maturated","1Hz","Yes","Tyr","APA (mV)",121.377435641131,"20210324 Cell_ 1 _ HDF30c03"
"587",2021-03-24,"20210324",1,"21324002","HDF30c03_Expanded.Maturated_Tyr_1Hz","Compound JLNS","Expanded.Maturated","1Hz","Yes","Tyr","dV/dt max y (V/s)",188.989248835993,"20210324 Cell_ 1 _ HDF30c03"
"588",2021-03-24,"20210324",1,"21324002","HDF30c03_Expanded.Maturated_Tyr_1Hz","Compound JLNS","Expanded.Maturated","1Hz","Yes","Tyr","APD 90 (ms)",183,"20210324 Cell_ 1 _ HDF30c03"
"589",2021-03-24,"20210324",1,"21324004","HDF30c03_Expanded.Maturated_Tyr_2Hz","Compound JLNS","Expanded.Maturated","2Hz","Yes","Tyr","Ediast (mV)",-71.4663051992826,"20210324 Cell_ 1 _ HDF30c03"
"590",2021-03-24,"20210324",1,"21324004","HDF30c03_Expanded.Maturated_Tyr_2Hz","Compound JLNS","Expanded.Maturated","2Hz","Yes","Tyr","APA (mV)",126.31615610968,"20210324 Cell_ 1 _ HDF30c03"
"591",2021-03-24,"20210324",1,"21324004","HDF30c03_Expanded.Maturated_Tyr_2Hz","Compound JLNS","Expanded.Maturated","2Hz","Yes","Tyr","dV/dt max y (V/s)",183.099356537623,"20210324 Cell_ 1 _ HDF30c03"
"592",2021-03-24,"20210324",1,"21324004","HDF30c03_Expanded.Maturated_Tyr_2Hz","Compound JLNS","Expanded.Maturated","2Hz","Yes","Tyr","APD 90 (ms)",176.84,"20210324 Cell_ 1 _ HDF30c03"
"593",2021-03-24,"20210324",1,"21324006","HDF30c03_Expanded.Maturated_Tyr_3.33Hz","Compound JLNS","Expanded.Maturated","3.33Hz","Yes","Tyr","Ediast (mV)",-74.0585291972524,"20210324 Cell_ 1 _ HDF30c03"
"594",2021-03-24,"20210324",1,"21324006","HDF30c03_Expanded.Maturated_Tyr_3.33Hz","Compound JLNS","Expanded.Maturated","3.33Hz","Yes","Tyr","APA (mV)",127.308038386786,"20210324 Cell_ 1 _ HDF30c03"
"595",2021-03-24,"20210324",1,"21324006","HDF30c03_Expanded.Maturated_Tyr_3.33Hz","Compound JLNS","Expanded.Maturated","3.33Hz","Yes","Tyr","dV/dt max y (V/s)",159.954826386929,"20210324 Cell_ 1 _ HDF30c03"
"596",2021-03-24,"20210324",1,"21324006","HDF30c03_Expanded.Maturated_Tyr_3.33Hz","Compound JLNS","Expanded.Maturated","3.33Hz","Yes","Tyr","APD 90 (ms)",171.08,"20210324 Cell_ 1 _ HDF30c03"
"597",2021-03-24,"20210324",1,"21324007","HDF30c03_Expanded.Maturated_Tyr_4Hz","Compound JLNS","Expanded.Maturated","4Hz","Yes","Tyr","Ediast (mV)",-72.9163783725954,"20210324 Cell_ 1 _ HDF30c03"
"598",2021-03-24,"20210324",1,"21324007","HDF30c03_Expanded.Maturated_Tyr_4Hz","Compound JLNS","Expanded.Maturated","4Hz","Yes","Tyr","APA (mV)",125.177118077843,"20210324 Cell_ 1 _ HDF30c03"
"599",2021-03-24,"20210324",1,"21324007","HDF30c03_Expanded.Maturated_Tyr_4Hz","Compound JLNS","Expanded.Maturated","4Hz","Yes","Tyr","dV/dt max y (V/s)",143.569939469856,"20210324 Cell_ 1 _ HDF30c03"
"600",2021-03-24,"20210324",1,"21324007","HDF30c03_Expanded.Maturated_Tyr_4Hz","Compound JLNS","Expanded.Maturated","4Hz","Yes","Tyr","APD 90 (ms)",162.6,"20210324 Cell_ 1 _ HDF30c03"
"601",2021-03-24,"20210324",1,"21324008","HDF30c03_Expanded.Maturated_Tyr_5Hz","Compound JLNS","Expanded.Maturated","5Hz","Yes","Tyr","Ediast (mV)",-70.1604580933383,"20210324 Cell_ 1 _ HDF30c03"
"602",2021-03-24,"20210324",1,"21324008","HDF30c03_Expanded.Maturated_Tyr_5Hz","Compound JLNS","Expanded.Maturated","5Hz","Yes","Tyr","APA (mV)",119.334039742093,"20210324 Cell_ 1 _ HDF30c03"
"603",2021-03-24,"20210324",1,"21324008","HDF30c03_Expanded.Maturated_Tyr_5Hz","Compound JLNS","Expanded.Maturated","5Hz","Yes","Tyr","dV/dt max y (V/s)",121.97265045661,"20210324 Cell_ 1 _ HDF30c03"
"604",2021-03-24,"20210324",1,"21324008","HDF30c03_Expanded.Maturated_Tyr_5Hz","Compound JLNS","Expanded.Maturated","5Hz","Yes","Tyr","APD 90 (ms)",140.44,"20210324 Cell_ 1 _ HDF30c03"
"605",2021-03-24,"20210324",7,"21324034","HDF30c03_Expanded.Maturated_Tyr_0.5Hz","Compound JLNS","Expanded.Maturated","0.5Hz","Yes","Tyr","Ediast (mV)",-69.7442593826379,"20210324 Cell_ 7 _ HDF30c03"
"606",2021-03-24,"20210324",7,"21324034","HDF30c03_Expanded.Maturated_Tyr_0.5Hz","Compound JLNS","Expanded.Maturated","0.5Hz","Yes","Tyr","APA (mV)",116.289056976566,"20210324 Cell_ 7 _ HDF30c03"
"607",2021-03-24,"20210324",7,"21324034","HDF30c03_Expanded.Maturated_Tyr_0.5Hz","Compound JLNS","Expanded.Maturated","0.5Hz","Yes","Tyr","dV/dt max y (V/s)",51.2176489344786,"20210324 Cell_ 7 _ HDF30c03"
"608",2021-03-24,"20210324",7,"21324034","HDF30c03_Expanded.Maturated_Tyr_0.5Hz","Compound JLNS","Expanded.Maturated","0.5Hz","Yes","Tyr","APD 90 (ms)",639.8,"20210324 Cell_ 7 _ HDF30c03"
"609",2021-03-24,"20210324",7,"21324036","HDF30c03_Expanded.Maturated_Tyr_1Hz","Compound JLNS","Expanded.Maturated","1Hz","Yes","Tyr","Ediast (mV)",-72.6645473298692,"20210324 Cell_ 7 _ HDF30c03"
"610",2021-03-24,"20210324",7,"21324036","HDF30c03_Expanded.Maturated_Tyr_1Hz","Compound JLNS","Expanded.Maturated","1Hz","Yes","Tyr","APA (mV)",119.588373226107,"20210324 Cell_ 7 _ HDF30c03"
"611",2021-03-24,"20210324",7,"21324036","HDF30c03_Expanded.Maturated_Tyr_1Hz","Compound JLNS","Expanded.Maturated","1Hz","Yes","Tyr","dV/dt max y (V/s)",58.1939669624976,"20210324 Cell_ 7 _ HDF30c03"
"612",2021-03-24,"20210324",7,"21324036","HDF30c03_Expanded.Maturated_Tyr_1Hz","Compound JLNS","Expanded.Maturated","1Hz","Yes","Tyr","APD 90 (ms)",492.76,"20210324 Cell_ 7 _ HDF30c03"
"613",2021-03-24,"20210324",7,"21324039","HDF30c03_Expanded.Maturated_Tyr_2Hz","Compound JLNS","Expanded.Maturated","2Hz","Yes","Tyr","Ediast (mV)",-74.6118128623791,"20210324 Cell_ 7 _ HDF30c03"
"614",2021-03-24,"20210324",7,"21324039","HDF30c03_Expanded.Maturated_Tyr_2Hz","Compound JLNS","Expanded.Maturated","2Hz","Yes","Tyr","APA (mV)",120.448602677436,"20210324 Cell_ 7 _ HDF30c03"
"615",2021-03-24,"20210324",7,"21324039","HDF30c03_Expanded.Maturated_Tyr_2Hz","Compound JLNS","Expanded.Maturated","2Hz","Yes","Tyr","dV/dt max y (V/s)",30.0720200560308,"20210324 Cell_ 7 _ HDF30c03"
"616",2021-03-24,"20210324",7,"21324039","HDF30c03_Expanded.Maturated_Tyr_2Hz","Compound JLNS","Expanded.Maturated","2Hz","Yes","Tyr","APD 90 (ms)",303.88,"20210324 Cell_ 7 _ HDF30c03"
"617",2021-03-24,"20210324",7,"21324041","HDF30c03_Expanded.Maturated_Tyr_3.33Hz","Compound JLNS","Expanded.Maturated","3.33Hz","Yes","Tyr","Ediast (mV)",-73.3164638028111,"20210324 Cell_ 7 _ HDF30c03"
"618",2021-03-24,"20210324",7,"21324041","HDF30c03_Expanded.Maturated_Tyr_3.33Hz","Compound JLNS","Expanded.Maturated","3.33Hz","Yes","Tyr","APA (mV)",115.682184446797,"20210324 Cell_ 7 _ HDF30c03"
"619",2021-03-24,"20210324",7,"21324041","HDF30c03_Expanded.Maturated_Tyr_3.33Hz","Compound JLNS","Expanded.Maturated","3.33Hz","Yes","Tyr","dV/dt max y (V/s)",20.6878652283167,"20210324 Cell_ 7 _ HDF30c03"
"620",2021-03-24,"20210324",7,"21324041","HDF30c03_Expanded.Maturated_Tyr_3.33Hz","Compound JLNS","Expanded.Maturated","3.33Hz","Yes","Tyr","APD 90 (ms)",216.28,"20210324 Cell_ 7 _ HDF30c03"
"621",2021-03-24,"20210324",7,"21324042","HDF30c03_Expanded.Maturated_Tyr_4Hz","Compound JLNS","Expanded.Maturated","4Hz","Yes","Tyr","Ediast (mV)",-71.689999036314,"20210324 Cell_ 7 _ HDF30c03"
"622",2021-03-24,"20210324",7,"21324042","HDF30c03_Expanded.Maturated_Tyr_4Hz","Compound JLNS","Expanded.Maturated","4Hz","Yes","Tyr","APA (mV)",112.675104511501,"20210324 Cell_ 7 _ HDF30c03"
"623",2021-03-24,"20210324",7,"21324042","HDF30c03_Expanded.Maturated_Tyr_4Hz","Compound JLNS","Expanded.Maturated","4Hz","Yes","Tyr","dV/dt max y (V/s)",13.4582513138923,"20210324 Cell_ 7 _ HDF30c03"
"624",2021-03-24,"20210324",7,"21324042","HDF30c03_Expanded.Maturated_Tyr_4Hz","Compound JLNS","Expanded.Maturated","4Hz","Yes","Tyr","APD 90 (ms)",187.96,"20210324 Cell_ 7 _ HDF30c03"
"625",2021-03-24,"20210324",7,"21324043","HDF30c03_Expanded.Maturated_Tyr_5Hz","Compound JLNS","Expanded.Maturated","5Hz","Yes","Tyr","Ediast (mV)",-65.764828419307,"20210324 Cell_ 7 _ HDF30c03"
"626",2021-03-24,"20210324",7,"21324043","HDF30c03_Expanded.Maturated_Tyr_5Hz","Compound JLNS","Expanded.Maturated","5Hz","Yes","Tyr","APA (mV)",104.089411559924,"20210324 Cell_ 7 _ HDF30c03"
"627",2021-03-24,"20210324",7,"21324043","HDF30c03_Expanded.Maturated_Tyr_5Hz","Compound JLNS","Expanded.Maturated","5Hz","Yes","Tyr","dV/dt max y (V/s)",9.3688960393763,"20210324 Cell_ 7 _ HDF30c03"
"628",2021-03-24,"20210324",7,"21324043","HDF30c03_Expanded.Maturated_Tyr_5Hz","Compound JLNS","Expanded.Maturated","5Hz","Yes","Tyr","APD 90 (ms)",154.24,"20210324 Cell_ 7 _ HDF30c03"
"629",2021-03-24,"20210324",8,"21324049","HDF30c03_Expanded.Maturated_Tyr_1Hz","Compound JLNS","Expanded.Maturated","1Hz","Yes","Tyr","Ediast (mV)",-69.1491056023125,"20210324 Cell_ 8 _ HDF30c03"
"630",2021-03-24,"20210324",8,"21324049","HDF30c03_Expanded.Maturated_Tyr_1Hz","Compound JLNS","Expanded.Maturated","1Hz","Yes","Tyr","APA (mV)",116.966486143609,"20210324 Cell_ 8 _ HDF30c03"
"631",2021-03-24,"20210324",8,"21324049","HDF30c03_Expanded.Maturated_Tyr_1Hz","Compound JLNS","Expanded.Maturated","1Hz","Yes","Tyr","dV/dt max y (V/s)",136.245721067738,"20210324 Cell_ 8 _ HDF30c03"
"632",2021-03-24,"20210324",8,"21324049","HDF30c03_Expanded.Maturated_Tyr_1Hz","Compound JLNS","Expanded.Maturated","1Hz","Yes","Tyr","APD 90 (ms)",282.48,"20210324 Cell_ 8 _ HDF30c03"
"633",2021-03-26,"20210326",1,"21326001","HDF29c7_Expanded.Maturated_Tyr_0.5Hz","LQT1_R190W","Expanded.Maturated","0.5Hz","Yes","Tyr","Ediast (mV)",-47.1165138753669,"20210326 Cell_ 1 _ HDF29c7"
"634",2021-03-26,"20210326",1,"21326001","HDF29c7_Expanded.Maturated_Tyr_0.5Hz","LQT1_R190W","Expanded.Maturated","0.5Hz","Yes","Tyr","APA (mV)",107.770197517909,"20210326 Cell_ 1 _ HDF29c7"
"635",2021-03-26,"20210326",1,"21326001","HDF29c7_Expanded.Maturated_Tyr_0.5Hz","LQT1_R190W","Expanded.Maturated","0.5Hz","Yes","Tyr","dV/dt max y (V/s)",178.439322579276,"20210326 Cell_ 1 _ HDF29c7"
"636",2021-03-26,"20210326",1,"21326001","HDF29c7_Expanded.Maturated_Tyr_0.5Hz","LQT1_R190W","Expanded.Maturated","0.5Hz","Yes","Tyr","APD 90 (ms)",168.76,"20210326 Cell_ 1 _ HDF29c7"
"637",2021-03-26,"20210326",1,"21326002","HDF29c7_Expanded.Maturated_Tyr_1Hz","LQT1_R190W","Expanded.Maturated","1Hz","Yes","Tyr","Ediast (mV)",-50.7412695625753,"20210326 Cell_ 1 _ HDF29c7"
"638",2021-03-26,"20210326",1,"21326002","HDF29c7_Expanded.Maturated_Tyr_1Hz","LQT1_R190W","Expanded.Maturated","1Hz","Yes","Tyr","APA (mV)",110.685114371645,"20210326 Cell_ 1 _ HDF29c7"
"639",2021-03-26,"20210326",1,"21326002","HDF29c7_Expanded.Maturated_Tyr_1Hz","LQT1_R190W","Expanded.Maturated","1Hz","Yes","Tyr","dV/dt max y (V/s)",199.682607703086,"20210326 Cell_ 1 _ HDF29c7"
"640",2021-03-26,"20210326",1,"21326002","HDF29c7_Expanded.Maturated_Tyr_1Hz","LQT1_R190W","Expanded.Maturated","1Hz","Yes","Tyr","APD 90 (ms)",176.28,"20210326 Cell_ 1 _ HDF29c7"
"641",2021-03-26,"20210326",3,"21326008","HDF29c7_Expanded.Maturated_Tyr_0.5Hz","LQT1_R190W","Expanded.Maturated","0.5Hz","Yes","Tyr","Ediast (mV)",-59.365780871683,"20210326 Cell_ 3 _ HDF29c7"
"642",2021-03-26,"20210326",3,"21326008","HDF29c7_Expanded.Maturated_Tyr_0.5Hz","LQT1_R190W","Expanded.Maturated","0.5Hz","Yes","Tyr","APA (mV)",130.324639806006,"20210326 Cell_ 3 _ HDF29c7"
"643",2021-03-26,"20210326",3,"21326008","HDF29c7_Expanded.Maturated_Tyr_0.5Hz","LQT1_R190W","Expanded.Maturated","0.5Hz","Yes","Tyr","dV/dt max y (V/s)",227.239979441057,"20210326 Cell_ 3 _ HDF29c7"
"644",2021-03-26,"20210326",3,"21326008","HDF29c7_Expanded.Maturated_Tyr_0.5Hz","LQT1_R190W","Expanded.Maturated","0.5Hz","Yes","Tyr","APD 90 (ms)",265.32,"20210326 Cell_ 3 _ HDF29c7"
"645",2021-03-26,"20210326",3,"21326009","HDF29c7_Expanded.Maturated_Tyr_1Hz","LQT1_R190W","Expanded.Maturated","1Hz","Yes","Tyr","Ediast (mV)",-65.5841643653881,"20210326 Cell_ 3 _ HDF29c7"
"646",2021-03-26,"20210326",3,"21326009","HDF29c7_Expanded.Maturated_Tyr_1Hz","LQT1_R190W","Expanded.Maturated","1Hz","Yes","Tyr","APA (mV)",136.581475446322,"20210326 Cell_ 3 _ HDF29c7"
"647",2021-03-26,"20210326",3,"21326009","HDF29c7_Expanded.Maturated_Tyr_1Hz","LQT1_R190W","Expanded.Maturated","1Hz","Yes","Tyr","dV/dt max y (V/s)",222.299183777294,"20210326 Cell_ 3 _ HDF29c7"
"648",2021-03-26,"20210326",3,"21326009","HDF29c7_Expanded.Maturated_Tyr_1Hz","LQT1_R190W","Expanded.Maturated","1Hz","Yes","Tyr","APD 90 (ms)",290.04,"20210326 Cell_ 3 _ HDF29c7"
"649",2021-03-26,"20210326",3,"21326010","HDF29c7_Expanded.Maturated_Tyr_2Hz","LQT1_R190W","Expanded.Maturated","2Hz","Yes","Tyr","Ediast (mV)",-62.2216156969756,"20210326 Cell_ 3 _ HDF29c7"
"650",2021-03-26,"20210326",3,"21326010","HDF29c7_Expanded.Maturated_Tyr_2Hz","LQT1_R190W","Expanded.Maturated","2Hz","Yes","Tyr","APA (mV)",130.438775542772,"20210326 Cell_ 3 _ HDF29c7"
"651",2021-03-26,"20210326",3,"21326010","HDF29c7_Expanded.Maturated_Tyr_2Hz","LQT1_R190W","Expanded.Maturated","2Hz","Yes","Tyr","dV/dt max y (V/s)",213.3361715077,"20210326 Cell_ 3 _ HDF29c7"
"652",2021-03-26,"20210326",3,"21326010","HDF29c7_Expanded.Maturated_Tyr_2Hz","LQT1_R190W","Expanded.Maturated","2Hz","Yes","Tyr","APD 90 (ms)",269.48,"20210326 Cell_ 3 _ HDF29c7"
"653",2021-03-26,"20210326",3,"21326011","HDF29c7_Expanded.Maturated_Tyr_3.33Hz","LQT1_R190W","Expanded.Maturated","3.33Hz","Yes","Tyr","Ediast (mV)",-39.0619488282507,"20210326 Cell_ 3 _ HDF29c7"
"654",2021-03-26,"20210326",3,"21326011","HDF29c7_Expanded.Maturated_Tyr_3.33Hz","LQT1_R190W","Expanded.Maturated","3.33Hz","Yes","Tyr","APA (mV)",103.653620564998,"20210326 Cell_ 3 _ HDF29c7"
"655",2021-03-26,"20210326",3,"21326011","HDF29c7_Expanded.Maturated_Tyr_3.33Hz","LQT1_R190W","Expanded.Maturated","3.33Hz","Yes","Tyr","dV/dt max y (V/s)",91.7633013055391,"20210326 Cell_ 3 _ HDF29c7"
"656",2021-03-26,"20210326",3,"21326011","HDF29c7_Expanded.Maturated_Tyr_3.33Hz","LQT1_R190W","Expanded.Maturated","3.33Hz","Yes","Tyr","APD 90 (ms)",147.52,"20210326 Cell_ 3 _ HDF29c7"
"657",2021-03-26,"20210326",4,"21326015","HDF29c7_Expanded.Maturated_Tyr_0.5Hz","LQT1_R190W","Expanded.Maturated","0.5Hz","Yes","Tyr","Ediast (mV)",-55.2461521611048,"20210326 Cell_ 4 _ HDF29c7"
"658",2021-03-26,"20210326",4,"21326015","HDF29c7_Expanded.Maturated_Tyr_0.5Hz","LQT1_R190W","Expanded.Maturated","0.5Hz","Yes","Tyr","APA (mV)",125.017877362751,"20210326 Cell_ 4 _ HDF29c7"
"659",2021-03-26,"20210326",4,"21326015","HDF29c7_Expanded.Maturated_Tyr_0.5Hz","LQT1_R190W","Expanded.Maturated","0.5Hz","Yes","Tyr","dV/dt max y (V/s)",230.282581835597,"20210326 Cell_ 4 _ HDF29c7"
"660",2021-03-26,"20210326",4,"21326015","HDF29c7_Expanded.Maturated_Tyr_0.5Hz","LQT1_R190W","Expanded.Maturated","0.5Hz","Yes","Tyr","APD 90 (ms)",123.44,"20210326 Cell_ 4 _ HDF29c7"
"661",2021-03-26,"20210326",4,"21326017","HDF29c7_Expanded.Maturated_Tyr_1Hz","LQT1_R190W","Expanded.Maturated","1Hz","Yes","Tyr","Ediast (mV)",-60.854855507987,"20210326 Cell_ 4 _ HDF29c7"
"662",2021-03-26,"20210326",4,"21326017","HDF29c7_Expanded.Maturated_Tyr_1Hz","LQT1_R190W","Expanded.Maturated","1Hz","Yes","Tyr","APA (mV)",127.502191209596,"20210326 Cell_ 4 _ HDF29c7"
"663",2021-03-26,"20210326",4,"21326017","HDF29c7_Expanded.Maturated_Tyr_1Hz","LQT1_R190W","Expanded.Maturated","1Hz","Yes","Tyr","dV/dt max y (V/s)",231.912220430072,"20210326 Cell_ 4 _ HDF29c7"
"664",2021-03-26,"20210326",4,"21326017","HDF29c7_Expanded.Maturated_Tyr_1Hz","LQT1_R190W","Expanded.Maturated","1Hz","Yes","Tyr","APD 90 (ms)",138.08,"20210326 Cell_ 4 _ HDF29c7"
"665",2021-03-26,"20210326",5,"21326019","HDF29c7_Expanded.Maturated_Tyr_0.5Hz","LQT1_R190W","Expanded.Maturated","0.5Hz","Yes","Tyr","Ediast (mV)",-59.7562227476692,"20210326 Cell_ 5 _ HDF29c7"
"666",2021-03-26,"20210326",5,"21326019","HDF29c7_Expanded.Maturated_Tyr_0.5Hz","LQT1_R190W","Expanded.Maturated","0.5Hz","Yes","Tyr","APA (mV)",131.551873634434,"20210326 Cell_ 5 _ HDF29c7"
"667",2021-03-26,"20210326",5,"21326019","HDF29c7_Expanded.Maturated_Tyr_0.5Hz","LQT1_R190W","Expanded.Maturated","0.5Hz","Yes","Tyr","dV/dt max y (V/s)",229.11375864893,"20210326 Cell_ 5 _ HDF29c7"
"668",2021-03-26,"20210326",5,"21326019","HDF29c7_Expanded.Maturated_Tyr_0.5Hz","LQT1_R190W","Expanded.Maturated","0.5Hz","Yes","Tyr","APD 90 (ms)",314.92,"20210326 Cell_ 5 _ HDF29c7"
"669",2021-03-26,"20210326",5,"21326020","HDF29c7_Expanded.Maturated_Tyr_1Hz","LQT1_R190W","Expanded.Maturated","1Hz","Yes","Tyr","Ediast (mV)",-65.2042815709316,"20210326 Cell_ 5 _ HDF29c7"
"670",2021-03-26,"20210326",5,"21326020","HDF29c7_Expanded.Maturated_Tyr_1Hz","LQT1_R190W","Expanded.Maturated","1Hz","Yes","Tyr","APA (mV)",135.195122973107,"20210326 Cell_ 5 _ HDF29c7"
"671",2021-03-26,"20210326",5,"21326020","HDF29c7_Expanded.Maturated_Tyr_1Hz","LQT1_R190W","Expanded.Maturated","1Hz","Yes","Tyr","dV/dt max y (V/s)",233.529651993874,"20210326 Cell_ 5 _ HDF29c7"
"672",2021-03-26,"20210326",5,"21326020","HDF29c7_Expanded.Maturated_Tyr_1Hz","LQT1_R190W","Expanded.Maturated","1Hz","Yes","Tyr","APD 90 (ms)",279.76,"20210326 Cell_ 5 _ HDF29c7"
"673",2021-03-26,"20210326",5,"21326022","HDF29c7_Expanded.Maturated_Tyr_2Hz","LQT1_R190W","Expanded.Maturated","2Hz","Yes","Tyr","Ediast (mV)",-70.4070401128763,"20210326 Cell_ 5 _ HDF29c7"
"674",2021-03-26,"20210326",5,"21326022","HDF29c7_Expanded.Maturated_Tyr_2Hz","LQT1_R190W","Expanded.Maturated","2Hz","Yes","Tyr","APA (mV)",139.577569054015,"20210326 Cell_ 5 _ HDF29c7"
"675",2021-03-26,"20210326",5,"21326022","HDF29c7_Expanded.Maturated_Tyr_2Hz","LQT1_R190W","Expanded.Maturated","2Hz","Yes","Tyr","dV/dt max y (V/s)",252.084338612575,"20210326 Cell_ 5 _ HDF29c7"
"676",2021-03-26,"20210326",5,"21326022","HDF29c7_Expanded.Maturated_Tyr_2Hz","LQT1_R190W","Expanded.Maturated","2Hz","Yes","Tyr","APD 90 (ms)",245.52,"20210326 Cell_ 5 _ HDF29c7"
"677",2021-03-26,"20210326",5,"21326024","HDF29c7_Expanded.Maturated_Tyr_3.33Hz","LQT1_R190W","Expanded.Maturated","3.33Hz","Yes","Tyr","Ediast (mV)",-71.8460048882791,"20210326 Cell_ 5 _ HDF29c7"
"678",2021-03-26,"20210326",5,"21326024","HDF29c7_Expanded.Maturated_Tyr_3.33Hz","LQT1_R190W","Expanded.Maturated","3.33Hz","Yes","Tyr","APA (mV)",137.838433394432,"20210326 Cell_ 5 _ HDF29c7"
"679",2021-03-26,"20210326",5,"21326024","HDF29c7_Expanded.Maturated_Tyr_3.33Hz","LQT1_R190W","Expanded.Maturated","3.33Hz","Yes","Tyr","dV/dt max y (V/s)",244.400012805684,"20210326 Cell_ 5 _ HDF29c7"
"680",2021-03-26,"20210326",5,"21326024","HDF29c7_Expanded.Maturated_Tyr_3.33Hz","LQT1_R190W","Expanded.Maturated","3.33Hz","Yes","Tyr","APD 90 (ms)",200.32,"20210326 Cell_ 5 _ HDF29c7"
"681",2021-03-26,"20210326",6,"21326029","HDF29c7_Expanded.Maturated_Tyr_0.5Hz","LQT1_R190W","Expanded.Maturated","0.5Hz","Yes","Tyr","Ediast (mV)",-51.9022192144644,"20210326 Cell_ 6 _ HDF29c7"
"682",2021-03-26,"20210326",6,"21326029","HDF29c7_Expanded.Maturated_Tyr_0.5Hz","LQT1_R190W","Expanded.Maturated","0.5Hz","Yes","Tyr","APA (mV)",115.901849963708,"20210326 Cell_ 6 _ HDF29c7"
"683",2021-03-26,"20210326",6,"21326029","HDF29c7_Expanded.Maturated_Tyr_0.5Hz","LQT1_R190W","Expanded.Maturated","0.5Hz","Yes","Tyr","dV/dt max y (V/s)",166.213981363072,"20210326 Cell_ 6 _ HDF29c7"
"684",2021-03-26,"20210326",6,"21326029","HDF29c7_Expanded.Maturated_Tyr_0.5Hz","LQT1_R190W","Expanded.Maturated","0.5Hz","Yes","Tyr","APD 90 (ms)",264.28,"20210326 Cell_ 6 _ HDF29c7"
"685",2021-03-29,"20210329",6,"21329001","HDF30c03_Expanded.Maturated_Tyr_1Hz","Compound JLNS","Expanded.Maturated","1Hz","Yes","Tyr","Ediast (mV)",-68.5776334614872,"20210329 Cell_ 6 _ HDF30c03"
"686",2021-03-29,"20210329",6,"21329001","HDF30c03_Expanded.Maturated_Tyr_1Hz","Compound JLNS","Expanded.Maturated","1Hz","Yes","Tyr","APA (mV)",125.394037012853,"20210329 Cell_ 6 _ HDF30c03"
"687",2021-03-29,"20210329",6,"21329001","HDF30c03_Expanded.Maturated_Tyr_1Hz","Compound JLNS","Expanded.Maturated","1Hz","Yes","Tyr","dV/dt max y (V/s)",173.199454664091,"20210329 Cell_ 6 _ HDF30c03"
"688",2021-03-29,"20210329",6,"21329001","HDF30c03_Expanded.Maturated_Tyr_1Hz","Compound JLNS","Expanded.Maturated","1Hz","Yes","Tyr","APD 90 (ms)",165.52,"20210329 Cell_ 6 _ HDF30c03"
"689",2021-03-29,"20210329",2,"21329004","HDF30c03_Expanded.Maturated_Tyr_1Hz","Compound JLNS","Expanded.Maturated","1Hz","Yes","Tyr","Ediast (mV)",-69.2929044236074,"20210329 Cell_ 2 _ HDF30c03"
"690",2021-03-29,"20210329",2,"21329004","HDF30c03_Expanded.Maturated_Tyr_1Hz","Compound JLNS","Expanded.Maturated","1Hz","Yes","Tyr","APA (mV)",123.631891100457,"20210329 Cell_ 2 _ HDF30c03"
"691",2021-03-29,"20210329",2,"21329004","HDF30c03_Expanded.Maturated_Tyr_1Hz","Compound JLNS","Expanded.Maturated","1Hz","Yes","Tyr","dV/dt max y (V/s)",95.4772903869467,"20210329 Cell_ 2 _ HDF30c03"
"692",2021-03-29,"20210329",2,"21329004","HDF30c03_Expanded.Maturated_Tyr_1Hz","Compound JLNS","Expanded.Maturated","1Hz","Yes","Tyr","APD 90 (ms)",299.8,"20210329 Cell_ 2 _ HDF30c03"
"693",2021-04-08,"20210408",NA,"21408037","HDF29c7_Expanded.Maturated_Tyr_0.5Hz","LQT1_R190W","Expanded.Maturated","0.5Hz","Yes","Tyr","Ediast (mV)",-62.4542206663962,"20210408 Cell_ NA _ HDF29c7"
"694",2021-04-08,"20210408",NA,"21408037","HDF29c7_Expanded.Maturated_Tyr_0.5Hz","LQT1_R190W","Expanded.Maturated","0.5Hz","Yes","Tyr","APA (mV)",127.698358192466,"20210408 Cell_ NA _ HDF29c7"
"695",2021-04-08,"20210408",NA,"21408037","HDF29c7_Expanded.Maturated_Tyr_0.5Hz","LQT1_R190W","Expanded.Maturated","0.5Hz","Yes","Tyr","dV/dt max y (V/s)",216.897572705731,"20210408 Cell_ NA _ HDF29c7"
"696",2021-04-08,"20210408",NA,"21408037","HDF29c7_Expanded.Maturated_Tyr_0.5Hz","LQT1_R190W","Expanded.Maturated","0.5Hz","Yes","Tyr","APD 90 (ms)",235.2,"20210408 Cell_ NA _ HDF29c7"
"697",2021-04-08,"20210408",NA,"21408038","HDF29c7_Expanded.Maturated_Tyr_1Hz","LQT1_R190W","Expanded.Maturated","1Hz","Yes","Tyr","Ediast (mV)",-71.5996059742012,"20210408 Cell_ NA _ HDF29c7"
"698",2021-04-08,"20210408",NA,"21408038","HDF29c7_Expanded.Maturated_Tyr_1Hz","LQT1_R190W","Expanded.Maturated","1Hz","Yes","Tyr","APA (mV)",134.346795376682,"20210408 Cell_ NA _ HDF29c7"
"699",2021-04-08,"20210408",NA,"21408038","HDF29c7_Expanded.Maturated_Tyr_1Hz","LQT1_R190W","Expanded.Maturated","1Hz","Yes","Tyr","dV/dt max y (V/s)",233.602894177894,"20210408 Cell_ NA _ HDF29c7"
"700",2021-04-08,"20210408",NA,"21408038","HDF29c7_Expanded.Maturated_Tyr_1Hz","LQT1_R190W","Expanded.Maturated","1Hz","Yes","Tyr","APD 90 (ms)",240.04,"20210408 Cell_ NA _ HDF29c7"
"701",2021-04-08,"20210408",NA,"21408039","HDF29c7_Expanded.Maturated_Tyr_2Hz","LQT1_R190W","Expanded.Maturated","2Hz","Yes","Tyr","Ediast (mV)",-78.7152062221658,"20210408 Cell_ NA _ HDF29c7"
"702",2021-04-08,"20210408",NA,"21408039","HDF29c7_Expanded.Maturated_Tyr_2Hz","LQT1_R190W","Expanded.Maturated","2Hz","Yes","Tyr","APA (mV)",140.353386888259,"20210408 Cell_ NA _ HDF29c7"
"703",2021-04-08,"20210408",NA,"21408039","HDF29c7_Expanded.Maturated_Tyr_2Hz","LQT1_R190W","Expanded.Maturated","2Hz","Yes","Tyr","dV/dt max y (V/s)",222.2137345626,"20210408 Cell_ NA _ HDF29c7"
"704",2021-04-08,"20210408",NA,"21408039","HDF29c7_Expanded.Maturated_Tyr_2Hz","LQT1_R190W","Expanded.Maturated","2Hz","Yes","Tyr","APD 90 (ms)",254.6,"20210408 Cell_ NA _ HDF29c7"
"705",2021-04-08,"20210408",NA,"21408040","HDF29c7_Expanded.Maturated_Tyr_3.33Hz","LQT1_R190W","Expanded.Maturated","3.33Hz","Yes","Tyr","Ediast (mV)",-77.1688195768652,"20210408 Cell_ NA _ HDF29c7"
"706",2021-04-08,"20210408",NA,"21408040","HDF29c7_Expanded.Maturated_Tyr_3.33Hz","LQT1_R190W","Expanded.Maturated","3.33Hz","Yes","Tyr","APA (mV)",136.584099957916,"20210408 Cell_ NA _ HDF29c7"
"707",2021-04-08,"20210408",NA,"21408040","HDF29c7_Expanded.Maturated_Tyr_3.33Hz","LQT1_R190W","Expanded.Maturated","3.33Hz","Yes","Tyr","dV/dt max y (V/s)",194.357290573211,"20210408 Cell_ NA _ HDF29c7"
"708",2021-04-08,"20210408",NA,"21408040","HDF29c7_Expanded.Maturated_Tyr_3.33Hz","LQT1_R190W","Expanded.Maturated","3.33Hz","Yes","Tyr","APD 90 (ms)",203.28,"20210408 Cell_ NA _ HDF29c7"
"709",2021-04-08,"20210408",NA,"21408041","HDF29c7_Expanded.Maturated_Tyr_4Hz","LQT1_R190W","Expanded.Maturated","4Hz","Yes","Tyr","Ediast (mV)",-72.6186488945493,"20210408 Cell_ NA _ HDF29c7"
"710",2021-04-08,"20210408",NA,"21408041","HDF29c7_Expanded.Maturated_Tyr_4Hz","LQT1_R190W","Expanded.Maturated","4Hz","Yes","Tyr","APA (mV)",128.886956768823,"20210408 Cell_ NA _ HDF29c7"
"711",2021-04-08,"20210408",NA,"21408041","HDF29c7_Expanded.Maturated_Tyr_4Hz","LQT1_R190W","Expanded.Maturated","4Hz","Yes","Tyr","dV/dt max y (V/s)",174.667350102183,"20210408 Cell_ NA _ HDF29c7"
"712",2021-04-08,"20210408",NA,"21408041","HDF29c7_Expanded.Maturated_Tyr_4Hz","LQT1_R190W","Expanded.Maturated","4Hz","Yes","Tyr","APD 90 (ms)",163.16,"20210408 Cell_ NA _ HDF29c7"
"713",2021-04-08,"20210408",NA,"21408042","HDF29c7_Expanded.Maturated_Tyr_5Hz","LQT1_R190W","Expanded.Maturated","5Hz","Yes","Tyr","Ediast (mV)",-64.4902923470317,"20210408 Cell_ NA _ HDF29c7"
"714",2021-04-08,"20210408",NA,"21408042","HDF29c7_Expanded.Maturated_Tyr_5Hz","LQT1_R190W","Expanded.Maturated","5Hz","Yes","Tyr","APA (mV)",121.285333594725,"20210408 Cell_ NA _ HDF29c7"
"715",2021-04-08,"20210408",NA,"21408042","HDF29c7_Expanded.Maturated_Tyr_5Hz","LQT1_R190W","Expanded.Maturated","5Hz","Yes","Tyr","dV/dt max y (V/s)",202.661123186614,"20210408 Cell_ NA _ HDF29c7"
"716",2021-04-08,"20210408",NA,"21408042","HDF29c7_Expanded.Maturated_Tyr_5Hz","LQT1_R190W","Expanded.Maturated","5Hz","Yes","Tyr","APD 90 (ms)",120.44,"20210408 Cell_ NA _ HDF29c7"
"717",2021-04-08,"20210408",NA,"21408045","HDF29c7_Expanded.Maturated_Tyr_0.5Hz","LQT1_R190W","Expanded.Maturated","0.5Hz","Yes","Tyr","Ediast (mV)",-65.9761931553615,"20210408 Cell_ NA _ HDF29c7"
"718",2021-04-08,"20210408",NA,"21408045","HDF29c7_Expanded.Maturated_Tyr_0.5Hz","LQT1_R190W","Expanded.Maturated","0.5Hz","Yes","Tyr","APA (mV)",128.188104262954,"20210408 Cell_ NA _ HDF29c7"
"719",2021-04-08,"20210408",NA,"21408045","HDF29c7_Expanded.Maturated_Tyr_0.5Hz","LQT1_R190W","Expanded.Maturated","0.5Hz","Yes","Tyr","dV/dt max y (V/s)",226.522816389183,"20210408 Cell_ NA _ HDF29c7"
"720",2021-04-08,"20210408",NA,"21408045","HDF29c7_Expanded.Maturated_Tyr_0.5Hz","LQT1_R190W","Expanded.Maturated","0.5Hz","Yes","Tyr","APD 90 (ms)",273.32,"20210408 Cell_ NA _ HDF29c7"
"721",2021-04-08,"20210408",NA,"21408046","HDF29c7_Expanded.Maturated_Tyr_1Hz","LQT1_R190W","Expanded.Maturated","1Hz","Yes","Tyr","Ediast (mV)",-73.8500941485588,"20210408 Cell_ NA _ HDF29c7"
"722",2021-04-08,"20210408",NA,"21408046","HDF29c7_Expanded.Maturated_Tyr_1Hz","LQT1_R190W","Expanded.Maturated","1Hz","Yes","Tyr","APA (mV)",130.111688155964,"20210408 Cell_ NA _ HDF29c7"
"723",2021-04-08,"20210408",NA,"21408046","HDF29c7_Expanded.Maturated_Tyr_1Hz","LQT1_R190W","Expanded.Maturated","1Hz","Yes","Tyr","dV/dt max y (V/s)",265.542589926465,"20210408 Cell_ NA _ HDF29c7"
"724",2021-04-08,"20210408",NA,"21408046","HDF29c7_Expanded.Maturated_Tyr_1Hz","LQT1_R190W","Expanded.Maturated","1Hz","Yes","Tyr","APD 90 (ms)",242.24,"20210408 Cell_ NA _ HDF29c7"
"725",2021-04-08,"20210408",NA,"21408052","HDF30c03_Expanded.Maturated_Tyr_0.5Hz","Compound JLNS","Expanded.Maturated","0.5Hz","Yes","Tyr","Ediast (mV)",-61.5765961963624,"20210408 Cell_ NA _ HDF30c03"
"726",2021-04-08,"20210408",NA,"21408052","HDF30c03_Expanded.Maturated_Tyr_0.5Hz","Compound JLNS","Expanded.Maturated","0.5Hz","Yes","Tyr","APA (mV)",120.380304340836,"20210408 Cell_ NA _ HDF30c03"
"727",2021-04-08,"20210408",NA,"21408052","HDF30c03_Expanded.Maturated_Tyr_0.5Hz","Compound JLNS","Expanded.Maturated","0.5Hz","Yes","Tyr","dV/dt max y (V/s)",234.030140251356,"20210408 Cell_ NA _ HDF30c03"
"728",2021-04-08,"20210408",NA,"21408052","HDF30c03_Expanded.Maturated_Tyr_0.5Hz","Compound JLNS","Expanded.Maturated","0.5Hz","Yes","Tyr","APD 90 (ms)",576.4,"20210408 Cell_ NA _ HDF30c03"
"729",2021-04-08,"20210408",NA,"21408054","HDF30c03_Expanded.Maturated_Tyr_1Hz","Compound JLNS","Expanded.Maturated","1Hz","Yes","Tyr","Ediast (mV)",-66.4677702804503,"20210408 Cell_ NA _ HDF30c03"
"730",2021-04-08,"20210408",NA,"21408054","HDF30c03_Expanded.Maturated_Tyr_1Hz","Compound JLNS","Expanded.Maturated","1Hz","Yes","Tyr","APA (mV)",124.217401326553,"20210408 Cell_ NA _ HDF30c03"
"731",2021-04-08,"20210408",NA,"21408054","HDF30c03_Expanded.Maturated_Tyr_1Hz","Compound JLNS","Expanded.Maturated","1Hz","Yes","Tyr","dV/dt max y (V/s)",201.31834981289,"20210408 Cell_ NA _ HDF30c03"
"732",2021-04-08,"20210408",NA,"21408054","HDF30c03_Expanded.Maturated_Tyr_1Hz","Compound JLNS","Expanded.Maturated","1Hz","Yes","Tyr","APD 90 (ms)",448.24,"20210408 Cell_ NA _ HDF30c03"
"733",2021-04-08,"20210408",NA,"21408056","HDF30c03_Expanded.Maturated_Tyr_2Hz","Compound JLNS","Expanded.Maturated","2Hz","Yes","Tyr","Ediast (mV)",-69.1719327496657,"20210408 Cell_ NA _ HDF30c03"
"734",2021-04-08,"20210408",NA,"21408056","HDF30c03_Expanded.Maturated_Tyr_2Hz","Compound JLNS","Expanded.Maturated","2Hz","Yes","Tyr","APA (mV)",127.465997363659,"20210408 Cell_ NA _ HDF30c03"
"735",2021-04-08,"20210408",NA,"21408056","HDF30c03_Expanded.Maturated_Tyr_2Hz","Compound JLNS","Expanded.Maturated","2Hz","Yes","Tyr","dV/dt max y (V/s)",184.451285184347,"20210408 Cell_ NA _ HDF30c03"
"736",2021-04-08,"20210408",NA,"21408056","HDF30c03_Expanded.Maturated_Tyr_2Hz","Compound JLNS","Expanded.Maturated","2Hz","Yes","Tyr","APD 90 (ms)",313.92,"20210408 Cell_ NA _ HDF30c03"
"737",2021-04-08,"20210408",NA,"21408057","HDF30c03_Expanded.Maturated_Tyr_3.33Hz","Compound JLNS","Expanded.Maturated","3.33Hz","Yes","Tyr","Ediast (mV)",-66.8044401863344,"20210408 Cell_ NA _ HDF30c03"
"738",2021-04-08,"20210408",NA,"21408057","HDF30c03_Expanded.Maturated_Tyr_3.33Hz","Compound JLNS","Expanded.Maturated","3.33Hz","Yes","Tyr","APA (mV)",123.147210947696,"20210408 Cell_ NA _ HDF30c03"
"739",2021-04-08,"20210408",NA,"21408057","HDF30c03_Expanded.Maturated_Tyr_3.33Hz","Compound JLNS","Expanded.Maturated","3.33Hz","Yes","Tyr","dV/dt max y (V/s)",185.650625947692,"20210408 Cell_ NA _ HDF30c03"
"740",2021-04-08,"20210408",NA,"21408057","HDF30c03_Expanded.Maturated_Tyr_3.33Hz","Compound JLNS","Expanded.Maturated","3.33Hz","Yes","Tyr","APD 90 (ms)",222.24,"20210408 Cell_ NA _ HDF30c03"
"741",2021-04-08,"20210408",NA,"21408058","HDF30c03_Expanded.Maturated_Tyr_4Hz","Compound JLNS","Expanded.Maturated","4Hz","Yes","Tyr","Ediast (mV)",-67.0801359740208,"20210408 Cell_ NA _ HDF30c03"
"742",2021-04-08,"20210408",NA,"21408058","HDF30c03_Expanded.Maturated_Tyr_4Hz","Compound JLNS","Expanded.Maturated","4Hz","Yes","Tyr","APA (mV)",121.193292583471,"20210408 Cell_ NA _ HDF30c03"
"743",2021-04-08,"20210408",NA,"21408058","HDF30c03_Expanded.Maturated_Tyr_4Hz","Compound JLNS","Expanded.Maturated","4Hz","Yes","Tyr","dV/dt max y (V/s)",148.898308357397,"20210408 Cell_ NA _ HDF30c03"
"744",2021-04-08,"20210408",NA,"21408058","HDF30c03_Expanded.Maturated_Tyr_4Hz","Compound JLNS","Expanded.Maturated","4Hz","Yes","Tyr","APD 90 (ms)",184.68,"20210408 Cell_ NA _ HDF30c03"
"745",2021-04-12,"20210412",5,"21412033","WTC11_Expanded.Maturated_Tyr_0.5Hz","WT","Expanded.Maturated","0.5Hz","Yes","Tyr","Ediast (mV)",-52.8098119447935,"20210412 Cell_ 5 _ WTC11"
"746",2021-04-12,"20210412",5,"21412033","WTC11_Expanded.Maturated_Tyr_0.5Hz","WT","Expanded.Maturated","0.5Hz","Yes","Tyr","APA (mV)",109.194696961968,"20210412 Cell_ 5 _ WTC11"
"747",2021-04-12,"20210412",5,"21412033","WTC11_Expanded.Maturated_Tyr_0.5Hz","WT","Expanded.Maturated","0.5Hz","Yes","Tyr","dV/dt max y (V/s)",98.2574416220844,"20210412 Cell_ 5 _ WTC11"
"748",2021-04-12,"20210412",5,"21412033","WTC11_Expanded.Maturated_Tyr_0.5Hz","WT","Expanded.Maturated","0.5Hz","Yes","Tyr","APD 90 (ms)",278.08,"20210412 Cell_ 5 _ WTC11"
"749",2021-04-12,"20210412",5,"21412044","WTC11_Expanded.Maturated_Tyr_1Hz","WT","Expanded.Maturated","1Hz","Yes","Tyr","Ediast (mV)",-67.0379606830552,"20210412 Cell_ 5 _ WTC11"
"750",2021-04-12,"20210412",5,"21412044","WTC11_Expanded.Maturated_Tyr_1Hz","WT","Expanded.Maturated","1Hz","Yes","Tyr","APA (mV)",113.654169406404,"20210412 Cell_ 5 _ WTC11"
"751",2021-04-12,"20210412",5,"21412044","WTC11_Expanded.Maturated_Tyr_1Hz","WT","Expanded.Maturated","1Hz","Yes","Tyr","dV/dt max y (V/s)",179.223624299835,"20210412 Cell_ 5 _ WTC11"
"752",2021-04-12,"20210412",5,"21412044","WTC11_Expanded.Maturated_Tyr_1Hz","WT","Expanded.Maturated","1Hz","Yes","Tyr","APD 90 (ms)",178.64,"20210412 Cell_ 5 _ WTC11"
"753",2021-04-12,"20210412",5,"21412045","WTC11_Expanded.Maturated_Tyr_2Hz","WT","Expanded.Maturated","2Hz","Yes","Tyr","Ediast (mV)",-79.8900108538656,"20210412 Cell_ 5 _ WTC11"
"754",2021-04-12,"20210412",5,"21412045","WTC11_Expanded.Maturated_Tyr_2Hz","WT","Expanded.Maturated","2Hz","Yes","Tyr","APA (mV)",128.824945053018,"20210412 Cell_ 5 _ WTC11"
"755",2021-04-12,"20210412",5,"21412045","WTC11_Expanded.Maturated_Tyr_2Hz","WT","Expanded.Maturated","2Hz","Yes","Tyr","dV/dt max y (V/s)",183.184805752316,"20210412 Cell_ 5 _ WTC11"
"756",2021-04-12,"20210412",5,"21412045","WTC11_Expanded.Maturated_Tyr_2Hz","WT","Expanded.Maturated","2Hz","Yes","Tyr","APD 90 (ms)",239.2,"20210412 Cell_ 5 _ WTC11"
"757",2021-04-12,"20210412",5,"21412046","WTC11_Expanded.Maturated_Tyr_3.33Hz","WT","Expanded.Maturated","3.33Hz","Yes","Tyr","Ediast (mV)",-75.7104456226968,"20210412 Cell_ 5 _ WTC11"
"758",2021-04-12,"20210412",5,"21412046","WTC11_Expanded.Maturated_Tyr_3.33Hz","WT","Expanded.Maturated","3.33Hz","Yes","Tyr","APA (mV)",123.107293957405,"20210412 Cell_ 5 _ WTC11"
"759",2021-04-12,"20210412",5,"21412046","WTC11_Expanded.Maturated_Tyr_3.33Hz","WT","Expanded.Maturated","3.33Hz","Yes","Tyr","dV/dt max y (V/s)",140.893547995416,"20210412 Cell_ 5 _ WTC11"
"760",2021-04-12,"20210412",5,"21412046","WTC11_Expanded.Maturated_Tyr_3.33Hz","WT","Expanded.Maturated","3.33Hz","Yes","Tyr","APD 90 (ms)",208.28,"20210412 Cell_ 5 _ WTC11"
"761",2021-04-12,"20210412",5,"21412047","WTC11_Expanded.Maturated_Tyr_4Hz","WT","Expanded.Maturated","4Hz","Yes","Tyr","Ediast (mV)",-65.4119231626316,"20210412 Cell_ 5 _ WTC11"
"762",2021-04-12,"20210412",5,"21412047","WTC11_Expanded.Maturated_Tyr_4Hz","WT","Expanded.Maturated","4Hz","Yes","Tyr","APA (mV)",113.727960906805,"20210412 Cell_ 5 _ WTC11"
"763",2021-04-12,"20210412",5,"21412047","WTC11_Expanded.Maturated_Tyr_4Hz","WT","Expanded.Maturated","4Hz","Yes","Tyr","dV/dt max y (V/s)",143.576042985191,"20210412 Cell_ 5 _ WTC11"
"764",2021-04-12,"20210412",5,"21412047","WTC11_Expanded.Maturated_Tyr_4Hz","WT","Expanded.Maturated","4Hz","Yes","Tyr","APD 90 (ms)",167.24,"20210412 Cell_ 5 _ WTC11"
"765",2021-05-04,"20210504",1,"21504001","WTC11_Expanded.Maturated_Tyr_0.5Hz","WT","Expanded.Maturated","0.5Hz","Yes","Tyr","Ediast (mV)",-58.4699679259505,"20210504 Cell_ 1 _ WTC11"
"766",2021-05-04,"20210504",1,"21504001","WTC11_Expanded.Maturated_Tyr_0.5Hz","WT","Expanded.Maturated","0.5Hz","Yes","Tyr","APA (mV)",108.312494855433,"20210504 Cell_ 1 _ WTC11"
"767",2021-05-04,"20210504",1,"21504001","WTC11_Expanded.Maturated_Tyr_0.5Hz","WT","Expanded.Maturated","0.5Hz","Yes","Tyr","dV/dt max y (V/s)",177.987662444477,"20210504 Cell_ 1 _ WTC11"
"768",2021-05-04,"20210504",1,"21504001","WTC11_Expanded.Maturated_Tyr_0.5Hz","WT","Expanded.Maturated","0.5Hz","Yes","Tyr","APD 90 (ms)",246.24,"20210504 Cell_ 1 _ WTC11"
"769",2021-05-04,"20210504",1,"21504002","WTC11_Expanded.Maturated_Tyr_1Hz","WT","Expanded.Maturated","1Hz","Yes","Tyr","Ediast (mV)",-63.5131195418824,"20210504 Cell_ 1 _ WTC11"
"770",2021-05-04,"20210504",1,"21504002","WTC11_Expanded.Maturated_Tyr_1Hz","WT","Expanded.Maturated","1Hz","Yes","Tyr","APA (mV)",111.614313546261,"20210504 Cell_ 1 _ WTC11"
"771",2021-05-04,"20210504",1,"21504002","WTC11_Expanded.Maturated_Tyr_1Hz","WT","Expanded.Maturated","1Hz","Yes","Tyr","dV/dt max y (V/s)",192.105093414561,"20210504 Cell_ 1 _ WTC11"
"772",2021-05-04,"20210504",1,"21504002","WTC11_Expanded.Maturated_Tyr_1Hz","WT","Expanded.Maturated","1Hz","Yes","Tyr","APD 90 (ms)",230.68,"20210504 Cell_ 1 _ WTC11"
"773",2021-05-04,"20210504",1,"21504004","WTC11_Expanded.Maturated_Tyr_2Hz","WT","Expanded.Maturated","2Hz","Yes","Tyr","Ediast (mV)",-62.3192719423372,"20210504 Cell_ 1 _ WTC11"
"774",2021-05-04,"20210504",1,"21504004","WTC11_Expanded.Maturated_Tyr_2Hz","WT","Expanded.Maturated","2Hz","Yes","Tyr","APA (mV)",109.841242341415,"20210504 Cell_ 1 _ WTC11"
"775",2021-05-04,"20210504",1,"21504004","WTC11_Expanded.Maturated_Tyr_2Hz","WT","Expanded.Maturated","2Hz","Yes","Tyr","dV/dt max y (V/s)",176.470938883705,"20210504 Cell_ 1 _ WTC11"
"776",2021-05-04,"20210504",1,"21504004","WTC11_Expanded.Maturated_Tyr_2Hz","WT","Expanded.Maturated","2Hz","Yes","Tyr","APD 90 (ms)",189.36,"20210504 Cell_ 1 _ WTC11"
"777",2021-05-04,"20210504",1,"21504005","WTC11_Expanded.Maturated_Tyr_3.33Hz","WT","Expanded.Maturated","3.33Hz","Yes","Tyr","Ediast (mV)",-63.0093353861234,"20210504 Cell_ 1 _ WTC11"
"778",2021-05-04,"20210504",1,"21504005","WTC11_Expanded.Maturated_Tyr_3.33Hz","WT","Expanded.Maturated","3.33Hz","Yes","Tyr","APA (mV)",107.528376240332,"20210504 Cell_ 1 _ WTC11"
"779",2021-05-04,"20210504",1,"21504005","WTC11_Expanded.Maturated_Tyr_3.33Hz","WT","Expanded.Maturated","3.33Hz","Yes","Tyr","dV/dt max y (V/s)",170.864860048417,"20210504 Cell_ 1 _ WTC11"
"780",2021-05-04,"20210504",1,"21504005","WTC11_Expanded.Maturated_Tyr_3.33Hz","WT","Expanded.Maturated","3.33Hz","Yes","Tyr","APD 90 (ms)",145.2,"20210504 Cell_ 1 _ WTC11"
"781",2021-05-04,"20210504",1,"21504006","WTC11_Expanded.Maturated_Tyr_4Hz","WT","Expanded.Maturated","4Hz","Yes","Tyr","Ediast (mV)",-60.0970430439811,"20210504 Cell_ 1 _ WTC11"
"782",2021-05-04,"20210504",1,"21504006","WTC11_Expanded.Maturated_Tyr_4Hz","WT","Expanded.Maturated","4Hz","Yes","Tyr","APA (mV)",104.056391541962,"20210504 Cell_ 1 _ WTC11"
"783",2021-05-04,"20210504",1,"21504006","WTC11_Expanded.Maturated_Tyr_4Hz","WT","Expanded.Maturated","4Hz","Yes","Tyr","dV/dt max y (V/s)",171.395865882571,"20210504 Cell_ 1 _ WTC11"
"784",2021-05-04,"20210504",1,"21504006","WTC11_Expanded.Maturated_Tyr_4Hz","WT","Expanded.Maturated","4Hz","Yes","Tyr","APD 90 (ms)",132.84,"20210504 Cell_ 1 _ WTC11"
"785",2021-05-04,"20210504",1,"21504007","WTC11_Expanded.Maturated_Tyr_5Hz","WT","Expanded.Maturated","5Hz","Yes","Tyr","Ediast (mV)",-59.8271455958631,"20210504 Cell_ 1 _ WTC11"
"786",2021-05-04,"20210504",1,"21504007","WTC11_Expanded.Maturated_Tyr_5Hz","WT","Expanded.Maturated","5Hz","Yes","Tyr","APA (mV)",100.081049933905,"20210504 Cell_ 1 _ WTC11"
"787",2021-05-04,"20210504",1,"21504007","WTC11_Expanded.Maturated_Tyr_5Hz","WT","Expanded.Maturated","5Hz","Yes","Tyr","dV/dt max y (V/s)",137.088006183981,"20210504 Cell_ 1 _ WTC11"
"788",2021-05-04,"20210504",1,"21504007","WTC11_Expanded.Maturated_Tyr_5Hz","WT","Expanded.Maturated","5Hz","Yes","Tyr","APD 90 (ms)",108.76,"20210504 Cell_ 1 _ WTC11"
"789",2021-05-04,"20210504",2,"21504012","WTC11_Expanded.Maturated_Tyr_2Hz","WT","Expanded.Maturated","2Hz","Yes","Tyr","Ediast (mV)",-68.0067716721954,"20210504 Cell_ 2 _ WTC11"
"790",2021-05-04,"20210504",2,"21504012","WTC11_Expanded.Maturated_Tyr_2Hz","WT","Expanded.Maturated","2Hz","Yes","Tyr","APA (mV)",119.090753620836,"20210504 Cell_ 2 _ WTC11"
"791",2021-05-04,"20210504",2,"21504012","WTC11_Expanded.Maturated_Tyr_2Hz","WT","Expanded.Maturated","2Hz","Yes","Tyr","dV/dt max y (V/s)",210.998525134359,"20210504 Cell_ 2 _ WTC11"
"792",2021-05-04,"20210504",2,"21504012","WTC11_Expanded.Maturated_Tyr_2Hz","WT","Expanded.Maturated","2Hz","Yes","Tyr","APD 90 (ms)",101.84,"20210504 Cell_ 2 _ WTC11"
"793",2021-05-04,"20210504",2,"21504013","WTC11_Expanded.Maturated_Tyr_3.33Hz","WT","Expanded.Maturated","3.33Hz","Yes","Tyr","Ediast (mV)",-79.7880211126161,"20210504 Cell_ 2 _ WTC11"
"794",2021-05-04,"20210504",2,"21504013","WTC11_Expanded.Maturated_Tyr_3.33Hz","WT","Expanded.Maturated","3.33Hz","Yes","Tyr","APA (mV)",129.316827353874,"20210504 Cell_ 2 _ WTC11"
"795",2021-05-04,"20210504",2,"21504013","WTC11_Expanded.Maturated_Tyr_3.33Hz","WT","Expanded.Maturated","3.33Hz","Yes","Tyr","dV/dt max y (V/s)",224.493397540261,"20210504 Cell_ 2 _ WTC11"
"796",2021-05-04,"20210504",2,"21504013","WTC11_Expanded.Maturated_Tyr_3.33Hz","WT","Expanded.Maturated","3.33Hz","Yes","Tyr","APD 90 (ms)",132.12,"20210504 Cell_ 2 _ WTC11"
"797",2021-05-04,"20210504",2,"21504014","WTC11_Expanded.Maturated_Tyr_4Hz","WT","Expanded.Maturated","4Hz","Yes","Tyr","Ediast (mV)",-80.9741172476858,"20210504 Cell_ 2 _ WTC11"
"798",2021-05-04,"20210504",2,"21504014","WTC11_Expanded.Maturated_Tyr_4Hz","WT","Expanded.Maturated","4Hz","Yes","Tyr","APA (mV)",129.609368843885,"20210504 Cell_ 2 _ WTC11"
"799",2021-05-04,"20210504",2,"21504014","WTC11_Expanded.Maturated_Tyr_4Hz","WT","Expanded.Maturated","4Hz","Yes","Tyr","dV/dt max y (V/s)",211.047353257038,"20210504 Cell_ 2 _ WTC11"
"800",2021-05-04,"20210504",2,"21504014","WTC11_Expanded.Maturated_Tyr_4Hz","WT","Expanded.Maturated","4Hz","Yes","Tyr","APD 90 (ms)",132.16,"20210504 Cell_ 2 _ WTC11"
"801",2021-05-04,"20210504",2,"21504015","WTC11_Expanded.Maturated_Tyr_5Hz","WT","Expanded.Maturated","5Hz","Yes","Tyr","Ediast (mV)",-82.02605811569,"20210504 Cell_ 2 _ WTC11"
"802",2021-05-04,"20210504",2,"21504015","WTC11_Expanded.Maturated_Tyr_5Hz","WT","Expanded.Maturated","5Hz","Yes","Tyr","APA (mV)",129.45281367554,"20210504 Cell_ 2 _ WTC11"
"803",2021-05-04,"20210504",2,"21504015","WTC11_Expanded.Maturated_Tyr_5Hz","WT","Expanded.Maturated","5Hz","Yes","Tyr","dV/dt max y (V/s)",217.910756251357,"20210504 Cell_ 2 _ WTC11"
"804",2021-05-04,"20210504",2,"21504015","WTC11_Expanded.Maturated_Tyr_5Hz","WT","Expanded.Maturated","5Hz","Yes","Tyr","APD 90 (ms)",128.56,"20210504 Cell_ 2 _ WTC11"
"805",2021-05-04,"20210504",3,"21504019","WTC11_Expanded.Maturated_Tyr_0.5Hz","WT","Expanded.Maturated","0.5Hz","Yes","Tyr","Ediast (mV)",-62.4080170553095,"20210504 Cell_ 3 _ WTC11"
"806",2021-05-04,"20210504",3,"21504019","WTC11_Expanded.Maturated_Tyr_0.5Hz","WT","Expanded.Maturated","0.5Hz","Yes","Tyr","APA (mV)",108.816706257265,"20210504 Cell_ 3 _ WTC11"
"807",2021-05-04,"20210504",3,"21504019","WTC11_Expanded.Maturated_Tyr_0.5Hz","WT","Expanded.Maturated","0.5Hz","Yes","Tyr","dV/dt max y (V/s)",157.443229826535,"20210504 Cell_ 3 _ WTC11"
"808",2021-05-04,"20210504",3,"21504019","WTC11_Expanded.Maturated_Tyr_0.5Hz","WT","Expanded.Maturated","0.5Hz","Yes","Tyr","APD 90 (ms)",266.48,"20210504 Cell_ 3 _ WTC11"
"809",2021-05-04,"20210504",3,"21504021","WTC11_Expanded.Maturated_Tyr_1Hz","WT","Expanded.Maturated","1Hz","Yes","Tyr","Ediast (mV)",-67.5358244289392,"20210504 Cell_ 3 _ WTC11"
"810",2021-05-04,"20210504",3,"21504021","WTC11_Expanded.Maturated_Tyr_1Hz","WT","Expanded.Maturated","1Hz","Yes","Tyr","APA (mV)",114.175226510561,"20210504 Cell_ 3 _ WTC11"
"811",2021-05-04,"20210504",3,"21504021","WTC11_Expanded.Maturated_Tyr_1Hz","WT","Expanded.Maturated","1Hz","Yes","Tyr","dV/dt max y (V/s)",162.301628033273,"20210504 Cell_ 3 _ WTC11"
"812",2021-05-04,"20210504",3,"21504021","WTC11_Expanded.Maturated_Tyr_1Hz","WT","Expanded.Maturated","1Hz","Yes","Tyr","APD 90 (ms)",273.68,"20210504 Cell_ 3 _ WTC11"
"813",2021-05-04,"20210504",3,"21504022","WTC11_Expanded.Maturated_Tyr_2Hz","WT","Expanded.Maturated","2Hz","Yes","Tyr","Ediast (mV)",-68.5767789693403,"20210504 Cell_ 3 _ WTC11"
"814",2021-05-04,"20210504",3,"21504022","WTC11_Expanded.Maturated_Tyr_2Hz","WT","Expanded.Maturated","2Hz","Yes","Tyr","APA (mV)",115.79479430473,"20210504 Cell_ 3 _ WTC11"
"815",2021-05-04,"20210504",3,"21504022","WTC11_Expanded.Maturated_Tyr_2Hz","WT","Expanded.Maturated","2Hz","Yes","Tyr","dV/dt max y (V/s)",146.15477821427,"20210504 Cell_ 3 _ WTC11"
"816",2021-05-04,"20210504",3,"21504022","WTC11_Expanded.Maturated_Tyr_2Hz","WT","Expanded.Maturated","2Hz","Yes","Tyr","APD 90 (ms)",235.76,"20210504 Cell_ 3 _ WTC11"
"817",2021-05-04,"20210504",3,"21504023","WTC11_Expanded.Maturated_Tyr_3.33Hz","WT","Expanded.Maturated","3.33Hz","Yes","Tyr","Ediast (mV)",-67.4897428881592,"20210504 Cell_ 3 _ WTC11"
"818",2021-05-04,"20210504",3,"21504023","WTC11_Expanded.Maturated_Tyr_3.33Hz","WT","Expanded.Maturated","3.33Hz","Yes","Tyr","APA (mV)",114.459955500944,"20210504 Cell_ 3 _ WTC11"
"819",2021-05-04,"20210504",3,"21504023","WTC11_Expanded.Maturated_Tyr_3.33Hz","WT","Expanded.Maturated","3.33Hz","Yes","Tyr","dV/dt max y (V/s)",119.799798997315,"20210504 Cell_ 3 _ WTC11"
"820",2021-05-04,"20210504",3,"21504023","WTC11_Expanded.Maturated_Tyr_3.33Hz","WT","Expanded.Maturated","3.33Hz","Yes","Tyr","APD 90 (ms)",178,"20210504 Cell_ 3 _ WTC11"
"821",2021-05-04,"20210504",3,"21504024","WTC11_Expanded.Maturated_Tyr_4Hz","WT","Expanded.Maturated","4Hz","Yes","Tyr","Ediast (mV)",-65.1375091131656,"20210504 Cell_ 3 _ WTC11"
"822",2021-05-04,"20210504",3,"21504024","WTC11_Expanded.Maturated_Tyr_4Hz","WT","Expanded.Maturated","4Hz","Yes","Tyr","APA (mV)",108.842951373206,"20210504 Cell_ 3 _ WTC11"
"823",2021-05-04,"20210504",3,"21504024","WTC11_Expanded.Maturated_Tyr_4Hz","WT","Expanded.Maturated","4Hz","Yes","Tyr","dV/dt max y (V/s)",91.6900591215181,"20210504 Cell_ 3 _ WTC11"
"824",2021-05-04,"20210504",3,"21504024","WTC11_Expanded.Maturated_Tyr_4Hz","WT","Expanded.Maturated","4Hz","Yes","Tyr","APD 90 (ms)",138.32,"20210504 Cell_ 3 _ WTC11"
"825",2021-05-04,"20210504",3,"21504025","WTC11_Expanded.Maturated_Tyr_5Hz","WT","Expanded.Maturated","5Hz","Yes","Tyr","Ediast (mV)",-60.8919648812244,"20210504 Cell_ 3 _ WTC11"
"826",2021-05-04,"20210504",3,"21504025","WTC11_Expanded.Maturated_Tyr_5Hz","WT","Expanded.Maturated","5Hz","Yes","Tyr","APA (mV)",104.070673767846,"20210504 Cell_ 3 _ WTC11"
"827",2021-05-04,"20210504",3,"21504025","WTC11_Expanded.Maturated_Tyr_5Hz","WT","Expanded.Maturated","5Hz","Yes","Tyr","dV/dt max y (V/s)",75.3051722044465,"20210504 Cell_ 3 _ WTC11"
"828",2021-05-04,"20210504",3,"21504025","WTC11_Expanded.Maturated_Tyr_5Hz","WT","Expanded.Maturated","5Hz","Yes","Tyr","APD 90 (ms)",93.12,"20210504 Cell_ 3 _ WTC11"
"829",2021-05-04,"20210504",4,"21504028","WTC11_Expanded.Maturated_Tyr_0.5Hz","WT","Expanded.Maturated","0.5Hz","Yes","Tyr","Ediast (mV)",-71.711910656367,"20210504 Cell_ 4 _ WTC11"
"830",2021-05-04,"20210504",4,"21504028","WTC11_Expanded.Maturated_Tyr_0.5Hz","WT","Expanded.Maturated","0.5Hz","Yes","Tyr","APA (mV)",125.254388581986,"20210504 Cell_ 4 _ WTC11"
"831",2021-05-04,"20210504",4,"21504028","WTC11_Expanded.Maturated_Tyr_0.5Hz","WT","Expanded.Maturated","0.5Hz","Yes","Tyr","dV/dt max y (V/s)",190.722647191162,"20210504 Cell_ 4 _ WTC11"
"832",2021-05-04,"20210504",4,"21504028","WTC11_Expanded.Maturated_Tyr_0.5Hz","WT","Expanded.Maturated","0.5Hz","Yes","Tyr","APD 90 (ms)",143.84,"20210504 Cell_ 4 _ WTC11"
"833",2021-05-04,"20210504",4,"21504029","WTC11_Expanded.Maturated_Tyr_1Hz","WT","Expanded.Maturated","1Hz","Yes","Tyr","Ediast (mV)",-77.0362512237869,"20210504 Cell_ 4 _ WTC11"
"834",2021-05-04,"20210504",4,"21504029","WTC11_Expanded.Maturated_Tyr_1Hz","WT","Expanded.Maturated","1Hz","Yes","Tyr","APA (mV)",130.128289717675,"20210504 Cell_ 4 _ WTC11"
"835",2021-05-04,"20210504",4,"21504029","WTC11_Expanded.Maturated_Tyr_1Hz","WT","Expanded.Maturated","1Hz","Yes","Tyr","dV/dt max y (V/s)",191.88231510483,"20210504 Cell_ 4 _ WTC11"
"836",2021-05-04,"20210504",4,"21504029","WTC11_Expanded.Maturated_Tyr_1Hz","WT","Expanded.Maturated","1Hz","Yes","Tyr","APD 90 (ms)",165.96,"20210504 Cell_ 4 _ WTC11"
"837",2021-05-04,"20210504",4,"21504031","WTC11_Expanded.Maturated_Tyr_2Hz","WT","Expanded.Maturated","2Hz","Yes","Tyr","Ediast (mV)",-77.6361047109204,"20210504 Cell_ 4 _ WTC11"
"838",2021-05-04,"20210504",4,"21504031","WTC11_Expanded.Maturated_Tyr_2Hz","WT","Expanded.Maturated","2Hz","Yes","Tyr","APA (mV)",129.978021170125,"20210504 Cell_ 4 _ WTC11"
"839",2021-05-04,"20210504",4,"21504031","WTC11_Expanded.Maturated_Tyr_2Hz","WT","Expanded.Maturated","2Hz","Yes","Tyr","dV/dt max y (V/s)",176.712027739441,"20210504 Cell_ 4 _ WTC11"
"840",2021-05-04,"20210504",4,"21504031","WTC11_Expanded.Maturated_Tyr_2Hz","WT","Expanded.Maturated","2Hz","Yes","Tyr","APD 90 (ms)",184.56,"20210504 Cell_ 4 _ WTC11"
"841",2021-05-04,"20210504",4,"21504032","WTC11_Expanded.Maturated_Tyr_3.33Hz","WT","Expanded.Maturated","3.33Hz","Yes","Tyr","Ediast (mV)",-75.8584558695729,"20210504 Cell_ 4 _ WTC11"
"842",2021-05-04,"20210504",4,"21504032","WTC11_Expanded.Maturated_Tyr_3.33Hz","WT","Expanded.Maturated","3.33Hz","Yes","Tyr","APA (mV)",127.258599912572,"20210504 Cell_ 4 _ WTC11"
"843",2021-05-04,"20210504",4,"21504032","WTC11_Expanded.Maturated_Tyr_3.33Hz","WT","Expanded.Maturated","3.33Hz","Yes","Tyr","dV/dt max y (V/s)",156.518547253268,"20210504 Cell_ 4 _ WTC11"
"844",2021-05-04,"20210504",4,"21504032","WTC11_Expanded.Maturated_Tyr_3.33Hz","WT","Expanded.Maturated","3.33Hz","Yes","Tyr","APD 90 (ms)",144.96,"20210504 Cell_ 4 _ WTC11"
"845",2021-05-04,"20210504",4,"21504033","WTC11_Expanded.Maturated_Tyr_4Hz","WT","Expanded.Maturated","4Hz","Yes","Tyr","Ediast (mV)",-74.3576014486722,"20210504 Cell_ 4 _ WTC11"
"846",2021-05-04,"20210504",4,"21504033","WTC11_Expanded.Maturated_Tyr_4Hz","WT","Expanded.Maturated","4Hz","Yes","Tyr","APA (mV)",124.809869560131,"20210504 Cell_ 4 _ WTC11"
"847",2021-05-04,"20210504",4,"21504033","WTC11_Expanded.Maturated_Tyr_4Hz","WT","Expanded.Maturated","4Hz","Yes","Tyr","dV/dt max y (V/s)",144.790642536875,"20210504 Cell_ 4 _ WTC11"
"848",2021-05-04,"20210504",4,"21504033","WTC11_Expanded.Maturated_Tyr_4Hz","WT","Expanded.Maturated","4Hz","Yes","Tyr","APD 90 (ms)",130.08,"20210504 Cell_ 4 _ WTC11"
"849",2021-05-04,"20210504",4,"21504034","WTC11_Expanded.Maturated_Tyr_5Hz","WT","Expanded.Maturated","5Hz","Yes","Tyr","Ediast (mV)",-72.645565397177,"20210504 Cell_ 4 _ WTC11"
"850",2021-05-04,"20210504",4,"21504034","WTC11_Expanded.Maturated_Tyr_5Hz","WT","Expanded.Maturated","5Hz","Yes","Tyr","APA (mV)",121.056817980578,"20210504 Cell_ 4 _ WTC11"
"851",2021-05-04,"20210504",4,"21504034","WTC11_Expanded.Maturated_Tyr_5Hz","WT","Expanded.Maturated","5Hz","Yes","Tyr","dV/dt max y (V/s)",133.456414559598,"20210504 Cell_ 4 _ WTC11"
"852",2021-05-04,"20210504",4,"21504034","WTC11_Expanded.Maturated_Tyr_5Hz","WT","Expanded.Maturated","5Hz","Yes","Tyr","APD 90 (ms)",105.6,"20210504 Cell_ 4 _ WTC11"
"853",2021-05-04,"20210504",5,"21504037","WTC11_Expanded.Maturated_Tyr_0.5Hz","WT","Expanded.Maturated","0.5Hz","Yes","Tyr","Ediast (mV)",-63.2130096928556,"20210504 Cell_ 5 _ WTC11"
"854",2021-05-04,"20210504",5,"21504037","WTC11_Expanded.Maturated_Tyr_0.5Hz","WT","Expanded.Maturated","0.5Hz","Yes","Tyr","APA (mV)",111.339838461641,"20210504 Cell_ 5 _ WTC11"
"855",2021-05-04,"20210504",5,"21504037","WTC11_Expanded.Maturated_Tyr_0.5Hz","WT","Expanded.Maturated","0.5Hz","Yes","Tyr","dV/dt max y (V/s)",190.649405007138,"20210504 Cell_ 5 _ WTC11"
"856",2021-05-04,"20210504",5,"21504037","WTC11_Expanded.Maturated_Tyr_0.5Hz","WT","Expanded.Maturated","0.5Hz","Yes","Tyr","APD 90 (ms)",125.32,"20210504 Cell_ 5 _ WTC11"
"857",2021-05-04,"20210504",5,"21504038","WTC11_Expanded.Maturated_Tyr_1Hz","WT","Expanded.Maturated","1Hz","Yes","Tyr","Ediast (mV)",-69.5412564625926,"20210504 Cell_ 5 _ WTC11"
"858",2021-05-04,"20210504",5,"21504038","WTC11_Expanded.Maturated_Tyr_1Hz","WT","Expanded.Maturated","1Hz","Yes","Tyr","APA (mV)",117.829218036225,"20210504 Cell_ 5 _ WTC11"
"859",2021-05-04,"20210504",5,"21504038","WTC11_Expanded.Maturated_Tyr_1Hz","WT","Expanded.Maturated","1Hz","Yes","Tyr","dV/dt max y (V/s)",211.651601275214,"20210504 Cell_ 5 _ WTC11"
"860",2021-05-04,"20210504",5,"21504038","WTC11_Expanded.Maturated_Tyr_1Hz","WT","Expanded.Maturated","1Hz","Yes","Tyr","APD 90 (ms)",142.56,"20210504 Cell_ 5 _ WTC11"
"861",2021-05-04,"20210504",5,"21504039","WTC11_Expanded.Maturated_Tyr_2Hz","WT","Expanded.Maturated","2Hz","Yes","Tyr","Ediast (mV)",-77.7181969921775,"20210504 Cell_ 5 _ WTC11"
"862",2021-05-04,"20210504",5,"21504039","WTC11_Expanded.Maturated_Tyr_2Hz","WT","Expanded.Maturated","2Hz","Yes","Tyr","APA (mV)",124.809259208597,"20210504 Cell_ 5 _ WTC11"
"863",2021-05-04,"20210504",5,"21504039","WTC11_Expanded.Maturated_Tyr_2Hz","WT","Expanded.Maturated","2Hz","Yes","Tyr","dV/dt max y (V/s)",222.582997240375,"20210504 Cell_ 5 _ WTC11"
"864",2021-05-04,"20210504",5,"21504039","WTC11_Expanded.Maturated_Tyr_2Hz","WT","Expanded.Maturated","2Hz","Yes","Tyr","APD 90 (ms)",167.68,"20210504 Cell_ 5 _ WTC11"
"865",2021-05-04,"20210504",5,"21504040","WTC11_Expanded.Maturated_Tyr_3.33Hz","WT","Expanded.Maturated","3.33Hz","Yes","Tyr","Ediast (mV)",-78.8284874667852,"20210504 Cell_ 5 _ WTC11"
"866",2021-05-04,"20210504",5,"21504040","WTC11_Expanded.Maturated_Tyr_3.33Hz","WT","Expanded.Maturated","3.33Hz","Yes","Tyr","APA (mV)",125.668695202932,"20210504 Cell_ 5 _ WTC11"
"867",2021-05-04,"20210504",5,"21504040","WTC11_Expanded.Maturated_Tyr_3.33Hz","WT","Expanded.Maturated","3.33Hz","Yes","Tyr","dV/dt max y (V/s)",209.640492972299,"20210504 Cell_ 5 _ WTC11"
"868",2021-05-04,"20210504",5,"21504040","WTC11_Expanded.Maturated_Tyr_3.33Hz","WT","Expanded.Maturated","3.33Hz","Yes","Tyr","APD 90 (ms)",151.16,"20210504 Cell_ 5 _ WTC11"
"869",2021-05-04,"20210504",5,"21504041","WTC11_Expanded.Maturated_Tyr_4Hz","WT","Expanded.Maturated","4Hz","Yes","Tyr","Ediast (mV)",-78.4295617044832,"20210504 Cell_ 5 _ WTC11"
"870",2021-05-04,"20210504",5,"21504041","WTC11_Expanded.Maturated_Tyr_4Hz","WT","Expanded.Maturated","4Hz","Yes","Tyr","APA (mV)",125.208734287279,"20210504 Cell_ 5 _ WTC11"
"871",2021-05-04,"20210504",5,"21504041","WTC11_Expanded.Maturated_Tyr_4Hz","WT","Expanded.Maturated","4Hz","Yes","Tyr","dV/dt max y (V/s)",214.013661709897,"20210504 Cell_ 5 _ WTC11"
"872",2021-05-04,"20210504",5,"21504041","WTC11_Expanded.Maturated_Tyr_4Hz","WT","Expanded.Maturated","4Hz","Yes","Tyr","APD 90 (ms)",137.4,"20210504 Cell_ 5 _ WTC11"
"873",2021-05-04,"20210504",5,"21504042","WTC11_Expanded.Maturated_Tyr_5Hz","WT","Expanded.Maturated","5Hz","Yes","Tyr","Ediast (mV)",-74.6859705737005,"20210504 Cell_ 5 _ WTC11"
"874",2021-05-04,"20210504",5,"21504042","WTC11_Expanded.Maturated_Tyr_5Hz","WT","Expanded.Maturated","5Hz","Yes","Tyr","APA (mV)",120.87615392666,"20210504 Cell_ 5 _ WTC11"
"875",2021-05-04,"20210504",5,"21504042","WTC11_Expanded.Maturated_Tyr_5Hz","WT","Expanded.Maturated","5Hz","Yes","Tyr","dV/dt max y (V/s)",195.526113759883,"20210504 Cell_ 5 _ WTC11"
"876",2021-05-04,"20210504",5,"21504042","WTC11_Expanded.Maturated_Tyr_5Hz","WT","Expanded.Maturated","5Hz","Yes","Tyr","APD 90 (ms)",116.96,"20210504 Cell_ 5 _ WTC11"
"877",2021-05-04,"20210504",6,"21504046","WTC11_Expanded.Maturated_Tyr_0.5Hz","WT","Expanded.Maturated","0.5Hz","Yes","Tyr","Ediast (mV)",-59.3870821402025,"20210504 Cell_ 6 _ WTC11"
"878",2021-05-04,"20210504",6,"21504046","WTC11_Expanded.Maturated_Tyr_0.5Hz","WT","Expanded.Maturated","0.5Hz","Yes","Tyr","APA (mV)",108.072992913683,"20210504 Cell_ 6 _ WTC11"
"879",2021-05-04,"20210504",6,"21504046","WTC11_Expanded.Maturated_Tyr_0.5Hz","WT","Expanded.Maturated","0.5Hz","Yes","Tyr","dV/dt max y (V/s)",174.780265135884,"20210504 Cell_ 6 _ WTC11"
"880",2021-05-04,"20210504",6,"21504046","WTC11_Expanded.Maturated_Tyr_0.5Hz","WT","Expanded.Maturated","0.5Hz","Yes","Tyr","APD 90 (ms)",195.8,"20210504 Cell_ 6 _ WTC11"
"881",2021-05-04,"20210504",6,"21504047","WTC11_Expanded.Maturated_Tyr_1Hz","WT","Expanded.Maturated","1Hz","Yes","Tyr","Ediast (mV)",-65.4644133945135,"20210504 Cell_ 6 _ WTC11"
"882",2021-05-04,"20210504",6,"21504047","WTC11_Expanded.Maturated_Tyr_1Hz","WT","Expanded.Maturated","1Hz","Yes","Tyr","APA (mV)",113.562555641224,"20210504 Cell_ 6 _ WTC11"
"883",2021-05-04,"20210504",6,"21504047","WTC11_Expanded.Maturated_Tyr_1Hz","WT","Expanded.Maturated","1Hz","Yes","Tyr","dV/dt max y (V/s)",211.004628649693,"20210504 Cell_ 6 _ WTC11"
"884",2021-05-04,"20210504",6,"21504047","WTC11_Expanded.Maturated_Tyr_1Hz","WT","Expanded.Maturated","1Hz","Yes","Tyr","APD 90 (ms)",187.32,"20210504 Cell_ 6 _ WTC11"
"885",2021-05-04,"20210504",6,"21504048","WTC11_Expanded.Maturated_Tyr_2Hz","WT","Expanded.Maturated","2Hz","Yes","Tyr","Ediast (mV)",-67.6236540146113,"20210504 Cell_ 6 _ WTC11"
"886",2021-05-04,"20210504",6,"21504048","WTC11_Expanded.Maturated_Tyr_2Hz","WT","Expanded.Maturated","2Hz","Yes","Tyr","APA (mV)",114.158685984003,"20210504 Cell_ 6 _ WTC11"
"887",2021-05-04,"20210504",6,"21504048","WTC11_Expanded.Maturated_Tyr_2Hz","WT","Expanded.Maturated","2Hz","Yes","Tyr","dV/dt max y (V/s)",199.233999325954,"20210504 Cell_ 6 _ WTC11"
"888",2021-05-04,"20210504",6,"21504048","WTC11_Expanded.Maturated_Tyr_2Hz","WT","Expanded.Maturated","2Hz","Yes","Tyr","APD 90 (ms)",170.08,"20210504 Cell_ 6 _ WTC11"
"889",2021-05-04,"20210504",6,"21504049","WTC11_Expanded.Maturated_Tyr_3.33Hz","WT","Expanded.Maturated","3.33Hz","Yes","Tyr","Ediast (mV)",-63.848141498626,"20210504 Cell_ 6 _ WTC11"
"890",2021-05-04,"20210504",6,"21504049","WTC11_Expanded.Maturated_Tyr_3.33Hz","WT","Expanded.Maturated","3.33Hz","Yes","Tyr","APA (mV)",108.072992913683,"20210504 Cell_ 6 _ WTC11"
"891",2021-05-04,"20210504",6,"21504049","WTC11_Expanded.Maturated_Tyr_3.33Hz","WT","Expanded.Maturated","3.33Hz","Yes","Tyr","dV/dt max y (V/s)",182.928458108239,"20210504 Cell_ 6 _ WTC11"
"892",2021-05-04,"20210504",6,"21504049","WTC11_Expanded.Maturated_Tyr_3.33Hz","WT","Expanded.Maturated","3.33Hz","Yes","Tyr","APD 90 (ms)",130.48,"20210504 Cell_ 6 _ WTC11"
"893",2021-05-04,"20210504",6,"21504050","WTC11_Expanded.Maturated_Tyr_4Hz","WT","Expanded.Maturated","4Hz","Yes","Tyr","Ediast (mV)",-58.0555392346974,"20210504 Cell_ 6 _ WTC11"
"894",2021-05-04,"20210504",6,"21504050","WTC11_Expanded.Maturated_Tyr_4Hz","WT","Expanded.Maturated","4Hz","Yes","Tyr","APA (mV)",101.014521569255,"20210504 Cell_ 6 _ WTC11"
"895",2021-05-04,"20210504",6,"21504050","WTC11_Expanded.Maturated_Tyr_4Hz","WT","Expanded.Maturated","4Hz","Yes","Tyr","dV/dt max y (V/s)",146.69188756376,"20210504 Cell_ 6 _ WTC11"
"896",2021-05-04,"20210504",6,"21504050","WTC11_Expanded.Maturated_Tyr_4Hz","WT","Expanded.Maturated","4Hz","Yes","Tyr","APD 90 (ms)",107.08,"20210504 Cell_ 6 _ WTC11"
"897",2021-05-04,"20210504",6,"21504051","WTC11_Expanded.Maturated_Tyr_5Hz","WT","Expanded.Maturated","5Hz","Yes","Tyr","Ediast (mV)",-52.9466527586064,"20210504 Cell_ 6 _ WTC11"
"898",2021-05-04,"20210504",6,"21504051","WTC11_Expanded.Maturated_Tyr_5Hz","WT","Expanded.Maturated","5Hz","Yes","Tyr","APA (mV)",93.6564896921804,"20210504 Cell_ 6 _ WTC11"
"899",2021-05-04,"20210504",6,"21504051","WTC11_Expanded.Maturated_Tyr_5Hz","WT","Expanded.Maturated","5Hz","Yes","Tyr","dV/dt max y (V/s)",98.9593458856211,"20210504 Cell_ 6 _ WTC11"
"900",2021-05-04,"20210504",6,"21504051","WTC11_Expanded.Maturated_Tyr_5Hz","WT","Expanded.Maturated","5Hz","Yes","Tyr","APD 90 (ms)",90.2,"20210504 Cell_ 6 _ WTC11"
"901",2021-05-04,"20210504",7,"21504054","WTC11_Expanded.Maturated_Tyr_0.5Hz","WT","Expanded.Maturated","0.5Hz","Yes","Tyr","Ediast (mV)",-61.7021455068054,"20210504 Cell_ 7 _ WTC11"
"902",2021-05-04,"20210504",7,"21504054","WTC11_Expanded.Maturated_Tyr_0.5Hz","WT","Expanded.Maturated","0.5Hz","Yes","Tyr","APA (mV)",113.121820798877,"20210504 Cell_ 7 _ WTC11"
"903",2021-05-04,"20210504",7,"21504054","WTC11_Expanded.Maturated_Tyr_0.5Hz","WT","Expanded.Maturated","0.5Hz","Yes","Tyr","dV/dt max y (V/s)",211.608876667868,"20210504 Cell_ 7 _ WTC11"
"904",2021-05-04,"20210504",7,"21504054","WTC11_Expanded.Maturated_Tyr_0.5Hz","WT","Expanded.Maturated","0.5Hz","Yes","Tyr","APD 90 (ms)",161.64,"20210504 Cell_ 7 _ WTC11"
"905",2021-05-04,"20210504",7,"21504055","WTC11_Expanded.Maturated_Tyr_1Hz","WT","Expanded.Maturated","1Hz","Yes","Tyr","Ediast (mV)",-67.290585182775,"20210504 Cell_ 7 _ WTC11"
"906",2021-05-04,"20210504",7,"21504055","WTC11_Expanded.Maturated_Tyr_1Hz","WT","Expanded.Maturated","1Hz","Yes","Tyr","APA (mV)",118.522882554059,"20210504 Cell_ 7 _ WTC11"
"907",2021-05-04,"20210504",7,"21504055","WTC11_Expanded.Maturated_Tyr_1Hz","WT","Expanded.Maturated","1Hz","Yes","Tyr","dV/dt max y (V/s)",239.169300163505,"20210504 Cell_ 7 _ WTC11"
"908",2021-05-04,"20210504",7,"21504055","WTC11_Expanded.Maturated_Tyr_1Hz","WT","Expanded.Maturated","1Hz","Yes","Tyr","APD 90 (ms)",159.24,"20210504 Cell_ 7 _ WTC11"
"909",2021-05-04,"20210504",7,"21504056","WTC11_Expanded.Maturated_Tyr_2Hz","WT","Expanded.Maturated","2Hz","Yes","Tyr","Ediast (mV)",-71.3665737587071,"20210504 Cell_ 7 _ WTC11"
"910",2021-05-04,"20210504",7,"21504056","WTC11_Expanded.Maturated_Tyr_2Hz","WT","Expanded.Maturated","2Hz","Yes","Tyr","APA (mV)",123.034051773384,"20210504 Cell_ 7 _ WTC11"
"911",2021-05-04,"20210504",7,"21504056","WTC11_Expanded.Maturated_Tyr_2Hz","WT","Expanded.Maturated","2Hz","Yes","Tyr","dV/dt max y (V/s)",222.442616387668,"20210504 Cell_ 7 _ WTC11"
"912",2021-05-04,"20210504",7,"21504056","WTC11_Expanded.Maturated_Tyr_2Hz","WT","Expanded.Maturated","2Hz","Yes","Tyr","APD 90 (ms)",162.44,"20210504 Cell_ 7 _ WTC11"
"913",2021-05-04,"20210504",7,"21504057","WTC11_Expanded.Maturated_Tyr_3.33Hz","WT","Expanded.Maturated","3.33Hz","Yes","Tyr","Ediast (mV)",-74.3726771315499,"20210504 Cell_ 7 _ WTC11"
"914",2021-05-04,"20210504",7,"21504057","WTC11_Expanded.Maturated_Tyr_3.33Hz","WT","Expanded.Maturated","3.33Hz","Yes","Tyr","APA (mV)",125.10875870609,"20210504 Cell_ 7 _ WTC11"
"915",2021-05-04,"20210504",7,"21504057","WTC11_Expanded.Maturated_Tyr_3.33Hz","WT","Expanded.Maturated","3.33Hz","Yes","Tyr","dV/dt max y (V/s)",245.019519612198,"20210504 Cell_ 7 _ WTC11"
"916",2021-05-04,"20210504",7,"21504057","WTC11_Expanded.Maturated_Tyr_3.33Hz","WT","Expanded.Maturated","3.33Hz","Yes","Tyr","APD 90 (ms)",146.68,"20210504 Cell_ 7 _ WTC11"
"917",2021-05-04,"20210504",7,"21504058","WTC11_Expanded.Maturated_Tyr_4Hz","WT","Expanded.Maturated","4Hz","Yes","Tyr","Ediast (mV)",-76.7694665684897,"20210504 Cell_ 7 _ WTC11"
"918",2021-05-04,"20210504",7,"21504058","WTC11_Expanded.Maturated_Tyr_4Hz","WT","Expanded.Maturated","4Hz","Yes","Tyr","APA (mV)",125.199029697896,"20210504 Cell_ 7 _ WTC11"
"919",2021-05-04,"20210504",7,"21504058","WTC11_Expanded.Maturated_Tyr_4Hz","WT","Expanded.Maturated","4Hz","Yes","Tyr","dV/dt max y (V/s)",207.925405163135,"20210504 Cell_ 7 _ WTC11"
"920",2021-05-04,"20210504",7,"21504058","WTC11_Expanded.Maturated_Tyr_4Hz","WT","Expanded.Maturated","4Hz","Yes","Tyr","APD 90 (ms)",135.44,"20210504 Cell_ 7 _ WTC11"
"921",2021-05-04,"20210504",7,"21504059","WTC11_Expanded.Maturated_Tyr_5Hz","WT","Expanded.Maturated","5Hz","Yes","Tyr","Ediast (mV)",-71.5382656450835,"20210504 Cell_ 7 _ WTC11"
"922",2021-05-04,"20210504",7,"21504059","WTC11_Expanded.Maturated_Tyr_5Hz","WT","Expanded.Maturated","5Hz","Yes","Tyr","APA (mV)",121.186700786909,"20210504 Cell_ 7 _ WTC11"
"923",2021-05-04,"20210504",7,"21504059","WTC11_Expanded.Maturated_Tyr_5Hz","WT","Expanded.Maturated","5Hz","Yes","Tyr","dV/dt max y (V/s)",262.344347890876,"20210504 Cell_ 7 _ WTC11"
"924",2021-05-04,"20210504",7,"21504059","WTC11_Expanded.Maturated_Tyr_5Hz","WT","Expanded.Maturated","5Hz","Yes","Tyr","APD 90 (ms)",119.28,"20210504 Cell_ 7 _ WTC11"
"925",2021-05-04,"20210504",8,"21504062","WTC11_Expanded.Maturated_Tyr_0.5Hz","WT","Expanded.Maturated","0.5Hz","Yes","Tyr","Ediast (mV)",-60.753659223731,"20210504 Cell_ 8 _ WTC11"
"926",2021-05-04,"20210504",8,"21504062","WTC11_Expanded.Maturated_Tyr_0.5Hz","WT","Expanded.Maturated","0.5Hz","Yes","Tyr","APA (mV)",109.829584627125,"20210504 Cell_ 8 _ WTC11"
"927",2021-05-04,"20210504",8,"21504062","WTC11_Expanded.Maturated_Tyr_0.5Hz","WT","Expanded.Maturated","0.5Hz","Yes","Tyr","dV/dt max y (V/s)",191.833486982148,"20210504 Cell_ 8 _ WTC11"
"928",2021-05-04,"20210504",8,"21504062","WTC11_Expanded.Maturated_Tyr_0.5Hz","WT","Expanded.Maturated","0.5Hz","Yes","Tyr","APD 90 (ms)",260.88,"20210504 Cell_ 8 _ WTC11"
"929",2021-05-04,"20210504",8,"21504063","WTC11_Expanded.Maturated_Tyr_1Hz","WT","Expanded.Maturated","1Hz","Yes","Tyr","Ediast (mV)",-68.0924039923469,"20210504 Cell_ 8 _ WTC11"
"930",2021-05-04,"20210504",8,"21504063","WTC11_Expanded.Maturated_Tyr_1Hz","WT","Expanded.Maturated","1Hz","Yes","Tyr","APA (mV)",119.180048050189,"20210504 Cell_ 8 _ WTC11"
"931",2021-05-04,"20210504",8,"21504063","WTC11_Expanded.Maturated_Tyr_1Hz","WT","Expanded.Maturated","1Hz","Yes","Tyr","dV/dt max y (V/s)",199.154653626597,"20210504 Cell_ 8 _ WTC11"
"932",2021-05-04,"20210504",8,"21504063","WTC11_Expanded.Maturated_Tyr_1Hz","WT","Expanded.Maturated","1Hz","Yes","Tyr","APD 90 (ms)",271.16,"20210504 Cell_ 8 _ WTC11"
"933",2021-05-04,"20210504",8,"21504064","WTC11_Expanded.Maturated_Tyr_2Hz","WT","Expanded.Maturated","2Hz","Yes","Tyr","Ediast (mV)",-73.6359217954501,"20210504 Cell_ 8 _ WTC11"
"934",2021-05-04,"20210504",8,"21504064","WTC11_Expanded.Maturated_Tyr_2Hz","WT","Expanded.Maturated","2Hz","Yes","Tyr","APA (mV)",122.425592329628,"20210504 Cell_ 8 _ WTC11"
"935",2021-05-04,"20210504",8,"21504064","WTC11_Expanded.Maturated_Tyr_2Hz","WT","Expanded.Maturated","2Hz","Yes","Tyr","dV/dt max y (V/s)",196.484365667493,"20210504 Cell_ 8 _ WTC11"
"936",2021-05-04,"20210504",8,"21504064","WTC11_Expanded.Maturated_Tyr_2Hz","WT","Expanded.Maturated","2Hz","Yes","Tyr","APD 90 (ms)",264.4,"20210504 Cell_ 8 _ WTC11"
"937",2021-05-04,"20210504",8,"21504065","WTC11_Expanded.Maturated_Tyr_3.33Hz","WT","Expanded.Maturated","3.33Hz","Yes","Tyr","Ediast (mV)",-67.1805998364365,"20210504 Cell_ 8 _ WTC11"
"938",2021-05-04,"20210504",8,"21504065","WTC11_Expanded.Maturated_Tyr_3.33Hz","WT","Expanded.Maturated","3.33Hz","Yes","Tyr","APA (mV)",112.102472702762,"20210504 Cell_ 8 _ WTC11"
"939",2021-05-04,"20210504",8,"21504065","WTC11_Expanded.Maturated_Tyr_3.33Hz","WT","Expanded.Maturated","3.33Hz","Yes","Tyr","dV/dt max y (V/s)",159.335319580416,"20210504 Cell_ 8 _ WTC11"
"940",2021-05-04,"20210504",8,"21504065","WTC11_Expanded.Maturated_Tyr_3.33Hz","WT","Expanded.Maturated","3.33Hz","Yes","Tyr","APD 90 (ms)",196.36,"20210504 Cell_ 8 _ WTC11"
"941",2021-05-04,"20210504",8,"21504066","WTC11_Expanded.Maturated_Tyr_4Hz","WT","Expanded.Maturated","4Hz","Yes","Tyr","Ediast (mV)",-65.2976043204052,"20210504 Cell_ 8 _ WTC11"
"942",2021-05-04,"20210504",8,"21504066","WTC11_Expanded.Maturated_Tyr_4Hz","WT","Expanded.Maturated","4Hz","Yes","Tyr","APA (mV)",106.644648254964,"20210504 Cell_ 8 _ WTC11"
"943",2021-05-04,"20210504",8,"21504066","WTC11_Expanded.Maturated_Tyr_4Hz","WT","Expanded.Maturated","4Hz","Yes","Tyr","dV/dt max y (V/s)",143.386834009804,"20210504 Cell_ 8 _ WTC11"
"944",2021-05-04,"20210504",8,"21504066","WTC11_Expanded.Maturated_Tyr_4Hz","WT","Expanded.Maturated","4Hz","Yes","Tyr","APD 90 (ms)",161.04,"20210504 Cell_ 8 _ WTC11"
"945",2021-05-04,"20210504",8,"21504067","WTC11_Expanded.Maturated_Tyr_5Hz","WT","Expanded.Maturated","5Hz","Yes","Tyr","Ediast (mV)",-58.2079440126148,"20210504 Cell_ 8 _ WTC11"
"946",2021-05-04,"20210504",8,"21504067","WTC11_Expanded.Maturated_Tyr_5Hz","WT","Expanded.Maturated","5Hz","Yes","Tyr","APA (mV)",97.260066181176,"20210504 Cell_ 8 _ WTC11"
"947",2021-05-04,"20210504",8,"21504067","WTC11_Expanded.Maturated_Tyr_5Hz","WT","Expanded.Maturated","5Hz","Yes","Tyr","dV/dt max y (V/s)",123.626703112421,"20210504 Cell_ 8 _ WTC11"
"948",2021-05-04,"20210504",8,"21504067","WTC11_Expanded.Maturated_Tyr_5Hz","WT","Expanded.Maturated","5Hz","Yes","Tyr","APD 90 (ms)",117.68,"20210504 Cell_ 8 _ WTC11"
"949",2021-05-04,"20210504",9,"21504071","WTC11_Expanded.Maturated_Tyr_0.5Hz","WT","Expanded.Maturated","0.5Hz","Yes","Tyr","Ediast (mV)",-64.4644744771643,"20210504 Cell_ 9 _ WTC11"
"950",2021-05-04,"20210504",9,"21504071","WTC11_Expanded.Maturated_Tyr_0.5Hz","WT","Expanded.Maturated","0.5Hz","Yes","Tyr","APA (mV)",111.188715421944,"20210504 Cell_ 9 _ WTC11"
"951",2021-05-04,"20210504",9,"21504071","WTC11_Expanded.Maturated_Tyr_0.5Hz","WT","Expanded.Maturated","0.5Hz","Yes","Tyr","dV/dt max y (V/s)",235.556019085124,"20210504 Cell_ 9 _ WTC11"
"952",2021-05-04,"20210504",9,"21504071","WTC11_Expanded.Maturated_Tyr_0.5Hz","WT","Expanded.Maturated","0.5Hz","Yes","Tyr","APD 90 (ms)",200.2,"20210504 Cell_ 9 _ WTC11"
"953",2021-05-04,"20210504",9,"21504072","WTC11_Expanded.Maturated_Tyr_1Hz","WT","Expanded.Maturated","1Hz","Yes","Tyr","Ediast (mV)",-72.1281704022207,"20210504 Cell_ 9 _ WTC11"
"954",2021-05-04,"20210504",9,"21504072","WTC11_Expanded.Maturated_Tyr_1Hz","WT","Expanded.Maturated","1Hz","Yes","Tyr","APA (mV)",118.471551990091,"20210504 Cell_ 9 _ WTC11"
"955",2021-05-04,"20210504",9,"21504072","WTC11_Expanded.Maturated_Tyr_1Hz","WT","Expanded.Maturated","1Hz","Yes","Tyr","dV/dt max y (V/s)",231.634510482326,"20210504 Cell_ 9 _ WTC11"
"956",2021-05-04,"20210504",9,"21504072","WTC11_Expanded.Maturated_Tyr_1Hz","WT","Expanded.Maturated","1Hz","Yes","Tyr","APD 90 (ms)",173.68,"20210504 Cell_ 9 _ WTC11"
"957",2021-05-04,"20210504",9,"21504073","WTC11_Expanded.Maturated_Tyr_2Hz","WT","Expanded.Maturated","2Hz","Yes","Tyr","Ediast (mV)",-75.4901697542531,"20210504 Cell_ 9 _ WTC11"
"958",2021-05-04,"20210504",9,"21504073","WTC11_Expanded.Maturated_Tyr_2Hz","WT","Expanded.Maturated","2Hz","Yes","Tyr","APA (mV)",120.302179344547,"20210504 Cell_ 9 _ WTC11"
"959",2021-05-04,"20210504",9,"21504073","WTC11_Expanded.Maturated_Tyr_2Hz","WT","Expanded.Maturated","2Hz","Yes","Tyr","dV/dt max y (V/s)",209.988393346398,"20210504 Cell_ 9 _ WTC11"
"960",2021-05-04,"20210504",9,"21504073","WTC11_Expanded.Maturated_Tyr_2Hz","WT","Expanded.Maturated","2Hz","Yes","Tyr","APD 90 (ms)",163.16,"20210504 Cell_ 9 _ WTC11"
"961",2021-05-04,"20210504",9,"21504074","WTC11_Expanded.Maturated_Tyr_3.33Hz","WT","Expanded.Maturated","3.33Hz","Yes","Tyr","Ediast (mV)",-76.3868982272858,"20210504 Cell_ 9 _ WTC11"
"962",2021-05-04,"20210504",9,"21504074","WTC11_Expanded.Maturated_Tyr_3.33Hz","WT","Expanded.Maturated","3.33Hz","Yes","Tyr","APA (mV)",122.699151886947,"20210504 Cell_ 9 _ WTC11"
"963",2021-05-04,"20210504",9,"21504074","WTC11_Expanded.Maturated_Tyr_3.33Hz","WT","Expanded.Maturated","3.33Hz","Yes","Tyr","dV/dt max y (V/s)",234.759510333897,"20210504 Cell_ 9 _ WTC11"
"964",2021-05-04,"20210504",9,"21504074","WTC11_Expanded.Maturated_Tyr_3.33Hz","WT","Expanded.Maturated","3.33Hz","Yes","Tyr","APD 90 (ms)",143.76,"20210504 Cell_ 9 _ WTC11"
"965",2021-05-04,"20210504",9,"21504075","WTC11_Expanded.Maturated_Tyr_4Hz","WT","Expanded.Maturated","4Hz","Yes","Tyr","Ediast (mV)",-76.6489221406216,"20210504 Cell_ 9 _ WTC11"
"966",2021-05-04,"20210504",9,"21504075","WTC11_Expanded.Maturated_Tyr_4Hz","WT","Expanded.Maturated","4Hz","Yes","Tyr","APA (mV)",122.696283234739,"20210504 Cell_ 9 _ WTC11"
"967",2021-05-04,"20210504",9,"21504075","WTC11_Expanded.Maturated_Tyr_4Hz","WT","Expanded.Maturated","4Hz","Yes","Tyr","dV/dt max y (V/s)",243.572986477778,"20210504 Cell_ 9 _ WTC11"
"968",2021-05-04,"20210504",9,"21504075","WTC11_Expanded.Maturated_Tyr_4Hz","WT","Expanded.Maturated","4Hz","Yes","Tyr","APD 90 (ms)",134.56,"20210504 Cell_ 9 _ WTC11"
"969",2021-05-04,"20210504",9,"21504076","WTC11_Expanded.Maturated_Tyr_5Hz","WT","Expanded.Maturated","5Hz","Yes","Tyr","Ediast (mV)",-78.3806725466491,"20210504 Cell_ 9 _ WTC11"
"970",2021-05-04,"20210504",9,"21504076","WTC11_Expanded.Maturated_Tyr_5Hz","WT","Expanded.Maturated","5Hz","Yes","Tyr","APA (mV)",122.871026878783,"20210504 Cell_ 9 _ WTC11"
"971",2021-05-04,"20210504",9,"21504076","WTC11_Expanded.Maturated_Tyr_5Hz","WT","Expanded.Maturated","5Hz","Yes","Tyr","dV/dt max y (V/s)",225.820912125645,"20210504 Cell_ 9 _ WTC11"
"972",2021-05-04,"20210504",9,"21504076","WTC11_Expanded.Maturated_Tyr_5Hz","WT","Expanded.Maturated","5Hz","Yes","Tyr","APD 90 (ms)",122.92,"20210504 Cell_ 9 _ WTC11"
"973",2021-05-04,"20210504",10,"21504079","WTC11_Expanded.Maturated_Tyr_0.5Hz","WT","Expanded.Maturated","0.5Hz","Yes","Tyr","Ediast (mV)",-67.1075407578754,"20210504 Cell_ 10 _ WTC11"
"974",2021-05-04,"20210504",10,"21504079","WTC11_Expanded.Maturated_Tyr_0.5Hz","WT","Expanded.Maturated","0.5Hz","Yes","Tyr","APA (mV)",110.905756451009,"20210504 Cell_ 10 _ WTC11"
"975",2021-05-04,"20210504",10,"21504079","WTC11_Expanded.Maturated_Tyr_0.5Hz","WT","Expanded.Maturated","0.5Hz","Yes","Tyr","dV/dt max y (V/s)",208.465566270289,"20210504 Cell_ 10 _ WTC11"
"976",2021-05-04,"20210504",10,"21504079","WTC11_Expanded.Maturated_Tyr_0.5Hz","WT","Expanded.Maturated","0.5Hz","Yes","Tyr","APD 90 (ms)",103.68,"20210504 Cell_ 10 _ WTC11"
"977",2021-05-04,"20210504",10,"21504080","WTC11_Expanded.Maturated_Tyr_1Hz","WT","Expanded.Maturated","1Hz","Yes","Tyr","Ediast (mV)",-72.1867031142843,"20210504 Cell_ 10 _ WTC11"
"978",2021-05-04,"20210504",10,"21504080","WTC11_Expanded.Maturated_Tyr_1Hz","WT","Expanded.Maturated","1Hz","Yes","Tyr","APA (mV)",115.982477401284,"20210504 Cell_ 10 _ WTC11"
"979",2021-05-04,"20210504",10,"21504080","WTC11_Expanded.Maturated_Tyr_1Hz","WT","Expanded.Maturated","1Hz","Yes","Tyr","dV/dt max y (V/s)",226.971424766312,"20210504 Cell_ 10 _ WTC11"
"980",2021-05-04,"20210504",10,"21504080","WTC11_Expanded.Maturated_Tyr_1Hz","WT","Expanded.Maturated","1Hz","Yes","Tyr","APD 90 (ms)",105.16,"20210504 Cell_ 10 _ WTC11"
"981",2021-05-04,"20210504",10,"21504081","WTC11_Expanded.Maturated_Tyr_2Hz","WT","Expanded.Maturated","2Hz","Yes","Tyr","Ediast (mV)",-79.0654869672471,"20210504 Cell_ 10 _ WTC11"
"982",2021-05-04,"20210504",10,"21504081","WTC11_Expanded.Maturated_Tyr_2Hz","WT","Expanded.Maturated","2Hz","Yes","Tyr","APA (mV)",122.004938052733,"20210504 Cell_ 10 _ WTC11"
"983",2021-05-04,"20210504",10,"21504081","WTC11_Expanded.Maturated_Tyr_2Hz","WT","Expanded.Maturated","2Hz","Yes","Tyr","dV/dt max y (V/s)",237.46947114268,"20210504 Cell_ 10 _ WTC11"
"984",2021-05-04,"20210504",10,"21504081","WTC11_Expanded.Maturated_Tyr_2Hz","WT","Expanded.Maturated","2Hz","Yes","Tyr","APD 90 (ms)",117,"20210504 Cell_ 10 _ WTC11"
"985",2021-05-04,"20210504",10,"21504082","WTC11_Expanded.Maturated_Tyr_3.33Hz","WT","Expanded.Maturated","3.33Hz","Yes","Tyr","Ediast (mV)",-82.0009726676628,"20210504 Cell_ 10 _ WTC11"
"986",2021-05-04,"20210504",10,"21504082","WTC11_Expanded.Maturated_Tyr_3.33Hz","WT","Expanded.Maturated","3.33Hz","Yes","Tyr","APA (mV)",124.226312458942,"20210504 Cell_ 10 _ WTC11"
"987",2021-05-04,"20210504",10,"21504082","WTC11_Expanded.Maturated_Tyr_3.33Hz","WT","Expanded.Maturated","3.33Hz","Yes","Tyr","dV/dt max y (V/s)",244.461047959035,"20210504 Cell_ 10 _ WTC11"
"988",2021-05-04,"20210504",10,"21504082","WTC11_Expanded.Maturated_Tyr_3.33Hz","WT","Expanded.Maturated","3.33Hz","Yes","Tyr","APD 90 (ms)",121,"20210504 Cell_ 10 _ WTC11"
"989",2021-05-04,"20210504",10,"21504083","WTC11_Expanded.Maturated_Tyr_4Hz","WT","Expanded.Maturated","4Hz","Yes","Tyr","Ediast (mV)",-82.3081015593249,"20210504 Cell_ 10 _ WTC11"
"990",2021-05-04,"20210504",10,"21504083","WTC11_Expanded.Maturated_Tyr_4Hz","WT","Expanded.Maturated","4Hz","Yes","Tyr","APA (mV)",124.226434529248,"20210504 Cell_ 10 _ WTC11"
"991",2021-05-04,"20210504",10,"21504083","WTC11_Expanded.Maturated_Tyr_4Hz","WT","Expanded.Maturated","4Hz","Yes","Tyr","dV/dt max y (V/s)",236.492908689064,"20210504 Cell_ 10 _ WTC11"
"992",2021-05-04,"20210504",10,"21504083","WTC11_Expanded.Maturated_Tyr_4Hz","WT","Expanded.Maturated","4Hz","Yes","Tyr","APD 90 (ms)",116.04,"20210504 Cell_ 10 _ WTC11"
"993",2021-05-04,"20210504",10,"21504084","WTC11_Expanded.Maturated_Tyr_5Hz","WT","Expanded.Maturated","5Hz","Yes","Tyr","Ediast (mV)",-79.3172569748199,"20210504 Cell_ 10 _ WTC11"
"994",2021-05-04,"20210504",10,"21504084","WTC11_Expanded.Maturated_Tyr_5Hz","WT","Expanded.Maturated","5Hz","Yes","Tyr","APA (mV)",119.964227700442,"20210504 Cell_ 10 _ WTC11"
"995",2021-05-04,"20210504",10,"21504084","WTC11_Expanded.Maturated_Tyr_5Hz","WT","Expanded.Maturated","5Hz","Yes","Tyr","dV/dt max y (V/s)",227.438343689447,"20210504 Cell_ 10 _ WTC11"
"996",2021-05-04,"20210504",10,"21504084","WTC11_Expanded.Maturated_Tyr_5Hz","WT","Expanded.Maturated","5Hz","Yes","Tyr","APD 90 (ms)",97.72,"20210504 Cell_ 10 _ WTC11"
"997",2021-06-14,"20210614",1,"21614001","HDF28c44_Expanded.Maturated_Tyr_0.5Hz","LQT1_R594Q","Expanded.Maturated","0.5Hz","Yes","Tyr","Ediast (mV)",-77.45049680958,"20210614 Cell_ 1 _ HDF28c44"
"998",2021-06-14,"20210614",1,"21614001","HDF28c44_Expanded.Maturated_Tyr_0.5Hz","LQT1_R594Q","Expanded.Maturated","0.5Hz","Yes","Tyr","APA (mV)",117.246027145956,"20210614 Cell_ 1 _ HDF28c44"
"999",2021-06-14,"20210614",1,"21614001","HDF28c44_Expanded.Maturated_Tyr_0.5Hz","LQT1_R594Q","Expanded.Maturated","0.5Hz","Yes","Tyr","dV/dt max y (V/s)",77.6458703354564,"20210614 Cell_ 1 _ HDF28c44"
"1000",2021-06-14,"20210614",1,"21614001","HDF28c44_Expanded.Maturated_Tyr_0.5Hz","LQT1_R594Q","Expanded.Maturated","0.5Hz","Yes","Tyr","APD 90 (ms)",301.08,"20210614 Cell_ 1 _ HDF28c44"
"1001",2021-06-14,"20210614",1,"21614002","HDF28c44_Expanded.Maturated_Tyr_1Hz","LQT1_R594Q","Expanded.Maturated","1Hz","Yes","Tyr","Ediast (mV)",-79.7723961133582,"20210614 Cell_ 1 _ HDF28c44"
"1002",2021-06-14,"20210614",1,"21614002","HDF28c44_Expanded.Maturated_Tyr_1Hz","LQT1_R594Q","Expanded.Maturated","1Hz","Yes","Tyr","APA (mV)",123.342950684493,"20210614 Cell_ 1 _ HDF28c44"
"1003",2021-06-14,"20210614",1,"21614002","HDF28c44_Expanded.Maturated_Tyr_1Hz","LQT1_R594Q","Expanded.Maturated","1Hz","Yes","Tyr","dV/dt max y (V/s)",102.560419933329,"20210614 Cell_ 1 _ HDF28c44"
"1004",2021-06-14,"20210614",1,"21614002","HDF28c44_Expanded.Maturated_Tyr_1Hz","LQT1_R594Q","Expanded.Maturated","1Hz","Yes","Tyr","APD 90 (ms)",288.28,"20210614 Cell_ 1 _ HDF28c44"
"1005",2021-06-14,"20210614",1,"21614003","HDF28c44_Expanded.Maturated_Tyr_2Hz","LQT1_R594Q","Expanded.Maturated","2Hz","Yes","Tyr","Ediast (mV)",-77.0262414586373,"20210614 Cell_ 1 _ HDF28c44"
"1006",2021-06-14,"20210614",1,"21614003","HDF28c44_Expanded.Maturated_Tyr_2Hz","LQT1_R594Q","Expanded.Maturated","2Hz","Yes","Tyr","APA (mV)",121.248651467561,"20210614 Cell_ 1 _ HDF28c44"
"1007",2021-06-14,"20210614",1,"21614003","HDF28c44_Expanded.Maturated_Tyr_2Hz","LQT1_R594Q","Expanded.Maturated","2Hz","Yes","Tyr","dV/dt max y (V/s)",69.0673795319756,"20210614 Cell_ 1 _ HDF28c44"
"1008",2021-06-14,"20210614",1,"21614003","HDF28c44_Expanded.Maturated_Tyr_2Hz","LQT1_R594Q","Expanded.Maturated","2Hz","Yes","Tyr","APD 90 (ms)",270.48,"20210614 Cell_ 1 _ HDF28c44"
"1009",2021-06-14,"20210614",1,"21614004","HDF28c44_Expanded.Maturated_Tyr_3.33Hz","LQT1_R594Q","Expanded.Maturated","3.33Hz","Yes","Tyr","Ediast (mV)",-66.2825896251834,"20210614 Cell_ 1 _ HDF28c44"
"1010",2021-06-14,"20210614",1,"21614004","HDF28c44_Expanded.Maturated_Tyr_3.33Hz","LQT1_R594Q","Expanded.Maturated","3.33Hz","Yes","Tyr","APA (mV)",109.135981144444,"20210614 Cell_ 1 _ HDF28c44"
"1011",2021-06-14,"20210614",1,"21614004","HDF28c44_Expanded.Maturated_Tyr_3.33Hz","LQT1_R594Q","Expanded.Maturated","3.33Hz","Yes","Tyr","dV/dt max y (V/s)",37.3840314274787,"20210614 Cell_ 1 _ HDF28c44"
"1012",2021-06-14,"20210614",1,"21614004","HDF28c44_Expanded.Maturated_Tyr_3.33Hz","LQT1_R594Q","Expanded.Maturated","3.33Hz","Yes","Tyr","APD 90 (ms)",179.92,"20210614 Cell_ 1 _ HDF28c44"
"1013",2021-06-14,"20210614",2,"21614015","HDF28c44_Expanded.Maturated_Tyr_3.33Hz","LQT1_R594Q","Expanded.Maturated","3.33Hz","Yes","Tyr","Ediast (mV)",-83.0671957615512,"20210614 Cell_ 2 _ HDF28c44"
"1014",2021-06-14,"20210614",2,"21614015","HDF28c44_Expanded.Maturated_Tyr_3.33Hz","LQT1_R594Q","Expanded.Maturated","3.33Hz","Yes","Tyr","APA (mV)",130.683160296789,"20210614 Cell_ 2 _ HDF28c44"
"1015",2021-06-14,"20210614",2,"21614015","HDF28c44_Expanded.Maturated_Tyr_3.33Hz","LQT1_R594Q","Expanded.Maturated","3.33Hz","Yes","Tyr","dV/dt max y (V/s)",83.6852987595366,"20210614 Cell_ 2 _ HDF28c44"
"1016",2021-06-14,"20210614",2,"21614015","HDF28c44_Expanded.Maturated_Tyr_3.33Hz","LQT1_R594Q","Expanded.Maturated","3.33Hz","Yes","Tyr","APD 90 (ms)",201.44,"20210614 Cell_ 2 _ HDF28c44"
"1017",2021-06-14,"20210614",2,"21614016","HDF28c44_Expanded.Maturated_Tyr_4Hz","LQT1_R594Q","Expanded.Maturated","4Hz","Yes","Tyr","Ediast (mV)",-79.5541344049751,"20210614 Cell_ 2 _ HDF28c44"
"1018",2021-06-14,"20210614",2,"21614016","HDF28c44_Expanded.Maturated_Tyr_4Hz","LQT1_R594Q","Expanded.Maturated","4Hz","Yes","Tyr","APA (mV)",124.726861751573,"20210614 Cell_ 2 _ HDF28c44"
"1019",2021-06-14,"20210614",2,"21614016","HDF28c44_Expanded.Maturated_Tyr_4Hz","LQT1_R594Q","Expanded.Maturated","4Hz","Yes","Tyr","dV/dt max y (V/s)",61.0229463203153,"20210614 Cell_ 2 _ HDF28c44"
"1020",2021-06-14,"20210614",2,"21614016","HDF28c44_Expanded.Maturated_Tyr_4Hz","LQT1_R594Q","Expanded.Maturated","4Hz","Yes","Tyr","APD 90 (ms)",165.84,"20210614 Cell_ 2 _ HDF28c44"
"1021",2021-06-14,"20210614",2,"21614017","HDF28c44_Expanded.Maturated_Tyr_5Hz","LQT1_R594Q","Expanded.Maturated","5Hz","Yes","Tyr","Ediast (mV)",-76.1941492130034,"20210614 Cell_ 2 _ HDF28c44"
"1022",2021-06-14,"20210614",2,"21614017","HDF28c44_Expanded.Maturated_Tyr_5Hz","LQT1_R594Q","Expanded.Maturated","5Hz","Yes","Tyr","APA (mV)",119.286188181866,"20210614 Cell_ 2 _ HDF28c44"
"1023",2021-06-14,"20210614",2,"21614017","HDF28c44_Expanded.Maturated_Tyr_5Hz","LQT1_R594Q","Expanded.Maturated","5Hz","Yes","Tyr","dV/dt max y (V/s)",55.6091282180833,"20210614 Cell_ 2 _ HDF28c44"
"1024",2021-06-14,"20210614",2,"21614017","HDF28c44_Expanded.Maturated_Tyr_5Hz","LQT1_R594Q","Expanded.Maturated","5Hz","Yes","Tyr","APD 90 (ms)",135.84,"20210614 Cell_ 2 _ HDF28c44"
"1025",2021-06-14,"20210614",2,"21614019","HDF28c44_Expanded.Maturated_Tyr_0.5Hz","LQT1_R594Q","Expanded.Maturated","0.5Hz","Yes","Tyr","Ediast (mV)",-89.3323932178765,"20210614 Cell_ 2 _ HDF28c44"
"1026",2021-06-14,"20210614",2,"21614019","HDF28c44_Expanded.Maturated_Tyr_0.5Hz","LQT1_R594Q","Expanded.Maturated","0.5Hz","Yes","Tyr","APA (mV)",137.047234701543,"20210614 Cell_ 2 _ HDF28c44"
"1027",2021-06-14,"20210614",2,"21614019","HDF28c44_Expanded.Maturated_Tyr_0.5Hz","LQT1_R594Q","Expanded.Maturated","0.5Hz","Yes","Tyr","dV/dt max y (V/s)",140.310662280912,"20210614 Cell_ 2 _ HDF28c44"
"1028",2021-06-14,"20210614",2,"21614019","HDF28c44_Expanded.Maturated_Tyr_0.5Hz","LQT1_R594Q","Expanded.Maturated","0.5Hz","Yes","Tyr","APD 90 (ms)",231.08,"20210614 Cell_ 2 _ HDF28c44"
"1029",2021-06-14,"20210614",2,"21614020","HDF28c44_Expanded.Maturated_Tyr_1Hz","LQT1_R594Q","Expanded.Maturated","1Hz","Yes","Tyr","Ediast (mV)",-89.4959674288571,"20210614 Cell_ 2 _ HDF28c44"
"1030",2021-06-14,"20210614",2,"21614020","HDF28c44_Expanded.Maturated_Tyr_1Hz","LQT1_R594Q","Expanded.Maturated","1Hz","Yes","Tyr","APA (mV)",136.691399757507,"20210614 Cell_ 2 _ HDF28c44"
"1031",2021-06-14,"20210614",2,"21614020","HDF28c44_Expanded.Maturated_Tyr_1Hz","LQT1_R594Q","Expanded.Maturated","1Hz","Yes","Tyr","dV/dt max y (V/s)",134.991448666376,"20210614 Cell_ 2 _ HDF28c44"
"1032",2021-06-14,"20210614",2,"21614020","HDF28c44_Expanded.Maturated_Tyr_1Hz","LQT1_R594Q","Expanded.Maturated","1Hz","Yes","Tyr","APD 90 (ms)",231.04,"20210614 Cell_ 2 _ HDF28c44"
"1033",2021-06-14,"20210614",2,"21614021","HDF28c44_Expanded.Maturated_Tyr_2Hz","LQT1_R594Q","Expanded.Maturated","2Hz","Yes","Tyr","Ediast (mV)",-92.5966752893939,"20210614 Cell_ 2 _ HDF28c44"
"1034",2021-06-14,"20210614",2,"21614021","HDF28c44_Expanded.Maturated_Tyr_2Hz","LQT1_R594Q","Expanded.Maturated","2Hz","Yes","Tyr","APA (mV)",139.944695501421,"20210614 Cell_ 2 _ HDF28c44"
"1035",2021-06-14,"20210614",2,"21614021","HDF28c44_Expanded.Maturated_Tyr_2Hz","LQT1_R594Q","Expanded.Maturated","2Hz","Yes","Tyr","dV/dt max y (V/s)",125.119012611853,"20210614 Cell_ 2 _ HDF28c44"
"1036",2021-06-14,"20210614",2,"21614021","HDF28c44_Expanded.Maturated_Tyr_2Hz","LQT1_R594Q","Expanded.Maturated","2Hz","Yes","Tyr","APD 90 (ms)",227.4,"20210614 Cell_ 2 _ HDF28c44"
"1037",2021-06-14,"20210614",3,"21614025","HDF29c7_Expanded.Maturated_Tyr_0.5Hz","LQT1_R190W","Expanded.Maturated","0.5Hz","Yes","Tyr","Ediast (mV)",-68.2994962676668,"20210614 Cell_ 3 _ HDF29c7"
"1038",2021-06-14,"20210614",3,"21614025","HDF29c7_Expanded.Maturated_Tyr_0.5Hz","LQT1_R190W","Expanded.Maturated","0.5Hz","Yes","Tyr","APA (mV)",122.348565966099,"20210614 Cell_ 3 _ HDF29c7"
"1039",2021-06-14,"20210614",3,"21614025","HDF29c7_Expanded.Maturated_Tyr_0.5Hz","LQT1_R190W","Expanded.Maturated","0.5Hz","Yes","Tyr","dV/dt max y (V/s)",155.801384201395,"20210614 Cell_ 3 _ HDF29c7"
"1040",2021-06-14,"20210614",3,"21614025","HDF29c7_Expanded.Maturated_Tyr_0.5Hz","LQT1_R190W","Expanded.Maturated","0.5Hz","Yes","Tyr","APD 90 (ms)",122.52,"20210614 Cell_ 3 _ HDF29c7"
"1041",2021-06-14,"20210614",3,"21614026","HDF29c7_Expanded.Maturated_Tyr_1Hz","LQT1_R190W","Expanded.Maturated","1Hz","Yes","Tyr","Ediast (mV)",-64.317135616975,"20210614 Cell_ 3 _ HDF29c7"
"1042",2021-06-14,"20210614",3,"21614026","HDF29c7_Expanded.Maturated_Tyr_1Hz","LQT1_R190W","Expanded.Maturated","1Hz","Yes","Tyr","APA (mV)",116.115228859823,"20210614 Cell_ 3 _ HDF29c7"
"1043",2021-06-14,"20210614",3,"21614026","HDF29c7_Expanded.Maturated_Tyr_1Hz","LQT1_R190W","Expanded.Maturated","1Hz","Yes","Tyr","dV/dt max y (V/s)",159.359733641756,"20210614 Cell_ 3 _ HDF29c7"
"1044",2021-06-14,"20210614",3,"21614026","HDF29c7_Expanded.Maturated_Tyr_1Hz","LQT1_R190W","Expanded.Maturated","1Hz","Yes","Tyr","APD 90 (ms)",105.48,"20210614 Cell_ 3 _ HDF29c7"
"1045",2021-06-14,"20210614",4,"21614040","HDF29c7_Expanded.Maturated_Tyr_4Hz","LQT1_R190W","Expanded.Maturated","4Hz","Yes","Tyr","Ediast (mV)",-80.0017662196512,"20210614 Cell_ 4 _ HDF29c7"
"1046",2021-06-14,"20210614",4,"21614040","HDF29c7_Expanded.Maturated_Tyr_4Hz","LQT1_R190W","Expanded.Maturated","4Hz","Yes","Tyr","APA (mV)",127.513360642659,"20210614 Cell_ 4 _ HDF29c7"
"1047",2021-06-14,"20210614",4,"21614040","HDF29c7_Expanded.Maturated_Tyr_4Hz","LQT1_R190W","Expanded.Maturated","4Hz","Yes","Tyr","dV/dt max y (V/s)",240.121448555781,"20210614 Cell_ 4 _ HDF29c7"
"1048",2021-06-14,"20210614",4,"21614040","HDF29c7_Expanded.Maturated_Tyr_4Hz","LQT1_R190W","Expanded.Maturated","4Hz","Yes","Tyr","APD 90 (ms)",146.16,"20210614 Cell_ 4 _ HDF29c7"
"1049",2021-06-14,"20210614",4,"21614041","HDF29c7_Expanded.Maturated_Tyr_5Hz","LQT1_R190W","Expanded.Maturated","5Hz","Yes","Tyr","Ediast (mV)",-76.1564294882324,"20210614 Cell_ 4 _ HDF29c7"
"1050",2021-06-14,"20210614",4,"21614041","HDF29c7_Expanded.Maturated_Tyr_5Hz","LQT1_R190W","Expanded.Maturated","5Hz","Yes","Tyr","APA (mV)",120.033380529189,"20210614 Cell_ 4 _ HDF29c7"
"1051",2021-06-14,"20210614",4,"21614041","HDF29c7_Expanded.Maturated_Tyr_5Hz","LQT1_R190W","Expanded.Maturated","5Hz","Yes","Tyr","dV/dt max y (V/s)",235.018909735637,"20210614 Cell_ 4 _ HDF29c7"
"1052",2021-06-14,"20210614",4,"21614041","HDF29c7_Expanded.Maturated_Tyr_5Hz","LQT1_R190W","Expanded.Maturated","5Hz","Yes","Tyr","APD 90 (ms)",125.32,"20210614 Cell_ 4 _ HDF29c7"
"1053",2021-06-14,"20210614",5,"21614048","HDF29c7_Expanded.Maturated_Tyr_2Hz","LQT1_R190W","Expanded.Maturated","2Hz","Yes","Tyr","Ediast (mV)",-65.2539031506059,"20210614 Cell_ 5 _ HDF29c7"
"1054",2021-06-14,"20210614",5,"21614048","HDF29c7_Expanded.Maturated_Tyr_2Hz","LQT1_R190W","Expanded.Maturated","2Hz","Yes","Tyr","APA (mV)",114.110102001936,"20210614 Cell_ 5 _ HDF29c7"
"1055",2021-06-14,"20210614",5,"21614048","HDF29c7_Expanded.Maturated_Tyr_2Hz","LQT1_R190W","Expanded.Maturated","2Hz","Yes","Tyr","dV/dt max y (V/s)",183.016959080597,"20210614 Cell_ 5 _ HDF29c7"
"1056",2021-06-14,"20210614",5,"21614048","HDF29c7_Expanded.Maturated_Tyr_2Hz","LQT1_R190W","Expanded.Maturated","2Hz","Yes","Tyr","APD 90 (ms)",94.6,"20210614 Cell_ 5 _ HDF29c7"
"1057",2021-06-14,"20210614",5,"21614049","HDF29c7_Expanded.Maturated_Tyr_3.33Hz","LQT1_R190W","Expanded.Maturated","3.33Hz","Yes","Tyr","Ediast (mV)",-65.2838714109013,"20210614 Cell_ 5 _ HDF29c7"
"1058",2021-06-14,"20210614",5,"21614049","HDF29c7_Expanded.Maturated_Tyr_3.33Hz","LQT1_R190W","Expanded.Maturated","3.33Hz","Yes","Tyr","APA (mV)",111.049860448071,"20210614 Cell_ 5 _ HDF29c7"
"1059",2021-06-14,"20210614",5,"21614049","HDF29c7_Expanded.Maturated_Tyr_3.33Hz","LQT1_R190W","Expanded.Maturated","3.33Hz","Yes","Tyr","dV/dt max y (V/s)",172.811881440313,"20210614 Cell_ 5 _ HDF29c7"
"1060",2021-06-14,"20210614",5,"21614049","HDF29c7_Expanded.Maturated_Tyr_3.33Hz","LQT1_R190W","Expanded.Maturated","3.33Hz","Yes","Tyr","APD 90 (ms)",87.12,"20210614 Cell_ 5 _ HDF29c7"
"1061",2021-06-14,"20210614",5,"21614050","HDF29c7_Expanded.Maturated_Tyr_4Hz","LQT1_R190W","Expanded.Maturated","4Hz","Yes","Tyr","Ediast (mV)",-68.083553895111,"20210614 Cell_ 5 _ HDF29c7"
"1062",2021-06-14,"20210614",5,"21614050","HDF29c7_Expanded.Maturated_Tyr_4Hz","LQT1_R190W","Expanded.Maturated","4Hz","Yes","Tyr","APA (mV)",112.380426791122,"20210614 Cell_ 5 _ HDF29c7"
"1063",2021-06-14,"20210614",5,"21614050","HDF29c7_Expanded.Maturated_Tyr_4Hz","LQT1_R190W","Expanded.Maturated","4Hz","Yes","Tyr","dV/dt max y (V/s)",190.92101143955,"20210614 Cell_ 5 _ HDF29c7"
"1064",2021-06-14,"20210614",5,"21614050","HDF29c7_Expanded.Maturated_Tyr_4Hz","LQT1_R190W","Expanded.Maturated","4Hz","Yes","Tyr","APD 90 (ms)",85.8,"20210614 Cell_ 5 _ HDF29c7"
"1065",2021-06-14,"20210614",5,"21614052","HDF29c7_Expanded.Maturated_Tyr_5Hz","LQT1_R190W","Expanded.Maturated","5Hz","Yes","Tyr","Ediast (mV)",-69.8729214859018,"20210614 Cell_ 5 _ HDF29c7"
"1066",2021-06-14,"20210614",5,"21614052","HDF29c7_Expanded.Maturated_Tyr_5Hz","LQT1_R190W","Expanded.Maturated","5Hz","Yes","Tyr","APA (mV)",115.058466214704,"20210614 Cell_ 5 _ HDF29c7"
"1067",2021-06-14,"20210614",5,"21614052","HDF29c7_Expanded.Maturated_Tyr_5Hz","LQT1_R190W","Expanded.Maturated","5Hz","Yes","Tyr","dV/dt max y (V/s)",206.234731415312,"20210614 Cell_ 5 _ HDF29c7"
"1068",2021-06-14,"20210614",5,"21614052","HDF29c7_Expanded.Maturated_Tyr_5Hz","LQT1_R190W","Expanded.Maturated","5Hz","Yes","Tyr","APD 90 (ms)",84.8,"20210614 Cell_ 5 _ HDF29c7"
"1069",2021-06-14,"20210614",5,"21614054","HDF29c7_Expanded.Maturated_Tyr_1Hz","LQT1_R190W","Expanded.Maturated","1Hz","Yes","Tyr","Ediast (mV)",-68.5597501615554,"20210614 Cell_ 5 _ HDF29c7"
"1070",2021-06-14,"20210614",5,"21614054","HDF29c7_Expanded.Maturated_Tyr_1Hz","LQT1_R190W","Expanded.Maturated","1Hz","Yes","Tyr","APA (mV)",117.327448040526,"20210614 Cell_ 5 _ HDF29c7"
"1071",2021-06-14,"20210614",5,"21614054","HDF29c7_Expanded.Maturated_Tyr_1Hz","LQT1_R190W","Expanded.Maturated","1Hz","Yes","Tyr","dV/dt max y (V/s)",227.636707937841,"20210614 Cell_ 5 _ HDF29c7"
"1072",2021-06-14,"20210614",5,"21614054","HDF29c7_Expanded.Maturated_Tyr_1Hz","LQT1_R190W","Expanded.Maturated","1Hz","Yes","Tyr","APD 90 (ms)",95.08,"20210614 Cell_ 5 _ HDF29c7"
"1073",2021-06-14,"20210614",6,"21614059","HDF29c7_Expanded.Maturated_Tyr_0.5Hz","LQT1_R190W","Expanded.Maturated","0.5Hz","Yes","Tyr","Ediast (mV)",-67.6136442494617,"20210614 Cell_ 6 _ HDF29c7"
"1074",2021-06-14,"20210614",6,"21614059","HDF29c7_Expanded.Maturated_Tyr_0.5Hz","LQT1_R190W","Expanded.Maturated","0.5Hz","Yes","Tyr","APA (mV)",122.253534232331,"20210614 Cell_ 6 _ HDF29c7"
"1075",2021-06-14,"20210614",6,"21614059","HDF29c7_Expanded.Maturated_Tyr_0.5Hz","LQT1_R190W","Expanded.Maturated","0.5Hz","Yes","Tyr","dV/dt max y (V/s)",247.647082963957,"20210614 Cell_ 6 _ HDF29c7"
"1076",2021-06-14,"20210614",6,"21614059","HDF29c7_Expanded.Maturated_Tyr_0.5Hz","LQT1_R190W","Expanded.Maturated","0.5Hz","Yes","Tyr","APD 90 (ms)",133.2,"20210614 Cell_ 6 _ HDF29c7"
"1077",2021-06-14,"20210614",6,"21614060","HDF29c7_Expanded.Maturated_Tyr_1Hz","LQT1_R190W","Expanded.Maturated","1Hz","Yes","Tyr","Ediast (mV)",-70.9048428236069,"20210614 Cell_ 6 _ HDF29c7"
"1078",2021-06-14,"20210614",6,"21614060","HDF29c7_Expanded.Maturated_Tyr_1Hz","LQT1_R190W","Expanded.Maturated","1Hz","Yes","Tyr","APA (mV)",125.425714257442,"20210614 Cell_ 6 _ HDF29c7"
"1079",2021-06-14,"20210614",6,"21614060","HDF29c7_Expanded.Maturated_Tyr_1Hz","LQT1_R190W","Expanded.Maturated","1Hz","Yes","Tyr","dV/dt max y (V/s)",261.53868386664,"20210614 Cell_ 6 _ HDF29c7"
"1080",2021-06-14,"20210614",6,"21614060","HDF29c7_Expanded.Maturated_Tyr_1Hz","LQT1_R190W","Expanded.Maturated","1Hz","Yes","Tyr","APD 90 (ms)",132.8,"20210614 Cell_ 6 _ HDF29c7"
"1081",2021-06-14,"20210614",6,"21614061","HDF29c7_Expanded.Maturated_Tyr_2Hz","LQT1_R190W","Expanded.Maturated","2Hz","Yes","Tyr","Ediast (mV)",-72.9617885266885,"20210614 Cell_ 6 _ HDF29c7"
"1082",2021-06-14,"20210614",6,"21614061","HDF29c7_Expanded.Maturated_Tyr_2Hz","LQT1_R190W","Expanded.Maturated","2Hz","Yes","Tyr","APA (mV)",126.606195158403,"20210614 Cell_ 6 _ HDF29c7"
"1083",2021-06-14,"20210614",6,"21614061","HDF29c7_Expanded.Maturated_Tyr_2Hz","LQT1_R190W","Expanded.Maturated","2Hz","Yes","Tyr","dV/dt max y (V/s)",265.621935625822,"20210614 Cell_ 6 _ HDF29c7"
"1084",2021-06-14,"20210614",6,"21614061","HDF29c7_Expanded.Maturated_Tyr_2Hz","LQT1_R190W","Expanded.Maturated","2Hz","Yes","Tyr","APD 90 (ms)",118.76,"20210614 Cell_ 6 _ HDF29c7"
"1085",2021-06-14,"20210614",6,"21614062","HDF29c7_Expanded.Maturated_Tyr_3.33Hz","LQT1_R190W","Expanded.Maturated","3.33Hz","Yes","Tyr","Ediast (mV)",-74.8595545498307,"20210614 Cell_ 6 _ HDF29c7"
"1086",2021-06-14,"20210614",6,"21614062","HDF29c7_Expanded.Maturated_Tyr_3.33Hz","LQT1_R190W","Expanded.Maturated","3.33Hz","Yes","Tyr","APA (mV)",126.701593103091,"20210614 Cell_ 6 _ HDF29c7"
"1087",2021-06-14,"20210614",6,"21614062","HDF29c7_Expanded.Maturated_Tyr_3.33Hz","LQT1_R190W","Expanded.Maturated","3.33Hz","Yes","Tyr","dV/dt max y (V/s)",268.368517526616,"20210614 Cell_ 6 _ HDF29c7"
"1088",2021-06-14,"20210614",6,"21614062","HDF29c7_Expanded.Maturated_Tyr_3.33Hz","LQT1_R190W","Expanded.Maturated","3.33Hz","Yes","Tyr","APD 90 (ms)",107.56,"20210614 Cell_ 6 _ HDF29c7"
"1089",2021-06-14,"20210614",6,"21614063","HDF29c7_Expanded.Maturated_Tyr_4Hz","LQT1_R190W","Expanded.Maturated","4Hz","Yes","Tyr","Ediast (mV)",-74.2307704000089,"20210614 Cell_ 6 _ HDF29c7"
"1090",2021-06-14,"20210614",6,"21614063","HDF29c7_Expanded.Maturated_Tyr_4Hz","LQT1_R190W","Expanded.Maturated","4Hz","Yes","Tyr","APA (mV)",126.336480815745,"20210614 Cell_ 6 _ HDF29c7"
"1091",2021-06-14,"20210614",6,"21614063","HDF29c7_Expanded.Maturated_Tyr_4Hz","LQT1_R190W","Expanded.Maturated","4Hz","Yes","Tyr","dV/dt max y (V/s)",267.892443330478,"20210614 Cell_ 6 _ HDF29c7"
"1092",2021-06-14,"20210614",6,"21614063","HDF29c7_Expanded.Maturated_Tyr_4Hz","LQT1_R190W","Expanded.Maturated","4Hz","Yes","Tyr","APD 90 (ms)",100.2,"20210614 Cell_ 6 _ HDF29c7"
"1093",2021-06-14,"20210614",6,"21614064","HDF29c7_Expanded.Maturated_Tyr_5Hz","LQT1_R190W","Expanded.Maturated","5Hz","Yes","Tyr","Ediast (mV)",-73.4741176039167,"20210614 Cell_ 6 _ HDF29c7"
"1094",2021-06-14,"20210614",6,"21614064","HDF29c7_Expanded.Maturated_Tyr_5Hz","LQT1_R190W","Expanded.Maturated","5Hz","Yes","Tyr","APA (mV)",124.133905236768,"20210614 Cell_ 6 _ HDF29c7"
"1095",2021-06-14,"20210614",6,"21614064","HDF29c7_Expanded.Maturated_Tyr_5Hz","LQT1_R190W","Expanded.Maturated","5Hz","Yes","Tyr","dV/dt max y (V/s)",257.635485809847,"20210614 Cell_ 6 _ HDF29c7"
"1096",2021-06-14,"20210614",6,"21614064","HDF29c7_Expanded.Maturated_Tyr_5Hz","LQT1_R190W","Expanded.Maturated","5Hz","Yes","Tyr","APD 90 (ms)",91.4,"20210614 Cell_ 6 _ HDF29c7"
"1097",2021-06-14,"20210614",9,"21614075","HDF28c44_Expanded.Maturated_Tyr_0.5Hz","LQT1_R594Q","Expanded.Maturated","0.5Hz","Yes","Tyr","Ediast (mV)",-76.1256677709436,"20210614 Cell_ 9 _ HDF28c44"
"1098",2021-06-14,"20210614",9,"21614075","HDF28c44_Expanded.Maturated_Tyr_0.5Hz","LQT1_R594Q","Expanded.Maturated","0.5Hz","Yes","Tyr","APA (mV)",127.30974737108,"20210614 Cell_ 9 _ HDF28c44"
"1099",2021-06-14,"20210614",9,"21614075","HDF28c44_Expanded.Maturated_Tyr_0.5Hz","LQT1_R594Q","Expanded.Maturated","0.5Hz","Yes","Tyr","dV/dt max y (V/s)",178.36913215292,"20210614 Cell_ 9 _ HDF28c44"
"1100",2021-06-14,"20210614",9,"21614075","HDF28c44_Expanded.Maturated_Tyr_0.5Hz","LQT1_R594Q","Expanded.Maturated","0.5Hz","Yes","Tyr","APD 90 (ms)",207,"20210614 Cell_ 9 _ HDF28c44"
"1101",2021-06-14,"20210614",9,"21614077","HDF28c44_Expanded.Maturated_Tyr_1Hz","LQT1_R594Q","Expanded.Maturated","1Hz","Yes","Tyr","Ediast (mV)",-78.9169274039908,"20210614 Cell_ 9 _ HDF28c44"
"1102",2021-06-14,"20210614",9,"21614077","HDF28c44_Expanded.Maturated_Tyr_1Hz","LQT1_R594Q","Expanded.Maturated","1Hz","Yes","Tyr","APA (mV)",130.354913242068,"20210614 Cell_ 9 _ HDF28c44"
"1103",2021-06-14,"20210614",9,"21614077","HDF28c44_Expanded.Maturated_Tyr_1Hz","LQT1_R594Q","Expanded.Maturated","1Hz","Yes","Tyr","dV/dt max y (V/s)",180.889883986317,"20210614 Cell_ 9 _ HDF28c44"
"1104",2021-06-14,"20210614",9,"21614077","HDF28c44_Expanded.Maturated_Tyr_1Hz","LQT1_R594Q","Expanded.Maturated","1Hz","Yes","Tyr","APD 90 (ms)",209.88,"20210614 Cell_ 9 _ HDF28c44"
"1105",2021-06-14,"20210614",9,"21614078","HDF28c44_Expanded.Maturated_Tyr_2Hz","LQT1_R594Q","Expanded.Maturated","2Hz","Yes","Tyr","Ediast (mV)",-80.6761436290263,"20210614 Cell_ 9 _ HDF28c44"
"1106",2021-06-14,"20210614",9,"21614078","HDF28c44_Expanded.Maturated_Tyr_2Hz","LQT1_R594Q","Expanded.Maturated","2Hz","Yes","Tyr","APA (mV)",130.657830708149,"20210614 Cell_ 9 _ HDF28c44"
"1107",2021-06-14,"20210614",9,"21614078","HDF28c44_Expanded.Maturated_Tyr_2Hz","LQT1_R594Q","Expanded.Maturated","2Hz","Yes","Tyr","dV/dt max y (V/s)",163.580314495977,"20210614 Cell_ 9 _ HDF28c44"
"1108",2021-06-14,"20210614",9,"21614078","HDF28c44_Expanded.Maturated_Tyr_2Hz","LQT1_R594Q","Expanded.Maturated","2Hz","Yes","Tyr","APD 90 (ms)",187.92,"20210614 Cell_ 9 _ HDF28c44"
"1109",2021-06-14,"20210614",9,"21614080","HDF28c44_Expanded.Maturated_Tyr_3.33Hz","LQT1_R594Q","Expanded.Maturated","3.33Hz","Yes","Tyr","Ediast (mV)",-79.3768883196439,"20210614 Cell_ 9 _ HDF28c44"
"1110",2021-06-14,"20210614",9,"21614080","HDF28c44_Expanded.Maturated_Tyr_3.33Hz","LQT1_R594Q","Expanded.Maturated","3.33Hz","Yes","Tyr","APA (mV)",127.146661441326,"20210614 Cell_ 9 _ HDF28c44"
"1111",2021-06-14,"20210614",9,"21614080","HDF28c44_Expanded.Maturated_Tyr_3.33Hz","LQT1_R594Q","Expanded.Maturated","3.33Hz","Yes","Tyr","dV/dt max y (V/s)",163.165275453191,"20210614 Cell_ 9 _ HDF28c44"
"1112",2021-06-14,"20210614",9,"21614080","HDF28c44_Expanded.Maturated_Tyr_3.33Hz","LQT1_R594Q","Expanded.Maturated","3.33Hz","Yes","Tyr","APD 90 (ms)",162.72,"20210614 Cell_ 9 _ HDF28c44"
"1113",2021-06-14,"20210614",9,"21614081","HDF28c44_Expanded.Maturated_Tyr_4Hz","LQT1_R594Q","Expanded.Maturated","4Hz","Yes","Tyr","Ediast (mV)",-79.0396080622263,"20210614 Cell_ 9 _ HDF28c44"
"1114",2021-06-14,"20210614",9,"21614081","HDF28c44_Expanded.Maturated_Tyr_4Hz","LQT1_R594Q","Expanded.Maturated","4Hz","Yes","Tyr","APA (mV)",124.855645925144,"20210614 Cell_ 9 _ HDF28c44"
"1115",2021-06-14,"20210614",9,"21614081","HDF28c44_Expanded.Maturated_Tyr_4Hz","LQT1_R594Q","Expanded.Maturated","4Hz","Yes","Tyr","dV/dt max y (V/s)",147.842400204426,"20210614 Cell_ 9 _ HDF28c44"
"1116",2021-06-14,"20210614",9,"21614081","HDF28c44_Expanded.Maturated_Tyr_4Hz","LQT1_R594Q","Expanded.Maturated","4Hz","Yes","Tyr","APD 90 (ms)",139.56,"20210614 Cell_ 9 _ HDF28c44"
"1117",2021-06-14,"20210614",9,"21614082","HDF28c44_Expanded.Maturated_Tyr_5Hz","LQT1_R594Q","Expanded.Maturated","5Hz","Yes","Tyr","Ediast (mV)",-75.8817102629997,"20210614 Cell_ 9 _ HDF28c44"
"1118",2021-06-14,"20210614",9,"21614082","HDF28c44_Expanded.Maturated_Tyr_5Hz","LQT1_R594Q","Expanded.Maturated","5Hz","Yes","Tyr","APA (mV)",121.136224715088,"20210614 Cell_ 9 _ HDF28c44"
"1119",2021-06-14,"20210614",9,"21614082","HDF28c44_Expanded.Maturated_Tyr_5Hz","LQT1_R594Q","Expanded.Maturated","5Hz","Yes","Tyr","dV/dt max y (V/s)",154.235832517941,"20210614 Cell_ 9 _ HDF28c44"
"1120",2021-06-14,"20210614",9,"21614082","HDF28c44_Expanded.Maturated_Tyr_5Hz","LQT1_R594Q","Expanded.Maturated","5Hz","Yes","Tyr","APD 90 (ms)",109.88,"20210614 Cell_ 9 _ HDF28c44"
"1121",2021-06-14,"20210614",10,"21614087","HDF28c44_Expanded.Maturated_Tyr_0.5Hz","LQT1_R594Q","Expanded.Maturated","0.5Hz","Yes","Tyr","Ediast (mV)",-68.1952482257433,"20210614 Cell_ 10 _ HDF28c44"
"1122",2021-06-14,"20210614",10,"21614087","HDF28c44_Expanded.Maturated_Tyr_0.5Hz","LQT1_R594Q","Expanded.Maturated","0.5Hz","Yes","Tyr","APA (mV)",120.205133450719,"20210614 Cell_ 10 _ HDF28c44"
"1123",2021-06-14,"20210614",10,"21614087","HDF28c44_Expanded.Maturated_Tyr_0.5Hz","LQT1_R594Q","Expanded.Maturated","0.5Hz","Yes","Tyr","dV/dt max y (V/s)",137.524407530443,"20210614 Cell_ 10 _ HDF28c44"
"1124",2021-06-14,"20210614",10,"21614087","HDF28c44_Expanded.Maturated_Tyr_0.5Hz","LQT1_R594Q","Expanded.Maturated","0.5Hz","Yes","Tyr","APD 90 (ms)",437.84,"20210614 Cell_ 10 _ HDF28c44"
"1125",2021-06-14,"20210614",10,"21614090","HDF28c44_Expanded.Maturated_Tyr_2Hz","LQT1_R594Q","Expanded.Maturated","2Hz","Yes","Tyr","Ediast (mV)",-70.6068692049474,"20210614 Cell_ 10 _ HDF28c44"
"1126",2021-06-14,"20210614",10,"21614090","HDF28c44_Expanded.Maturated_Tyr_2Hz","LQT1_R594Q","Expanded.Maturated","2Hz","Yes","Tyr","APA (mV)",119.981256508227,"20210614 Cell_ 10 _ HDF28c44"
"1127",2021-06-14,"20210614",10,"21614090","HDF28c44_Expanded.Maturated_Tyr_2Hz","LQT1_R594Q","Expanded.Maturated","2Hz","Yes","Tyr","dV/dt max y (V/s)",113.818353968918,"20210614 Cell_ 10 _ HDF28c44"
"1128",2021-06-14,"20210614",10,"21614090","HDF28c44_Expanded.Maturated_Tyr_2Hz","LQT1_R594Q","Expanded.Maturated","2Hz","Yes","Tyr","APD 90 (ms)",268.96,"20210614 Cell_ 10 _ HDF28c44"
"1129",2021-06-14,"20210614",10,"21614091","HDF28c44_Expanded.Maturated_Tyr_3.33Hz","LQT1_R594Q","Expanded.Maturated","3.33Hz","Yes","Tyr","Ediast (mV)",-63.3622406427988,"20210614 Cell_ 10 _ HDF28c44"
"1130",2021-06-14,"20210614",10,"21614091","HDF28c44_Expanded.Maturated_Tyr_3.33Hz","LQT1_R594Q","Expanded.Maturated","3.33Hz","Yes","Tyr","APA (mV)",110.445978640816,"20210614 Cell_ 10 _ HDF28c44"
"1131",2021-06-14,"20210614",10,"21614091","HDF28c44_Expanded.Maturated_Tyr_3.33Hz","LQT1_R594Q","Expanded.Maturated","3.33Hz","Yes","Tyr","dV/dt max y (V/s)",73.6877406406449,"20210614 Cell_ 10 _ HDF28c44"
"1132",2021-06-14,"20210614",10,"21614091","HDF28c44_Expanded.Maturated_Tyr_3.33Hz","LQT1_R594Q","Expanded.Maturated","3.33Hz","Yes","Tyr","APD 90 (ms)",165.48,"20210614 Cell_ 10 _ HDF28c44"
"1133",2021-06-14,"20210614",10,"21614092","HDF28c44_Expanded.Maturated_Tyr_4Hz","LQT1_R594Q","Expanded.Maturated","4Hz","Yes","Tyr","Ediast (mV)",-61.6983613272976,"20210614 Cell_ 10 _ HDF28c44"
"1134",2021-06-14,"20210614",10,"21614092","HDF28c44_Expanded.Maturated_Tyr_4Hz","LQT1_R594Q","Expanded.Maturated","4Hz","Yes","Tyr","APA (mV)",105.655878770678,"20210614 Cell_ 10 _ HDF28c44"
"1135",2021-06-14,"20210614",10,"21614092","HDF28c44_Expanded.Maturated_Tyr_4Hz","LQT1_R594Q","Expanded.Maturated","4Hz","Yes","Tyr","dV/dt max y (V/s)",65.7653777356873,"20210614 Cell_ 10 _ HDF28c44"
"1136",2021-06-14,"20210614",10,"21614092","HDF28c44_Expanded.Maturated_Tyr_4Hz","LQT1_R594Q","Expanded.Maturated","4Hz","Yes","Tyr","APD 90 (ms)",134,"20210614 Cell_ 10 _ HDF28c44"
"1137",2021-06-14,"20210614",10,"21614093","HDF28c44_Expanded.Maturated_Tyr_5Hz","LQT1_R594Q","Expanded.Maturated","5Hz","Yes","Tyr","Ediast (mV)",-64.3380706745744,"20210614 Cell_ 10 _ HDF28c44"
"1138",2021-06-14,"20210614",10,"21614093","HDF28c44_Expanded.Maturated_Tyr_5Hz","LQT1_R594Q","Expanded.Maturated","5Hz","Yes","Tyr","APA (mV)",107.779230720605,"20210614 Cell_ 10 _ HDF28c44"
"1139",2021-06-14,"20210614",10,"21614093","HDF28c44_Expanded.Maturated_Tyr_5Hz","LQT1_R594Q","Expanded.Maturated","5Hz","Yes","Tyr","dV/dt max y (V/s)",66.9280974070237,"20210614 Cell_ 10 _ HDF28c44"
"1140",2021-06-14,"20210614",10,"21614093","HDF28c44_Expanded.Maturated_Tyr_5Hz","LQT1_R594Q","Expanded.Maturated","5Hz","Yes","Tyr","APD 90 (ms)",120.96,"20210614 Cell_ 10 _ HDF28c44"
"1141",2021-06-14,"20210614",10,"21614094","HDF28c44_Expanded.Maturated_Tyr_1Hz","LQT1_R594Q","Expanded.Maturated","1Hz","Yes","Tyr","Ediast (mV)",-78.6954918676335,"20210614 Cell_ 10 _ HDF28c44"
"1142",2021-06-14,"20210614",10,"21614094","HDF28c44_Expanded.Maturated_Tyr_1Hz","LQT1_R594Q","Expanded.Maturated","1Hz","Yes","Tyr","APA (mV)",126.730767906393,"20210614 Cell_ 10 _ HDF28c44"
"1143",2021-06-14,"20210614",10,"21614094","HDF28c44_Expanded.Maturated_Tyr_1Hz","LQT1_R594Q","Expanded.Maturated","1Hz","Yes","Tyr","dV/dt max y (V/s)",158.12072002873,"20210614 Cell_ 10 _ HDF28c44"
"1144",2021-06-14,"20210614",10,"21614094","HDF28c44_Expanded.Maturated_Tyr_1Hz","LQT1_R594Q","Expanded.Maturated","1Hz","Yes","Tyr","APD 90 (ms)",235,"20210614 Cell_ 10 _ HDF28c44"
"1145",2021-06-14,"20210614",11,"21614099","HDF29c7_Expanded.Maturated_Tyr_0.5Hz","LQT1_R190W","Expanded.Maturated","0.5Hz","Yes","Tyr","Ediast (mV)",-61.3861665179073,"20210614 Cell_ 11 _ HDF29c7"
"1146",2021-06-14,"20210614",11,"21614099","HDF29c7_Expanded.Maturated_Tyr_0.5Hz","LQT1_R190W","Expanded.Maturated","0.5Hz","Yes","Tyr","APA (mV)",119.943292642843,"20210614 Cell_ 11 _ HDF29c7"
"1147",2021-06-14,"20210614",11,"21614099","HDF29c7_Expanded.Maturated_Tyr_0.5Hz","LQT1_R190W","Expanded.Maturated","0.5Hz","Yes","Tyr","dV/dt max y (V/s)",149.621574924603,"20210614 Cell_ 11 _ HDF29c7"
"1148",2021-06-14,"20210614",11,"21614099","HDF29c7_Expanded.Maturated_Tyr_0.5Hz","LQT1_R190W","Expanded.Maturated","0.5Hz","Yes","Tyr","APD 90 (ms)",164.04,"20210614 Cell_ 11 _ HDF29c7"
"1149",2021-06-14,"20210614",11,"21614101","HDF29c7_Expanded.Maturated_Tyr_1Hz","LQT1_R190W","Expanded.Maturated","1Hz","Yes","Tyr","Ediast (mV)",-69.2446866524601,"20210614 Cell_ 11 _ HDF29c7"
"1150",2021-06-14,"20210614",11,"21614101","HDF29c7_Expanded.Maturated_Tyr_1Hz","LQT1_R190W","Expanded.Maturated","1Hz","Yes","Tyr","APA (mV)",125.329889066681,"20210614 Cell_ 11 _ HDF29c7"
"1151",2021-06-14,"20210614",11,"21614101","HDF29c7_Expanded.Maturated_Tyr_1Hz","LQT1_R190W","Expanded.Maturated","1Hz","Yes","Tyr","dV/dt max y (V/s)",156.350700581552,"20210614 Cell_ 11 _ HDF29c7"
"1152",2021-06-14,"20210614",11,"21614101","HDF29c7_Expanded.Maturated_Tyr_1Hz","LQT1_R190W","Expanded.Maturated","1Hz","Yes","Tyr","APD 90 (ms)",209.16,"20210614 Cell_ 11 _ HDF29c7"
"1153",2021-06-14,"20210614",11,"21614103","HDF29c7_Expanded.Maturated_Tyr_2Hz","LQT1_R190W","Expanded.Maturated","2Hz","Yes","Tyr","Ediast (mV)",-80.661312086762,"20210614 Cell_ 11 _ HDF29c7"
"1154",2021-06-14,"20210614",11,"21614103","HDF29c7_Expanded.Maturated_Tyr_2Hz","LQT1_R190W","Expanded.Maturated","2Hz","Yes","Tyr","APA (mV)",136.877129729154,"20210614 Cell_ 11 _ HDF29c7"
"1155",2021-06-14,"20210614",11,"21614103","HDF29c7_Expanded.Maturated_Tyr_2Hz","LQT1_R190W","Expanded.Maturated","2Hz","Yes","Tyr","dV/dt max y (V/s)",160.772697441833,"20210614 Cell_ 11 _ HDF29c7"
"1156",2021-06-14,"20210614",11,"21614103","HDF29c7_Expanded.Maturated_Tyr_2Hz","LQT1_R190W","Expanded.Maturated","2Hz","Yes","Tyr","APD 90 (ms)",250.4,"20210614 Cell_ 11 _ HDF29c7"
"1157",2021-06-14,"20210614",11,"21614107","HDF29c7_Expanded.Maturated_Tyr_3.33Hz","LQT1_R190W","Expanded.Maturated","3.33Hz","Yes","Tyr","Ediast (mV)",-84.1052816497447,"20210614 Cell_ 11 _ HDF29c7"
"1158",2021-06-14,"20210614",11,"21614107","HDF29c7_Expanded.Maturated_Tyr_3.33Hz","LQT1_R190W","Expanded.Maturated","3.33Hz","Yes","Tyr","APA (mV)",138.995415761353,"20210614 Cell_ 11 _ HDF29c7"
"1159",2021-06-14,"20210614",11,"21614107","HDF29c7_Expanded.Maturated_Tyr_3.33Hz","LQT1_R190W","Expanded.Maturated","3.33Hz","Yes","Tyr","dV/dt max y (V/s)",157.757560866293,"20210614 Cell_ 11 _ HDF29c7"
"1160",2021-06-14,"20210614",11,"21614107","HDF29c7_Expanded.Maturated_Tyr_3.33Hz","LQT1_R190W","Expanded.Maturated","3.33Hz","Yes","Tyr","APD 90 (ms)",203.8,"20210614 Cell_ 11 _ HDF29c7"
"1161",2021-06-14,"20210614",11,"21614108","HDF29c7_Expanded.Maturated_Tyr_4Hz","LQT1_R190W","Expanded.Maturated","4Hz","Yes","Tyr","Ediast (mV)",-86.1368977641856,"20210614 Cell_ 11 _ HDF29c7"
"1162",2021-06-14,"20210614",11,"21614108","HDF29c7_Expanded.Maturated_Tyr_4Hz","LQT1_R190W","Expanded.Maturated","4Hz","Yes","Tyr","APA (mV)",139.317437230433,"20210614 Cell_ 11 _ HDF29c7"
"1163",2021-06-14,"20210614",11,"21614108","HDF29c7_Expanded.Maturated_Tyr_4Hz","LQT1_R190W","Expanded.Maturated","4Hz","Yes","Tyr","dV/dt max y (V/s)",125.195306553542,"20210614 Cell_ 11 _ HDF29c7"
"1164",2021-06-14,"20210614",11,"21614108","HDF29c7_Expanded.Maturated_Tyr_4Hz","LQT1_R190W","Expanded.Maturated","4Hz","Yes","Tyr","APD 90 (ms)",178.96,"20210614 Cell_ 11 _ HDF29c7"
"1165",2021-06-14,"20210614",11,"21614111","HDF29c7_Expanded.Maturated_Tyr_5Hz","LQT1_R190W","Expanded.Maturated","5Hz","Yes","Tyr","Ediast (mV)",-81.3079185013623,"20210614 Cell_ 11 _ HDF29c7"
"1166",2021-06-14,"20210614",11,"21614111","HDF29c7_Expanded.Maturated_Tyr_5Hz","LQT1_R190W","Expanded.Maturated","5Hz","Yes","Tyr","APA (mV)",132.681207076887,"20210614 Cell_ 11 _ HDF29c7"
"1167",2021-06-14,"20210614",11,"21614111","HDF29c7_Expanded.Maturated_Tyr_5Hz","LQT1_R190W","Expanded.Maturated","5Hz","Yes","Tyr","dV/dt max y (V/s)",93.5577348140585,"20210614 Cell_ 11 _ HDF29c7"
"1168",2021-06-14,"20210614",11,"21614111","HDF29c7_Expanded.Maturated_Tyr_5Hz","LQT1_R190W","Expanded.Maturated","5Hz","Yes","Tyr","APD 90 (ms)",145.32,"20210614 Cell_ 11 _ HDF29c7"
"1169",2021-06-14,"20210614",12,"21614117","HDF29c7_Expanded.Maturated_Tyr_0.5Hz","LQT1_R190W","Expanded.Maturated","0.5Hz","Yes","Tyr","Ediast (mV)",-71.6217617348676,"20210614 Cell_ 12 _ HDF29c7"
"1170",2021-06-14,"20210614",12,"21614117","HDF29c7_Expanded.Maturated_Tyr_0.5Hz","LQT1_R190W","Expanded.Maturated","0.5Hz","Yes","Tyr","APA (mV)",125.380914454882,"20210614 Cell_ 12 _ HDF29c7"
"1171",2021-06-14,"20210614",12,"21614117","HDF29c7_Expanded.Maturated_Tyr_0.5Hz","LQT1_R190W","Expanded.Maturated","0.5Hz","Yes","Tyr","dV/dt max y (V/s)",117.123407522872,"20210614 Cell_ 12 _ HDF29c7"
"1172",2021-06-14,"20210614",12,"21614117","HDF29c7_Expanded.Maturated_Tyr_0.5Hz","LQT1_R190W","Expanded.Maturated","0.5Hz","Yes","Tyr","APD 90 (ms)",243.84,"20210614 Cell_ 12 _ HDF29c7"
"1173",2021-06-14,"20210614",12,"21614118","HDF29c7_Expanded.Maturated_Tyr_1Hz","LQT1_R190W","Expanded.Maturated","1Hz","Yes","Tyr","Ediast (mV)",-70.9428066889912,"20210614 Cell_ 12 _ HDF29c7"
"1174",2021-06-14,"20210614",12,"21614118","HDF29c7_Expanded.Maturated_Tyr_1Hz","LQT1_R190W","Expanded.Maturated","1Hz","Yes","Tyr","APA (mV)",123.350030762282,"20210614 Cell_ 12 _ HDF29c7"
"1175",2021-06-14,"20210614",12,"21614118","HDF29c7_Expanded.Maturated_Tyr_1Hz","LQT1_R190W","Expanded.Maturated","1Hz","Yes","Tyr","dV/dt max y (V/s)",106.216425619053,"20210614 Cell_ 12 _ HDF29c7"
"1176",2021-06-14,"20210614",12,"21614118","HDF29c7_Expanded.Maturated_Tyr_1Hz","LQT1_R190W","Expanded.Maturated","1Hz","Yes","Tyr","APD 90 (ms)",223.68,"20210614 Cell_ 12 _ HDF29c7"
"1177",2021-06-14,"20210614",12,"21614120","HDF29c7_Expanded.Maturated_Tyr_2Hz","LQT1_R190W","Expanded.Maturated","2Hz","Yes","Tyr","Ediast (mV)",-73.9650233423187,"20210614 Cell_ 12 _ HDF29c7"
"1178",2021-06-14,"20210614",12,"21614120","HDF29c7_Expanded.Maturated_Tyr_2Hz","LQT1_R190W","Expanded.Maturated","2Hz","Yes","Tyr","APA (mV)",123.927179172369,"20210614 Cell_ 12 _ HDF29c7"
"1179",2021-06-14,"20210614",12,"21614120","HDF29c7_Expanded.Maturated_Tyr_2Hz","LQT1_R190W","Expanded.Maturated","2Hz","Yes","Tyr","dV/dt max y (V/s)",86.2335164119403,"20210614 Cell_ 12 _ HDF29c7"
"1180",2021-06-14,"20210614",12,"21614120","HDF29c7_Expanded.Maturated_Tyr_2Hz","LQT1_R190W","Expanded.Maturated","2Hz","Yes","Tyr","APD 90 (ms)",223.72,"20210614 Cell_ 12 _ HDF29c7"
"1181",2021-06-14,"20210614",12,"21614122","HDF29c7_Expanded.Maturated_Tyr_3.33Hz","LQT1_R190W","Expanded.Maturated","3.33Hz","Yes","Tyr","Ediast (mV)",-69.7047086032665,"20210614 Cell_ 12 _ HDF29c7"
"1182",2021-06-14,"20210614",12,"21614122","HDF29c7_Expanded.Maturated_Tyr_3.33Hz","LQT1_R190W","Expanded.Maturated","3.33Hz","Yes","Tyr","APA (mV)",116.530878254143,"20210614 Cell_ 12 _ HDF29c7"
"1183",2021-06-14,"20210614",12,"21614122","HDF29c7_Expanded.Maturated_Tyr_3.33Hz","LQT1_R190W","Expanded.Maturated","3.33Hz","Yes","Tyr","dV/dt max y (V/s)",52.9174779553046,"20210614 Cell_ 12 _ HDF29c7"
"1184",2021-06-14,"20210614",12,"21614122","HDF29c7_Expanded.Maturated_Tyr_3.33Hz","LQT1_R190W","Expanded.Maturated","3.33Hz","Yes","Tyr","APD 90 (ms)",177.96,"20210614 Cell_ 12 _ HDF29c7"
"1185",2021-06-14,"20210614",12,"21614123","HDF29c7_Expanded.Maturated_Tyr_4Hz","LQT1_R190W","Expanded.Maturated","4Hz","Yes","Tyr","Ediast (mV)",-70.2640347485749,"20210614 Cell_ 12 _ HDF29c7"
"1186",2021-06-14,"20210614",12,"21614123","HDF29c7_Expanded.Maturated_Tyr_4Hz","LQT1_R190W","Expanded.Maturated","4Hz","Yes","Tyr","APA (mV)",117.52294363671,"20210614 Cell_ 12 _ HDF29c7"
"1187",2021-06-14,"20210614",12,"21614123","HDF29c7_Expanded.Maturated_Tyr_4Hz","LQT1_R190W","Expanded.Maturated","4Hz","Yes","Tyr","dV/dt max y (V/s)",75.9735071336398,"20210614 Cell_ 12 _ HDF29c7"
"1188",2021-06-14,"20210614",12,"21614123","HDF29c7_Expanded.Maturated_Tyr_4Hz","LQT1_R190W","Expanded.Maturated","4Hz","Yes","Tyr","APD 90 (ms)",177.36,"20210614 Cell_ 12 _ HDF29c7"
"1189",2021-06-15,"20210615",1,"21615002","HDF28c44_Expanded.Maturated_Tyr_0.5Hz","LQT1_R594Q","Expanded.Maturated","0.5Hz","Yes","Tyr","Ediast (mV)",-60.3188447912586,"20210615 Cell_ 1 _ HDF28c44"
"1190",2021-06-15,"20210615",1,"21615002","HDF28c44_Expanded.Maturated_Tyr_0.5Hz","LQT1_R594Q","Expanded.Maturated","0.5Hz","Yes","Tyr","APA (mV)",103.566523401167,"20210615 Cell_ 1 _ HDF28c44"
"1191",2021-06-15,"20210615",1,"21615002","HDF28c44_Expanded.Maturated_Tyr_0.5Hz","LQT1_R594Q","Expanded.Maturated","0.5Hz","Yes","Tyr","dV/dt max y (V/s)",103.720087846998,"20210615 Cell_ 1 _ HDF28c44"
"1192",2021-06-15,"20210615",1,"21615002","HDF28c44_Expanded.Maturated_Tyr_0.5Hz","LQT1_R594Q","Expanded.Maturated","0.5Hz","Yes","Tyr","APD 90 (ms)",153.88,"20210615 Cell_ 1 _ HDF28c44"
"1193",2021-06-15,"20210615",1,"21615003","HDF28c44_Expanded.Maturated_Tyr_1Hz","LQT1_R594Q","Expanded.Maturated","1Hz","Yes","Tyr","Ediast (mV)",-59.4243746188999,"20210615 Cell_ 1 _ HDF28c44"
"1194",2021-06-15,"20210615",1,"21615003","HDF28c44_Expanded.Maturated_Tyr_1Hz","LQT1_R594Q","Expanded.Maturated","1Hz","Yes","Tyr","APA (mV)",99.1362867951853,"20210615 Cell_ 1 _ HDF28c44"
"1195",2021-06-15,"20210615",1,"21615003","HDF28c44_Expanded.Maturated_Tyr_1Hz","LQT1_R594Q","Expanded.Maturated","1Hz","Yes","Tyr","dV/dt max y (V/s)",91.6931108791863,"20210615 Cell_ 1 _ HDF28c44"
"1196",2021-06-15,"20210615",1,"21615003","HDF28c44_Expanded.Maturated_Tyr_1Hz","LQT1_R594Q","Expanded.Maturated","1Hz","Yes","Tyr","APD 90 (ms)",107.2,"20210615 Cell_ 1 _ HDF28c44"
"1197",2021-06-15,"20210615",1,"21615005","HDF28c44_Expanded.Maturated_Tyr_2Hz","LQT1_R594Q","Expanded.Maturated","2Hz","Yes","Tyr","Ediast (mV)",-66.1348235189207,"20210615 Cell_ 1 _ HDF28c44"
"1198",2021-06-15,"20210615",1,"21615005","HDF28c44_Expanded.Maturated_Tyr_2Hz","LQT1_R594Q","Expanded.Maturated","2Hz","Yes","Tyr","APA (mV)",104.441706465066,"20210615 Cell_ 1 _ HDF28c44"
"1199",2021-06-15,"20210615",1,"21615005","HDF28c44_Expanded.Maturated_Tyr_2Hz","LQT1_R594Q","Expanded.Maturated","2Hz","Yes","Tyr","dV/dt max y (V/s)",92.8527787928548,"20210615 Cell_ 1 _ HDF28c44"
"1200",2021-06-15,"20210615",1,"21615005","HDF28c44_Expanded.Maturated_Tyr_2Hz","LQT1_R594Q","Expanded.Maturated","2Hz","Yes","Tyr","APD 90 (ms)",103.68,"20210615 Cell_ 1 _ HDF28c44"
"1201",2021-06-15,"20210615",1,"21615006","HDF28c44_Expanded.Maturated_Tyr_3.33Hz","LQT1_R594Q","Expanded.Maturated","3.33Hz","Yes","Tyr","Ediast (mV)",-69.4030118402526,"20210615 Cell_ 1 _ HDF28c44"
"1202",2021-06-15,"20210615",1,"21615006","HDF28c44_Expanded.Maturated_Tyr_3.33Hz","LQT1_R594Q","Expanded.Maturated","3.33Hz","Yes","Tyr","APA (mV)",112.89238965743,"20210615 Cell_ 1 _ HDF28c44"
"1203",2021-06-15,"20210615",1,"21615006","HDF28c44_Expanded.Maturated_Tyr_3.33Hz","LQT1_R594Q","Expanded.Maturated","3.33Hz","Yes","Tyr","dV/dt max y (V/s)",95.4254105065991,"20210615 Cell_ 1 _ HDF28c44"
"1204",2021-06-15,"20210615",1,"21615006","HDF28c44_Expanded.Maturated_Tyr_3.33Hz","LQT1_R594Q","Expanded.Maturated","3.33Hz","Yes","Tyr","APD 90 (ms)",79.68,"20210615 Cell_ 1 _ HDF28c44"
"1205",2021-06-15,"20210615",1,"21615007","HDF28c44_Expanded.Maturated_Tyr_4Hz","LQT1_R594Q","Expanded.Maturated","4Hz","Yes","Tyr","Ediast (mV)",-63.4905365351426,"20210615 Cell_ 1 _ HDF28c44"
"1206",2021-06-15,"20210615",1,"21615007","HDF28c44_Expanded.Maturated_Tyr_4Hz","LQT1_R594Q","Expanded.Maturated","4Hz","Yes","Tyr","APA (mV)",102.499934096358,"20210615 Cell_ 1 _ HDF28c44"
"1207",2021-06-15,"20210615",1,"21615007","HDF28c44_Expanded.Maturated_Tyr_4Hz","LQT1_R594Q","Expanded.Maturated","4Hz","Yes","Tyr","dV/dt max y (V/s)",74.8413050389786,"20210615 Cell_ 1 _ HDF28c44"
"1208",2021-06-15,"20210615",1,"21615007","HDF28c44_Expanded.Maturated_Tyr_4Hz","LQT1_R594Q","Expanded.Maturated","4Hz","Yes","Tyr","APD 90 (ms)",61.84,"20210615 Cell_ 1 _ HDF28c44"
"1209",2021-06-15,"20210615",1,"21615009","HDF28c44_Expanded.Maturated_Tyr_5Hz","LQT1_R594Q","Expanded.Maturated","5Hz","Yes","Tyr","Ediast (mV)",-65.1653411430936,"20210615 Cell_ 1 _ HDF28c44"
"1210",2021-06-15,"20210615",1,"21615009","HDF28c44_Expanded.Maturated_Tyr_5Hz","LQT1_R594Q","Expanded.Maturated","5Hz","Yes","Tyr","APA (mV)",97.1630202873479,"20210615 Cell_ 1 _ HDF28c44"
"1211",2021-06-15,"20210615",1,"21615009","HDF28c44_Expanded.Maturated_Tyr_5Hz","LQT1_R594Q","Expanded.Maturated","5Hz","Yes","Tyr","dV/dt max y (V/s)",44.4061258205095,"20210615 Cell_ 1 _ HDF28c44"
"1212",2021-06-15,"20210615",1,"21615009","HDF28c44_Expanded.Maturated_Tyr_5Hz","LQT1_R594Q","Expanded.Maturated","5Hz","Yes","Tyr","APD 90 (ms)",65.52,"20210615 Cell_ 1 _ HDF28c44"
"1213",2021-06-15,"20210615",3,"21615021","HDF28c44_Expanded.Maturated_Tyr_3.33Hz","LQT1_R594Q","Expanded.Maturated","3.33Hz","Yes","Tyr","Ediast (mV)",-80.8066367868907,"20210615 Cell_ 3 _ HDF28c44"
"1214",2021-06-15,"20210615",3,"21615021","HDF28c44_Expanded.Maturated_Tyr_3.33Hz","LQT1_R594Q","Expanded.Maturated","3.33Hz","Yes","Tyr","APA (mV)",131.378533798917,"20210615 Cell_ 3 _ HDF28c44"
"1215",2021-06-15,"20210615",3,"21615021","HDF28c44_Expanded.Maturated_Tyr_3.33Hz","LQT1_R594Q","Expanded.Maturated","3.33Hz","Yes","Tyr","dV/dt max y (V/s)",145.32164837103,"20210615 Cell_ 3 _ HDF28c44"
"1216",2021-06-15,"20210615",3,"21615021","HDF28c44_Expanded.Maturated_Tyr_3.33Hz","LQT1_R594Q","Expanded.Maturated","3.33Hz","Yes","Tyr","APD 90 (ms)",154.6,"20210615 Cell_ 3 _ HDF28c44"
"1217",2021-06-15,"20210615",3,"21615022","HDF28c44_Expanded.Maturated_Tyr_4Hz","LQT1_R594Q","Expanded.Maturated","4Hz","Yes","Tyr","Ediast (mV)",-82.2557333977498,"20210615 Cell_ 3 _ HDF28c44"
"1218",2021-06-15,"20210615",3,"21615022","HDF28c44_Expanded.Maturated_Tyr_4Hz","LQT1_R594Q","Expanded.Maturated","4Hz","Yes","Tyr","APA (mV)",131.566033790011,"20210615 Cell_ 3 _ HDF28c44"
"1219",2021-06-15,"20210615",3,"21615022","HDF28c44_Expanded.Maturated_Tyr_4Hz","LQT1_R594Q","Expanded.Maturated","4Hz","Yes","Tyr","dV/dt max y (V/s)",126.229852402841,"20210615 Cell_ 3 _ HDF28c44"
"1220",2021-06-15,"20210615",3,"21615022","HDF28c44_Expanded.Maturated_Tyr_4Hz","LQT1_R594Q","Expanded.Maturated","4Hz","Yes","Tyr","APD 90 (ms)",130.92,"20210615 Cell_ 3 _ HDF28c44"
"1221",2021-06-15,"20210615",3,"21615023","HDF28c44_Expanded.Maturated_Tyr_5Hz","LQT1_R594Q","Expanded.Maturated","5Hz","Yes","Tyr","Ediast (mV)",-82.1524619182799,"20210615 Cell_ 3 _ HDF28c44"
"1222",2021-06-15,"20210615",3,"21615023","HDF28c44_Expanded.Maturated_Tyr_5Hz","LQT1_R594Q","Expanded.Maturated","5Hz","Yes","Tyr","APA (mV)",130.806634412018,"20210615 Cell_ 3 _ HDF28c44"
"1223",2021-06-15,"20210615",3,"21615023","HDF28c44_Expanded.Maturated_Tyr_5Hz","LQT1_R594Q","Expanded.Maturated","5Hz","Yes","Tyr","dV/dt max y (V/s)",153.66515383411,"20210615 Cell_ 3 _ HDF28c44"
"1224",2021-06-15,"20210615",3,"21615023","HDF28c44_Expanded.Maturated_Tyr_5Hz","LQT1_R594Q","Expanded.Maturated","5Hz","Yes","Tyr","APD 90 (ms)",115.88,"20210615 Cell_ 3 _ HDF28c44"
"1225",2021-06-15,"20210615",3,"21615024","HDF28c44_Expanded.Maturated_Tyr_0.5Hz","LQT1_R594Q","Expanded.Maturated","0.5Hz","Yes","Tyr","Ediast (mV)",-83.5008505261099,"20210615 Cell_ 3 _ HDF28c44"
"1226",2021-06-15,"20210615",3,"21615024","HDF28c44_Expanded.Maturated_Tyr_0.5Hz","LQT1_R594Q","Expanded.Maturated","0.5Hz","Yes","Tyr","APA (mV)",130.575433251125,"20210615 Cell_ 3 _ HDF28c44"
"1227",2021-06-15,"20210615",3,"21615024","HDF28c44_Expanded.Maturated_Tyr_0.5Hz","LQT1_R594Q","Expanded.Maturated","0.5Hz","Yes","Tyr","dV/dt max y (V/s)",201.361074420236,"20210615 Cell_ 3 _ HDF28c44"
"1228",2021-06-15,"20210615",3,"21615024","HDF28c44_Expanded.Maturated_Tyr_0.5Hz","LQT1_R594Q","Expanded.Maturated","0.5Hz","Yes","Tyr","APD 90 (ms)",141.44,"20210615 Cell_ 3 _ HDF28c44"
"1229",2021-06-15,"20210615",3,"21615025","HDF28c44_Expanded.Maturated_Tyr_1Hz","LQT1_R594Q","Expanded.Maturated","1Hz","Yes","Tyr","Ediast (mV)",-83.1729696823084,"20210615 Cell_ 3 _ HDF28c44"
"1230",2021-06-15,"20210615",3,"21615025","HDF28c44_Expanded.Maturated_Tyr_1Hz","LQT1_R594Q","Expanded.Maturated","1Hz","Yes","Tyr","APA (mV)",132.228143133563,"20210615 Cell_ 3 _ HDF28c44"
"1231",2021-06-15,"20210615",3,"21615025","HDF28c44_Expanded.Maturated_Tyr_1Hz","LQT1_R594Q","Expanded.Maturated","1Hz","Yes","Tyr","dV/dt max y (V/s)",213.644399032124,"20210615 Cell_ 3 _ HDF28c44"
"1232",2021-06-15,"20210615",3,"21615025","HDF28c44_Expanded.Maturated_Tyr_1Hz","LQT1_R594Q","Expanded.Maturated","1Hz","Yes","Tyr","APD 90 (ms)",153.2,"20210615 Cell_ 3 _ HDF28c44"
"1233",2021-06-15,"20210615",3,"21615026","HDF28c44_Expanded.Maturated_Tyr_2Hz","LQT1_R594Q","Expanded.Maturated","2Hz","Yes","Tyr","Ediast (mV)",-84.2414510768708,"20210615 Cell_ 3 _ HDF28c44"
"1234",2021-06-15,"20210615",3,"21615026","HDF28c44_Expanded.Maturated_Tyr_2Hz","LQT1_R594Q","Expanded.Maturated","2Hz","Yes","Tyr","APA (mV)",133.922845201506,"20210615 Cell_ 3 _ HDF28c44"
"1235",2021-06-15,"20210615",3,"21615026","HDF28c44_Expanded.Maturated_Tyr_2Hz","LQT1_R594Q","Expanded.Maturated","2Hz","Yes","Tyr","dV/dt max y (V/s)",194.39696342289,"20210615 Cell_ 3 _ HDF28c44"
"1236",2021-06-15,"20210615",3,"21615026","HDF28c44_Expanded.Maturated_Tyr_2Hz","LQT1_R594Q","Expanded.Maturated","2Hz","Yes","Tyr","APD 90 (ms)",146.76,"20210615 Cell_ 3 _ HDF28c44"
"1237",2021-06-15,"20210615",5,"21615044","HDF29c7_Expanded.Maturated_Tyr_0.5Hz","LQT1_R190W","Expanded.Maturated","0.5Hz","Yes","Tyr","Ediast (mV)",-79.2647057077847,"20210615 Cell_ 5 _ HDF29c7"
"1238",2021-06-15,"20210615",5,"21615044","HDF29c7_Expanded.Maturated_Tyr_0.5Hz","LQT1_R190W","Expanded.Maturated","0.5Hz","Yes","Tyr","APA (mV)",130.839410289368,"20210615 Cell_ 5 _ HDF29c7"
"1239",2021-06-15,"20210615",5,"21615044","HDF29c7_Expanded.Maturated_Tyr_0.5Hz","LQT1_R190W","Expanded.Maturated","0.5Hz","Yes","Tyr","dV/dt max y (V/s)",187.54881921691,"20210615 Cell_ 5 _ HDF29c7"
"1240",2021-06-15,"20210615",5,"21615044","HDF29c7_Expanded.Maturated_Tyr_0.5Hz","LQT1_R190W","Expanded.Maturated","0.5Hz","Yes","Tyr","APD 90 (ms)",178,"20210615 Cell_ 5 _ HDF29c7"
"1241",2021-06-15,"20210615",5,"21615045","HDF29c7_Expanded.Maturated_Tyr_1Hz","LQT1_R190W","Expanded.Maturated","1Hz","Yes","Tyr","Ediast (mV)",-85.0347249649735,"20210615 Cell_ 5 _ HDF29c7"
"1242",2021-06-15,"20210615",5,"21615045","HDF29c7_Expanded.Maturated_Tyr_1Hz","LQT1_R190W","Expanded.Maturated","1Hz","Yes","Tyr","APA (mV)",136.304253779802,"20210615 Cell_ 5 _ HDF29c7"
"1243",2021-06-15,"20210615",5,"21615045","HDF29c7_Expanded.Maturated_Tyr_1Hz","LQT1_R190W","Expanded.Maturated","1Hz","Yes","Tyr","dV/dt max y (V/s)",183.612051825769,"20210615 Cell_ 5 _ HDF29c7"
"1244",2021-06-15,"20210615",5,"21615045","HDF29c7_Expanded.Maturated_Tyr_1Hz","LQT1_R190W","Expanded.Maturated","1Hz","Yes","Tyr","APD 90 (ms)",196.48,"20210615 Cell_ 5 _ HDF29c7"
"1245",2021-06-15,"20210615",5,"21615046","HDF29c7_Expanded.Maturated_Tyr_2Hz","LQT1_R190W","Expanded.Maturated","2Hz","Yes","Tyr","Ediast (mV)",-90.8469195131279,"20210615 Cell_ 5 _ HDF29c7"
"1246",2021-06-15,"20210615",5,"21615046","HDF29c7_Expanded.Maturated_Tyr_2Hz","LQT1_R190W","Expanded.Maturated","2Hz","Yes","Tyr","APA (mV)",139.037224841399,"20210615 Cell_ 5 _ HDF29c7"
"1247",2021-06-15,"20210615",5,"21615046","HDF29c7_Expanded.Maturated_Tyr_2Hz","LQT1_R190W","Expanded.Maturated","2Hz","Yes","Tyr","dV/dt max y (V/s)",158.129875301735,"20210615 Cell_ 5 _ HDF29c7"
"1248",2021-06-15,"20210615",5,"21615046","HDF29c7_Expanded.Maturated_Tyr_2Hz","LQT1_R190W","Expanded.Maturated","2Hz","Yes","Tyr","APD 90 (ms)",214.4,"20210615 Cell_ 5 _ HDF29c7"
"1249",2021-06-15,"20210615",5,"21615048","HDF29c7_Expanded.Maturated_Tyr_3.33Hz","LQT1_R190W","Expanded.Maturated","3.33Hz","Yes","Tyr","Ediast (mV)",-81.8215903519642,"20210615 Cell_ 5 _ HDF29c7"
"1250",2021-06-15,"20210615",5,"21615048","HDF29c7_Expanded.Maturated_Tyr_3.33Hz","LQT1_R190W","Expanded.Maturated","3.33Hz","Yes","Tyr","APA (mV)",128.977960182469,"20210615 Cell_ 5 _ HDF29c7"
"1251",2021-06-15,"20210615",5,"21615048","HDF29c7_Expanded.Maturated_Tyr_3.33Hz","LQT1_R190W","Expanded.Maturated","3.33Hz","Yes","Tyr","dV/dt max y (V/s)",138.9953547262,"20210615 Cell_ 5 _ HDF29c7"
"1252",2021-06-15,"20210615",5,"21615048","HDF29c7_Expanded.Maturated_Tyr_3.33Hz","LQT1_R190W","Expanded.Maturated","3.33Hz","Yes","Tyr","APD 90 (ms)",160.04,"20210615 Cell_ 5 _ HDF29c7"
"1253",2021-06-15,"20210615",5,"21615049","HDF29c7_Expanded.Maturated_Tyr_4Hz","LQT1_R190W","Expanded.Maturated","4Hz","Yes","Tyr","Ediast (mV)",-75.8491785262636,"20210615 Cell_ 5 _ HDF29c7"
"1254",2021-06-15,"20210615",5,"21615049","HDF29c7_Expanded.Maturated_Tyr_4Hz","LQT1_R190W","Expanded.Maturated","4Hz","Yes","Tyr","APA (mV)",122.355523973581,"20210615 Cell_ 5 _ HDF29c7"
"1255",2021-06-15,"20210615",5,"21615049","HDF29c7_Expanded.Maturated_Tyr_4Hz","LQT1_R190W","Expanded.Maturated","4Hz","Yes","Tyr","dV/dt max y (V/s)",112.551874536886,"20210615 Cell_ 5 _ HDF29c7"
"1256",2021-06-15,"20210615",5,"21615049","HDF29c7_Expanded.Maturated_Tyr_4Hz","LQT1_R190W","Expanded.Maturated","4Hz","Yes","Tyr","APD 90 (ms)",149.76,"20210615 Cell_ 5 _ HDF29c7"
"1257",2021-06-15,"20210615",7,"21615058","HDF28c44_Expanded.Maturated_Tyr_0.5Hz","LQT1_R594Q","Expanded.Maturated","0.5Hz","Yes","Tyr","Ediast (mV)",-72.7045863904675,"20210615 Cell_ 7 _ HDF28c44"
"1258",2021-06-15,"20210615",7,"21615058","HDF28c44_Expanded.Maturated_Tyr_0.5Hz","LQT1_R594Q","Expanded.Maturated","0.5Hz","Yes","Tyr","APA (mV)",121.954461980911,"20210615 Cell_ 7 _ HDF28c44"
"1259",2021-06-15,"20210615",7,"21615058","HDF28c44_Expanded.Maturated_Tyr_0.5Hz","LQT1_R594Q","Expanded.Maturated","0.5Hz","Yes","Tyr","dV/dt max y (V/s)",142.068474697421,"20210615 Cell_ 7 _ HDF28c44"
"1260",2021-06-15,"20210615",7,"21615058","HDF28c44_Expanded.Maturated_Tyr_0.5Hz","LQT1_R594Q","Expanded.Maturated","0.5Hz","Yes","Tyr","APD 90 (ms)",213.24,"20210615 Cell_ 7 _ HDF28c44"
"1261",2021-06-15,"20210615",7,"21615059","HDF28c44_Expanded.Maturated_Tyr_1Hz","LQT1_R594Q","Expanded.Maturated","1Hz","Yes","Tyr","Ediast (mV)",-72.3316616034929,"20210615 Cell_ 7 _ HDF28c44"
"1262",2021-06-15,"20210615",7,"21615059","HDF28c44_Expanded.Maturated_Tyr_1Hz","LQT1_R594Q","Expanded.Maturated","1Hz","Yes","Tyr","APA (mV)",120.523797986364,"20210615 Cell_ 7 _ HDF28c44"
"1263",2021-06-15,"20210615",7,"21615059","HDF28c44_Expanded.Maturated_Tyr_1Hz","LQT1_R594Q","Expanded.Maturated","1Hz","Yes","Tyr","dV/dt max y (V/s)",140.362542161262,"20210615 Cell_ 7 _ HDF28c44"
"1264",2021-06-15,"20210615",7,"21615059","HDF28c44_Expanded.Maturated_Tyr_1Hz","LQT1_R594Q","Expanded.Maturated","1Hz","Yes","Tyr","APD 90 (ms)",231.08,"20210615 Cell_ 7 _ HDF28c44"
"1265",2021-06-15,"20210615",7,"21615060","HDF28c44_Expanded.Maturated_Tyr_2Hz","LQT1_R594Q","Expanded.Maturated","2Hz","Yes","Tyr","Ediast (mV)",-77.1304284654075,"20210615 Cell_ 7 _ HDF28c44"
"1266",2021-06-15,"20210615",7,"21615060","HDF28c44_Expanded.Maturated_Tyr_2Hz","LQT1_R594Q","Expanded.Maturated","2Hz","Yes","Tyr","APA (mV)",123.045343276754,"20210615 Cell_ 7 _ HDF28c44"
"1267",2021-06-15,"20210615",7,"21615060","HDF28c44_Expanded.Maturated_Tyr_2Hz","LQT1_R594Q","Expanded.Maturated","2Hz","Yes","Tyr","dV/dt max y (V/s)",120.059198399056,"20210615 Cell_ 7 _ HDF28c44"
"1268",2021-06-15,"20210615",7,"21615060","HDF28c44_Expanded.Maturated_Tyr_2Hz","LQT1_R594Q","Expanded.Maturated","2Hz","Yes","Tyr","APD 90 (ms)",196.6,"20210615 Cell_ 7 _ HDF28c44"
"1269",2021-06-15,"20210615",7,"21615062","HDF28c44_Expanded.Maturated_Tyr_3.33Hz","LQT1_R594Q","Expanded.Maturated","3.33Hz","Yes","Tyr","Ediast (mV)",-79.8664512846721,"20210615 Cell_ 7 _ HDF28c44"
"1270",2021-06-15,"20210615",7,"21615062","HDF28c44_Expanded.Maturated_Tyr_3.33Hz","LQT1_R594Q","Expanded.Maturated","3.33Hz","Yes","Tyr","APA (mV)",121.067621202722,"20210615 Cell_ 7 _ HDF28c44"
"1271",2021-06-15,"20210615",7,"21615062","HDF28c44_Expanded.Maturated_Tyr_3.33Hz","LQT1_R594Q","Expanded.Maturated","3.33Hz","Yes","Tyr","dV/dt max y (V/s)",103.356928684559,"20210615 Cell_ 7 _ HDF28c44"
"1272",2021-06-15,"20210615",7,"21615062","HDF28c44_Expanded.Maturated_Tyr_3.33Hz","LQT1_R594Q","Expanded.Maturated","3.33Hz","Yes","Tyr","APD 90 (ms)",138.12,"20210615 Cell_ 7 _ HDF28c44"
"1273",2021-06-15,"20210615",8,"21615065","HDF28c44_Expanded.Maturated_Tyr_0.5Hz","LQT1_R594Q","Expanded.Maturated","0.5Hz","Yes","Tyr","Ediast (mV)",-79.1735802238317,"20210615 Cell_ 8 _ HDF28c44"
"1274",2021-06-15,"20210615",8,"21615065","HDF28c44_Expanded.Maturated_Tyr_0.5Hz","LQT1_R594Q","Expanded.Maturated","0.5Hz","Yes","Tyr","APA (mV)",130.852654917645,"20210615 Cell_ 8 _ HDF28c44"
"1275",2021-06-15,"20210615",8,"21615065","HDF28c44_Expanded.Maturated_Tyr_0.5Hz","LQT1_R594Q","Expanded.Maturated","0.5Hz","Yes","Tyr","dV/dt max y (V/s)",166.558829979503,"20210615 Cell_ 8 _ HDF28c44"
"1276",2021-06-15,"20210615",8,"21615065","HDF28c44_Expanded.Maturated_Tyr_0.5Hz","LQT1_R594Q","Expanded.Maturated","0.5Hz","Yes","Tyr","APD 90 (ms)",370.24,"20210615 Cell_ 8 _ HDF28c44"
"1277",2021-06-15,"20210615",8,"21615067","HDF28c44_Expanded.Maturated_Tyr_1Hz","LQT1_R594Q","Expanded.Maturated","1Hz","Yes","Tyr","Ediast (mV)",-82.0164755966139,"20210615 Cell_ 8 _ HDF28c44"
"1278",2021-06-15,"20210615",8,"21615067","HDF28c44_Expanded.Maturated_Tyr_1Hz","LQT1_R594Q","Expanded.Maturated","1Hz","Yes","Tyr","APA (mV)",132.9118589214,"20210615 Cell_ 8 _ HDF28c44"
"1279",2021-06-15,"20210615",8,"21615067","HDF28c44_Expanded.Maturated_Tyr_1Hz","LQT1_R594Q","Expanded.Maturated","1Hz","Yes","Tyr","dV/dt max y (V/s)",159.497062736795,"20210615 Cell_ 8 _ HDF28c44"
"1280",2021-06-15,"20210615",8,"21615067","HDF28c44_Expanded.Maturated_Tyr_1Hz","LQT1_R594Q","Expanded.Maturated","1Hz","Yes","Tyr","APD 90 (ms)",306.32,"20210615 Cell_ 8 _ HDF28c44"
"1281",2021-06-15,"20210615",8,"21615068","HDF28c44_Expanded.Maturated_Tyr_2Hz","LQT1_R594Q","Expanded.Maturated","2Hz","Yes","Tyr","Ediast (mV)",-75.9992029332003,"20210615 Cell_ 8 _ HDF28c44"
"1282",2021-06-15,"20210615",8,"21615068","HDF28c44_Expanded.Maturated_Tyr_2Hz","LQT1_R594Q","Expanded.Maturated","2Hz","Yes","Tyr","APA (mV)",125.886895876162,"20210615 Cell_ 8 _ HDF28c44"
"1283",2021-06-15,"20210615",8,"21615068","HDF28c44_Expanded.Maturated_Tyr_2Hz","LQT1_R594Q","Expanded.Maturated","2Hz","Yes","Tyr","dV/dt max y (V/s)",149.468987041228,"20210615 Cell_ 8 _ HDF28c44"
"1284",2021-06-15,"20210615",8,"21615068","HDF28c44_Expanded.Maturated_Tyr_2Hz","LQT1_R594Q","Expanded.Maturated","2Hz","Yes","Tyr","APD 90 (ms)",293.76,"20210615 Cell_ 8 _ HDF28c44"
"1285",2021-06-15,"20210615",8,"21615070","HDF28c44_Expanded.Maturated_Tyr_3.33Hz","LQT1_R594Q","Expanded.Maturated","3.33Hz","Yes","Tyr","Ediast (mV)",-72.9700893075442,"20210615 Cell_ 8 _ HDF28c44"
"1286",2021-06-15,"20210615",8,"21615070","HDF28c44_Expanded.Maturated_Tyr_3.33Hz","LQT1_R594Q","Expanded.Maturated","3.33Hz","Yes","Tyr","APA (mV)",118.13549243574,"20210615 Cell_ 8 _ HDF28c44"
"1287",2021-06-15,"20210615",8,"21615070","HDF28c44_Expanded.Maturated_Tyr_3.33Hz","LQT1_R594Q","Expanded.Maturated","3.33Hz","Yes","Tyr","dV/dt max y (V/s)",102.029414099176,"20210615 Cell_ 8 _ HDF28c44"
"1288",2021-06-15,"20210615",8,"21615070","HDF28c44_Expanded.Maturated_Tyr_3.33Hz","LQT1_R594Q","Expanded.Maturated","3.33Hz","Yes","Tyr","APD 90 (ms)",192.92,"20210615 Cell_ 8 _ HDF28c44"
"1289",2021-06-15,"20210615",8,"21615071","HDF28c44_Expanded.Maturated_Tyr_4Hz","LQT1_R594Q","Expanded.Maturated","4Hz","Yes","Tyr","Ediast (mV)",-69.7360806720889,"20210615 Cell_ 8 _ HDF28c44"
"1290",2021-06-15,"20210615",8,"21615071","HDF28c44_Expanded.Maturated_Tyr_4Hz","LQT1_R594Q","Expanded.Maturated","4Hz","Yes","Tyr","APA (mV)",113.666132296461,"20210615 Cell_ 8 _ HDF28c44"
"1291",2021-06-15,"20210615",8,"21615071","HDF28c44_Expanded.Maturated_Tyr_4Hz","LQT1_R594Q","Expanded.Maturated","4Hz","Yes","Tyr","dV/dt max y (V/s)",105.545038932192,"20210615 Cell_ 8 _ HDF28c44"
"1292",2021-06-15,"20210615",8,"21615071","HDF28c44_Expanded.Maturated_Tyr_4Hz","LQT1_R594Q","Expanded.Maturated","4Hz","Yes","Tyr","APD 90 (ms)",154.8,"20210615 Cell_ 8 _ HDF28c44"
"1293",2021-06-15,"20210615",8,"21615073","HDF28c44_Expanded.Maturated_Tyr_5Hz","LQT1_R594Q","Expanded.Maturated","5Hz","Yes","Tyr","Ediast (mV)",-64.7275970232604,"20210615 Cell_ 8 _ HDF28c44"
"1294",2021-06-15,"20210615",8,"21615073","HDF28c44_Expanded.Maturated_Tyr_5Hz","LQT1_R594Q","Expanded.Maturated","5Hz","Yes","Tyr","APA (mV)",105.046198623855,"20210615 Cell_ 8 _ HDF28c44"
"1295",2021-06-15,"20210615",8,"21615073","HDF28c44_Expanded.Maturated_Tyr_5Hz","LQT1_R594Q","Expanded.Maturated","5Hz","Yes","Tyr","dV/dt max y (V/s)",71.4172329359885,"20210615 Cell_ 8 _ HDF28c44"
"1296",2021-06-15,"20210615",8,"21615073","HDF28c44_Expanded.Maturated_Tyr_5Hz","LQT1_R594Q","Expanded.Maturated","5Hz","Yes","Tyr","APD 90 (ms)",75.96,"20210615 Cell_ 8 _ HDF28c44"
"1297",2021-06-21,"20210621",2,"21621005","WTC11_Expanded.Maturated_Tyr_2Hz","WT","Expanded.Maturated","2Hz","Yes","Tyr","Ediast (mV)",-78.8827477181143,"20210621 Cell_ 2 _ WTC11"
"1298",2021-06-21,"20210621",2,"21621005","WTC11_Expanded.Maturated_Tyr_2Hz","WT","Expanded.Maturated","2Hz","Yes","Tyr","APA (mV)",131.727593840931,"20210621 Cell_ 2 _ WTC11"
"1299",2021-06-21,"20210621",2,"21621005","WTC11_Expanded.Maturated_Tyr_2Hz","WT","Expanded.Maturated","2Hz","Yes","Tyr","dV/dt max y (V/s)",124.703973569066,"20210621 Cell_ 2 _ WTC11"
"1300",2021-06-21,"20210621",2,"21621005","WTC11_Expanded.Maturated_Tyr_2Hz","WT","Expanded.Maturated","2Hz","Yes","Tyr","APD 90 (ms)",230.32,"20210621 Cell_ 2 _ WTC11"
"1301",2021-06-21,"20210621",2,"21621007","WTC11_Expanded.Maturated_Tyr_3.33Hz","WT","Expanded.Maturated","3.33Hz","Yes","Tyr","Ediast (mV)",-80.910152406974,"20210621 Cell_ 2 _ WTC11"
"1302",2021-06-21,"20210621",2,"21621007","WTC11_Expanded.Maturated_Tyr_3.33Hz","WT","Expanded.Maturated","3.33Hz","Yes","Tyr","APA (mV)",132.503777886096,"20210621 Cell_ 2 _ WTC11"
"1303",2021-06-21,"20210621",2,"21621007","WTC11_Expanded.Maturated_Tyr_3.33Hz","WT","Expanded.Maturated","3.33Hz","Yes","Tyr","dV/dt max y (V/s)",125.677484265015,"20210621 Cell_ 2 _ WTC11"
"1304",2021-06-21,"20210621",2,"21621007","WTC11_Expanded.Maturated_Tyr_3.33Hz","WT","Expanded.Maturated","3.33Hz","Yes","Tyr","APD 90 (ms)",191.96,"20210621 Cell_ 2 _ WTC11"
"1305",2021-06-21,"20210621",2,"21621008","WTC11_Expanded.Maturated_Tyr_4Hz","WT","Expanded.Maturated","4Hz","Yes","Tyr","Ediast (mV)",-78.0710412136995,"20210621 Cell_ 2 _ WTC11"
"1306",2021-06-21,"20210621",2,"21621008","WTC11_Expanded.Maturated_Tyr_4Hz","WT","Expanded.Maturated","4Hz","Yes","Tyr","APA (mV)",123.774164042918,"20210621 Cell_ 2 _ WTC11"
"1307",2021-06-21,"20210621",2,"21621008","WTC11_Expanded.Maturated_Tyr_4Hz","WT","Expanded.Maturated","4Hz","Yes","Tyr","dV/dt max y (V/s)",103.677363239652,"20210621 Cell_ 2 _ WTC11"
"1308",2021-06-21,"20210621",2,"21621008","WTC11_Expanded.Maturated_Tyr_4Hz","WT","Expanded.Maturated","4Hz","Yes","Tyr","APD 90 (ms)",163.04,"20210621 Cell_ 2 _ WTC11"
"1309",2021-06-21,"20210621",2,"21621009","WTC11_Expanded.Maturated_Tyr_5Hz","WT","Expanded.Maturated","5Hz","Yes","Tyr","Ediast (mV)",-74.2162440335113,"20210621 Cell_ 2 _ WTC11"
"1310",2021-06-21,"20210621",2,"21621009","WTC11_Expanded.Maturated_Tyr_5Hz","WT","Expanded.Maturated","5Hz","Yes","Tyr","APA (mV)",121.790704664471,"20210621 Cell_ 2 _ WTC11"
"1311",2021-06-21,"20210621",2,"21621009","WTC11_Expanded.Maturated_Tyr_5Hz","WT","Expanded.Maturated","5Hz","Yes","Tyr","dV/dt max y (V/s)",108.432001685693,"20210621 Cell_ 2 _ WTC11"
"1312",2021-06-21,"20210621",2,"21621009","WTC11_Expanded.Maturated_Tyr_5Hz","WT","Expanded.Maturated","5Hz","Yes","Tyr","APD 90 (ms)",123.24,"20210621 Cell_ 2 _ WTC11"
"1313",2021-06-21,"20210621",2,"21621010","WTC11_Expanded.Maturated_Tyr_0.5Hz","WT","Expanded.Maturated","0.5Hz","Yes","Tyr","Ediast (mV)",-67.7712980505673,"20210621 Cell_ 2 _ WTC11"
"1314",2021-06-21,"20210621",2,"21621010","WTC11_Expanded.Maturated_Tyr_0.5Hz","WT","Expanded.Maturated","0.5Hz","Yes","Tyr","APA (mV)",118.824762422533,"20210621 Cell_ 2 _ WTC11"
"1315",2021-06-21,"20210621",2,"21621010","WTC11_Expanded.Maturated_Tyr_0.5Hz","WT","Expanded.Maturated","0.5Hz","Yes","Tyr","dV/dt max y (V/s)",160.494987494083,"20210621 Cell_ 2 _ WTC11"
"1316",2021-06-21,"20210621",2,"21621010","WTC11_Expanded.Maturated_Tyr_0.5Hz","WT","Expanded.Maturated","0.5Hz","Yes","Tyr","APD 90 (ms)",125.04,"20210621 Cell_ 2 _ WTC11"
"1317",2021-06-21,"20210621",2,"21621011","WTC11_Expanded.Maturated_Tyr_1Hz","WT","Expanded.Maturated","1Hz","Yes","Tyr","Ediast (mV)",-73.0043910637275,"20210621 Cell_ 2 _ WTC11"
"1318",2021-06-21,"20210621",2,"21621011","WTC11_Expanded.Maturated_Tyr_1Hz","WT","Expanded.Maturated","1Hz","Yes","Tyr","APA (mV)",124.38256245152,"20210621 Cell_ 2 _ WTC11"
"1319",2021-06-21,"20210621",2,"21621011","WTC11_Expanded.Maturated_Tyr_1Hz","WT","Expanded.Maturated","1Hz","Yes","Tyr","dV/dt max y (V/s)",169.448844490673,"20210621 Cell_ 2 _ WTC11"
"1320",2021-06-21,"20210621",2,"21621011","WTC11_Expanded.Maturated_Tyr_1Hz","WT","Expanded.Maturated","1Hz","Yes","Tyr","APD 90 (ms)",165.28,"20210621 Cell_ 2 _ WTC11"
"1321",2021-06-21,"20210621",3,"21621014","WTC11_Expanded.Maturated_Tyr_0.5Hz","WT","Expanded.Maturated","0.5Hz","Yes","Tyr","Ediast (mV)",-65.3941619330065,"20210621 Cell_ 3 _ WTC11"
"1322",2021-06-21,"20210621",3,"21621014","WTC11_Expanded.Maturated_Tyr_0.5Hz","WT","Expanded.Maturated","0.5Hz","Yes","Tyr","APA (mV)",118.962274623033,"20210621 Cell_ 3 _ WTC11"
"1323",2021-06-21,"20210621",3,"21621014","WTC11_Expanded.Maturated_Tyr_0.5Hz","WT","Expanded.Maturated","0.5Hz","Yes","Tyr","dV/dt max y (V/s)",137.384026677735,"20210621 Cell_ 3 _ WTC11"
"1324",2021-06-21,"20210621",3,"21621014","WTC11_Expanded.Maturated_Tyr_0.5Hz","WT","Expanded.Maturated","0.5Hz","Yes","Tyr","APD 90 (ms)",118.48,"20210621 Cell_ 3 _ WTC11"
"1325",2021-06-21,"20210621",3,"21621015","WTC11_Expanded.Maturated_Tyr_1Hz","WT","Expanded.Maturated","1Hz","Yes","Tyr","Ediast (mV)",-73.9738734395546,"20210621 Cell_ 3 _ WTC11"
"1326",2021-06-21,"20210621",3,"21621015","WTC11_Expanded.Maturated_Tyr_1Hz","WT","Expanded.Maturated","1Hz","Yes","Tyr","APA (mV)",127.097650213186,"20210621 Cell_ 3 _ WTC11"
"1327",2021-06-21,"20210621",3,"21621015","WTC11_Expanded.Maturated_Tyr_1Hz","WT","Expanded.Maturated","1Hz","Yes","Tyr","dV/dt max y (V/s)",144.360344705751,"20210621 Cell_ 3 _ WTC11"
"1328",2021-06-21,"20210621",3,"21621015","WTC11_Expanded.Maturated_Tyr_1Hz","WT","Expanded.Maturated","1Hz","Yes","Tyr","APD 90 (ms)",130.2,"20210621 Cell_ 3 _ WTC11"
"1329",2021-06-21,"20210621",3,"21621017","WTC11_Expanded.Maturated_Tyr_2Hz","WT","Expanded.Maturated","2Hz","Yes","Tyr","Ediast (mV)",-90.6912188369295,"20210621 Cell_ 3 _ WTC11"
"1330",2021-06-21,"20210621",3,"21621017","WTC11_Expanded.Maturated_Tyr_2Hz","WT","Expanded.Maturated","2Hz","Yes","Tyr","APA (mV)",141.064141249032,"20210621 Cell_ 3 _ WTC11"
"1331",2021-06-21,"20210621",3,"21621017","WTC11_Expanded.Maturated_Tyr_2Hz","WT","Expanded.Maturated","2Hz","Yes","Tyr","dV/dt max y (V/s)",134.576409623589,"20210621 Cell_ 3 _ WTC11"
"1332",2021-06-21,"20210621",3,"21621017","WTC11_Expanded.Maturated_Tyr_2Hz","WT","Expanded.Maturated","2Hz","Yes","Tyr","APD 90 (ms)",224.92,"20210621 Cell_ 3 _ WTC11"
"1333",2021-06-21,"20210621",3,"21621018","WTC11_Expanded.Maturated_Tyr_3.33Hz","WT","Expanded.Maturated","3.33Hz","Yes","Tyr","Ediast (mV)",-84.5626180538037,"20210621 Cell_ 3 _ WTC11"
"1334",2021-06-21,"20210621",3,"21621018","WTC11_Expanded.Maturated_Tyr_3.33Hz","WT","Expanded.Maturated","3.33Hz","Yes","Tyr","APA (mV)",131.565789649398,"20210621 Cell_ 3 _ WTC11"
"1335",2021-06-21,"20210621",3,"21621018","WTC11_Expanded.Maturated_Tyr_3.33Hz","WT","Expanded.Maturated","3.33Hz","Yes","Tyr","dV/dt max y (V/s)",116.485590170356,"20210621 Cell_ 3 _ WTC11"
"1336",2021-06-21,"20210621",3,"21621018","WTC11_Expanded.Maturated_Tyr_3.33Hz","WT","Expanded.Maturated","3.33Hz","Yes","Tyr","APD 90 (ms)",188.8,"20210621 Cell_ 3 _ WTC11"
"1337",2021-06-21,"20210621",3,"21621020","WTC11_Expanded.Maturated_Tyr_4Hz","WT","Expanded.Maturated","4Hz","Yes","Tyr","Ediast (mV)",-84.8995931354545,"20210621 Cell_ 3 _ WTC11"
"1338",2021-06-21,"20210621",3,"21621020","WTC11_Expanded.Maturated_Tyr_4Hz","WT","Expanded.Maturated","4Hz","Yes","Tyr","APA (mV)",135.849297746723,"20210621 Cell_ 3 _ WTC11"
"1339",2021-06-21,"20210621",3,"21621020","WTC11_Expanded.Maturated_Tyr_4Hz","WT","Expanded.Maturated","4Hz","Yes","Tyr","dV/dt max y (V/s)",129.882806330898,"20210621 Cell_ 3 _ WTC11"
"1340",2021-06-21,"20210621",3,"21621020","WTC11_Expanded.Maturated_Tyr_4Hz","WT","Expanded.Maturated","4Hz","Yes","Tyr","APD 90 (ms)",164.24,"20210621 Cell_ 3 _ WTC11"
"1341",2021-06-21,"20210621",3,"21621022","WTC11_Expanded.Maturated_Tyr_5Hz","WT","Expanded.Maturated","5Hz","Yes","Tyr","Ediast (mV)",-74.7873499634165,"20210621 Cell_ 3 _ WTC11"
"1342",2021-06-21,"20210621",3,"21621022","WTC11_Expanded.Maturated_Tyr_5Hz","WT","Expanded.Maturated","5Hz","Yes","Tyr","APA (mV)",117.416742469879,"20210621 Cell_ 3 _ WTC11"
"1343",2021-06-21,"20210621",3,"21621022","WTC11_Expanded.Maturated_Tyr_5Hz","WT","Expanded.Maturated","5Hz","Yes","Tyr","dV/dt max y (V/s)",98.9257765512778,"20210621 Cell_ 3 _ WTC11"
"1344",2021-06-21,"20210621",3,"21621022","WTC11_Expanded.Maturated_Tyr_5Hz","WT","Expanded.Maturated","5Hz","Yes","Tyr","APD 90 (ms)",105.84,"20210621 Cell_ 3 _ WTC11"
"1345",2021-06-21,"20210621",4,"21621026","WTC11_Expanded.Maturated_Tyr_0.5Hz","WT","Expanded.Maturated","0.5Hz","Yes","Tyr","Ediast (mV)",-64.7940032701062,"20210621 Cell_ 4 _ WTC11"
"1346",2021-06-21,"20210621",4,"21621026","WTC11_Expanded.Maturated_Tyr_0.5Hz","WT","Expanded.Maturated","0.5Hz","Yes","Tyr","APA (mV)",123.595270008446,"20210621 Cell_ 4 _ WTC11"
"1347",2021-06-21,"20210621",4,"21621026","WTC11_Expanded.Maturated_Tyr_0.5Hz","WT","Expanded.Maturated","0.5Hz","Yes","Tyr","dV/dt max y (V/s)",198.300161479685,"20210621 Cell_ 4 _ WTC11"
"1348",2021-06-21,"20210621",4,"21621026","WTC11_Expanded.Maturated_Tyr_0.5Hz","WT","Expanded.Maturated","0.5Hz","Yes","Tyr","APD 90 (ms)",329.88,"20210621 Cell_ 4 _ WTC11"
"1349",2021-06-21,"20210621",5,"21621030","WTC11_Expanded.Maturated_Tyr_0.5Hz","WT","Expanded.Maturated","0.5Hz","Yes","Tyr","Ediast (mV)",-68.722286774929,"20210621 Cell_ 5 _ WTC11"
"1350",2021-06-21,"20210621",5,"21621030","WTC11_Expanded.Maturated_Tyr_0.5Hz","WT","Expanded.Maturated","0.5Hz","Yes","Tyr","APA (mV)",112.623041525693,"20210621 Cell_ 5 _ WTC11"
"1351",2021-06-21,"20210621",5,"21621030","WTC11_Expanded.Maturated_Tyr_0.5Hz","WT","Expanded.Maturated","0.5Hz","Yes","Tyr","dV/dt max y (V/s)",121.786493238892,"20210621 Cell_ 5 _ WTC11"
"1352",2021-06-21,"20210621",5,"21621030","WTC11_Expanded.Maturated_Tyr_0.5Hz","WT","Expanded.Maturated","0.5Hz","Yes","Tyr","APD 90 (ms)",155.08,"20210621 Cell_ 5 _ WTC11"
"1353",2021-06-21,"20210621",5,"21621031","WTC11_Expanded.Maturated_Tyr_1Hz","WT","Expanded.Maturated","1Hz","Yes","Tyr","Ediast (mV)",-66.1943327934379,"20210621 Cell_ 5 _ WTC11"
"1354",2021-06-21,"20210621",5,"21621031","WTC11_Expanded.Maturated_Tyr_1Hz","WT","Expanded.Maturated","1Hz","Yes","Tyr","APA (mV)",105.175043832578,"20210621 Cell_ 5 _ WTC11"
"1355",2021-06-21,"20210621",5,"21621031","WTC11_Expanded.Maturated_Tyr_1Hz","WT","Expanded.Maturated","1Hz","Yes","Tyr","dV/dt max y (V/s)",84.0270956183027,"20210621 Cell_ 5 _ WTC11"
"1356",2021-06-21,"20210621",5,"21621031","WTC11_Expanded.Maturated_Tyr_1Hz","WT","Expanded.Maturated","1Hz","Yes","Tyr","APD 90 (ms)",132.48,"20210621 Cell_ 5 _ WTC11"
"1357",2021-06-21,"20210621",5,"21621032","WTC11_Expanded.Maturated_Tyr_2Hz","WT","Expanded.Maturated","2Hz","Yes","Tyr","Ediast (mV)",-70.3789639423348,"20210621 Cell_ 5 _ WTC11"
"1358",2021-06-21,"20210621",5,"21621032","WTC11_Expanded.Maturated_Tyr_2Hz","WT","Expanded.Maturated","2Hz","Yes","Tyr","APA (mV)",107.510309834941,"20210621 Cell_ 5 _ WTC11"
"1359",2021-06-21,"20210621",5,"21621032","WTC11_Expanded.Maturated_Tyr_2Hz","WT","Expanded.Maturated","2Hz","Yes","Tyr","dV/dt max y (V/s)",100.991816492209,"20210621 Cell_ 5 _ WTC11"
"1360",2021-06-21,"20210621",5,"21621032","WTC11_Expanded.Maturated_Tyr_2Hz","WT","Expanded.Maturated","2Hz","Yes","Tyr","APD 90 (ms)",121.52,"20210621 Cell_ 5 _ WTC11"
"1361",2021-06-21,"20210621",5,"21621035","WTC11_Expanded.Maturated_Tyr_3.33Hz","WT","Expanded.Maturated","3.33Hz","Yes","Tyr","Ediast (mV)",-71.5363125201762,"20210621 Cell_ 5 _ WTC11"
"1362",2021-06-21,"20210621",5,"21621035","WTC11_Expanded.Maturated_Tyr_3.33Hz","WT","Expanded.Maturated","3.33Hz","Yes","Tyr","APA (mV)",101.039484946976,"20210621 Cell_ 5 _ WTC11"
"1363",2021-06-21,"20210621",5,"21621035","WTC11_Expanded.Maturated_Tyr_3.33Hz","WT","Expanded.Maturated","3.33Hz","Yes","Tyr","dV/dt max y (V/s)",80.1147422885039,"20210621 Cell_ 5 _ WTC11"
"1364",2021-06-21,"20210621",5,"21621035","WTC11_Expanded.Maturated_Tyr_3.33Hz","WT","Expanded.Maturated","3.33Hz","Yes","Tyr","APD 90 (ms)",100.92,"20210621 Cell_ 5 _ WTC11"
"1365",2021-06-21,"20210621",5,"21621036","WTC11_Expanded.Maturated_Tyr_4Hz","WT","Expanded.Maturated","4Hz","Yes","Tyr","Ediast (mV)",-73.2595180047346,"20210621 Cell_ 5 _ WTC11"
"1366",2021-06-21,"20210621",5,"21621036","WTC11_Expanded.Maturated_Tyr_4Hz","WT","Expanded.Maturated","4Hz","Yes","Tyr","APA (mV)",101.029292076366,"20210621 Cell_ 5 _ WTC11"
"1367",2021-06-21,"20210621",5,"21621036","WTC11_Expanded.Maturated_Tyr_4Hz","WT","Expanded.Maturated","4Hz","Yes","Tyr","dV/dt max y (V/s)",70.1599087769581,"20210621 Cell_ 5 _ WTC11"
"1368",2021-06-21,"20210621",5,"21621036","WTC11_Expanded.Maturated_Tyr_4Hz","WT","Expanded.Maturated","4Hz","Yes","Tyr","APD 90 (ms)",90.64,"20210621 Cell_ 5 _ WTC11"
"1369",2021-06-21,"20210621",6,"21621037","WTC11_Expanded.Maturated_Tyr_5Hz","WT","Expanded.Maturated","5Hz","Yes","Tyr","Ediast (mV)",-69.4144864490826,"20210621 Cell_ 6 _ WTC11"
"1370",2021-06-21,"20210621",6,"21621037","WTC11_Expanded.Maturated_Tyr_5Hz","WT","Expanded.Maturated","5Hz","Yes","Tyr","APA (mV)",91.8101152681598,"20210621 Cell_ 6 _ WTC11"
"1371",2021-06-21,"20210621",6,"21621037","WTC11_Expanded.Maturated_Tyr_5Hz","WT","Expanded.Maturated","5Hz","Yes","Tyr","dV/dt max y (V/s)",43.9331033820395,"20210621 Cell_ 6 _ WTC11"
"1372",2021-06-21,"20210621",6,"21621037","WTC11_Expanded.Maturated_Tyr_5Hz","WT","Expanded.Maturated","5Hz","Yes","Tyr","APD 90 (ms)",76.48,"20210621 Cell_ 6 _ WTC11"
"1373",2021-06-21,"20210621",8,"21621056","WTC11_Expanded.Maturated_Tyr_0.5Hz","WT","Expanded.Maturated","0.5Hz","Yes","Tyr","Ediast (mV)",-70.1345791883175,"20210621 Cell_ 8 _ WTC11"
"1374",2021-06-21,"20210621",8,"21621056","WTC11_Expanded.Maturated_Tyr_0.5Hz","WT","Expanded.Maturated","0.5Hz","Yes","Tyr","APA (mV)",118.201593506819,"20210621 Cell_ 8 _ WTC11"
"1375",2021-06-21,"20210621",8,"21621056","WTC11_Expanded.Maturated_Tyr_0.5Hz","WT","Expanded.Maturated","0.5Hz","Yes","Tyr","dV/dt max y (V/s)",124.966424728478,"20210621 Cell_ 8 _ WTC11"
"1376",2021-06-21,"20210621",8,"21621056","WTC11_Expanded.Maturated_Tyr_0.5Hz","WT","Expanded.Maturated","0.5Hz","Yes","Tyr","APD 90 (ms)",342.56,"20210621 Cell_ 8 _ WTC11"
"1377",2021-06-21,"20210621",8,"21621057","WTC11_Expanded.Maturated_Tyr_1Hz","WT","Expanded.Maturated","1Hz","Yes","Tyr","Ediast (mV)",-76.5142785923293,"20210621 Cell_ 8 _ WTC11"
"1378",2021-06-21,"20210621",8,"21621057","WTC11_Expanded.Maturated_Tyr_1Hz","WT","Expanded.Maturated","1Hz","Yes","Tyr","APA (mV)",123.126214854944,"20210621 Cell_ 8 _ WTC11"
"1379",2021-06-21,"20210621",8,"21621057","WTC11_Expanded.Maturated_Tyr_1Hz","WT","Expanded.Maturated","1Hz","Yes","Tyr","dV/dt max y (V/s)",153.482048374057,"20210621 Cell_ 8 _ WTC11"
"1380",2021-06-21,"20210621",8,"21621057","WTC11_Expanded.Maturated_Tyr_1Hz","WT","Expanded.Maturated","1Hz","Yes","Tyr","APD 90 (ms)",328.12,"20210621 Cell_ 8 _ WTC11"
"1381",2021-06-21,"20210621",8,"21621059","WTC11_Expanded.Maturated_Tyr_2Hz","WT","Expanded.Maturated","2Hz","Yes","Tyr","Ediast (mV)",-79.9710655375157,"20210621 Cell_ 8 _ WTC11"
"1382",2021-06-21,"20210621",8,"21621059","WTC11_Expanded.Maturated_Tyr_2Hz","WT","Expanded.Maturated","2Hz","Yes","Tyr","APA (mV)",123.1363466904,"20210621 Cell_ 8 _ WTC11"
"1383",2021-06-21,"20210621",8,"21621059","WTC11_Expanded.Maturated_Tyr_2Hz","WT","Expanded.Maturated","2Hz","Yes","Tyr","dV/dt max y (V/s)",117.236322556573,"20210621 Cell_ 8 _ WTC11"
"1384",2021-06-21,"20210621",8,"21621059","WTC11_Expanded.Maturated_Tyr_2Hz","WT","Expanded.Maturated","2Hz","Yes","Tyr","APD 90 (ms)",289.28,"20210621 Cell_ 8 _ WTC11"
"1385",2021-06-21,"20210621",8,"21621060","WTC11_Expanded.Maturated_Tyr_3.33Hz","WT","Expanded.Maturated","3.33Hz","Yes","Tyr","Ediast (mV)",-72.1951259654468,"20210621 Cell_ 8 _ WTC11"
"1386",2021-06-21,"20210621",8,"21621060","WTC11_Expanded.Maturated_Tyr_3.33Hz","WT","Expanded.Maturated","3.33Hz","Yes","Tyr","APA (mV)",112.237238321361,"20210621 Cell_ 8 _ WTC11"
"1387",2021-06-21,"20210621",8,"21621060","WTC11_Expanded.Maturated_Tyr_3.33Hz","WT","Expanded.Maturated","3.33Hz","Yes","Tyr","dV/dt max y (V/s)",68.1640592623809,"20210621 Cell_ 8 _ WTC11"
"1388",2021-06-21,"20210621",8,"21621060","WTC11_Expanded.Maturated_Tyr_3.33Hz","WT","Expanded.Maturated","3.33Hz","Yes","Tyr","APD 90 (ms)",210.36,"20210621 Cell_ 8 _ WTC11"
"1389",2021-06-21,"20210621",8,"21621061","WTC11_Expanded.Maturated_Tyr_4Hz","WT","Expanded.Maturated","4Hz","Yes","Tyr","Ediast (mV)",-74.4306605272333,"20210621 Cell_ 8 _ WTC11"
"1390",2021-06-21,"20210621",8,"21621061","WTC11_Expanded.Maturated_Tyr_4Hz","WT","Expanded.Maturated","4Hz","Yes","Tyr","APA (mV)",112.71862257584,"20210621 Cell_ 8 _ WTC11"
"1391",2021-06-21,"20210621",8,"21621061","WTC11_Expanded.Maturated_Tyr_4Hz","WT","Expanded.Maturated","4Hz","Yes","Tyr","dV/dt max y (V/s)",48.9288306838179,"20210621 Cell_ 8 _ WTC11"
"1392",2021-06-21,"20210621",8,"21621061","WTC11_Expanded.Maturated_Tyr_4Hz","WT","Expanded.Maturated","4Hz","Yes","Tyr","APD 90 (ms)",184.64,"20210621 Cell_ 8 _ WTC11"
"1393",2021-06-21,"20210621",9,"21621066","WTC11_Expanded.Maturated_Tyr_0.5Hz","WT","Expanded.Maturated","0.5Hz","Yes","Tyr","Ediast (mV)",-70.5140957718539,"20210621 Cell_ 9 _ WTC11"
"1394",2021-06-21,"20210621",9,"21621066","WTC11_Expanded.Maturated_Tyr_0.5Hz","WT","Expanded.Maturated","0.5Hz","Yes","Tyr","APA (mV)",118.36443529596,"20210621 Cell_ 9 _ WTC11"
"1395",2021-06-21,"20210621",9,"21621066","WTC11_Expanded.Maturated_Tyr_0.5Hz","WT","Expanded.Maturated","0.5Hz","Yes","Tyr","dV/dt max y (V/s)",174.224845240386,"20210621 Cell_ 9 _ WTC11"
"1396",2021-06-21,"20210621",9,"21621066","WTC11_Expanded.Maturated_Tyr_0.5Hz","WT","Expanded.Maturated","0.5Hz","Yes","Tyr","APD 90 (ms)",222.36,"20210621 Cell_ 9 _ WTC11"
"1397",2021-06-21,"20210621",9,"21621067","WTC11_Expanded.Maturated_Tyr_1Hz","WT","Expanded.Maturated","1Hz","Yes","Tyr","Ediast (mV)",-71.6136440594719,"20210621 Cell_ 9 _ WTC11"
"1398",2021-06-21,"20210621",9,"21621067","WTC11_Expanded.Maturated_Tyr_1Hz","WT","Expanded.Maturated","1Hz","Yes","Tyr","APA (mV)",119.103876178807,"20210621 Cell_ 9 _ WTC11"
"1399",2021-06-21,"20210621",9,"21621067","WTC11_Expanded.Maturated_Tyr_1Hz","WT","Expanded.Maturated","1Hz","Yes","Tyr","dV/dt max y (V/s)",167.626945163148,"20210621 Cell_ 9 _ WTC11"
"1400",2021-06-21,"20210621",9,"21621067","WTC11_Expanded.Maturated_Tyr_1Hz","WT","Expanded.Maturated","1Hz","Yes","Tyr","APD 90 (ms)",228.88,"20210621 Cell_ 9 _ WTC11"
"1401",2021-06-21,"20210621",9,"21621069","WTC11_Expanded.Maturated_Tyr_2Hz","WT","Expanded.Maturated","2Hz","Yes","Tyr","Ediast (mV)",-74.8027918572143,"20210621 Cell_ 9 _ WTC11"
"1402",2021-06-21,"20210621",9,"21621069","WTC11_Expanded.Maturated_Tyr_2Hz","WT","Expanded.Maturated","2Hz","Yes","Tyr","APA (mV)",120.637140266137,"20210621 Cell_ 9 _ WTC11"
"1403",2021-06-21,"20210621",9,"21621069","WTC11_Expanded.Maturated_Tyr_2Hz","WT","Expanded.Maturated","2Hz","Yes","Tyr","dV/dt max y (V/s)",176.947013079843,"20210621 Cell_ 9 _ WTC11"
"1404",2021-06-21,"20210621",9,"21621069","WTC11_Expanded.Maturated_Tyr_2Hz","WT","Expanded.Maturated","2Hz","Yes","Tyr","APD 90 (ms)",227.24,"20210621 Cell_ 9 _ WTC11"
"1405",2021-06-21,"20210621",9,"21621071","WTC11_Expanded.Maturated_Tyr_3.33Hz","WT","Expanded.Maturated","3.33Hz","Yes","Tyr","Ediast (mV)",-70.752865291763,"20210621 Cell_ 9 _ WTC11"
"1406",2021-06-21,"20210621",9,"21621071","WTC11_Expanded.Maturated_Tyr_3.33Hz","WT","Expanded.Maturated","3.33Hz","Yes","Tyr","APA (mV)",111.825251036242,"20210621 Cell_ 9 _ WTC11"
"1407",2021-06-21,"20210621",9,"21621071","WTC11_Expanded.Maturated_Tyr_3.33Hz","WT","Expanded.Maturated","3.33Hz","Yes","Tyr","dV/dt max y (V/s)",147.775261535739,"20210621 Cell_ 9 _ WTC11"
"1408",2021-06-21,"20210621",9,"21621071","WTC11_Expanded.Maturated_Tyr_3.33Hz","WT","Expanded.Maturated","3.33Hz","Yes","Tyr","APD 90 (ms)",165.6,"20210621 Cell_ 9 _ WTC11"
"1409",2021-06-21,"20210621",9,"21621073","WTC11_Expanded.Maturated_Tyr_4Hz","WT","Expanded.Maturated","4Hz","Yes","Tyr","Ediast (mV)",-61.9522065300843,"20210621 Cell_ 9 _ WTC11"
"1410",2021-06-21,"20210621",9,"21621073","WTC11_Expanded.Maturated_Tyr_4Hz","WT","Expanded.Maturated","4Hz","Yes","Tyr","APA (mV)",100.98601815264,"20210621 Cell_ 9 _ WTC11"
"1411",2021-06-21,"20210621",9,"21621073","WTC11_Expanded.Maturated_Tyr_4Hz","WT","Expanded.Maturated","4Hz","Yes","Tyr","dV/dt max y (V/s)",117.849725847751,"20210621 Cell_ 9 _ WTC11"
"1412",2021-06-21,"20210621",9,"21621073","WTC11_Expanded.Maturated_Tyr_4Hz","WT","Expanded.Maturated","4Hz","Yes","Tyr","APD 90 (ms)",105.04,"20210621 Cell_ 9 _ WTC11"
"1413",2021-06-21,"20210621",9,"21621074","WTC11_Expanded.Maturated_Tyr_5Hz","WT","Expanded.Maturated","5Hz","Yes","Tyr","Ediast (mV)",-69.8926358404342,"20210621 Cell_ 9 _ WTC11"
"1414",2021-06-21,"20210621",9,"21621074","WTC11_Expanded.Maturated_Tyr_5Hz","WT","Expanded.Maturated","5Hz","Yes","Tyr","APA (mV)",107.328547148261,"20210621 Cell_ 9 _ WTC11"
"1415",2021-06-21,"20210621",9,"21621074","WTC11_Expanded.Maturated_Tyr_5Hz","WT","Expanded.Maturated","5Hz","Yes","Tyr","dV/dt max y (V/s)",117.333978801935,"20210621 Cell_ 9 _ WTC11"
"1416",2021-06-21,"20210621",9,"21621074","WTC11_Expanded.Maturated_Tyr_5Hz","WT","Expanded.Maturated","5Hz","Yes","Tyr","APD 90 (ms)",107.6,"20210621 Cell_ 9 _ WTC11"
"1417",2021-06-21,"20210621",10,"21621079","WTC11_Expanded.Maturated_Tyr_0.5Hz","WT","Expanded.Maturated","0.5Hz","Yes","Tyr","Ediast (mV)",-65.7071501993903,"20210621 Cell_ 10 _ WTC11"
"1418",2021-06-21,"20210621",10,"21621079","WTC11_Expanded.Maturated_Tyr_0.5Hz","WT","Expanded.Maturated","0.5Hz","Yes","Tyr","APA (mV)",108.125971426792,"20210621 Cell_ 10 _ WTC11"
"1419",2021-06-21,"20210621",10,"21621079","WTC11_Expanded.Maturated_Tyr_0.5Hz","WT","Expanded.Maturated","0.5Hz","Yes","Tyr","dV/dt max y (V/s)",196.466055121488,"20210621 Cell_ 10 _ WTC11"
"1420",2021-06-21,"20210621",10,"21621079","WTC11_Expanded.Maturated_Tyr_0.5Hz","WT","Expanded.Maturated","0.5Hz","Yes","Tyr","APD 90 (ms)",90.88,"20210621 Cell_ 10 _ WTC11"
"1421",2021-06-21,"20210621",10,"21621080","WTC11_Expanded.Maturated_Tyr_1Hz","WT","Expanded.Maturated","1Hz","Yes","Tyr","Ediast (mV)",-66.0108611224648,"20210621 Cell_ 10 _ WTC11"
"1422",2021-06-21,"20210621",10,"21621080","WTC11_Expanded.Maturated_Tyr_1Hz","WT","Expanded.Maturated","1Hz","Yes","Tyr","APA (mV)",109.514887376447,"20210621 Cell_ 10 _ WTC11"
"1423",2021-06-21,"20210621",10,"21621080","WTC11_Expanded.Maturated_Tyr_1Hz","WT","Expanded.Maturated","1Hz","Yes","Tyr","dV/dt max y (V/s)",212.811269188882,"20210621 Cell_ 10 _ WTC11"
"1424",2021-06-21,"20210621",10,"21621080","WTC11_Expanded.Maturated_Tyr_1Hz","WT","Expanded.Maturated","1Hz","Yes","Tyr","APD 90 (ms)",93.16,"20210621 Cell_ 10 _ WTC11"
"1425",2021-06-21,"20210621",10,"21621081","WTC11_Expanded.Maturated_Tyr_2Hz","WT","Expanded.Maturated","2Hz","Yes","Tyr","Ediast (mV)",-74.4794886499141,"20210621 Cell_ 10 _ WTC11"
"1426",2021-06-21,"20210621",10,"21621081","WTC11_Expanded.Maturated_Tyr_2Hz","WT","Expanded.Maturated","2Hz","Yes","Tyr","APA (mV)",117.05028740916,"20210621 Cell_ 10 _ WTC11"
"1427",2021-06-21,"20210621",10,"21621081","WTC11_Expanded.Maturated_Tyr_2Hz","WT","Expanded.Maturated","2Hz","Yes","Tyr","dV/dt max y (V/s)",213.842763280514,"20210621 Cell_ 10 _ WTC11"
"1428",2021-06-21,"20210621",10,"21621081","WTC11_Expanded.Maturated_Tyr_2Hz","WT","Expanded.Maturated","2Hz","Yes","Tyr","APD 90 (ms)",153.16,"20210621 Cell_ 10 _ WTC11"
"1429",2021-06-21,"20210621",10,"21621083","WTC11_Expanded.Maturated_Tyr_3.33Hz","WT","Expanded.Maturated","3.33Hz","Yes","Tyr","Ediast (mV)",-78.5054894352518,"20210621 Cell_ 10 _ WTC11"
"1430",2021-06-21,"20210621",10,"21621083","WTC11_Expanded.Maturated_Tyr_3.33Hz","WT","Expanded.Maturated","3.33Hz","Yes","Tyr","APA (mV)",110.912714458491,"20210621 Cell_ 10 _ WTC11"
"1431",2021-06-21,"20210621",10,"21621083","WTC11_Expanded.Maturated_Tyr_3.33Hz","WT","Expanded.Maturated","3.33Hz","Yes","Tyr","dV/dt max y (V/s)",118.554681868955,"20210621 Cell_ 10 _ WTC11"
"1432",2021-06-21,"20210621",10,"21621083","WTC11_Expanded.Maturated_Tyr_3.33Hz","WT","Expanded.Maturated","3.33Hz","Yes","Tyr","APD 90 (ms)",147.4,"20210621 Cell_ 10 _ WTC11"
"1433",2021-06-21,"20210621",10,"21621084","WTC11_Expanded.Maturated_Tyr_4Hz","WT","Expanded.Maturated","4Hz","Yes","Tyr","Ediast (mV)",-71.4005093039703,"20210621 Cell_ 10 _ WTC11"
"1434",2021-06-21,"20210621",10,"21621084","WTC11_Expanded.Maturated_Tyr_4Hz","WT","Expanded.Maturated","4Hz","Yes","Tyr","APA (mV)",99.8410597109291,"20210621 Cell_ 10 _ WTC11"
"1435",2021-06-21,"20210621",10,"21621084","WTC11_Expanded.Maturated_Tyr_4Hz","WT","Expanded.Maturated","4Hz","Yes","Tyr","dV/dt max y (V/s)",54.2053196910104,"20210621 Cell_ 10 _ WTC11"
"1436",2021-06-21,"20210621",10,"21621084","WTC11_Expanded.Maturated_Tyr_4Hz","WT","Expanded.Maturated","4Hz","Yes","Tyr","APD 90 (ms)",130.04,"20210621 Cell_ 10 _ WTC11"
"1437",2021-06-21,"20210621",11,"21621087","WTC11_Expanded.Maturated_Tyr_0.5Hz","WT","Expanded.Maturated","0.5Hz","Yes","Tyr","Ediast (mV)",-71.2104458364353,"20210621 Cell_ 11 _ WTC11"
"1438",2021-06-21,"20210621",11,"21621087","WTC11_Expanded.Maturated_Tyr_0.5Hz","WT","Expanded.Maturated","0.5Hz","Yes","Tyr","APA (mV)",121.549188562661,"20210621 Cell_ 11 _ WTC11"
"1439",2021-06-21,"20210621",11,"21621087","WTC11_Expanded.Maturated_Tyr_0.5Hz","WT","Expanded.Maturated","0.5Hz","Yes","Tyr","dV/dt max y (V/s)",232.736195000308,"20210621 Cell_ 11 _ WTC11"
"1440",2021-06-21,"20210621",11,"21621087","WTC11_Expanded.Maturated_Tyr_0.5Hz","WT","Expanded.Maturated","0.5Hz","Yes","Tyr","APD 90 (ms)",213.32,"20210621 Cell_ 11 _ WTC11"
"1441",2021-06-21,"20210621",11,"21621089","WTC11_Expanded.Maturated_Tyr_1Hz","WT","Expanded.Maturated","1Hz","Yes","Tyr","Ediast (mV)",-65.7559783220711,"20210621 Cell_ 11 _ WTC11"
"1442",2021-06-21,"20210621",11,"21621089","WTC11_Expanded.Maturated_Tyr_1Hz","WT","Expanded.Maturated","1Hz","Yes","Tyr","APA (mV)",115.916498400512,"20210621 Cell_ 11 _ WTC11"
"1443",2021-06-21,"20210621",11,"21621089","WTC11_Expanded.Maturated_Tyr_1Hz","WT","Expanded.Maturated","1Hz","Yes","Tyr","dV/dt max y (V/s)",250.152576009012,"20210621 Cell_ 11 _ WTC11"
"1444",2021-06-21,"20210621",11,"21621089","WTC11_Expanded.Maturated_Tyr_1Hz","WT","Expanded.Maturated","1Hz","Yes","Tyr","APD 90 (ms)",246.44,"20210621 Cell_ 11 _ WTC11"
"1445",2021-06-21,"20210621",13,"21621095","WTC11_Expanded.Maturated_Tyr_0.5Hz","WT","Expanded.Maturated","0.5Hz","Yes","Tyr","Ediast (mV)",-66.8889738737255,"20210621 Cell_ 13 _ WTC11"
"1446",2021-06-21,"20210621",13,"21621095","WTC11_Expanded.Maturated_Tyr_0.5Hz","WT","Expanded.Maturated","0.5Hz","Yes","Tyr","APA (mV)",119.974908852279,"20210621 Cell_ 13 _ WTC11"
"1447",2021-06-21,"20210621",13,"21621095","WTC11_Expanded.Maturated_Tyr_0.5Hz","WT","Expanded.Maturated","0.5Hz","Yes","Tyr","dV/dt max y (V/s)",111.630243721284,"20210621 Cell_ 13 _ WTC11"
"1448",2021-06-21,"20210621",13,"21621095","WTC11_Expanded.Maturated_Tyr_0.5Hz","WT","Expanded.Maturated","0.5Hz","Yes","Tyr","APD 90 (ms)",242.08,"20210621 Cell_ 13 _ WTC11"
"1449",2021-06-21,"20210621",13,"21621097","WTC11_Expanded.Maturated_Tyr_1Hz","WT","Expanded.Maturated","1Hz","Yes","Tyr","Ediast (mV)",-81.4053916412639,"20210621 Cell_ 13 _ WTC11"
"1450",2021-06-21,"20210621",13,"21621097","WTC11_Expanded.Maturated_Tyr_1Hz","WT","Expanded.Maturated","1Hz","Yes","Tyr","APA (mV)",128.79674681217,"20210621 Cell_ 13 _ WTC11"
"1451",2021-06-21,"20210621",13,"21621097","WTC11_Expanded.Maturated_Tyr_1Hz","WT","Expanded.Maturated","1Hz","Yes","Tyr","dV/dt max y (V/s)",203.56139169854,"20210621 Cell_ 13 _ WTC11"
"1452",2021-06-21,"20210621",13,"21621097","WTC11_Expanded.Maturated_Tyr_1Hz","WT","Expanded.Maturated","1Hz","Yes","Tyr","APD 90 (ms)",164.28,"20210621 Cell_ 13 _ WTC11"
"1453",2021-06-21,"20210621",13,"21621098","WTC11_Expanded.Maturated_Tyr_2Hz","WT","Expanded.Maturated","2Hz","Yes","Tyr","Ediast (mV)",-87.6223713264419,"20210621 Cell_ 13 _ WTC11"
"1454",2021-06-21,"20210621",13,"21621098","WTC11_Expanded.Maturated_Tyr_2Hz","WT","Expanded.Maturated","2Hz","Yes","Tyr","APA (mV)",132.042535232222,"20210621 Cell_ 13 _ WTC11"
"1455",2021-06-21,"20210621",13,"21621098","WTC11_Expanded.Maturated_Tyr_2Hz","WT","Expanded.Maturated","2Hz","Yes","Tyr","dV/dt max y (V/s)",187.875357287337,"20210621 Cell_ 13 _ WTC11"
"1456",2021-06-21,"20210621",13,"21621098","WTC11_Expanded.Maturated_Tyr_2Hz","WT","Expanded.Maturated","2Hz","Yes","Tyr","APD 90 (ms)",159.36,"20210621 Cell_ 13 _ WTC11"
"1457",2021-06-21,"20210621",13,"21621101","WTC11_Expanded.Maturated_Tyr_3.33Hz","WT","Expanded.Maturated","3.33Hz","Yes","Tyr","Ediast (mV)",-86.1951253004825,"20210621 Cell_ 13 _ WTC11"
"1458",2021-06-21,"20210621",13,"21621101","WTC11_Expanded.Maturated_Tyr_3.33Hz","WT","Expanded.Maturated","3.33Hz","Yes","Tyr","APA (mV)",129.936578301,"20210621 Cell_ 13 _ WTC11"
"1459",2021-06-21,"20210621",13,"21621101","WTC11_Expanded.Maturated_Tyr_3.33Hz","WT","Expanded.Maturated","3.33Hz","Yes","Tyr","dV/dt max y (V/s)",183.10240829529,"20210621 Cell_ 13 _ WTC11"
"1460",2021-06-21,"20210621",13,"21621101","WTC11_Expanded.Maturated_Tyr_3.33Hz","WT","Expanded.Maturated","3.33Hz","Yes","Tyr","APD 90 (ms)",119.32,"20210621 Cell_ 13 _ WTC11"
"1461",2021-06-21,"20210621",13,"21621102","WTC11_Expanded.Maturated_Tyr_4Hz","WT","Expanded.Maturated","4Hz","Yes","Tyr","Ediast (mV)",-83.416866155099,"20210621 Cell_ 13 _ WTC11"
"1462",2021-06-21,"20210621",13,"21621102","WTC11_Expanded.Maturated_Tyr_4Hz","WT","Expanded.Maturated","4Hz","Yes","Tyr","APA (mV)",123.474847650884,"20210621 Cell_ 13 _ WTC11"
"1463",2021-06-21,"20210621",13,"21621102","WTC11_Expanded.Maturated_Tyr_4Hz","WT","Expanded.Maturated","4Hz","Yes","Tyr","dV/dt max y (V/s)",170.620719435014,"20210621 Cell_ 13 _ WTC11"
"1464",2021-06-21,"20210621",13,"21621102","WTC11_Expanded.Maturated_Tyr_4Hz","WT","Expanded.Maturated","4Hz","Yes","Tyr","APD 90 (ms)",93,"20210621 Cell_ 13 _ WTC11"
"1465",2021-06-21,"20210621",13,"21621104","WTC11_Expanded.Maturated_Tyr_5Hz","WT","Expanded.Maturated","5Hz","Yes","Tyr","Ediast (mV)",-77.886104699046,"20210621 Cell_ 13 _ WTC11"
"1466",2021-06-21,"20210621",13,"21621104","WTC11_Expanded.Maturated_Tyr_5Hz","WT","Expanded.Maturated","5Hz","Yes","Tyr","APA (mV)",116.674555005131,"20210621 Cell_ 13 _ WTC11"
"1467",2021-06-21,"20210621",13,"21621104","WTC11_Expanded.Maturated_Tyr_5Hz","WT","Expanded.Maturated","5Hz","Yes","Tyr","dV/dt max y (V/s)",146.508782103707,"20210621 Cell_ 13 _ WTC11"
"1468",2021-06-21,"20210621",13,"21621104","WTC11_Expanded.Maturated_Tyr_5Hz","WT","Expanded.Maturated","5Hz","Yes","Tyr","APD 90 (ms)",57.96,"20210621 Cell_ 13 _ WTC11"
"1469",2021-06-21,"20210621",15,"21621111","WTC11_Expanded.Maturated_Tyr_0.5Hz","WT","Expanded.Maturated","0.5Hz","Yes","Tyr","Ediast (mV)",-63.271847580686,"20210621 Cell_ 15 _ WTC11"
"1470",2021-06-21,"20210621",15,"21621111","WTC11_Expanded.Maturated_Tyr_0.5Hz","WT","Expanded.Maturated","0.5Hz","Yes","Tyr","APA (mV)",112.573603051478,"20210621 Cell_ 15 _ WTC11"
"1471",2021-06-21,"20210621",15,"21621111","WTC11_Expanded.Maturated_Tyr_0.5Hz","WT","Expanded.Maturated","0.5Hz","Yes","Tyr","dV/dt max y (V/s)",177.87169565311,"20210621 Cell_ 15 _ WTC11"
"1472",2021-06-21,"20210621",15,"21621111","WTC11_Expanded.Maturated_Tyr_0.5Hz","WT","Expanded.Maturated","0.5Hz","Yes","Tyr","APD 90 (ms)",171.32,"20210621 Cell_ 15 _ WTC11"
"1473",2021-06-21,"20210621",15,"21621112","WTC11_Expanded.Maturated_Tyr_1Hz","WT","Expanded.Maturated","1Hz","Yes","Tyr","Ediast (mV)",-65.1365935858653,"20210621 Cell_ 15 _ WTC11"
"1474",2021-06-21,"20210621",15,"21621112","WTC11_Expanded.Maturated_Tyr_1Hz","WT","Expanded.Maturated","1Hz","Yes","Tyr","APA (mV)",117.026239558739,"20210621 Cell_ 15 _ WTC11"
"1475",2021-06-21,"20210621",15,"21621112","WTC11_Expanded.Maturated_Tyr_1Hz","WT","Expanded.Maturated","1Hz","Yes","Tyr","dV/dt max y (V/s)",172.842399016987,"20210621 Cell_ 15 _ WTC11"
"1476",2021-06-21,"20210621",15,"21621112","WTC11_Expanded.Maturated_Tyr_1Hz","WT","Expanded.Maturated","1Hz","Yes","Tyr","APD 90 (ms)",189.24,"20210621 Cell_ 15 _ WTC11"
"1477",2021-06-21,"20210621",15,"21621113","WTC11_Expanded.Maturated_Tyr_2Hz","WT","Expanded.Maturated","2Hz","Yes","Tyr","Ediast (mV)",-55.8253757664057,"20210621 Cell_ 15 _ WTC11"
"1478",2021-06-21,"20210621",15,"21621113","WTC11_Expanded.Maturated_Tyr_2Hz","WT","Expanded.Maturated","2Hz","Yes","Tyr","APA (mV)",106.087824550942,"20210621 Cell_ 15 _ WTC11"
"1479",2021-06-21,"20210621",15,"21621113","WTC11_Expanded.Maturated_Tyr_2Hz","WT","Expanded.Maturated","2Hz","Yes","Tyr","dV/dt max y (V/s)",134.320061979515,"20210621 Cell_ 15 _ WTC11"
"1480",2021-06-21,"20210621",15,"21621113","WTC11_Expanded.Maturated_Tyr_2Hz","WT","Expanded.Maturated","2Hz","Yes","Tyr","APD 90 (ms)",137.04,"20210621 Cell_ 15 _ WTC11"
"1481",2021-06-21,"20210621",15,"21621114","WTC11_Expanded.Maturated_Tyr_3.33Hz","WT","Expanded.Maturated","3.33Hz","Yes","Tyr","Ediast (mV)",-54.0012791733581,"20210621 Cell_ 15 _ WTC11"
"1482",2021-06-21,"20210621",15,"21621114","WTC11_Expanded.Maturated_Tyr_3.33Hz","WT","Expanded.Maturated","3.33Hz","Yes","Tyr","APA (mV)",100.851252534041,"20210621 Cell_ 15 _ WTC11"
"1483",2021-06-21,"20210621",15,"21621114","WTC11_Expanded.Maturated_Tyr_3.33Hz","WT","Expanded.Maturated","3.33Hz","Yes","Tyr","dV/dt max y (V/s)",95.3308060189045,"20210621 Cell_ 15 _ WTC11"
"1484",2021-06-21,"20210621",15,"21621114","WTC11_Expanded.Maturated_Tyr_3.33Hz","WT","Expanded.Maturated","3.33Hz","Yes","Tyr","APD 90 (ms)",111.12,"20210621 Cell_ 15 _ WTC11"
"1485",2021-06-21,"20210621",15,"21621115","WTC11_Expanded.Maturated_Tyr_4Hz","WT","Expanded.Maturated","4Hz","Yes","Tyr","Ediast (mV)",-56.8569308931907,"20210621 Cell_ 15 _ WTC11"
"1486",2021-06-21,"20210621",15,"21621115","WTC11_Expanded.Maturated_Tyr_4Hz","WT","Expanded.Maturated","4Hz","Yes","Tyr","APA (mV)",102.291499047665,"20210621 Cell_ 15 _ WTC11"
"1487",2021-06-21,"20210621",15,"21621115","WTC11_Expanded.Maturated_Tyr_4Hz","WT","Expanded.Maturated","4Hz","Yes","Tyr","dV/dt max y (V/s)",88.9465289783913,"20210621 Cell_ 15 _ WTC11"
"1488",2021-06-21,"20210621",15,"21621115","WTC11_Expanded.Maturated_Tyr_4Hz","WT","Expanded.Maturated","4Hz","Yes","Tyr","APD 90 (ms)",107,"20210621 Cell_ 15 _ WTC11"
"1489",2021-06-21,"20210621",15,"21621116","WTC11_Expanded.Maturated_Tyr_5Hz","WT","Expanded.Maturated","5Hz","Yes","Tyr","Ediast (mV)",-52.9290746344413,"20210621 Cell_ 15 _ WTC11"
"1490",2021-06-21,"20210621",15,"21621116","WTC11_Expanded.Maturated_Tyr_5Hz","WT","Expanded.Maturated","5Hz","Yes","Tyr","APA (mV)",93.4466508349597,"20210621 Cell_ 15 _ WTC11"
"1491",2021-06-21,"20210621",15,"21621116","WTC11_Expanded.Maturated_Tyr_5Hz","WT","Expanded.Maturated","5Hz","Yes","Tyr","dV/dt max y (V/s)",57.629391794001,"20210621 Cell_ 15 _ WTC11"
"1492",2021-06-21,"20210621",15,"21621116","WTC11_Expanded.Maturated_Tyr_5Hz","WT","Expanded.Maturated","5Hz","Yes","Tyr","APD 90 (ms)",85.52,"20210621 Cell_ 15 _ WTC11"
"1493",2021-06-21,"20210621",16,"21621119","WTC11_Expanded.Maturated_Tyr_0.5Hz","WT","Expanded.Maturated","0.5Hz","Yes","Tyr","Ediast (mV)",-64.61101988036,"20210621 Cell_ 16 _ WTC11"
"1494",2021-06-21,"20210621",16,"21621119","WTC11_Expanded.Maturated_Tyr_0.5Hz","WT","Expanded.Maturated","0.5Hz","Yes","Tyr","APA (mV)",118.275568112681,"20210621 Cell_ 16 _ WTC11"
"1495",2021-06-21,"20210621",16,"21621119","WTC11_Expanded.Maturated_Tyr_0.5Hz","WT","Expanded.Maturated","0.5Hz","Yes","Tyr","dV/dt max y (V/s)",172.186271118466,"20210621 Cell_ 16 _ WTC11"
"1496",2021-06-21,"20210621",16,"21621119","WTC11_Expanded.Maturated_Tyr_0.5Hz","WT","Expanded.Maturated","0.5Hz","Yes","Tyr","APD 90 (ms)",315.64,"20210621 Cell_ 16 _ WTC11"
"1497",2021-06-21,"20210621",16,"21621121","WTC11_Expanded.Maturated_Tyr_1Hz","WT","Expanded.Maturated","1Hz","Yes","Tyr","Ediast (mV)",-65.3285491431542,"20210621 Cell_ 16 _ WTC11"
"1498",2021-06-21,"20210621",16,"21621121","WTC11_Expanded.Maturated_Tyr_1Hz","WT","Expanded.Maturated","1Hz","Yes","Tyr","APA (mV)",116.848932438255,"20210621 Cell_ 16 _ WTC11"
"1499",2021-06-21,"20210621",16,"21621121","WTC11_Expanded.Maturated_Tyr_1Hz","WT","Expanded.Maturated","1Hz","Yes","Tyr","dV/dt max y (V/s)",176.718131254777,"20210621 Cell_ 16 _ WTC11"
"1500",2021-06-21,"20210621",16,"21621121","WTC11_Expanded.Maturated_Tyr_1Hz","WT","Expanded.Maturated","1Hz","Yes","Tyr","APD 90 (ms)",277.32,"20210621 Cell_ 16 _ WTC11"
"1501",2021-06-21,"20210621",16,"21621122","WTC11_Expanded.Maturated_Tyr_2Hz","WT","Expanded.Maturated","2Hz","Yes","Tyr","Ediast (mV)",-59.6421480460562,"20210621 Cell_ 16 _ WTC11"
"1502",2021-06-21,"20210621",16,"21621122","WTC11_Expanded.Maturated_Tyr_2Hz","WT","Expanded.Maturated","2Hz","Yes","Tyr","APA (mV)",108.70586641878,"20210621 Cell_ 16 _ WTC11"
"1503",2021-06-21,"20210621",16,"21621122","WTC11_Expanded.Maturated_Tyr_2Hz","WT","Expanded.Maturated","2Hz","Yes","Tyr","dV/dt max y (V/s)",121.05101964101,"20210621 Cell_ 16 _ WTC11"
"1504",2021-06-21,"20210621",16,"21621122","WTC11_Expanded.Maturated_Tyr_2Hz","WT","Expanded.Maturated","2Hz","Yes","Tyr","APD 90 (ms)",175.2,"20210621 Cell_ 16 _ WTC11"
"1505",2021-06-21,"20210621",16,"21621123","WTC11_Expanded.Maturated_Tyr_3.33Hz","WT","Expanded.Maturated","3.33Hz","Yes","Tyr","Ediast (mV)",-63.8605926699096,"20210621 Cell_ 16 _ WTC11"
"1506",2021-06-21,"20210621",16,"21621123","WTC11_Expanded.Maturated_Tyr_3.33Hz","WT","Expanded.Maturated","3.33Hz","Yes","Tyr","APA (mV)",111.58825153578,"20210621 Cell_ 16 _ WTC11"
"1507",2021-06-21,"20210621",16,"21621123","WTC11_Expanded.Maturated_Tyr_3.33Hz","WT","Expanded.Maturated","3.33Hz","Yes","Tyr","dV/dt max y (V/s)",82.6660116985754,"20210621 Cell_ 16 _ WTC11"
"1508",2021-06-21,"20210621",16,"21621123","WTC11_Expanded.Maturated_Tyr_3.33Hz","WT","Expanded.Maturated","3.33Hz","Yes","Tyr","APD 90 (ms)",148.4,"20210621 Cell_ 16 _ WTC11"
"1509",2021-06-21,"20210621",16,"21621124","WTC11_Expanded.Maturated_Tyr_4Hz","WT","Expanded.Maturated","4Hz","Yes","Tyr","Ediast (mV)",-61.1301240495999,"20210621 Cell_ 16 _ WTC11"
"1510",2021-06-21,"20210621",16,"21621124","WTC11_Expanded.Maturated_Tyr_4Hz","WT","Expanded.Maturated","4Hz","Yes","Tyr","APA (mV)",108.502558322968,"20210621 Cell_ 16 _ WTC11"
"1511",2021-06-21,"20210621",16,"21621124","WTC11_Expanded.Maturated_Tyr_4Hz","WT","Expanded.Maturated","4Hz","Yes","Tyr","dV/dt max y (V/s)",77.600093970443,"20210621 Cell_ 16 _ WTC11"
"1512",2021-06-21,"20210621",16,"21621124","WTC11_Expanded.Maturated_Tyr_4Hz","WT","Expanded.Maturated","4Hz","Yes","Tyr","APD 90 (ms)",134.12,"20210621 Cell_ 16 _ WTC11"
"1513",2021-06-21,"20210621",16,"21621125","WTC11_Expanded.Maturated_Tyr_5Hz","WT","Expanded.Maturated","5Hz","Yes","Tyr","Ediast (mV)",-58.6633272917665,"20210621 Cell_ 16 _ WTC11"
"1514",2021-06-21,"20210621",16,"21621125","WTC11_Expanded.Maturated_Tyr_5Hz","WT","Expanded.Maturated","5Hz","Yes","Tyr","APA (mV)",103.732905229201,"20210621 Cell_ 16 _ WTC11"
"1515",2021-06-21,"20210621",16,"21621125","WTC11_Expanded.Maturated_Tyr_5Hz","WT","Expanded.Maturated","5Hz","Yes","Tyr","dV/dt max y (V/s)",60.6780977038825,"20210621 Cell_ 16 _ WTC11"
"1516",2021-06-21,"20210621",16,"21621125","WTC11_Expanded.Maturated_Tyr_5Hz","WT","Expanded.Maturated","5Hz","Yes","Tyr","APD 90 (ms)",113.4,"20210621 Cell_ 16 _ WTC11"
"1517",2021-06-28,"20210628",1,"21628002","HDF28c44_Expanded.Maturated_Tyr_0.5Hz","LQT1_R594Q","Expanded.Maturated","0.5Hz","Yes","Tyr","Ediast (mV)",-60.7859468198537,"20210628 Cell_ 1 _ HDF28c44"
"1518",2021-06-28,"20210628",1,"21628002","HDF28c44_Expanded.Maturated_Tyr_0.5Hz","LQT1_R594Q","Expanded.Maturated","0.5Hz","Yes","Tyr","APA (mV)",118.213312256263,"20210628 Cell_ 1 _ HDF28c44"
"1519",2021-06-28,"20210628",1,"21628002","HDF28c44_Expanded.Maturated_Tyr_0.5Hz","LQT1_R594Q","Expanded.Maturated","0.5Hz","Yes","Tyr","dV/dt max y (V/s)",103.21959958952,"20210628 Cell_ 1 _ HDF28c44"
"1520",2021-06-28,"20210628",1,"21628002","HDF28c44_Expanded.Maturated_Tyr_0.5Hz","LQT1_R594Q","Expanded.Maturated","0.5Hz","Yes","Tyr","APD 90 (ms)",349.32,"20210628 Cell_ 1 _ HDF28c44"
"1521",2021-06-28,"20210628",1,"21628005","HDF28c44_Expanded.Maturated_Tyr_1Hz","LQT1_R594Q","Expanded.Maturated","1Hz","Yes","Tyr","Ediast (mV)",-72.5867275093467,"20210628 Cell_ 1 _ HDF28c44"
"1522",2021-06-28,"20210628",1,"21628005","HDF28c44_Expanded.Maturated_Tyr_1Hz","LQT1_R594Q","Expanded.Maturated","1Hz","Yes","Tyr","APA (mV)",130.507867336365,"20210628 Cell_ 1 _ HDF28c44"
"1523",2021-06-28,"20210628",1,"21628005","HDF28c44_Expanded.Maturated_Tyr_1Hz","LQT1_R594Q","Expanded.Maturated","1Hz","Yes","Tyr","dV/dt max y (V/s)",142.138665123776,"20210628 Cell_ 1 _ HDF28c44"
"1524",2021-06-28,"20210628",1,"21628005","HDF28c44_Expanded.Maturated_Tyr_1Hz","LQT1_R594Q","Expanded.Maturated","1Hz","Yes","Tyr","APD 90 (ms)",347.68,"20210628 Cell_ 1 _ HDF28c44"
"1525",2021-06-28,"20210628",1,"21628006","HDF28c44_Expanded.Maturated_Tyr_2Hz","LQT1_R594Q","Expanded.Maturated","2Hz","Yes","Tyr","Ediast (mV)",-76.0914270499136,"20210628 Cell_ 1 _ HDF28c44"
"1526",2021-06-28,"20210628",1,"21628006","HDF28c44_Expanded.Maturated_Tyr_2Hz","LQT1_R594Q","Expanded.Maturated","2Hz","Yes","Tyr","APA (mV)",132.423821835206,"20210628 Cell_ 1 _ HDF28c44"
"1527",2021-06-28,"20210628",1,"21628006","HDF28c44_Expanded.Maturated_Tyr_2Hz","LQT1_R594Q","Expanded.Maturated","2Hz","Yes","Tyr","dV/dt max y (V/s)",137.539666318779,"20210628 Cell_ 1 _ HDF28c44"
"1528",2021-06-28,"20210628",1,"21628006","HDF28c44_Expanded.Maturated_Tyr_2Hz","LQT1_R594Q","Expanded.Maturated","2Hz","Yes","Tyr","APD 90 (ms)",289.2,"20210628 Cell_ 1 _ HDF28c44"
"1529",2021-06-28,"20210628",1,"21628007","HDF28c44_Expanded.Maturated_Tyr_3.33Hz","LQT1_R594Q","Expanded.Maturated","3.33Hz","Yes","Tyr","Ediast (mV)",-72.5825771189188,"20210628 Cell_ 1 _ HDF28c44"
"1530",2021-06-28,"20210628",1,"21628007","HDF28c44_Expanded.Maturated_Tyr_3.33Hz","LQT1_R594Q","Expanded.Maturated","3.33Hz","Yes","Tyr","APA (mV)",126.277642927915,"20210628 Cell_ 1 _ HDF28c44"
"1531",2021-06-28,"20210628",1,"21628007","HDF28c44_Expanded.Maturated_Tyr_3.33Hz","LQT1_R594Q","Expanded.Maturated","3.33Hz","Yes","Tyr","dV/dt max y (V/s)",126.937860181713,"20210628 Cell_ 1 _ HDF28c44"
"1532",2021-06-28,"20210628",1,"21628007","HDF28c44_Expanded.Maturated_Tyr_3.33Hz","LQT1_R594Q","Expanded.Maturated","3.33Hz","Yes","Tyr","APD 90 (ms)",191.88,"20210628 Cell_ 1 _ HDF28c44"
"1533",2021-06-28,"20210628",2,"21628010","HDF28c44_Expanded.Maturated_Tyr_0.5Hz","LQT1_R594Q","Expanded.Maturated","0.5Hz","Yes","Tyr","Ediast (mV)",-71.4057583271585,"20210628 Cell_ 2 _ HDF28c44"
"1534",2021-06-28,"20210628",2,"21628010","HDF28c44_Expanded.Maturated_Tyr_0.5Hz","LQT1_R594Q","Expanded.Maturated","0.5Hz","Yes","Tyr","APA (mV)",121.877557687689,"20210628 Cell_ 2 _ HDF28c44"
"1535",2021-06-28,"20210628",2,"21628010","HDF28c44_Expanded.Maturated_Tyr_0.5Hz","LQT1_R594Q","Expanded.Maturated","0.5Hz","Yes","Tyr","dV/dt max y (V/s)",111.593622629276,"20210628 Cell_ 2 _ HDF28c44"
"1536",2021-06-28,"20210628",2,"21628010","HDF28c44_Expanded.Maturated_Tyr_0.5Hz","LQT1_R594Q","Expanded.Maturated","0.5Hz","Yes","Tyr","APD 90 (ms)",174.72,"20210628 Cell_ 2 _ HDF28c44"
"1537",2021-06-28,"20210628",2,"21628011","HDF28c44_Expanded.Maturated_Tyr_1Hz","LQT1_R594Q","Expanded.Maturated","1Hz","Yes","Tyr","Ediast (mV)",-74.8546717375626,"20210628 Cell_ 2 _ HDF28c44"
"1538",2021-06-28,"20210628",2,"21628011","HDF28c44_Expanded.Maturated_Tyr_1Hz","LQT1_R594Q","Expanded.Maturated","1Hz","Yes","Tyr","APA (mV)",125.917291382531,"20210628 Cell_ 2 _ HDF28c44"
"1539",2021-06-28,"20210628",2,"21628011","HDF28c44_Expanded.Maturated_Tyr_1Hz","LQT1_R594Q","Expanded.Maturated","1Hz","Yes","Tyr","dV/dt max y (V/s)",98.2727004104225,"20210628 Cell_ 2 _ HDF28c44"
"1540",2021-06-28,"20210628",2,"21628011","HDF28c44_Expanded.Maturated_Tyr_1Hz","LQT1_R594Q","Expanded.Maturated","1Hz","Yes","Tyr","APD 90 (ms)",220.64,"20210628 Cell_ 2 _ HDF28c44"
"1541",2021-06-28,"20210628",2,"21628014","HDF28c44_Expanded.Maturated_Tyr_2Hz","LQT1_R594Q","Expanded.Maturated","2Hz","Yes","Tyr","Ediast (mV)",-82.4427451076172,"20210628 Cell_ 2 _ HDF28c44"
"1542",2021-06-28,"20210628",2,"21628014","HDF28c44_Expanded.Maturated_Tyr_2Hz","LQT1_R594Q","Expanded.Maturated","2Hz","Yes","Tyr","APA (mV)",132.901727085944,"20210628 Cell_ 2 _ HDF28c44"
"1543",2021-06-28,"20210628",2,"21628014","HDF28c44_Expanded.Maturated_Tyr_2Hz","LQT1_R594Q","Expanded.Maturated","2Hz","Yes","Tyr","dV/dt max y (V/s)",98.8037062445758,"20210628 Cell_ 2 _ HDF28c44"
"1544",2021-06-28,"20210628",2,"21628014","HDF28c44_Expanded.Maturated_Tyr_2Hz","LQT1_R594Q","Expanded.Maturated","2Hz","Yes","Tyr","APD 90 (ms)",211.84,"20210628 Cell_ 2 _ HDF28c44"
"1545",2021-06-28,"20210628",4,"21628020","HDF28c44_Expanded.Maturated_Tyr_0.5Hz","LQT1_R594Q","Expanded.Maturated","0.5Hz","Yes","Tyr","Ediast (mV)",-77.7503625179934,"20210628 Cell_ 4 _ HDF28c44"
"1546",2021-06-28,"20210628",4,"21628020","HDF28c44_Expanded.Maturated_Tyr_0.5Hz","LQT1_R594Q","Expanded.Maturated","0.5Hz","Yes","Tyr","APA (mV)",114.550287527903,"20210628 Cell_ 4 _ HDF28c44"
"1547",2021-06-28,"20210628",4,"21628020","HDF28c44_Expanded.Maturated_Tyr_0.5Hz","LQT1_R594Q","Expanded.Maturated","0.5Hz","Yes","Tyr","dV/dt max y (V/s)",103.216547831854,"20210628 Cell_ 4 _ HDF28c44"
"1548",2021-06-28,"20210628",4,"21628020","HDF28c44_Expanded.Maturated_Tyr_0.5Hz","LQT1_R594Q","Expanded.Maturated","0.5Hz","Yes","Tyr","APD 90 (ms)",237.76,"20210628 Cell_ 4 _ HDF28c44"
"1549",2021-06-28,"20210628",4,"21628021","HDF28c44_Expanded.Maturated_Tyr_1Hz","LQT1_R594Q","Expanded.Maturated","1Hz","Yes","Tyr","Ediast (mV)",-81.534786166368,"20210628 Cell_ 4 _ HDF28c44"
"1550",2021-06-28,"20210628",4,"21628021","HDF28c44_Expanded.Maturated_Tyr_1Hz","LQT1_R594Q","Expanded.Maturated","1Hz","Yes","Tyr","APA (mV)",118.513544175596,"20210628 Cell_ 4 _ HDF28c44"
"1551",2021-06-28,"20210628",4,"21628021","HDF28c44_Expanded.Maturated_Tyr_1Hz","LQT1_R594Q","Expanded.Maturated","1Hz","Yes","Tyr","dV/dt max y (V/s)",121.160882917041,"20210628 Cell_ 4 _ HDF28c44"
"1552",2021-06-28,"20210628",4,"21628021","HDF28c44_Expanded.Maturated_Tyr_1Hz","LQT1_R594Q","Expanded.Maturated","1Hz","Yes","Tyr","APD 90 (ms)",241.12,"20210628 Cell_ 4 _ HDF28c44"
"1553",2021-06-28,"20210628",4,"21628022","HDF28c44_Expanded.Maturated_Tyr_2Hz","LQT1_R594Q","Expanded.Maturated","2Hz","Yes","Tyr","Ediast (mV)",-82.9995077764849,"20210628 Cell_ 4 _ HDF28c44"
"1554",2021-06-28,"20210628",4,"21628022","HDF28c44_Expanded.Maturated_Tyr_2Hz","LQT1_R594Q","Expanded.Maturated","2Hz","Yes","Tyr","APA (mV)",119.292841013582,"20210628 Cell_ 4 _ HDF28c44"
"1555",2021-06-28,"20210628",4,"21628022","HDF28c44_Expanded.Maturated_Tyr_2Hz","LQT1_R594Q","Expanded.Maturated","2Hz","Yes","Tyr","dV/dt max y (V/s)",111.352533773538,"20210628 Cell_ 4 _ HDF28c44"
"1556",2021-06-28,"20210628",4,"21628022","HDF28c44_Expanded.Maturated_Tyr_2Hz","LQT1_R594Q","Expanded.Maturated","2Hz","Yes","Tyr","APD 90 (ms)",224.92,"20210628 Cell_ 4 _ HDF28c44"
"1557",2021-06-28,"20210628",4,"21628023","HDF28c44_Expanded.Maturated_Tyr_3.33Hz","LQT1_R594Q","Expanded.Maturated","3.33Hz","Yes","Tyr","Ediast (mV)",-77.7676965015451,"20210628 Cell_ 4 _ HDF28c44"
"1558",2021-06-28,"20210628",4,"21628023","HDF28c44_Expanded.Maturated_Tyr_3.33Hz","LQT1_R594Q","Expanded.Maturated","3.33Hz","Yes","Tyr","APA (mV)",111.852777890403,"20210628 Cell_ 4 _ HDF28c44"
"1559",2021-06-28,"20210628",4,"21628023","HDF28c44_Expanded.Maturated_Tyr_3.33Hz","LQT1_R594Q","Expanded.Maturated","3.33Hz","Yes","Tyr","dV/dt max y (V/s)",88.6535602423068,"20210628 Cell_ 4 _ HDF28c44"
"1560",2021-06-28,"20210628",4,"21628023","HDF28c44_Expanded.Maturated_Tyr_3.33Hz","LQT1_R594Q","Expanded.Maturated","3.33Hz","Yes","Tyr","APD 90 (ms)",175.2,"20210628 Cell_ 4 _ HDF28c44"
"1561",2021-06-28,"20210628",4,"21628024","HDF28c44_Expanded.Maturated_Tyr_4Hz","LQT1_R594Q","Expanded.Maturated","4Hz","Yes","Tyr","Ediast (mV)",-77.3462487676566,"20210628 Cell_ 4 _ HDF28c44"
"1562",2021-06-28,"20210628",4,"21628024","HDF28c44_Expanded.Maturated_Tyr_4Hz","LQT1_R594Q","Expanded.Maturated","4Hz","Yes","Tyr","APA (mV)",110.913141704565,"20210628 Cell_ 4 _ HDF28c44"
"1563",2021-06-28,"20210628",4,"21628024","HDF28c44_Expanded.Maturated_Tyr_4Hz","LQT1_R594Q","Expanded.Maturated","4Hz","Yes","Tyr","dV/dt max y (V/s)",96.7925979416609,"20210628 Cell_ 4 _ HDF28c44"
"1564",2021-06-28,"20210628",4,"21628024","HDF28c44_Expanded.Maturated_Tyr_4Hz","LQT1_R594Q","Expanded.Maturated","4Hz","Yes","Tyr","APD 90 (ms)",169.32,"20210628 Cell_ 4 _ HDF28c44"
"1565",2021-06-28,"20210628",4,"21628025","HDF28c44_Expanded.Maturated_Tyr_5Hz","LQT1_R594Q","Expanded.Maturated","5Hz","Yes","Tyr","Ediast (mV)",-74.4080775204935,"20210628 Cell_ 4 _ HDF28c44"
"1566",2021-06-28,"20210628",4,"21628025","HDF28c44_Expanded.Maturated_Tyr_5Hz","LQT1_R594Q","Expanded.Maturated","5Hz","Yes","Tyr","APA (mV)",105.868647315259,"20210628 Cell_ 4 _ HDF28c44"
"1567",2021-06-28,"20210628",4,"21628025","HDF28c44_Expanded.Maturated_Tyr_5Hz","LQT1_R594Q","Expanded.Maturated","5Hz","Yes","Tyr","dV/dt max y (V/s)",83.609004817848,"20210628 Cell_ 4 _ HDF28c44"
"1568",2021-06-28,"20210628",4,"21628025","HDF28c44_Expanded.Maturated_Tyr_5Hz","LQT1_R594Q","Expanded.Maturated","5Hz","Yes","Tyr","APD 90 (ms)",143.44,"20210628 Cell_ 4 _ HDF28c44"
"1569",2021-06-28,"20210628",6,"21628030","HDF28c44_Expanded.Maturated_Tyr_0.5Hz","LQT1_R594Q","Expanded.Maturated","0.5Hz","Yes","Tyr","Ediast (mV)",-79.0438194878075,"20210628 Cell_ 6 _ HDF28c44"
"1570",2021-06-28,"20210628",6,"21628030","HDF28c44_Expanded.Maturated_Tyr_0.5Hz","LQT1_R594Q","Expanded.Maturated","0.5Hz","Yes","Tyr","APA (mV)",132.522820853941,"20210628 Cell_ 6 _ HDF28c44"
"1571",2021-06-28,"20210628",6,"21628030","HDF28c44_Expanded.Maturated_Tyr_0.5Hz","LQT1_R594Q","Expanded.Maturated","0.5Hz","Yes","Tyr","dV/dt max y (V/s)",111.569208567934,"20210628 Cell_ 6 _ HDF28c44"
"1572",2021-06-28,"20210628",6,"21628030","HDF28c44_Expanded.Maturated_Tyr_0.5Hz","LQT1_R594Q","Expanded.Maturated","0.5Hz","Yes","Tyr","APD 90 (ms)",388.48,"20210628 Cell_ 6 _ HDF28c44"
"1573",2021-06-28,"20210628",6,"21628032","HDF28c44_Expanded.Maturated_Tyr_1Hz","LQT1_R594Q","Expanded.Maturated","1Hz","Yes","Tyr","Ediast (mV)",-80.185359960931,"20210628 Cell_ 6 _ HDF28c44"
"1574",2021-06-28,"20210628",6,"21628032","HDF28c44_Expanded.Maturated_Tyr_1Hz","LQT1_R594Q","Expanded.Maturated","1Hz","Yes","Tyr","APA (mV)",132.518731498667,"20210628 Cell_ 6 _ HDF28c44"
"1575",2021-06-28,"20210628",6,"21628032","HDF28c44_Expanded.Maturated_Tyr_1Hz","LQT1_R594Q","Expanded.Maturated","1Hz","Yes","Tyr","dV/dt max y (V/s)",124.984735274482,"20210628 Cell_ 6 _ HDF28c44"
"1576",2021-06-28,"20210628",6,"21628032","HDF28c44_Expanded.Maturated_Tyr_1Hz","LQT1_R594Q","Expanded.Maturated","1Hz","Yes","Tyr","APD 90 (ms)",385.36,"20210628 Cell_ 6 _ HDF28c44"
"1577",2021-06-28,"20210628",6,"21628033","HDF28c44_Expanded.Maturated_Tyr_2Hz","LQT1_R594Q","Expanded.Maturated","2Hz","Yes","Tyr","Ediast (mV)",-80.5024986177427,"20210628 Cell_ 6 _ HDF28c44"
"1578",2021-06-28,"20210628",6,"21628033","HDF28c44_Expanded.Maturated_Tyr_2Hz","LQT1_R594Q","Expanded.Maturated","2Hz","Yes","Tyr","APA (mV)",130.149713056502,"20210628 Cell_ 6 _ HDF28c44"
"1579",2021-06-28,"20210628",6,"21628033","HDF28c44_Expanded.Maturated_Tyr_2Hz","LQT1_R594Q","Expanded.Maturated","2Hz","Yes","Tyr","dV/dt max y (V/s)",79.2266808072471,"20210628 Cell_ 6 _ HDF28c44"
"1580",2021-06-28,"20210628",6,"21628033","HDF28c44_Expanded.Maturated_Tyr_2Hz","LQT1_R594Q","Expanded.Maturated","2Hz","Yes","Tyr","APD 90 (ms)",308.4,"20210628 Cell_ 6 _ HDF28c44"
"1581",2021-06-28,"20210628",6,"21628034","HDF28c44_Expanded.Maturated_Tyr_3.33Hz","LQT1_R594Q","Expanded.Maturated","3.33Hz","Yes","Tyr","Ediast (mV)",-71.1675381236296,"20210628 Cell_ 6 _ HDF28c44"
"1582",2021-06-28,"20210628",6,"21628034","HDF28c44_Expanded.Maturated_Tyr_3.33Hz","LQT1_R594Q","Expanded.Maturated","3.33Hz","Yes","Tyr","APA (mV)",116.682062328993,"20210628 Cell_ 6 _ HDF28c44"
"1583",2021-06-28,"20210628",6,"21628034","HDF28c44_Expanded.Maturated_Tyr_3.33Hz","LQT1_R594Q","Expanded.Maturated","3.33Hz","Yes","Tyr","dV/dt max y (V/s)",37.9455548383077,"20210628 Cell_ 6 _ HDF28c44"
"1584",2021-06-28,"20210628",6,"21628034","HDF28c44_Expanded.Maturated_Tyr_3.33Hz","LQT1_R594Q","Expanded.Maturated","3.33Hz","Yes","Tyr","APD 90 (ms)",213.8,"20210628 Cell_ 6 _ HDF28c44"
"1585",2021-06-28,"20210628",6,"21628035","HDF28c44_Expanded.Maturated_Tyr_4Hz","LQT1_R594Q","Expanded.Maturated","4Hz","Yes","Tyr","Ediast (mV)",-68.7553678280453,"20210628 Cell_ 6 _ HDF28c44"
"1586",2021-06-28,"20210628",6,"21628035","HDF28c44_Expanded.Maturated_Tyr_4Hz","LQT1_R594Q","Expanded.Maturated","4Hz","Yes","Tyr","APA (mV)",106.572138492783,"20210628 Cell_ 6 _ HDF28c44"
"1587",2021-06-28,"20210628",6,"21628035","HDF28c44_Expanded.Maturated_Tyr_4Hz","LQT1_R594Q","Expanded.Maturated","4Hz","Yes","Tyr","dV/dt max y (V/s)",12.3748773419124,"20210628 Cell_ 6 _ HDF28c44"
"1588",2021-06-28,"20210628",6,"21628035","HDF28c44_Expanded.Maturated_Tyr_4Hz","LQT1_R594Q","Expanded.Maturated","4Hz","Yes","Tyr","APD 90 (ms)",170.96,"20210628 Cell_ 6 _ HDF28c44"
"1589",2021-06-28,"20210628",8,"21628047","HDF28c44_Expanded.Maturated_Tyr_1Hz","LQT1_R594Q","Expanded.Maturated","1Hz","Yes","Tyr","Ediast (mV)",-77.0359460480202,"20210628 Cell_ 8 _ HDF28c44"
"1590",2021-06-28,"20210628",8,"21628047","HDF28c44_Expanded.Maturated_Tyr_1Hz","LQT1_R594Q","Expanded.Maturated","1Hz","Yes","Tyr","APA (mV)",110.904352642482,"20210628 Cell_ 8 _ HDF28c44"
"1591",2021-06-28,"20210628",8,"21628047","HDF28c44_Expanded.Maturated_Tyr_1Hz","LQT1_R594Q","Expanded.Maturated","1Hz","Yes","Tyr","dV/dt max y (V/s)",110.494989868957,"20210628 Cell_ 8 _ HDF28c44"
"1592",2021-06-28,"20210628",8,"21628047","HDF28c44_Expanded.Maturated_Tyr_1Hz","LQT1_R594Q","Expanded.Maturated","1Hz","Yes","Tyr","APD 90 (ms)",272.96,"20210628 Cell_ 8 _ HDF28c44"
"1593",2021-06-28,"20210628",8,"21628049","HDF28c44_Expanded.Maturated_Tyr_2Hz","LQT1_R594Q","Expanded.Maturated","2Hz","Yes","Tyr","Ediast (mV)",-87.9971882031703,"20210628 Cell_ 8 _ HDF28c44"
"1594",2021-06-28,"20210628",8,"21628049","HDF28c44_Expanded.Maturated_Tyr_2Hz","LQT1_R594Q","Expanded.Maturated","2Hz","Yes","Tyr","APA (mV)",120.803583129325,"20210628 Cell_ 8 _ HDF28c44"
"1595",2021-06-28,"20210628",8,"21628049","HDF28c44_Expanded.Maturated_Tyr_2Hz","LQT1_R594Q","Expanded.Maturated","2Hz","Yes","Tyr","dV/dt max y (V/s)",109.292597347943,"20210628 Cell_ 8 _ HDF28c44"
"1596",2021-06-28,"20210628",8,"21628049","HDF28c44_Expanded.Maturated_Tyr_2Hz","LQT1_R594Q","Expanded.Maturated","2Hz","Yes","Tyr","APD 90 (ms)",243.6,"20210628 Cell_ 8 _ HDF28c44"
"1597",2021-06-28,"20210628",8,"21628051","HDF28c44_Expanded.Maturated_Tyr_3.33Hz","LQT1_R594Q","Expanded.Maturated","3.33Hz","Yes","Tyr","Ediast (mV)",-84.0261190558485,"20210628 Cell_ 8 _ HDF28c44"
"1598",2021-06-28,"20210628",8,"21628051","HDF28c44_Expanded.Maturated_Tyr_3.33Hz","LQT1_R594Q","Expanded.Maturated","3.33Hz","Yes","Tyr","APA (mV)",116.781854804722,"20210628 Cell_ 8 _ HDF28c44"
"1599",2021-06-28,"20210628",8,"21628051","HDF28c44_Expanded.Maturated_Tyr_3.33Hz","LQT1_R594Q","Expanded.Maturated","3.33Hz","Yes","Tyr","dV/dt max y (V/s)",94.671626362714,"20210628 Cell_ 8 _ HDF28c44"
"1600",2021-06-28,"20210628",8,"21628051","HDF28c44_Expanded.Maturated_Tyr_3.33Hz","LQT1_R594Q","Expanded.Maturated","3.33Hz","Yes","Tyr","APD 90 (ms)",187.32,"20210628 Cell_ 8 _ HDF28c44"
"1601",2021-06-28,"20210628",8,"21628053","HDF28c44_Expanded.Maturated_Tyr_4Hz","LQT1_R594Q","Expanded.Maturated","4Hz","Yes","Tyr","Ediast (mV)",-82.7906454817178,"20210628 Cell_ 8 _ HDF28c44"
"1602",2021-06-28,"20210628",8,"21628053","HDF28c44_Expanded.Maturated_Tyr_4Hz","LQT1_R594Q","Expanded.Maturated","4Hz","Yes","Tyr","APA (mV)",112.719232927374,"20210628 Cell_ 8 _ HDF28c44"
"1603",2021-06-28,"20210628",8,"21628053","HDF28c44_Expanded.Maturated_Tyr_4Hz","LQT1_R594Q","Expanded.Maturated","4Hz","Yes","Tyr","dV/dt max y (V/s)",77.1301232896407,"20210628 Cell_ 8 _ HDF28c44"
"1604",2021-06-28,"20210628",8,"21628053","HDF28c44_Expanded.Maturated_Tyr_4Hz","LQT1_R594Q","Expanded.Maturated","4Hz","Yes","Tyr","APD 90 (ms)",157.88,"20210628 Cell_ 8 _ HDF28c44"
"1605",2021-06-28,"20210628",8,"21628054","HDF28c44_Expanded.Maturated_Tyr_5Hz","LQT1_R594Q","Expanded.Maturated","5Hz","Yes","Tyr","Ediast (mV)",-76.6156579820453,"20210628 Cell_ 8 _ HDF28c44"
"1606",2021-06-28,"20210628",8,"21628054","HDF28c44_Expanded.Maturated_Tyr_5Hz","LQT1_R594Q","Expanded.Maturated","5Hz","Yes","Tyr","APA (mV)",104.400690842015,"20210628 Cell_ 8 _ HDF28c44"
"1607",2021-06-28,"20210628",8,"21628054","HDF28c44_Expanded.Maturated_Tyr_5Hz","LQT1_R594Q","Expanded.Maturated","5Hz","Yes","Tyr","dV/dt max y (V/s)",53.1982396607194,"20210628 Cell_ 8 _ HDF28c44"
"1608",2021-06-28,"20210628",8,"21628054","HDF28c44_Expanded.Maturated_Tyr_5Hz","LQT1_R594Q","Expanded.Maturated","5Hz","Yes","Tyr","APD 90 (ms)",123.08,"20210628 Cell_ 8 _ HDF28c44"
"1609",2021-06-28,"20210628",10,"21628060","HDF28c44_Expanded.Maturated_Tyr_0.5Hz","LQT1_R594Q","Expanded.Maturated","0.5Hz","Yes","Tyr","Ediast (mV)",-81.5034751326989,"20210628 Cell_ 10 _ HDF28c44"
"1610",2021-06-28,"20210628",10,"21628060","HDF28c44_Expanded.Maturated_Tyr_0.5Hz","LQT1_R594Q","Expanded.Maturated","0.5Hz","Yes","Tyr","APA (mV)",125.448175193875,"20210628 Cell_ 10 _ HDF28c44"
"1611",2021-06-28,"20210628",10,"21628060","HDF28c44_Expanded.Maturated_Tyr_0.5Hz","LQT1_R594Q","Expanded.Maturated","0.5Hz","Yes","Tyr","dV/dt max y (V/s)",166.360465731116,"20210628 Cell_ 10 _ HDF28c44"
"1612",2021-06-28,"20210628",10,"21628060","HDF28c44_Expanded.Maturated_Tyr_0.5Hz","LQT1_R594Q","Expanded.Maturated","0.5Hz","Yes","Tyr","APD 90 (ms)",336.32,"20210628 Cell_ 10 _ HDF28c44"
"1613",2021-06-28,"20210628",10,"21628061","HDF28c44_Expanded.Maturated_Tyr_1Hz","LQT1_R594Q","Expanded.Maturated","1Hz","Yes","Tyr","Ediast (mV)",-83.3757894968938,"20210628 Cell_ 10 _ HDF28c44"
"1614",2021-06-28,"20210628",10,"21628061","HDF28c44_Expanded.Maturated_Tyr_1Hz","LQT1_R594Q","Expanded.Maturated","1Hz","Yes","Tyr","APA (mV)",127.376641899153,"20210628 Cell_ 10 _ HDF28c44"
"1615",2021-06-28,"20210628",10,"21628061","HDF28c44_Expanded.Maturated_Tyr_1Hz","LQT1_R594Q","Expanded.Maturated","1Hz","Yes","Tyr","dV/dt max y (V/s)",178.717032527021,"20210628 Cell_ 10 _ HDF28c44"
"1616",2021-06-28,"20210628",10,"21628061","HDF28c44_Expanded.Maturated_Tyr_1Hz","LQT1_R594Q","Expanded.Maturated","1Hz","Yes","Tyr","APD 90 (ms)",324.52,"20210628 Cell_ 10 _ HDF28c44"
"1617",2021-06-28,"20210628",10,"21628062","HDF28c44_Expanded.Maturated_Tyr_2Hz","LQT1_R594Q","Expanded.Maturated","2Hz","Yes","Tyr","Ediast (mV)",-82.0319174904117,"20210628 Cell_ 10 _ HDF28c44"
"1618",2021-06-28,"20210628",10,"21628062","HDF28c44_Expanded.Maturated_Tyr_2Hz","LQT1_R594Q","Expanded.Maturated","2Hz","Yes","Tyr","APA (mV)",124.533136174837,"20210628 Cell_ 10 _ HDF28c44"
"1619",2021-06-28,"20210628",10,"21628062","HDF28c44_Expanded.Maturated_Tyr_2Hz","LQT1_R594Q","Expanded.Maturated","2Hz","Yes","Tyr","dV/dt max y (V/s)",166.003410084011,"20210628 Cell_ 10 _ HDF28c44"
"1620",2021-06-28,"20210628",10,"21628062","HDF28c44_Expanded.Maturated_Tyr_2Hz","LQT1_R594Q","Expanded.Maturated","2Hz","Yes","Tyr","APD 90 (ms)",264.48,"20210628 Cell_ 10 _ HDF28c44"
"1621",2021-06-28,"20210628",10,"21628063","HDF28c44_Expanded.Maturated_Tyr_3.33Hz","LQT1_R594Q","Expanded.Maturated","3.33Hz","Yes","Tyr","Ediast (mV)",-75.0455286620912,"20210628 Cell_ 10 _ HDF28c44"
"1622",2021-06-28,"20210628",10,"21628063","HDF28c44_Expanded.Maturated_Tyr_3.33Hz","LQT1_R594Q","Expanded.Maturated","3.33Hz","Yes","Tyr","APA (mV)",114.443109798619,"20210628 Cell_ 10 _ HDF28c44"
"1623",2021-06-28,"20210628",10,"21628063","HDF28c44_Expanded.Maturated_Tyr_3.33Hz","LQT1_R594Q","Expanded.Maturated","3.33Hz","Yes","Tyr","dV/dt max y (V/s)",136.065667365352,"20210628 Cell_ 10 _ HDF28c44"
"1624",2021-06-28,"20210628",10,"21628063","HDF28c44_Expanded.Maturated_Tyr_3.33Hz","LQT1_R594Q","Expanded.Maturated","3.33Hz","Yes","Tyr","APD 90 (ms)",164.2,"20210628 Cell_ 10 _ HDF28c44"
"1625",2021-06-28,"20210628",10,"21628064","HDF28c44_Expanded.Maturated_Tyr_4Hz","LQT1_R594Q","Expanded.Maturated","4Hz","Yes","Tyr","Ediast (mV)",-76.2393762616364,"20210628 Cell_ 10 _ HDF28c44"
"1626",2021-06-28,"20210628",10,"21628064","HDF28c44_Expanded.Maturated_Tyr_4Hz","LQT1_R594Q","Expanded.Maturated","4Hz","Yes","Tyr","APA (mV)",111.592157785594,"20210628 Cell_ 10 _ HDF28c44"
"1627",2021-06-28,"20210628",10,"21628064","HDF28c44_Expanded.Maturated_Tyr_4Hz","LQT1_R594Q","Expanded.Maturated","4Hz","Yes","Tyr","dV/dt max y (V/s)",105.975336763317,"20210628 Cell_ 10 _ HDF28c44"
"1628",2021-06-28,"20210628",10,"21628064","HDF28c44_Expanded.Maturated_Tyr_4Hz","LQT1_R594Q","Expanded.Maturated","4Hz","Yes","Tyr","APD 90 (ms)",147.96,"20210628 Cell_ 10 _ HDF28c44"
"1629",2021-06-28,"20210628",10,"21628065","HDF28c44_Expanded.Maturated_Tyr_5Hz","LQT1_R594Q","Expanded.Maturated","5Hz","Yes","Tyr","Ediast (mV)",-73.8279994230457,"20210628 Cell_ 10 _ HDF28c44"
"1630",2021-06-28,"20210628",10,"21628065","HDF28c44_Expanded.Maturated_Tyr_5Hz","LQT1_R594Q","Expanded.Maturated","5Hz","Yes","Tyr","APA (mV)",110.81652305681,"20210628 Cell_ 10 _ HDF28c44"
"1631",2021-06-28,"20210628",10,"21628065","HDF28c44_Expanded.Maturated_Tyr_5Hz","LQT1_R594Q","Expanded.Maturated","5Hz","Yes","Tyr","dV/dt max y (V/s)",109.527582688344,"20210628 Cell_ 10 _ HDF28c44"
"1632",2021-06-28,"20210628",10,"21628065","HDF28c44_Expanded.Maturated_Tyr_5Hz","LQT1_R594Q","Expanded.Maturated","5Hz","Yes","Tyr","APD 90 (ms)",121.44,"20210628 Cell_ 10 _ HDF28c44"
"1633",2021-06-28,"20210628",11,"21628069","HDF28c44_Expanded.Maturated_Tyr_0.5Hz","LQT1_R594Q","Expanded.Maturated","0.5Hz","Yes","Tyr","Ediast (mV)",-73.3640712224249,"20210628 Cell_ 11 _ HDF28c44"
"1634",2021-06-28,"20210628",11,"21628069","HDF28c44_Expanded.Maturated_Tyr_0.5Hz","LQT1_R594Q","Expanded.Maturated","0.5Hz","Yes","Tyr","APA (mV)",123.245050298518,"20210628 Cell_ 11 _ HDF28c44"
"1635",2021-06-28,"20210628",11,"21628069","HDF28c44_Expanded.Maturated_Tyr_0.5Hz","LQT1_R594Q","Expanded.Maturated","0.5Hz","Yes","Tyr","dV/dt max y (V/s)",142.382805737181,"20210628 Cell_ 11 _ HDF28c44"
"1636",2021-06-28,"20210628",11,"21628069","HDF28c44_Expanded.Maturated_Tyr_0.5Hz","LQT1_R594Q","Expanded.Maturated","0.5Hz","Yes","Tyr","APD 90 (ms)",389.28,"20210628 Cell_ 11 _ HDF28c44"
"1637",2021-06-28,"20210628",11,"21628070","HDF28c44_Expanded.Maturated_Tyr_1Hz","LQT1_R594Q","Expanded.Maturated","1Hz","Yes","Tyr","Ediast (mV)",-78.9205895131919,"20210628 Cell_ 11 _ HDF28c44"
"1638",2021-06-28,"20210628",11,"21628070","HDF28c44_Expanded.Maturated_Tyr_1Hz","LQT1_R594Q","Expanded.Maturated","1Hz","Yes","Tyr","APA (mV)",128.484796143393,"20210628 Cell_ 11 _ HDF28c44"
"1639",2021-06-28,"20210628",11,"21628070","HDF28c44_Expanded.Maturated_Tyr_1Hz","LQT1_R594Q","Expanded.Maturated","1Hz","Yes","Tyr","dV/dt max y (V/s)",148.724358170348,"20210628 Cell_ 11 _ HDF28c44"
"1640",2021-06-28,"20210628",11,"21628070","HDF28c44_Expanded.Maturated_Tyr_1Hz","LQT1_R594Q","Expanded.Maturated","1Hz","Yes","Tyr","APD 90 (ms)",367.6,"20210628 Cell_ 11 _ HDF28c44"
"1641",2021-06-28,"20210628",11,"21628071","HDF28c44_Expanded.Maturated_Tyr_2Hz","LQT1_R594Q","Expanded.Maturated","2Hz","Yes","Tyr","Ediast (mV)",-75.5654260983349,"20210628 Cell_ 11 _ HDF28c44"
"1642",2021-06-28,"20210628",11,"21628071","HDF28c44_Expanded.Maturated_Tyr_2Hz","LQT1_R594Q","Expanded.Maturated","2Hz","Yes","Tyr","APA (mV)",124.721307552618,"20210628 Cell_ 11 _ HDF28c44"
"1643",2021-06-28,"20210628",11,"21628071","HDF28c44_Expanded.Maturated_Tyr_2Hz","LQT1_R594Q","Expanded.Maturated","2Hz","Yes","Tyr","dV/dt max y (V/s)",138.16222488296,"20210628 Cell_ 11 _ HDF28c44"
"1644",2021-06-28,"20210628",11,"21628071","HDF28c44_Expanded.Maturated_Tyr_2Hz","LQT1_R594Q","Expanded.Maturated","2Hz","Yes","Tyr","APD 90 (ms)",307.76,"20210628 Cell_ 11 _ HDF28c44"
"1645",2021-06-28,"20210628",11,"21628072","HDF28c44_Expanded.Maturated_Tyr_3.33Hz","LQT1_R594Q","Expanded.Maturated","3.33Hz","Yes","Tyr","Ediast (mV)",-67.2616545200866,"20210628 Cell_ 11 _ HDF28c44"
"1646",2021-06-28,"20210628",11,"21628072","HDF28c44_Expanded.Maturated_Tyr_3.33Hz","LQT1_R594Q","Expanded.Maturated","3.33Hz","Yes","Tyr","APA (mV)",113.89251168024,"20210628 Cell_ 11 _ HDF28c44"
"1647",2021-06-28,"20210628",11,"21628072","HDF28c44_Expanded.Maturated_Tyr_3.33Hz","LQT1_R594Q","Expanded.Maturated","3.33Hz","Yes","Tyr","dV/dt max y (V/s)",93.7377885164439,"20210628 Cell_ 11 _ HDF28c44"
"1648",2021-06-28,"20210628",11,"21628072","HDF28c44_Expanded.Maturated_Tyr_3.33Hz","LQT1_R594Q","Expanded.Maturated","3.33Hz","Yes","Tyr","APD 90 (ms)",207.76,"20210628 Cell_ 11 _ HDF28c44"
"1649",2021-06-28,"20210628",11,"21628073","HDF28c44_Expanded.Maturated_Tyr_4Hz","LQT1_R594Q","Expanded.Maturated","4Hz","Yes","Tyr","Ediast (mV)",-63.6661346713334,"20210628 Cell_ 11 _ HDF28c44"
"1650",2021-06-28,"20210628",11,"21628073","HDF28c44_Expanded.Maturated_Tyr_4Hz","LQT1_R594Q","Expanded.Maturated","4Hz","Yes","Tyr","APA (mV)",107.420405054055,"20210628 Cell_ 11 _ HDF28c44"
"1651",2021-06-28,"20210628",11,"21628073","HDF28c44_Expanded.Maturated_Tyr_4Hz","LQT1_R594Q","Expanded.Maturated","4Hz","Yes","Tyr","dV/dt max y (V/s)",76.1901819280358,"20210628 Cell_ 11 _ HDF28c44"
"1652",2021-06-28,"20210628",11,"21628073","HDF28c44_Expanded.Maturated_Tyr_4Hz","LQT1_R594Q","Expanded.Maturated","4Hz","Yes","Tyr","APD 90 (ms)",179.92,"20210628 Cell_ 11 _ HDF28c44"
"1653",2021-06-28,"20210628",13,"21628082","HDF28c44_Expanded.Maturated_Tyr_0.5Hz","LQT1_R594Q","Expanded.Maturated","0.5Hz","Yes","Tyr","Ediast (mV)",-88.332576370834,"20210628 Cell_ 13 _ HDF28c44"
"1654",2021-06-28,"20210628",13,"21628082","HDF28c44_Expanded.Maturated_Tyr_0.5Hz","LQT1_R594Q","Expanded.Maturated","0.5Hz","Yes","Tyr","APA (mV)",139.163872784602,"20210628 Cell_ 13 _ HDF28c44"
"1655",2021-06-28,"20210628",13,"21628082","HDF28c44_Expanded.Maturated_Tyr_0.5Hz","LQT1_R594Q","Expanded.Maturated","0.5Hz","Yes","Tyr","dV/dt max y (V/s)",145.458977466068,"20210628 Cell_ 13 _ HDF28c44"
"1656",2021-06-28,"20210628",13,"21628082","HDF28c44_Expanded.Maturated_Tyr_0.5Hz","LQT1_R594Q","Expanded.Maturated","0.5Hz","Yes","Tyr","APD 90 (ms)",522.52,"20210628 Cell_ 13 _ HDF28c44"
"1657",2021-06-28,"20210628",13,"21628085","HDF28c44_Expanded.Maturated_Tyr_1Hz","LQT1_R594Q","Expanded.Maturated","1Hz","Yes","Tyr","Ediast (mV)",-90.8850054488189,"20210628 Cell_ 13 _ HDF28c44"
"1658",2021-06-28,"20210628",13,"21628085","HDF28c44_Expanded.Maturated_Tyr_1Hz","LQT1_R594Q","Expanded.Maturated","1Hz","Yes","Tyr","APA (mV)",143.950798826766,"20210628 Cell_ 13 _ HDF28c44"
"1659",2021-06-28,"20210628",13,"21628085","HDF28c44_Expanded.Maturated_Tyr_1Hz","LQT1_R594Q","Expanded.Maturated","1Hz","Yes","Tyr","dV/dt max y (V/s)",262.170397703825,"20210628 Cell_ 13 _ HDF28c44"
"1660",2021-06-28,"20210628",13,"21628085","HDF28c44_Expanded.Maturated_Tyr_1Hz","LQT1_R594Q","Expanded.Maturated","1Hz","Yes","Tyr","APD 90 (ms)",341.76,"20210628 Cell_ 13 _ HDF28c44"
"1661",2021-06-28,"20210628",13,"21628089","HDF28c44_Expanded.Maturated_Tyr_5Hz","LQT1_R594Q","Expanded.Maturated","5Hz","Yes","Tyr","Ediast (mV)",-72.0858120057951,"20210628 Cell_ 13 _ HDF28c44"
"1662",2021-06-28,"20210628",13,"21628089","HDF28c44_Expanded.Maturated_Tyr_5Hz","LQT1_R594Q","Expanded.Maturated","5Hz","Yes","Tyr","APA (mV)",114.968500398664,"20210628 Cell_ 13 _ HDF28c44"
"1663",2021-06-28,"20210628",13,"21628089","HDF28c44_Expanded.Maturated_Tyr_5Hz","LQT1_R594Q","Expanded.Maturated","5Hz","Yes","Tyr","dV/dt max y (V/s)",48.1811500552679,"20210628 Cell_ 13 _ HDF28c44"
"1664",2021-06-28,"20210628",13,"21628089","HDF28c44_Expanded.Maturated_Tyr_5Hz","LQT1_R594Q","Expanded.Maturated","5Hz","Yes","Tyr","APD 90 (ms)",101.92,"20210628 Cell_ 13 _ HDF28c44"
"1665",2021-06-28,"20210628",14,"21628095","HDF28c44_Expanded.Maturated_Tyr_0.5Hz","LQT1_R594Q","Expanded.Maturated","0.5Hz","Yes","Tyr","Ediast (mV)",-75.0817225080283,"20210628 Cell_ 14 _ HDF28c44"
"1666",2021-06-28,"20210628",14,"21628095","HDF28c44_Expanded.Maturated_Tyr_0.5Hz","LQT1_R594Q","Expanded.Maturated","0.5Hz","Yes","Tyr","APA (mV)",122.026300356405,"20210628 Cell_ 14 _ HDF28c44"
"1667",2021-06-28,"20210628",14,"21628095","HDF28c44_Expanded.Maturated_Tyr_0.5Hz","LQT1_R594Q","Expanded.Maturated","0.5Hz","Yes","Tyr","dV/dt max y (V/s)",128.204339613746,"20210628 Cell_ 14 _ HDF28c44"
"1668",2021-06-28,"20210628",14,"21628095","HDF28c44_Expanded.Maturated_Tyr_0.5Hz","LQT1_R594Q","Expanded.Maturated","0.5Hz","Yes","Tyr","APD 90 (ms)",287.52,"20210628 Cell_ 14 _ HDF28c44"
"1669",2021-06-28,"20210628",14,"21628096","HDF28c44_Expanded.Maturated_Tyr_1Hz","LQT1_R594Q","Expanded.Maturated","1Hz","Yes","Tyr","Ediast (mV)",-76.6125451892244,"20210628 Cell_ 14 _ HDF28c44"
"1670",2021-06-28,"20210628",14,"21628096","HDF28c44_Expanded.Maturated_Tyr_1Hz","LQT1_R594Q","Expanded.Maturated","1Hz","Yes","Tyr","APA (mV)",122.237543022153,"20210628 Cell_ 14 _ HDF28c44"
"1671",2021-06-28,"20210628",14,"21628096","HDF28c44_Expanded.Maturated_Tyr_1Hz","LQT1_R594Q","Expanded.Maturated","1Hz","Yes","Tyr","dV/dt max y (V/s)",133.871453602384,"20210628 Cell_ 14 _ HDF28c44"
"1672",2021-06-28,"20210628",14,"21628096","HDF28c44_Expanded.Maturated_Tyr_1Hz","LQT1_R594Q","Expanded.Maturated","1Hz","Yes","Tyr","APD 90 (ms)",317.44,"20210628 Cell_ 14 _ HDF28c44"
"1673",2021-06-28,"20210628",14,"21628097","HDF28c44_Expanded.Maturated_Tyr_2Hz","LQT1_R594Q","Expanded.Maturated","2Hz","Yes","Tyr","Ediast (mV)",-69.9052090820245,"20210628 Cell_ 14 _ HDF28c44"
"1674",2021-06-28,"20210628",14,"21628097","HDF28c44_Expanded.Maturated_Tyr_2Hz","LQT1_R594Q","Expanded.Maturated","2Hz","Yes","Tyr","APA (mV)",114.337580018475,"20210628 Cell_ 14 _ HDF28c44"
"1675",2021-06-28,"20210628",14,"21628097","HDF28c44_Expanded.Maturated_Tyr_2Hz","LQT1_R594Q","Expanded.Maturated","2Hz","Yes","Tyr","dV/dt max y (V/s)",114.819330483874,"20210628 Cell_ 14 _ HDF28c44"
"1676",2021-06-28,"20210628",14,"21628097","HDF28c44_Expanded.Maturated_Tyr_2Hz","LQT1_R594Q","Expanded.Maturated","2Hz","Yes","Tyr","APD 90 (ms)",252.36,"20210628 Cell_ 14 _ HDF28c44"
"1677",2021-06-28,"20210628",15,"21628099","HDF28c44_Expanded.Maturated_Tyr_0.5Hz","LQT1_R594Q","Expanded.Maturated","0.5Hz","Yes","Tyr","Ediast (mV)",-75.0426600098837,"20210628 Cell_ 15 _ HDF28c44"
"1678",2021-06-28,"20210628",15,"21628099","HDF28c44_Expanded.Maturated_Tyr_0.5Hz","LQT1_R594Q","Expanded.Maturated","0.5Hz","Yes","Tyr","APA (mV)",123.402032712937,"20210628 Cell_ 15 _ HDF28c44"
"1679",2021-06-28,"20210628",15,"21628099","HDF28c44_Expanded.Maturated_Tyr_0.5Hz","LQT1_R594Q","Expanded.Maturated","0.5Hz","Yes","Tyr","dV/dt max y (V/s)",249.182117070736,"20210628 Cell_ 15 _ HDF28c44"
"1680",2021-06-28,"20210628",15,"21628099","HDF28c44_Expanded.Maturated_Tyr_0.5Hz","LQT1_R594Q","Expanded.Maturated","0.5Hz","Yes","Tyr","APD 90 (ms)",190.4,"20210628 Cell_ 15 _ HDF28c44"
"1681",2021-06-28,"20210628",15,"21628100","HDF28c44_Expanded.Maturated_Tyr_1Hz","LQT1_R594Q","Expanded.Maturated","1Hz","Yes","Tyr","Ediast (mV)",-79.5944786413401,"20210628 Cell_ 15 _ HDF28c44"
"1682",2021-06-28,"20210628",15,"21628100","HDF28c44_Expanded.Maturated_Tyr_1Hz","LQT1_R594Q","Expanded.Maturated","1Hz","Yes","Tyr","APA (mV)",127.710321082523,"20210628 Cell_ 15 _ HDF28c44"
"1683",2021-06-28,"20210628",15,"21628100","HDF28c44_Expanded.Maturated_Tyr_1Hz","LQT1_R594Q","Expanded.Maturated","1Hz","Yes","Tyr","dV/dt max y (V/s)",235.968006370246,"20210628 Cell_ 15 _ HDF28c44"
"1684",2021-06-28,"20210628",15,"21628100","HDF28c44_Expanded.Maturated_Tyr_1Hz","LQT1_R594Q","Expanded.Maturated","1Hz","Yes","Tyr","APD 90 (ms)",180.52,"20210628 Cell_ 15 _ HDF28c44"
"1685",2021-06-28,"20210628",15,"21628101","HDF28c44_Expanded.Maturated_Tyr_2Hz","LQT1_R594Q","Expanded.Maturated","2Hz","Yes","Tyr","Ediast (mV)",-80.0646324276028,"20210628 Cell_ 15 _ HDF28c44"
"1686",2021-06-28,"20210628",15,"21628101","HDF28c44_Expanded.Maturated_Tyr_2Hz","LQT1_R594Q","Expanded.Maturated","2Hz","Yes","Tyr","APA (mV)",127.797174105741,"20210628 Cell_ 15 _ HDF28c44"
"1687",2021-06-28,"20210628",15,"21628101","HDF28c44_Expanded.Maturated_Tyr_2Hz","LQT1_R594Q","Expanded.Maturated","2Hz","Yes","Tyr","dV/dt max y (V/s)",231.341541746243,"20210628 Cell_ 15 _ HDF28c44"
"1688",2021-06-28,"20210628",15,"21628101","HDF28c44_Expanded.Maturated_Tyr_2Hz","LQT1_R594Q","Expanded.Maturated","2Hz","Yes","Tyr","APD 90 (ms)",169.88,"20210628 Cell_ 15 _ HDF28c44"
"1689",2021-06-28,"20210628",15,"21628103","HDF28c44_Expanded.Maturated_Tyr_3.33Hz","LQT1_R594Q","Expanded.Maturated","3.33Hz","Yes","Tyr","Ediast (mV)",-81.1322593300182,"20210628 Cell_ 15 _ HDF28c44"
"1690",2021-06-28,"20210628",15,"21628103","HDF28c44_Expanded.Maturated_Tyr_3.33Hz","LQT1_R594Q","Expanded.Maturated","3.33Hz","Yes","Tyr","APA (mV)",128.812921127808,"20210628 Cell_ 15 _ HDF28c44"
"1691",2021-06-28,"20210628",15,"21628103","HDF28c44_Expanded.Maturated_Tyr_3.33Hz","LQT1_R594Q","Expanded.Maturated","3.33Hz","Yes","Tyr","dV/dt max y (V/s)",230.764759547075,"20210628 Cell_ 15 _ HDF28c44"
"1692",2021-06-28,"20210628",15,"21628103","HDF28c44_Expanded.Maturated_Tyr_3.33Hz","LQT1_R594Q","Expanded.Maturated","3.33Hz","Yes","Tyr","APD 90 (ms)",146.04,"20210628 Cell_ 15 _ HDF28c44"
"1693",2021-06-28,"20210628",15,"21628104","HDF28c44_Expanded.Maturated_Tyr_4Hz","LQT1_R594Q","Expanded.Maturated","4Hz","Yes","Tyr","Ediast (mV)",-79.5643272755847,"20210628 Cell_ 15 _ HDF28c44"
"1694",2021-06-28,"20210628",15,"21628104","HDF28c44_Expanded.Maturated_Tyr_4Hz","LQT1_R594Q","Expanded.Maturated","4Hz","Yes","Tyr","APA (mV)",126.495477390225,"20210628 Cell_ 15 _ HDF28c44"
"1695",2021-06-28,"20210628",15,"21628104","HDF28c44_Expanded.Maturated_Tyr_4Hz","LQT1_R594Q","Expanded.Maturated","4Hz","Yes","Tyr","dV/dt max y (V/s)",210.299672628489,"20210628 Cell_ 15 _ HDF28c44"
"1696",2021-06-28,"20210628",15,"21628104","HDF28c44_Expanded.Maturated_Tyr_4Hz","LQT1_R594Q","Expanded.Maturated","4Hz","Yes","Tyr","APD 90 (ms)",128.72,"20210628 Cell_ 15 _ HDF28c44"
"1697",2021-06-28,"20210628",15,"21628105","HDF28c44_Expanded.Maturated_Tyr_5Hz","LQT1_R594Q","Expanded.Maturated","5Hz","Yes","Tyr","Ediast (mV)",-76.0420496108527,"20210628 Cell_ 15 _ HDF28c44"
"1698",2021-06-28,"20210628",15,"21628105","HDF28c44_Expanded.Maturated_Tyr_5Hz","LQT1_R594Q","Expanded.Maturated","5Hz","Yes","Tyr","APA (mV)",122.372613816519,"20210628 Cell_ 15 _ HDF28c44"
"1699",2021-06-28,"20210628",15,"21628105","HDF28c44_Expanded.Maturated_Tyr_5Hz","LQT1_R594Q","Expanded.Maturated","5Hz","Yes","Tyr","dV/dt max y (V/s)",213.220204716333,"20210628 Cell_ 15 _ HDF28c44"
"1700",2021-06-28,"20210628",15,"21628105","HDF28c44_Expanded.Maturated_Tyr_5Hz","LQT1_R594Q","Expanded.Maturated","5Hz","Yes","Tyr","APD 90 (ms)",113.36,"20210628 Cell_ 15 _ HDF28c44"
"1701",2021-06-30,"20210630",1,"21630001","HDF28c44_Expanded.Maturated_Tyr_0.5Hz","LQT1_R594Q","Expanded.Maturated","0.5Hz","Yes","Tyr","Ediast (mV)",-74.0559046856583,"20210630 Cell_ 1 _ HDF28c44"
"1702",2021-06-30,"20210630",1,"21630001","HDF28c44_Expanded.Maturated_Tyr_0.5Hz","LQT1_R594Q","Expanded.Maturated","0.5Hz","Yes","Tyr","APA (mV)",126.190911975003,"20210630 Cell_ 1 _ HDF28c44"
"1703",2021-06-30,"20210630",1,"21630001","HDF28c44_Expanded.Maturated_Tyr_0.5Hz","LQT1_R594Q","Expanded.Maturated","0.5Hz","Yes","Tyr","dV/dt max y (V/s)",237.844837335789,"20210630 Cell_ 1 _ HDF28c44"
"1704",2021-06-30,"20210630",1,"21630001","HDF28c44_Expanded.Maturated_Tyr_0.5Hz","LQT1_R594Q","Expanded.Maturated","0.5Hz","Yes","Tyr","APD 90 (ms)",273.36,"20210630 Cell_ 1 _ HDF28c44"
"1705",2021-06-30,"20210630",1,"21630002","HDF28c44_Expanded.Maturated_Tyr_1Hz","LQT1_R594Q","Expanded.Maturated","1Hz","Yes","Tyr","Ediast (mV)",-77.7310754095345,"20210630 Cell_ 1 _ HDF28c44"
"1706",2021-06-30,"20210630",1,"21630002","HDF28c44_Expanded.Maturated_Tyr_1Hz","LQT1_R594Q","Expanded.Maturated","1Hz","Yes","Tyr","APA (mV)",129.154412810807,"20210630 Cell_ 1 _ HDF28c44"
"1707",2021-06-30,"20210630",1,"21630002","HDF28c44_Expanded.Maturated_Tyr_1Hz","LQT1_R594Q","Expanded.Maturated","1Hz","Yes","Tyr","dV/dt max y (V/s)",207.659902246059,"20210630 Cell_ 1 _ HDF28c44"
"1708",2021-06-30,"20210630",1,"21630002","HDF28c44_Expanded.Maturated_Tyr_1Hz","LQT1_R594Q","Expanded.Maturated","1Hz","Yes","Tyr","APD 90 (ms)",245.72,"20210630 Cell_ 1 _ HDF28c44"
"1709",2021-06-30,"20210630",1,"21630003","HDF28c44_Expanded.Maturated_Tyr_2Hz","LQT1_R594Q","Expanded.Maturated","2Hz","Yes","Tyr","Ediast (mV)",-78.6982994846876,"20210630 Cell_ 1 _ HDF28c44"
"1710",2021-06-30,"20210630",1,"21630003","HDF28c44_Expanded.Maturated_Tyr_2Hz","LQT1_R594Q","Expanded.Maturated","2Hz","Yes","Tyr","APA (mV)",130.247979653397,"20210630 Cell_ 1 _ HDF28c44"
"1711",2021-06-30,"20210630",1,"21630003","HDF28c44_Expanded.Maturated_Tyr_2Hz","LQT1_R594Q","Expanded.Maturated","2Hz","Yes","Tyr","dV/dt max y (V/s)",216.842641067714,"20210630 Cell_ 1 _ HDF28c44"
"1712",2021-06-30,"20210630",1,"21630003","HDF28c44_Expanded.Maturated_Tyr_2Hz","LQT1_R594Q","Expanded.Maturated","2Hz","Yes","Tyr","APD 90 (ms)",216.32,"20210630 Cell_ 1 _ HDF28c44"
"1713",2021-06-30,"20210630",1,"21630004","HDF28c44_Expanded.Maturated_Tyr_3.33Hz","LQT1_R594Q","Expanded.Maturated","3.33Hz","Yes","Tyr","Ediast (mV)",-73.2631801139357,"20210630 Cell_ 1 _ HDF28c44"
"1714",2021-06-30,"20210630",1,"21630004","HDF28c44_Expanded.Maturated_Tyr_3.33Hz","LQT1_R594Q","Expanded.Maturated","3.33Hz","Yes","Tyr","APA (mV)",123.317499025546,"20210630 Cell_ 1 _ HDF28c44"
"1715",2021-06-30,"20210630",1,"21630004","HDF28c44_Expanded.Maturated_Tyr_3.33Hz","LQT1_R594Q","Expanded.Maturated","3.33Hz","Yes","Tyr","dV/dt max y (V/s)",174.902335442585,"20210630 Cell_ 1 _ HDF28c44"
"1716",2021-06-30,"20210630",1,"21630004","HDF28c44_Expanded.Maturated_Tyr_3.33Hz","LQT1_R594Q","Expanded.Maturated","3.33Hz","Yes","Tyr","APD 90 (ms)",178.76,"20210630 Cell_ 1 _ HDF28c44"
"1717",2021-06-30,"20210630",1,"21630005","HDF28c44_Expanded.Maturated_Tyr_4Hz","LQT1_R594Q","Expanded.Maturated","4Hz","Yes","Tyr","Ediast (mV)",-71.724605968264,"20210630 Cell_ 1 _ HDF28c44"
"1718",2021-06-30,"20210630",1,"21630005","HDF28c44_Expanded.Maturated_Tyr_4Hz","LQT1_R594Q","Expanded.Maturated","4Hz","Yes","Tyr","APA (mV)",121.878412179836,"20210630 Cell_ 1 _ HDF28c44"
"1719",2021-06-30,"20210630",1,"21630005","HDF28c44_Expanded.Maturated_Tyr_4Hz","LQT1_R594Q","Expanded.Maturated","4Hz","Yes","Tyr","dV/dt max y (V/s)",193.829336496725,"20210630 Cell_ 1 _ HDF28c44"
"1720",2021-06-30,"20210630",1,"21630005","HDF28c44_Expanded.Maturated_Tyr_4Hz","LQT1_R594Q","Expanded.Maturated","4Hz","Yes","Tyr","APD 90 (ms)",150.6,"20210630 Cell_ 1 _ HDF28c44"
"1721",2021-06-30,"20210630",4,"21630025","HDF28c44_Expanded.Maturated_Tyr_0.5Hz","LQT1_R594Q","Expanded.Maturated","0.5Hz","Yes","Tyr","Ediast (mV)",-71.5799526548222,"20210630 Cell_ 4 _ HDF28c44"
"1722",2021-06-30,"20210630",4,"21630025","HDF28c44_Expanded.Maturated_Tyr_0.5Hz","LQT1_R594Q","Expanded.Maturated","0.5Hz","Yes","Tyr","APA (mV)",119.906366375066,"20210630 Cell_ 4 _ HDF28c44"
"1723",2021-06-30,"20210630",4,"21630025","HDF28c44_Expanded.Maturated_Tyr_0.5Hz","LQT1_R594Q","Expanded.Maturated","0.5Hz","Yes","Tyr","dV/dt max y (V/s)",183.493033276736,"20210630 Cell_ 4 _ HDF28c44"
"1724",2021-06-30,"20210630",4,"21630025","HDF28c44_Expanded.Maturated_Tyr_0.5Hz","LQT1_R594Q","Expanded.Maturated","0.5Hz","Yes","Tyr","APD 90 (ms)",188.32,"20210630 Cell_ 4 _ HDF28c44"
"1725",2021-06-30,"20210630",4,"21630026","HDF28c44_Expanded.Maturated_Tyr_1Hz","LQT1_R594Q","Expanded.Maturated","1Hz","Yes","Tyr","Ediast (mV)",-67.0957609732786,"20210630 Cell_ 4 _ HDF28c44"
"1726",2021-06-30,"20210630",4,"21630026","HDF28c44_Expanded.Maturated_Tyr_1Hz","LQT1_R594Q","Expanded.Maturated","1Hz","Yes","Tyr","APA (mV)",115.696222532068,"20210630 Cell_ 4 _ HDF28c44"
"1727",2021-06-30,"20210630",4,"21630026","HDF28c44_Expanded.Maturated_Tyr_1Hz","LQT1_R594Q","Expanded.Maturated","1Hz","Yes","Tyr","dV/dt max y (V/s)",181.399527516798,"20210630 Cell_ 4 _ HDF28c44"
"1728",2021-06-30,"20210630",4,"21630026","HDF28c44_Expanded.Maturated_Tyr_1Hz","LQT1_R594Q","Expanded.Maturated","1Hz","Yes","Tyr","APD 90 (ms)",159.72,"20210630 Cell_ 4 _ HDF28c44"
"1729",2021-06-30,"20210630",4,"21630027","HDF28c44_Expanded.Maturated_Tyr_2Hz","LQT1_R594Q","Expanded.Maturated","2Hz","Yes","Tyr","Ediast (mV)",-72.0004848614105,"20210630 Cell_ 4 _ HDF28c44"
"1730",2021-06-30,"20210630",4,"21630027","HDF28c44_Expanded.Maturated_Tyr_2Hz","LQT1_R594Q","Expanded.Maturated","2Hz","Yes","Tyr","APA (mV)",118.013055918118,"20210630 Cell_ 4 _ HDF28c44"
"1731",2021-06-30,"20210630",4,"21630027","HDF28c44_Expanded.Maturated_Tyr_2Hz","LQT1_R594Q","Expanded.Maturated","2Hz","Yes","Tyr","dV/dt max y (V/s)",170.223990938231,"20210630 Cell_ 4 _ HDF28c44"
"1732",2021-06-30,"20210630",4,"21630027","HDF28c44_Expanded.Maturated_Tyr_2Hz","LQT1_R594Q","Expanded.Maturated","2Hz","Yes","Tyr","APD 90 (ms)",152.24,"20210630 Cell_ 4 _ HDF28c44"
"1733",2021-06-30,"20210630",4,"21630028","HDF28c44_Expanded.Maturated_Tyr_3.33Hz","LQT1_R594Q","Expanded.Maturated","3.33Hz","Yes","Tyr","Ediast (mV)",-65.9662444253653,"20210630 Cell_ 4 _ HDF28c44"
"1734",2021-06-30,"20210630",4,"21630028","HDF28c44_Expanded.Maturated_Tyr_3.33Hz","LQT1_R594Q","Expanded.Maturated","3.33Hz","Yes","Tyr","APA (mV)",112.425592804602,"20210630 Cell_ 4 _ HDF28c44"
"1735",2021-06-30,"20210630",4,"21630028","HDF28c44_Expanded.Maturated_Tyr_3.33Hz","LQT1_R594Q","Expanded.Maturated","3.33Hz","Yes","Tyr","dV/dt max y (V/s)",167.471305522103,"20210630 Cell_ 4 _ HDF28c44"
"1736",2021-06-30,"20210630",4,"21630028","HDF28c44_Expanded.Maturated_Tyr_3.33Hz","LQT1_R594Q","Expanded.Maturated","3.33Hz","Yes","Tyr","APD 90 (ms)",105,"20210630 Cell_ 4 _ HDF28c44"
"1737",2021-06-30,"20210630",4,"21630029","HDF28c44_Expanded.Maturated_Tyr_4Hz","LQT1_R594Q","Expanded.Maturated","4Hz","Yes","Tyr","Ediast (mV)",-50.830075710701,"20210630 Cell_ 4 _ HDF28c44"
"1738",2021-06-30,"20210630",4,"21630029","HDF28c44_Expanded.Maturated_Tyr_4Hz","LQT1_R594Q","Expanded.Maturated","4Hz","Yes","Tyr","APA (mV)",97.1441604249625,"20210630 Cell_ 4 _ HDF28c44"
"1739",2021-06-30,"20210630",4,"21630029","HDF28c44_Expanded.Maturated_Tyr_4Hz","LQT1_R594Q","Expanded.Maturated","4Hz","Yes","Tyr","dV/dt max y (V/s)",55.1513645679505,"20210630 Cell_ 4 _ HDF28c44"
"1740",2021-06-30,"20210630",4,"21630029","HDF28c44_Expanded.Maturated_Tyr_4Hz","LQT1_R594Q","Expanded.Maturated","4Hz","Yes","Tyr","APD 90 (ms)",55.96,"20210630 Cell_ 4 _ HDF28c44"
"1741",2021-06-30,"20210630",5,"21630033","HDF28c44_Expanded.Maturated_Tyr_1Hz","LQT1_R594Q","Expanded.Maturated","1Hz","Yes","Tyr","Ediast (mV)",-71.2697720054925,"20210630 Cell_ 5 _ HDF28c44"
"1742",2021-06-30,"20210630",5,"21630033","HDF28c44_Expanded.Maturated_Tyr_1Hz","LQT1_R594Q","Expanded.Maturated","1Hz","Yes","Tyr","APA (mV)",120.456171036451,"20210630 Cell_ 5 _ HDF28c44"
"1743",2021-06-30,"20210630",5,"21630033","HDF28c44_Expanded.Maturated_Tyr_1Hz","LQT1_R594Q","Expanded.Maturated","1Hz","Yes","Tyr","dV/dt max y (V/s)",271.50267265119,"20210630 Cell_ 5 _ HDF28c44"
"1744",2021-06-30,"20210630",5,"21630033","HDF28c44_Expanded.Maturated_Tyr_1Hz","LQT1_R594Q","Expanded.Maturated","1Hz","Yes","Tyr","APD 90 (ms)",207.44,"20210630 Cell_ 5 _ HDF28c44"
"1745",2021-06-30,"20210630",5,"21630034","HDF28c44_Expanded.Maturated_Tyr_2Hz","LQT1_R594Q","Expanded.Maturated","2Hz","Yes","Tyr","Ediast (mV)",-76.1699792922764,"20210630 Cell_ 5 _ HDF28c44"
"1746",2021-06-30,"20210630",5,"21630034","HDF28c44_Expanded.Maturated_Tyr_2Hz","LQT1_R594Q","Expanded.Maturated","2Hz","Yes","Tyr","APA (mV)",124.240045368446,"20210630 Cell_ 5 _ HDF28c44"
"1747",2021-06-30,"20210630",5,"21630034","HDF28c44_Expanded.Maturated_Tyr_2Hz","LQT1_R594Q","Expanded.Maturated","2Hz","Yes","Tyr","dV/dt max y (V/s)",280.398546252098,"20210630 Cell_ 5 _ HDF28c44"
"1748",2021-06-30,"20210630",5,"21630034","HDF28c44_Expanded.Maturated_Tyr_2Hz","LQT1_R594Q","Expanded.Maturated","2Hz","Yes","Tyr","APD 90 (ms)",184.8,"20210630 Cell_ 5 _ HDF28c44"
"1749",2021-06-30,"20210630",5,"21630036","HDF28c44_Expanded.Maturated_Tyr_3.33Hz","LQT1_R594Q","Expanded.Maturated","3.33Hz","Yes","Tyr","Ediast (mV)",-78.7719078796289,"20210630 Cell_ 5 _ HDF28c44"
"1750",2021-06-30,"20210630",5,"21630036","HDF28c44_Expanded.Maturated_Tyr_3.33Hz","LQT1_R594Q","Expanded.Maturated","3.33Hz","Yes","Tyr","APA (mV)",125.5815980391,"20210630 Cell_ 5 _ HDF28c44"
"1751",2021-06-30,"20210630",5,"21630036","HDF28c44_Expanded.Maturated_Tyr_3.33Hz","LQT1_R594Q","Expanded.Maturated","3.33Hz","Yes","Tyr","dV/dt max y (V/s)",272.253405037407,"20210630 Cell_ 5 _ HDF28c44"
"1752",2021-06-30,"20210630",5,"21630036","HDF28c44_Expanded.Maturated_Tyr_3.33Hz","LQT1_R594Q","Expanded.Maturated","3.33Hz","Yes","Tyr","APD 90 (ms)",169.84,"20210630 Cell_ 5 _ HDF28c44"
"1753",2021-06-30,"20210630",5,"21630037","HDF28c44_Expanded.Maturated_Tyr_4Hz","LQT1_R594Q","Expanded.Maturated","4Hz","Yes","Tyr","Ediast (mV)",-77.81914913582,"20210630 Cell_ 5 _ HDF28c44"
"1754",2021-06-30,"20210630",5,"21630037","HDF28c44_Expanded.Maturated_Tyr_4Hz","LQT1_R594Q","Expanded.Maturated","4Hz","Yes","Tyr","APA (mV)",124.246759235314,"20210630 Cell_ 5 _ HDF28c44"
"1755",2021-06-30,"20210630",5,"21630037","HDF28c44_Expanded.Maturated_Tyr_4Hz","LQT1_R594Q","Expanded.Maturated","4Hz","Yes","Tyr","dV/dt max y (V/s)",255.902087454678,"20210630 Cell_ 5 _ HDF28c44"
"1756",2021-06-30,"20210630",5,"21630037","HDF28c44_Expanded.Maturated_Tyr_4Hz","LQT1_R594Q","Expanded.Maturated","4Hz","Yes","Tyr","APD 90 (ms)",160.28,"20210630 Cell_ 5 _ HDF28c44"
"1757",2021-06-30,"20210630",5,"21630038","HDF28c44_Expanded.Maturated_Tyr_5Hz","LQT1_R594Q","Expanded.Maturated","5Hz","Yes","Tyr","Ediast (mV)",-72.1806606341026,"20210630 Cell_ 5 _ HDF28c44"
"1758",2021-06-30,"20210630",5,"21630038","HDF28c44_Expanded.Maturated_Tyr_5Hz","LQT1_R594Q","Expanded.Maturated","5Hz","Yes","Tyr","APA (mV)",118.616205303533,"20210630 Cell_ 5 _ HDF28c44"
"1759",2021-06-30,"20210630",5,"21630038","HDF28c44_Expanded.Maturated_Tyr_5Hz","LQT1_R594Q","Expanded.Maturated","5Hz","Yes","Tyr","dV/dt max y (V/s)",255.099475188114,"20210630 Cell_ 5 _ HDF28c44"
"1760",2021-06-30,"20210630",5,"21630038","HDF28c44_Expanded.Maturated_Tyr_5Hz","LQT1_R594Q","Expanded.Maturated","5Hz","Yes","Tyr","APD 90 (ms)",139.84,"20210630 Cell_ 5 _ HDF28c44"
"1761",2021-06-30,"20210630",6,"21630041","HDF28c44_Expanded.Maturated_Tyr_0.5Hz","LQT1_R594Q","Expanded.Maturated","0.5Hz","Yes","Tyr","Ediast (mV)",-87.1714436134849,"20210630 Cell_ 6 _ HDF28c44"
"1762",2021-06-30,"20210630",6,"21630041","HDF28c44_Expanded.Maturated_Tyr_0.5Hz","LQT1_R594Q","Expanded.Maturated","0.5Hz","Yes","Tyr","APA (mV)",140.296441090183,"20210630 Cell_ 6 _ HDF28c44"
"1763",2021-06-30,"20210630",6,"21630041","HDF28c44_Expanded.Maturated_Tyr_0.5Hz","LQT1_R594Q","Expanded.Maturated","0.5Hz","Yes","Tyr","dV/dt max y (V/s)",178.009024748153,"20210630 Cell_ 6 _ HDF28c44"
"1764",2021-06-30,"20210630",6,"21630041","HDF28c44_Expanded.Maturated_Tyr_0.5Hz","LQT1_R594Q","Expanded.Maturated","0.5Hz","Yes","Tyr","APD 90 (ms)",278.24,"20210630 Cell_ 6 _ HDF28c44"
"1765",2021-06-30,"20210630",6,"21630042","HDF28c44_Expanded.Maturated_Tyr_1Hz","LQT1_R594Q","Expanded.Maturated","1Hz","Yes","Tyr","Ediast (mV)",-93.3919633375573,"20210630 Cell_ 6 _ HDF28c44"
"1766",2021-06-30,"20210630",6,"21630042","HDF28c44_Expanded.Maturated_Tyr_1Hz","LQT1_R594Q","Expanded.Maturated","1Hz","Yes","Tyr","APA (mV)",146.539543820995,"20210630 Cell_ 6 _ HDF28c44"
"1767",2021-06-30,"20210630",6,"21630042","HDF28c44_Expanded.Maturated_Tyr_1Hz","LQT1_R594Q","Expanded.Maturated","1Hz","Yes","Tyr","dV/dt max y (V/s)",191.900625650835,"20210630 Cell_ 6 _ HDF28c44"
"1768",2021-06-30,"20210630",6,"21630042","HDF28c44_Expanded.Maturated_Tyr_1Hz","LQT1_R594Q","Expanded.Maturated","1Hz","Yes","Tyr","APD 90 (ms)",285.76,"20210630 Cell_ 6 _ HDF28c44"
"1769",2021-06-30,"20210630",6,"21630043","HDF28c44_Expanded.Maturated_Tyr_2Hz","LQT1_R594Q","Expanded.Maturated","2Hz","Yes","Tyr","Ediast (mV)",-98.6241408234172,"20210630 Cell_ 6 _ HDF28c44"
"1770",2021-06-30,"20210630",6,"21630043","HDF28c44_Expanded.Maturated_Tyr_2Hz","LQT1_R594Q","Expanded.Maturated","2Hz","Yes","Tyr","APA (mV)",151.237663715034,"20210630 Cell_ 6 _ HDF28c44"
"1771",2021-06-30,"20210630",6,"21630043","HDF28c44_Expanded.Maturated_Tyr_2Hz","LQT1_R594Q","Expanded.Maturated","2Hz","Yes","Tyr","dV/dt max y (V/s)",180.3741369405,"20210630 Cell_ 6 _ HDF28c44"
"1772",2021-06-30,"20210630",6,"21630043","HDF28c44_Expanded.Maturated_Tyr_2Hz","LQT1_R594Q","Expanded.Maturated","2Hz","Yes","Tyr","APD 90 (ms)",271,"20210630 Cell_ 6 _ HDF28c44"
"1773",2021-06-30,"20210630",6,"21630044","HDF28c44_Expanded.Maturated_Tyr_3.33Hz","LQT1_R594Q","Expanded.Maturated","3.33Hz","Yes","Tyr","Ediast (mV)",-89.3487506389746,"20210630 Cell_ 6 _ HDF28c44"
"1774",2021-06-30,"20210630",6,"21630044","HDF28c44_Expanded.Maturated_Tyr_3.33Hz","LQT1_R594Q","Expanded.Maturated","3.33Hz","Yes","Tyr","APA (mV)",140.0317316301,"20210630 Cell_ 6 _ HDF28c44"
"1775",2021-06-30,"20210630",6,"21630044","HDF28c44_Expanded.Maturated_Tyr_3.33Hz","LQT1_R594Q","Expanded.Maturated","3.33Hz","Yes","Tyr","dV/dt max y (V/s)",163.513175827291,"20210630 Cell_ 6 _ HDF28c44"
"1776",2021-06-30,"20210630",6,"21630044","HDF28c44_Expanded.Maturated_Tyr_3.33Hz","LQT1_R594Q","Expanded.Maturated","3.33Hz","Yes","Tyr","APD 90 (ms)",228.48,"20210630 Cell_ 6 _ HDF28c44"
"1777",2021-06-30,"20210630",7,"21630050","HDF28c44_Expanded.Maturated_Tyr_0.5Hz","LQT1_R594Q","Expanded.Maturated","0.5Hz","Yes","Tyr","Ediast (mV)",-71.6661342913538,"20210630 Cell_ 7 _ HDF28c44"
"1778",2021-06-30,"20210630",7,"21630050","HDF28c44_Expanded.Maturated_Tyr_0.5Hz","LQT1_R594Q","Expanded.Maturated","0.5Hz","Yes","Tyr","APA (mV)",118.985467981306,"20210630 Cell_ 7 _ HDF28c44"
"1779",2021-06-30,"20210630",7,"21630050","HDF28c44_Expanded.Maturated_Tyr_0.5Hz","LQT1_R594Q","Expanded.Maturated","0.5Hz","Yes","Tyr","dV/dt max y (V/s)",201.754751159351,"20210630 Cell_ 7 _ HDF28c44"
"1780",2021-06-30,"20210630",7,"21630050","HDF28c44_Expanded.Maturated_Tyr_0.5Hz","LQT1_R594Q","Expanded.Maturated","0.5Hz","Yes","Tyr","APD 90 (ms)",227.52,"20210630 Cell_ 7 _ HDF28c44"
"1781",2021-06-30,"20210630",7,"21630051","HDF28c44_Expanded.Maturated_Tyr_1Hz","LQT1_R594Q","Expanded.Maturated","1Hz","Yes","Tyr","Ediast (mV)",-74.1197474560634,"20210630 Cell_ 7 _ HDF28c44"
"1782",2021-06-30,"20210630",7,"21630051","HDF28c44_Expanded.Maturated_Tyr_1Hz","LQT1_R594Q","Expanded.Maturated","1Hz","Yes","Tyr","APA (mV)",124.114862268923,"20210630 Cell_ 7 _ HDF28c44"
"1783",2021-06-30,"20210630",7,"21630051","HDF28c44_Expanded.Maturated_Tyr_1Hz","LQT1_R594Q","Expanded.Maturated","1Hz","Yes","Tyr","dV/dt max y (V/s)",245.407092835977,"20210630 Cell_ 7 _ HDF28c44"
"1784",2021-06-30,"20210630",7,"21630051","HDF28c44_Expanded.Maturated_Tyr_1Hz","LQT1_R594Q","Expanded.Maturated","1Hz","Yes","Tyr","APD 90 (ms)",188.24,"20210630 Cell_ 7 _ HDF28c44"
"1785",2021-06-30,"20210630",7,"21630052","HDF28c44_Expanded.Maturated_Tyr_2Hz","LQT1_R594Q","Expanded.Maturated","2Hz","Yes","Tyr","Ediast (mV)",-77.8825646601517,"20210630 Cell_ 7 _ HDF28c44"
"1786",2021-06-30,"20210630",7,"21630052","HDF28c44_Expanded.Maturated_Tyr_2Hz","LQT1_R594Q","Expanded.Maturated","2Hz","Yes","Tyr","APA (mV)",128.359857184484,"20210630 Cell_ 7 _ HDF28c44"
"1787",2021-06-30,"20210630",7,"21630052","HDF28c44_Expanded.Maturated_Tyr_2Hz","LQT1_R594Q","Expanded.Maturated","2Hz","Yes","Tyr","dV/dt max y (V/s)",238.058460372517,"20210630 Cell_ 7 _ HDF28c44"
"1788",2021-06-30,"20210630",7,"21630052","HDF28c44_Expanded.Maturated_Tyr_2Hz","LQT1_R594Q","Expanded.Maturated","2Hz","Yes","Tyr","APD 90 (ms)",168.2,"20210630 Cell_ 7 _ HDF28c44"
"1789",2021-06-30,"20210630",7,"21630053","HDF28c44_Expanded.Maturated_Tyr_3.33Hz","LQT1_R594Q","Expanded.Maturated","3.33Hz","Yes","Tyr","Ediast (mV)",-78.0691491239456,"20210630 Cell_ 7 _ HDF28c44"
"1790",2021-06-30,"20210630",7,"21630053","HDF28c44_Expanded.Maturated_Tyr_3.33Hz","LQT1_R594Q","Expanded.Maturated","3.33Hz","Yes","Tyr","APA (mV)",126.043390009354,"20210630 Cell_ 7 _ HDF28c44"
"1791",2021-06-30,"20210630",7,"21630053","HDF28c44_Expanded.Maturated_Tyr_3.33Hz","LQT1_R594Q","Expanded.Maturated","3.33Hz","Yes","Tyr","dV/dt max y (V/s)",245.483386777666,"20210630 Cell_ 7 _ HDF28c44"
"1792",2021-06-30,"20210630",7,"21630053","HDF28c44_Expanded.Maturated_Tyr_3.33Hz","LQT1_R594Q","Expanded.Maturated","3.33Hz","Yes","Tyr","APD 90 (ms)",139.72,"20210630 Cell_ 7 _ HDF28c44"
"1793",2021-06-30,"20210630",7,"21630054","HDF28c44_Expanded.Maturated_Tyr_4Hz","LQT1_R594Q","Expanded.Maturated","4Hz","Yes","Tyr","Ediast (mV)",-79.060421049519,"20210630 Cell_ 7 _ HDF28c44"
"1794",2021-06-30,"20210630",7,"21630054","HDF28c44_Expanded.Maturated_Tyr_4Hz","LQT1_R594Q","Expanded.Maturated","4Hz","Yes","Tyr","APA (mV)",126.619622892141,"20210630 Cell_ 7 _ HDF28c44"
"1795",2021-06-30,"20210630",7,"21630054","HDF28c44_Expanded.Maturated_Tyr_4Hz","LQT1_R594Q","Expanded.Maturated","4Hz","Yes","Tyr","dV/dt max y (V/s)",223.065174951848,"20210630 Cell_ 7 _ HDF28c44"
"1796",2021-06-30,"20210630",7,"21630054","HDF28c44_Expanded.Maturated_Tyr_4Hz","LQT1_R594Q","Expanded.Maturated","4Hz","Yes","Tyr","APD 90 (ms)",122.84,"20210630 Cell_ 7 _ HDF28c44"
"1797",2021-06-30,"20210630",7,"21630055","HDF28c44_Expanded.Maturated_Tyr_5Hz","LQT1_R594Q","Expanded.Maturated","5Hz","Yes","Tyr","Ediast (mV)",-75.7518884918221,"20210630 Cell_ 7 _ HDF28c44"
"1798",2021-06-30,"20210630",7,"21630055","HDF28c44_Expanded.Maturated_Tyr_5Hz","LQT1_R594Q","Expanded.Maturated","5Hz","Yes","Tyr","APA (mV)",122.896051291657,"20210630 Cell_ 7 _ HDF28c44"
"1799",2021-06-30,"20210630",7,"21630055","HDF28c44_Expanded.Maturated_Tyr_5Hz","LQT1_R594Q","Expanded.Maturated","5Hz","Yes","Tyr","dV/dt max y (V/s)",219.497670238482,"20210630 Cell_ 7 _ HDF28c44"
"1800",2021-06-30,"20210630",7,"21630055","HDF28c44_Expanded.Maturated_Tyr_5Hz","LQT1_R594Q","Expanded.Maturated","5Hz","Yes","Tyr","APD 90 (ms)",106.48,"20210630 Cell_ 7 _ HDF28c44"
"1801",2021-07-12,"20210712",1,"21712002","HDF30c03_Expanded.Maturated_Tyr_0.5Hz","Compound JLNS","Expanded.Maturated","0.5Hz","Yes","Tyr","Ediast (mV)",-64.7742278804205,"20210712 Cell_ 1 _ HDF30c03"
"1802",2021-07-12,"20210712",1,"21712002","HDF30c03_Expanded.Maturated_Tyr_0.5Hz","Compound JLNS","Expanded.Maturated","0.5Hz","Yes","Tyr","APA (mV)",119.529474303123,"20210712 Cell_ 1 _ HDF30c03"
"1803",2021-07-12,"20210712",1,"21712002","HDF30c03_Expanded.Maturated_Tyr_0.5Hz","Compound JLNS","Expanded.Maturated","0.5Hz","Yes","Tyr","dV/dt max y (V/s)",206.53075190907,"20210712 Cell_ 1 _ HDF30c03"
"1804",2021-07-12,"20210712",1,"21712002","HDF30c03_Expanded.Maturated_Tyr_0.5Hz","Compound JLNS","Expanded.Maturated","0.5Hz","Yes","Tyr","APD 90 (ms)",215.56,"20210712 Cell_ 1 _ HDF30c03"
"1805",2021-07-12,"20210712",1,"21712003","HDF30c03_Expanded.Maturated_Tyr_1Hz","Compound JLNS","Expanded.Maturated","1Hz","Yes","Tyr","Ediast (mV)",-68.2095914867808,"20210712 Cell_ 1 _ HDF30c03"
"1806",2021-07-12,"20210712",1,"21712003","HDF30c03_Expanded.Maturated_Tyr_1Hz","Compound JLNS","Expanded.Maturated","1Hz","Yes","Tyr","APA (mV)",122.887933616261,"20210712 Cell_ 1 _ HDF30c03"
"1807",2021-07-12,"20210712",1,"21712003","HDF30c03_Expanded.Maturated_Tyr_1Hz","Compound JLNS","Expanded.Maturated","1Hz","Yes","Tyr","dV/dt max y (V/s)",208.163442261205,"20210712 Cell_ 1 _ HDF30c03"
"1808",2021-07-12,"20210712",1,"21712003","HDF30c03_Expanded.Maturated_Tyr_1Hz","Compound JLNS","Expanded.Maturated","1Hz","Yes","Tyr","APD 90 (ms)",196.08,"20210712 Cell_ 1 _ HDF30c03"
"1809",2021-07-12,"20210712",1,"21712004","HDF30c03_Expanded.Maturated_Tyr_2Hz","Compound JLNS","Expanded.Maturated","2Hz","Yes","Tyr","Ediast (mV)",-66.8486296373605,"20210712 Cell_ 1 _ HDF30c03"
"1810",2021-07-12,"20210712",1,"21712004","HDF30c03_Expanded.Maturated_Tyr_2Hz","Compound JLNS","Expanded.Maturated","2Hz","Yes","Tyr","APA (mV)",122.469964886114,"20210712 Cell_ 1 _ HDF30c03"
"1811",2021-07-12,"20210712",1,"21712004","HDF30c03_Expanded.Maturated_Tyr_2Hz","Compound JLNS","Expanded.Maturated","2Hz","Yes","Tyr","dV/dt max y (V/s)",167.742911954513,"20210712 Cell_ 1 _ HDF30c03"
"1812",2021-07-12,"20210712",1,"21712004","HDF30c03_Expanded.Maturated_Tyr_2Hz","Compound JLNS","Expanded.Maturated","2Hz","Yes","Tyr","APD 90 (ms)",187,"20210712 Cell_ 1 _ HDF30c03"
"1813",2021-07-12,"20210712",1,"21712005","HDF30c03_Expanded.Maturated_Tyr_3.33Hz","Compound JLNS","Expanded.Maturated","3.33Hz","Yes","Tyr","Ediast (mV)",-66.8005339365199,"20210712 Cell_ 1 _ HDF30c03"
"1814",2021-07-12,"20210712",1,"21712005","HDF30c03_Expanded.Maturated_Tyr_3.33Hz","Compound JLNS","Expanded.Maturated","3.33Hz","Yes","Tyr","APA (mV)",121.797479566493,"20210712 Cell_ 1 _ HDF30c03"
"1815",2021-07-12,"20210712",1,"21712005","HDF30c03_Expanded.Maturated_Tyr_3.33Hz","Compound JLNS","Expanded.Maturated","3.33Hz","Yes","Tyr","dV/dt max y (V/s)",145.104973576633,"20210712 Cell_ 1 _ HDF30c03"
"1816",2021-07-12,"20210712",1,"21712005","HDF30c03_Expanded.Maturated_Tyr_3.33Hz","Compound JLNS","Expanded.Maturated","3.33Hz","Yes","Tyr","APD 90 (ms)",172.84,"20210712 Cell_ 1 _ HDF30c03"
"1817",2021-07-12,"20210712",1,"21712006","HDF30c03_Expanded.Maturated_Tyr_4Hz","Compound JLNS","Expanded.Maturated","4Hz","Yes","Tyr","Ediast (mV)",-65.4038665223893,"20210712 Cell_ 1 _ HDF30c03"
"1818",2021-07-12,"20210712",1,"21712006","HDF30c03_Expanded.Maturated_Tyr_4Hz","Compound JLNS","Expanded.Maturated","4Hz","Yes","Tyr","APA (mV)",122.198297418549,"20210712 Cell_ 1 _ HDF30c03"
"1819",2021-07-12,"20210712",1,"21712006","HDF30c03_Expanded.Maturated_Tyr_4Hz","Compound JLNS","Expanded.Maturated","4Hz","Yes","Tyr","dV/dt max y (V/s)",156.146232817826,"20210712 Cell_ 1 _ HDF30c03"
"1820",2021-07-12,"20210712",1,"21712006","HDF30c03_Expanded.Maturated_Tyr_4Hz","Compound JLNS","Expanded.Maturated","4Hz","Yes","Tyr","APD 90 (ms)",148.64,"20210712 Cell_ 1 _ HDF30c03"
"1821",2021-07-12,"20210712",1,"21712007","HDF30c03_Expanded.Maturated_Tyr_5Hz","Compound JLNS","Expanded.Maturated","5Hz","Yes","Tyr","Ediast (mV)",-61.0883149695545,"20210712 Cell_ 1 _ HDF30c03"
"1822",2021-07-12,"20210712",1,"21712007","HDF30c03_Expanded.Maturated_Tyr_5Hz","Compound JLNS","Expanded.Maturated","5Hz","Yes","Tyr","APA (mV)",116.768243965525,"20210712 Cell_ 1 _ HDF30c03"
"1823",2021-07-12,"20210712",1,"21712007","HDF30c03_Expanded.Maturated_Tyr_5Hz","Compound JLNS","Expanded.Maturated","5Hz","Yes","Tyr","dV/dt max y (V/s)",139.660637897726,"20210712 Cell_ 1 _ HDF30c03"
"1824",2021-07-12,"20210712",1,"21712007","HDF30c03_Expanded.Maturated_Tyr_5Hz","Compound JLNS","Expanded.Maturated","5Hz","Yes","Tyr","APD 90 (ms)",133.72,"20210712 Cell_ 1 _ HDF30c03"
"1825",2021-07-12,"20210712",2,"21712011","HDF30c03_Expanded.Maturated_Tyr_0.5Hz","Compound JLNS","Expanded.Maturated","0.5Hz","Yes","Tyr","Ediast (mV)",-73.5415614483695,"20210712 Cell_ 2 _ HDF30c03"
"1826",2021-07-12,"20210712",2,"21712011","HDF30c03_Expanded.Maturated_Tyr_0.5Hz","Compound JLNS","Expanded.Maturated","0.5Hz","Yes","Tyr","APA (mV)",125.771783576942,"20210712 Cell_ 2 _ HDF30c03"
"1827",2021-07-12,"20210712",2,"21712011","HDF30c03_Expanded.Maturated_Tyr_0.5Hz","Compound JLNS","Expanded.Maturated","0.5Hz","Yes","Tyr","dV/dt max y (V/s)",140.151970882203,"20210712 Cell_ 2 _ HDF30c03"
"1828",2021-07-12,"20210712",2,"21712011","HDF30c03_Expanded.Maturated_Tyr_0.5Hz","Compound JLNS","Expanded.Maturated","0.5Hz","Yes","Tyr","APD 90 (ms)",207.68,"20210712 Cell_ 2 _ HDF30c03"
"1829",2021-07-12,"20210712",2,"21712012","HDF30c03_Expanded.Maturated_Tyr_1Hz","Compound JLNS","Expanded.Maturated","1Hz","Yes","Tyr","Ediast (mV)",-78.0971642593337,"20210712 Cell_ 2 _ HDF30c03"
"1830",2021-07-12,"20210712",2,"21712012","HDF30c03_Expanded.Maturated_Tyr_1Hz","Compound JLNS","Expanded.Maturated","1Hz","Yes","Tyr","APA (mV)",128.954095437509,"20210712 Cell_ 2 _ HDF30c03"
"1831",2021-07-12,"20210712",2,"21712012","HDF30c03_Expanded.Maturated_Tyr_1Hz","Compound JLNS","Expanded.Maturated","1Hz","Yes","Tyr","dV/dt max y (V/s)",109.475702807995,"20210712 Cell_ 2 _ HDF30c03"
"1832",2021-07-12,"20210712",2,"21712012","HDF30c03_Expanded.Maturated_Tyr_1Hz","Compound JLNS","Expanded.Maturated","1Hz","Yes","Tyr","APD 90 (ms)",211.2,"20210712 Cell_ 2 _ HDF30c03"
"1833",2021-07-12,"20210712",2,"21712013","HDF30c03_Expanded.Maturated_Tyr_2Hz","Compound JLNS","Expanded.Maturated","2Hz","Yes","Tyr","Ediast (mV)",-79.6458702404616,"20210712 Cell_ 2 _ HDF30c03"
"1834",2021-07-12,"20210712",2,"21712013","HDF30c03_Expanded.Maturated_Tyr_2Hz","Compound JLNS","Expanded.Maturated","2Hz","Yes","Tyr","APA (mV)",131.531854104135,"20210712 Cell_ 2 _ HDF30c03"
"1835",2021-07-12,"20210712",2,"21712013","HDF30c03_Expanded.Maturated_Tyr_2Hz","Compound JLNS","Expanded.Maturated","2Hz","Yes","Tyr","dV/dt max y (V/s)",112.277216346806,"20210712 Cell_ 2 _ HDF30c03"
"1836",2021-07-12,"20210712",2,"21712013","HDF30c03_Expanded.Maturated_Tyr_2Hz","Compound JLNS","Expanded.Maturated","2Hz","Yes","Tyr","APD 90 (ms)",203.28,"20210712 Cell_ 2 _ HDF30c03"
"1837",2021-07-12,"20210712",2,"21712014","HDF30c03_Expanded.Maturated_Tyr_3.33Hz","Compound JLNS","Expanded.Maturated","3.33Hz","Yes","Tyr","Ediast (mV)",-79.6332969988713,"20210712 Cell_ 2 _ HDF30c03"
"1838",2021-07-12,"20210712",2,"21712014","HDF30c03_Expanded.Maturated_Tyr_3.33Hz","Compound JLNS","Expanded.Maturated","3.33Hz","Yes","Tyr","APA (mV)",129.821893247853,"20210712 Cell_ 2 _ HDF30c03"
"1839",2021-07-12,"20210712",2,"21712014","HDF30c03_Expanded.Maturated_Tyr_3.33Hz","Compound JLNS","Expanded.Maturated","3.33Hz","Yes","Tyr","dV/dt max y (V/s)",94.3084672002752,"20210712 Cell_ 2 _ HDF30c03"
"1840",2021-07-12,"20210712",2,"21712014","HDF30c03_Expanded.Maturated_Tyr_3.33Hz","Compound JLNS","Expanded.Maturated","3.33Hz","Yes","Tyr","APD 90 (ms)",182.52,"20210712 Cell_ 2 _ HDF30c03"
"1841",2021-07-12,"20210712",2,"21712015","HDF30c03_Expanded.Maturated_Tyr_4Hz","Compound JLNS","Expanded.Maturated","4Hz","Yes","Tyr","Ediast (mV)",-79.3818932022186,"20210712 Cell_ 2 _ HDF30c03"
"1842",2021-07-12,"20210712",2,"21712015","HDF30c03_Expanded.Maturated_Tyr_4Hz","Compound JLNS","Expanded.Maturated","4Hz","Yes","Tyr","APA (mV)",129.976373220985,"20210712 Cell_ 2 _ HDF30c03"
"1843",2021-07-12,"20210712",2,"21712015","HDF30c03_Expanded.Maturated_Tyr_4Hz","Compound JLNS","Expanded.Maturated","4Hz","Yes","Tyr","dV/dt max y (V/s)",90.3167681711214,"20210712 Cell_ 2 _ HDF30c03"
"1844",2021-07-12,"20210712",2,"21712015","HDF30c03_Expanded.Maturated_Tyr_4Hz","Compound JLNS","Expanded.Maturated","4Hz","Yes","Tyr","APD 90 (ms)",155.84,"20210712 Cell_ 2 _ HDF30c03"
"1845",2021-07-12,"20210712",2,"21712016","HDF30c03_Expanded.Maturated_Tyr_5Hz","Compound JLNS","Expanded.Maturated","5Hz","Yes","Tyr","Ediast (mV)",-77.2645226973196,"20210712 Cell_ 2 _ HDF30c03"
"1846",2021-07-12,"20210712",2,"21712016","HDF30c03_Expanded.Maturated_Tyr_5Hz","Compound JLNS","Expanded.Maturated","5Hz","Yes","Tyr","APA (mV)",125.711786021198,"20210712 Cell_ 2 _ HDF30c03"
"1847",2021-07-12,"20210712",2,"21712016","HDF30c03_Expanded.Maturated_Tyr_5Hz","Compound JLNS","Expanded.Maturated","5Hz","Yes","Tyr","dV/dt max y (V/s)",82.4493369041794,"20210712 Cell_ 2 _ HDF30c03"
"1848",2021-07-12,"20210712",2,"21712016","HDF30c03_Expanded.Maturated_Tyr_5Hz","Compound JLNS","Expanded.Maturated","5Hz","Yes","Tyr","APD 90 (ms)",127.04,"20210712 Cell_ 2 _ HDF30c03"
"1849",2021-07-12,"20210712",4,"21712023","HDF30c03_Expanded.Maturated_Tyr_0.5Hz","Compound JLNS","Expanded.Maturated","0.5Hz","Yes","Tyr","Ediast (mV)",-80.5641441226272,"20210712 Cell_ 4 _ HDF30c03"
"1850",2021-07-12,"20210712",4,"21712023","HDF30c03_Expanded.Maturated_Tyr_0.5Hz","Compound JLNS","Expanded.Maturated","0.5Hz","Yes","Tyr","APA (mV)",131.397881942529,"20210712 Cell_ 4 _ HDF30c03"
"1851",2021-07-12,"20210712",4,"21712023","HDF30c03_Expanded.Maturated_Tyr_0.5Hz","Compound JLNS","Expanded.Maturated","0.5Hz","Yes","Tyr","dV/dt max y (V/s)",169.860831775793,"20210712 Cell_ 4 _ HDF30c03"
"1852",2021-07-12,"20210712",4,"21712023","HDF30c03_Expanded.Maturated_Tyr_0.5Hz","Compound JLNS","Expanded.Maturated","0.5Hz","Yes","Tyr","APD 90 (ms)",335.16,"20210712 Cell_ 4 _ HDF30c03"
"1853",2021-07-12,"20210712",4,"21712024","HDF30c03_Expanded.Maturated_Tyr_1Hz","Compound JLNS","Expanded.Maturated","1Hz","Yes","Tyr","Ediast (mV)",-80.5860557426802,"20210712 Cell_ 4 _ HDF30c03"
"1854",2021-07-12,"20210712",4,"21712024","HDF30c03_Expanded.Maturated_Tyr_1Hz","Compound JLNS","Expanded.Maturated","1Hz","Yes","Tyr","APA (mV)",131.157952754707,"20210712 Cell_ 4 _ HDF30c03"
"1855",2021-07-12,"20210712",4,"21712024","HDF30c03_Expanded.Maturated_Tyr_1Hz","Compound JLNS","Expanded.Maturated","1Hz","Yes","Tyr","dV/dt max y (V/s)",162.454215916652,"20210712 Cell_ 4 _ HDF30c03"
"1856",2021-07-12,"20210712",4,"21712024","HDF30c03_Expanded.Maturated_Tyr_1Hz","Compound JLNS","Expanded.Maturated","1Hz","Yes","Tyr","APD 90 (ms)",295.48,"20210712 Cell_ 4 _ HDF30c03"
"1857",2021-07-12,"20210712",4,"21712025","HDF30c03_Expanded.Maturated_Tyr_2Hz","Compound JLNS","Expanded.Maturated","2Hz","Yes","Tyr","Ediast (mV)",-79.8422203287918,"20210712 Cell_ 4 _ HDF30c03"
"1858",2021-07-12,"20210712",4,"21712025","HDF30c03_Expanded.Maturated_Tyr_2Hz","Compound JLNS","Expanded.Maturated","2Hz","Yes","Tyr","APA (mV)",128.663018791178,"20210712 Cell_ 4 _ HDF30c03"
"1859",2021-07-12,"20210712",4,"21712025","HDF30c03_Expanded.Maturated_Tyr_2Hz","Compound JLNS","Expanded.Maturated","2Hz","Yes","Tyr","dV/dt max y (V/s)",143.585198258194,"20210712 Cell_ 4 _ HDF30c03"
"1860",2021-07-12,"20210712",4,"21712025","HDF30c03_Expanded.Maturated_Tyr_2Hz","Compound JLNS","Expanded.Maturated","2Hz","Yes","Tyr","APD 90 (ms)",238.8,"20210712 Cell_ 4 _ HDF30c03"
"1861",2021-07-12,"20210712",4,"21712026","HDF30c03_Expanded.Maturated_Tyr_3.33Hz","Compound JLNS","Expanded.Maturated","3.33Hz","Yes","Tyr","Ediast (mV)",-77.0243493688835,"20210712 Cell_ 4 _ HDF30c03"
"1862",2021-07-12,"20210712",4,"21712026","HDF30c03_Expanded.Maturated_Tyr_3.33Hz","Compound JLNS","Expanded.Maturated","3.33Hz","Yes","Tyr","APA (mV)",121.70818513714,"20210712 Cell_ 4 _ HDF30c03"
"1863",2021-07-12,"20210712",4,"21712026","HDF30c03_Expanded.Maturated_Tyr_3.33Hz","Compound JLNS","Expanded.Maturated","3.33Hz","Yes","Tyr","dV/dt max y (V/s)",115.774530633818,"20210712 Cell_ 4 _ HDF30c03"
"1864",2021-07-12,"20210712",4,"21712026","HDF30c03_Expanded.Maturated_Tyr_3.33Hz","Compound JLNS","Expanded.Maturated","3.33Hz","Yes","Tyr","APD 90 (ms)",165.84,"20210712 Cell_ 4 _ HDF30c03"
"1865",2021-07-12,"20210712",4,"21712027","HDF30c03_Expanded.Maturated_Tyr_4Hz","Compound JLNS","Expanded.Maturated","4Hz","Yes","Tyr","Ediast (mV)",-73.786312413307,"20210712 Cell_ 4 _ HDF30c03"
"1866",2021-07-12,"20210712",4,"21712027","HDF30c03_Expanded.Maturated_Tyr_4Hz","Compound JLNS","Expanded.Maturated","4Hz","Yes","Tyr","APA (mV)",119.468683290386,"20210712 Cell_ 4 _ HDF30c03"
"1867",2021-07-12,"20210712",4,"21712027","HDF30c03_Expanded.Maturated_Tyr_4Hz","Compound JLNS","Expanded.Maturated","4Hz","Yes","Tyr","dV/dt max y (V/s)",126.541131684931,"20210712 Cell_ 4 _ HDF30c03"
"1868",2021-07-12,"20210712",4,"21712027","HDF30c03_Expanded.Maturated_Tyr_4Hz","Compound JLNS","Expanded.Maturated","4Hz","Yes","Tyr","APD 90 (ms)",135.48,"20210712 Cell_ 4 _ HDF30c03"
"1869",2021-07-12,"20210712",4,"21712028","HDF30c03_Expanded.Maturated_Tyr_5Hz","Compound JLNS","Expanded.Maturated","5Hz","Yes","Tyr","Ediast (mV)",-74.2913783072864,"20210712 Cell_ 4 _ HDF30c03"
"1870",2021-07-12,"20210712",4,"21712028","HDF30c03_Expanded.Maturated_Tyr_5Hz","Compound JLNS","Expanded.Maturated","5Hz","Yes","Tyr","APA (mV)",118.702386940064,"20210712 Cell_ 4 _ HDF30c03"
"1871",2021-07-12,"20210712",4,"21712028","HDF30c03_Expanded.Maturated_Tyr_5Hz","Compound JLNS","Expanded.Maturated","5Hz","Yes","Tyr","dV/dt max y (V/s)",134.835809025331,"20210712 Cell_ 4 _ HDF30c03"
"1872",2021-07-12,"20210712",4,"21712028","HDF30c03_Expanded.Maturated_Tyr_5Hz","Compound JLNS","Expanded.Maturated","5Hz","Yes","Tyr","APD 90 (ms)",95.28,"20210712 Cell_ 4 _ HDF30c03"
"1873",2021-07-12,"20210712",6,"21712035","HDF29c7_Expanded.Maturated_Tyr_2Hz","LQT1_R190W","Expanded.Maturated","2Hz","Yes","Tyr","Ediast (mV)",-66.6885954652742,"20210712 Cell_ 6 _ HDF29c7"
"1874",2021-07-12,"20210712",6,"21712035","HDF29c7_Expanded.Maturated_Tyr_2Hz","LQT1_R190W","Expanded.Maturated","2Hz","Yes","Tyr","APA (mV)",118.581293195816,"20210712 Cell_ 6 _ HDF29c7"
"1875",2021-07-12,"20210712",6,"21712035","HDF29c7_Expanded.Maturated_Tyr_2Hz","LQT1_R190W","Expanded.Maturated","2Hz","Yes","Tyr","dV/dt max y (V/s)",210.247792748143,"20210712 Cell_ 6 _ HDF29c7"
"1876",2021-07-12,"20210712",6,"21712035","HDF29c7_Expanded.Maturated_Tyr_2Hz","LQT1_R190W","Expanded.Maturated","2Hz","Yes","Tyr","APD 90 (ms)",129.92,"20210712 Cell_ 6 _ HDF29c7"
"1877",2021-07-12,"20210712",6,"21712038","HDF29c7_Expanded.Maturated_Tyr_3.33Hz","LQT1_R190W","Expanded.Maturated","3.33Hz","Yes","Tyr","Ediast (mV)",-80.50463484811,"20210712 Cell_ 6 _ HDF29c7"
"1878",2021-07-12,"20210712",6,"21712038","HDF29c7_Expanded.Maturated_Tyr_3.33Hz","LQT1_R190W","Expanded.Maturated","3.33Hz","Yes","Tyr","APA (mV)",132.811761269905,"20210712 Cell_ 6 _ HDF29c7"
"1879",2021-07-12,"20210712",6,"21712038","HDF29c7_Expanded.Maturated_Tyr_3.33Hz","LQT1_R190W","Expanded.Maturated","3.33Hz","Yes","Tyr","dV/dt max y (V/s)",253.353869802275,"20210712 Cell_ 6 _ HDF29c7"
"1880",2021-07-12,"20210712",6,"21712038","HDF29c7_Expanded.Maturated_Tyr_3.33Hz","LQT1_R190W","Expanded.Maturated","3.33Hz","Yes","Tyr","APD 90 (ms)",151.08,"20210712 Cell_ 6 _ HDF29c7"
"1881",2021-07-12,"20210712",6,"21712040","HDF29c7_Expanded.Maturated_Tyr_4Hz","LQT1_R190W","Expanded.Maturated","4Hz","Yes","Tyr","Ediast (mV)",-82.4227255773181,"20210712 Cell_ 6 _ HDF29c7"
"1882",2021-07-12,"20210712",6,"21712040","HDF29c7_Expanded.Maturated_Tyr_4Hz","LQT1_R190W","Expanded.Maturated","4Hz","Yes","Tyr","APA (mV)",134.177483861286,"20210712 Cell_ 6 _ HDF29c7"
"1883",2021-07-12,"20210712",6,"21712040","HDF29c7_Expanded.Maturated_Tyr_4Hz","LQT1_R190W","Expanded.Maturated","4Hz","Yes","Tyr","dV/dt max y (V/s)",234.848011306255,"20210712 Cell_ 6 _ HDF29c7"
"1884",2021-07-12,"20210712",6,"21712040","HDF29c7_Expanded.Maturated_Tyr_4Hz","LQT1_R190W","Expanded.Maturated","4Hz","Yes","Tyr","APD 90 (ms)",142.36,"20210712 Cell_ 6 _ HDF29c7"
"1885",2021-07-12,"20210712",6,"21712041","HDF29c7_Expanded.Maturated_Tyr_5Hz","LQT1_R190W","Expanded.Maturated","5Hz","Yes","Tyr","Ediast (mV)",-76.4181482258015,"20210712 Cell_ 6 _ HDF29c7"
"1886",2021-07-12,"20210712",6,"21712041","HDF29c7_Expanded.Maturated_Tyr_5Hz","LQT1_R190W","Expanded.Maturated","5Hz","Yes","Tyr","APA (mV)",127.959283473041,"20210712 Cell_ 6 _ HDF29c7"
"1887",2021-07-12,"20210712",6,"21712041","HDF29c7_Expanded.Maturated_Tyr_5Hz","LQT1_R190W","Expanded.Maturated","5Hz","Yes","Tyr","dV/dt max y (V/s)",256.179797402426,"20210712 Cell_ 6 _ HDF29c7"
"1888",2021-07-12,"20210712",6,"21712041","HDF29c7_Expanded.Maturated_Tyr_5Hz","LQT1_R190W","Expanded.Maturated","5Hz","Yes","Tyr","APD 90 (ms)",122,"20210712 Cell_ 6 _ HDF29c7"
"1889",2021-07-12,"20210712",6,"21712044","HDF29c7_Expanded.Maturated_Tyr_2Hz","LQT1_R190W","Expanded.Maturated","2Hz","Yes","Tyr","Ediast (mV)",-72.9609340345416,"20210712 Cell_ 6 _ HDF29c7"
"1890",2021-07-12,"20210712",6,"21712044","HDF29c7_Expanded.Maturated_Tyr_2Hz","LQT1_R190W","Expanded.Maturated","2Hz","Yes","Tyr","APA (mV)",126.535760591436,"20210712 Cell_ 6 _ HDF29c7"
"1891",2021-07-12,"20210712",6,"21712044","HDF29c7_Expanded.Maturated_Tyr_2Hz","LQT1_R190W","Expanded.Maturated","2Hz","Yes","Tyr","dV/dt max y (V/s)",278.692613715936,"20210712 Cell_ 6 _ HDF29c7"
"1892",2021-07-12,"20210712",6,"21712044","HDF29c7_Expanded.Maturated_Tyr_2Hz","LQT1_R190W","Expanded.Maturated","2Hz","Yes","Tyr","APD 90 (ms)",103.8,"20210712 Cell_ 6 _ HDF29c7"
"1893",2021-07-12,"20210712",6,"21712045","HDF29c7_Expanded.Maturated_Tyr_3.33Hz","LQT1_R190W","Expanded.Maturated","3.33Hz","Yes","Tyr","Ediast (mV)",-76.817684339637,"20210712 Cell_ 6 _ HDF29c7"
"1894",2021-07-12,"20210712",6,"21712045","HDF29c7_Expanded.Maturated_Tyr_3.33Hz","LQT1_R190W","Expanded.Maturated","3.33Hz","Yes","Tyr","APA (mV)",130.683648578016,"20210712 Cell_ 6 _ HDF29c7"
"1895",2021-07-12,"20210712",6,"21712045","HDF29c7_Expanded.Maturated_Tyr_3.33Hz","LQT1_R190W","Expanded.Maturated","3.33Hz","Yes","Tyr","dV/dt max y (V/s)",277.050768090796,"20210712 Cell_ 6 _ HDF29c7"
"1896",2021-07-12,"20210712",6,"21712045","HDF29c7_Expanded.Maturated_Tyr_3.33Hz","LQT1_R190W","Expanded.Maturated","3.33Hz","Yes","Tyr","APD 90 (ms)",116.6,"20210712 Cell_ 6 _ HDF29c7"
"1897",2021-07-12,"20210712",7,"21712049","HDF29c7_Expanded.Maturated_Tyr_0.5Hz","LQT1_R190W","Expanded.Maturated","0.5Hz","Yes","Tyr","Ediast (mV)",-66.7636076687426,"20210712 Cell_ 7 _ HDF29c7"
"1898",2021-07-12,"20210712",7,"21712049","HDF29c7_Expanded.Maturated_Tyr_0.5Hz","LQT1_R190W","Expanded.Maturated","0.5Hz","Yes","Tyr","APA (mV)",111.582331125905,"20210712 Cell_ 7 _ HDF29c7"
"1899",2021-07-12,"20210712",7,"21712049","HDF29c7_Expanded.Maturated_Tyr_0.5Hz","LQT1_R190W","Expanded.Maturated","0.5Hz","Yes","Tyr","dV/dt max y (V/s)",191.790762374801,"20210712 Cell_ 7 _ HDF29c7"
"1900",2021-07-12,"20210712",7,"21712049","HDF29c7_Expanded.Maturated_Tyr_0.5Hz","LQT1_R190W","Expanded.Maturated","0.5Hz","Yes","Tyr","APD 90 (ms)",128.16,"20210712 Cell_ 7 _ HDF29c7"
"1901",2021-07-12,"20210712",7,"21712050","HDF29c7_Expanded.Maturated_Tyr_1Hz","LQT1_R190W","Expanded.Maturated","1Hz","Yes","Tyr","Ediast (mV)",-69.0681729889691,"20210712 Cell_ 7 _ HDF29c7"
"1902",2021-07-12,"20210712",7,"21712050","HDF29c7_Expanded.Maturated_Tyr_1Hz","LQT1_R190W","Expanded.Maturated","1Hz","Yes","Tyr","APA (mV)",114.713312422504,"20210712 Cell_ 7 _ HDF29c7"
"1903",2021-07-12,"20210712",7,"21712050","HDF29c7_Expanded.Maturated_Tyr_1Hz","LQT1_R190W","Expanded.Maturated","1Hz","Yes","Tyr","dV/dt max y (V/s)",192.64525452172,"20210712 Cell_ 7 _ HDF29c7"
"1904",2021-07-12,"20210712",7,"21712050","HDF29c7_Expanded.Maturated_Tyr_1Hz","LQT1_R190W","Expanded.Maturated","1Hz","Yes","Tyr","APD 90 (ms)",113.24,"20210712 Cell_ 7 _ HDF29c7"
"1905",2021-07-12,"20210712",7,"21712051","HDF29c7_Expanded.Maturated_Tyr_2Hz","LQT1_R190W","Expanded.Maturated","2Hz","Yes","Tyr","Ediast (mV)",-74.0358241202058,"20210712 Cell_ 7 _ HDF29c7"
"1906",2021-07-12,"20210712",7,"21712051","HDF29c7_Expanded.Maturated_Tyr_2Hz","LQT1_R190W","Expanded.Maturated","2Hz","Yes","Tyr","APA (mV)",121.668268146849,"20210712 Cell_ 7 _ HDF29c7"
"1907",2021-07-12,"20210712",7,"21712051","HDF29c7_Expanded.Maturated_Tyr_2Hz","LQT1_R190W","Expanded.Maturated","2Hz","Yes","Tyr","dV/dt max y (V/s)",253.796374664069,"20210712 Cell_ 7 _ HDF29c7"
"1908",2021-07-12,"20210712",7,"21712051","HDF29c7_Expanded.Maturated_Tyr_2Hz","LQT1_R190W","Expanded.Maturated","2Hz","Yes","Tyr","APD 90 (ms)",127.08,"20210712 Cell_ 7 _ HDF29c7"
"1909",2021-07-12,"20210712",7,"21712052","HDF29c7_Expanded.Maturated_Tyr_3.33Hz","LQT1_R190W","Expanded.Maturated","3.33Hz","Yes","Tyr","Ediast (mV)",-69.5424771656596,"20210712 Cell_ 7 _ HDF29c7"
"1910",2021-07-12,"20210712",7,"21712052","HDF29c7_Expanded.Maturated_Tyr_3.33Hz","LQT1_R190W","Expanded.Maturated","3.33Hz","Yes","Tyr","APA (mV)",113.822260218733,"20210712 Cell_ 7 _ HDF29c7"
"1911",2021-07-12,"20210712",7,"21712052","HDF29c7_Expanded.Maturated_Tyr_3.33Hz","LQT1_R190W","Expanded.Maturated","3.33Hz","Yes","Tyr","dV/dt max y (V/s)",214.834584522468,"20210712 Cell_ 7 _ HDF29c7"
"1912",2021-07-12,"20210712",7,"21712052","HDF29c7_Expanded.Maturated_Tyr_3.33Hz","LQT1_R190W","Expanded.Maturated","3.33Hz","Yes","Tyr","APD 90 (ms)",124.04,"20210712 Cell_ 7 _ HDF29c7"
"1913",2021-07-12,"20210712",7,"21712053","HDF29c7_Expanded.Maturated_Tyr_4Hz","LQT1_R190W","Expanded.Maturated","4Hz","Yes","Tyr","Ediast (mV)",-62.2338227276458,"20210712 Cell_ 7 _ HDF29c7"
"1914",2021-07-12,"20210712",7,"21712053","HDF29c7_Expanded.Maturated_Tyr_4Hz","LQT1_R190W","Expanded.Maturated","4Hz","Yes","Tyr","APA (mV)",102.121516145582,"20210712 Cell_ 7 _ HDF29c7"
"1915",2021-07-12,"20210712",7,"21712053","HDF29c7_Expanded.Maturated_Tyr_4Hz","LQT1_R190W","Expanded.Maturated","4Hz","Yes","Tyr","dV/dt max y (V/s)",182.241812633041,"20210712 Cell_ 7 _ HDF29c7"
"1916",2021-07-12,"20210712",7,"21712053","HDF29c7_Expanded.Maturated_Tyr_4Hz","LQT1_R190W","Expanded.Maturated","4Hz","Yes","Tyr","APD 90 (ms)",40.52,"20210712 Cell_ 7 _ HDF29c7"
"1917",2021-07-12,"20210712",7,"21712054","HDF29c7_Expanded.Maturated_Tyr_5Hz","LQT1_R190W","Expanded.Maturated","5Hz","Yes","Tyr","Ediast (mV)",-60.7482270950828,"20210712 Cell_ 7 _ HDF29c7"
"1918",2021-07-12,"20210712",7,"21712054","HDF29c7_Expanded.Maturated_Tyr_5Hz","LQT1_R190W","Expanded.Maturated","5Hz","Yes","Tyr","APA (mV)",95.9270584319905,"20210712 Cell_ 7 _ HDF29c7"
"1919",2021-07-12,"20210712",7,"21712054","HDF29c7_Expanded.Maturated_Tyr_5Hz","LQT1_R190W","Expanded.Maturated","5Hz","Yes","Tyr","dV/dt max y (V/s)",154.59899168038,"20210712 Cell_ 7 _ HDF29c7"
"1920",2021-07-12,"20210712",7,"21712054","HDF29c7_Expanded.Maturated_Tyr_5Hz","LQT1_R190W","Expanded.Maturated","5Hz","Yes","Tyr","APD 90 (ms)",36.64,"20210712 Cell_ 7 _ HDF29c7"
"1921",2021-07-12,"20210712",8,"21712058","HDF29c7_Expanded.Maturated_Tyr_0.5Hz","LQT1_R190W","Expanded.Maturated","0.5Hz","Yes","Tyr","Ediast (mV)",-67.2296720997307,"20210712 Cell_ 8 _ HDF29c7"
"1922",2021-07-12,"20210712",8,"21712058","HDF29c7_Expanded.Maturated_Tyr_0.5Hz","LQT1_R190W","Expanded.Maturated","0.5Hz","Yes","Tyr","APA (mV)",111.167658294038,"20210712 Cell_ 8 _ HDF29c7"
"1923",2021-07-12,"20210712",8,"21712058","HDF29c7_Expanded.Maturated_Tyr_0.5Hz","LQT1_R190W","Expanded.Maturated","0.5Hz","Yes","Tyr","dV/dt max y (V/s)",154.12291748424,"20210712 Cell_ 8 _ HDF29c7"
"1924",2021-07-12,"20210712",8,"21712058","HDF29c7_Expanded.Maturated_Tyr_0.5Hz","LQT1_R190W","Expanded.Maturated","0.5Hz","Yes","Tyr","APD 90 (ms)",336,"20210712 Cell_ 8 _ HDF29c7"
"1925",2021-07-12,"20210712",8,"21712060","HDF29c7_Expanded.Maturated_Tyr_1Hz","LQT1_R190W","Expanded.Maturated","1Hz","Yes","Tyr","Ediast (mV)",-76.6171228257257,"20210712 Cell_ 8 _ HDF29c7"
"1926",2021-07-12,"20210712",8,"21712060","HDF29c7_Expanded.Maturated_Tyr_1Hz","LQT1_R190W","Expanded.Maturated","1Hz","Yes","Tyr","APA (mV)",121.076349229651,"20210712 Cell_ 8 _ HDF29c7"
"1927",2021-07-12,"20210712",8,"21712060","HDF29c7_Expanded.Maturated_Tyr_1Hz","LQT1_R190W","Expanded.Maturated","1Hz","Yes","Tyr","dV/dt max y (V/s)",194.531240760261,"20210712 Cell_ 8 _ HDF29c7"
"1928",2021-07-12,"20210712",8,"21712060","HDF29c7_Expanded.Maturated_Tyr_1Hz","LQT1_R190W","Expanded.Maturated","1Hz","Yes","Tyr","APD 90 (ms)",279.16,"20210712 Cell_ 8 _ HDF29c7"
"1929",2021-07-12,"20210712",8,"21712061","HDF29c7_Expanded.Maturated_Tyr_2Hz","LQT1_R190W","Expanded.Maturated","2Hz","Yes","Tyr","Ediast (mV)",-81.9635581186586,"20210712 Cell_ 8 _ HDF29c7"
"1930",2021-07-12,"20210712",8,"21712061","HDF29c7_Expanded.Maturated_Tyr_2Hz","LQT1_R190W","Expanded.Maturated","2Hz","Yes","Tyr","APA (mV)",121.878717355603,"20210712 Cell_ 8 _ HDF29c7"
"1931",2021-07-12,"20210712",8,"21712061","HDF29c7_Expanded.Maturated_Tyr_2Hz","LQT1_R190W","Expanded.Maturated","2Hz","Yes","Tyr","dV/dt max y (V/s)",161.148063634942,"20210712 Cell_ 8 _ HDF29c7"
"1932",2021-07-12,"20210712",8,"21712061","HDF29c7_Expanded.Maturated_Tyr_2Hz","LQT1_R190W","Expanded.Maturated","2Hz","Yes","Tyr","APD 90 (ms)",257,"20210712 Cell_ 8 _ HDF29c7"
"1933",2021-07-12,"20210712",8,"21712063","HDF29c7_Expanded.Maturated_Tyr_3.33Hz","LQT1_R190W","Expanded.Maturated","3.33Hz","Yes","Tyr","Ediast (mV)",-74.7144739903154,"20210712 Cell_ 8 _ HDF29c7"
"1934",2021-07-12,"20210712",8,"21712063","HDF29c7_Expanded.Maturated_Tyr_3.33Hz","LQT1_R190W","Expanded.Maturated","3.33Hz","Yes","Tyr","APA (mV)",113.526728006207,"20210712 Cell_ 8 _ HDF29c7"
"1935",2021-07-12,"20210712",8,"21712063","HDF29c7_Expanded.Maturated_Tyr_3.33Hz","LQT1_R190W","Expanded.Maturated","3.33Hz","Yes","Tyr","dV/dt max y (V/s)",142.651360411924,"20210712 Cell_ 8 _ HDF29c7"
"1936",2021-07-12,"20210712",8,"21712063","HDF29c7_Expanded.Maturated_Tyr_3.33Hz","LQT1_R190W","Expanded.Maturated","3.33Hz","Yes","Tyr","APD 90 (ms)",180.72,"20210712 Cell_ 8 _ HDF29c7"
"1937",2021-07-12,"20210712",8,"21712064","HDF29c7_Expanded.Maturated_Tyr_4Hz","LQT1_R190W","Expanded.Maturated","4Hz","Yes","Tyr","Ediast (mV)",-75.5451624274223,"20210712 Cell_ 8 _ HDF29c7"
"1938",2021-07-12,"20210712",8,"21712064","HDF29c7_Expanded.Maturated_Tyr_4Hz","LQT1_R190W","Expanded.Maturated","4Hz","Yes","Tyr","APA (mV)",111.850702695189,"20210712 Cell_ 8 _ HDF29c7"
"1939",2021-07-12,"20210712",8,"21712064","HDF29c7_Expanded.Maturated_Tyr_4Hz","LQT1_R190W","Expanded.Maturated","4Hz","Yes","Tyr","dV/dt max y (V/s)",118.457025623594,"20210712 Cell_ 8 _ HDF29c7"
"1940",2021-07-12,"20210712",8,"21712064","HDF29c7_Expanded.Maturated_Tyr_4Hz","LQT1_R190W","Expanded.Maturated","4Hz","Yes","Tyr","APD 90 (ms)",152.4,"20210712 Cell_ 8 _ HDF29c7"
"1941",2021-07-12,"20210712",8,"21712065","HDF29c7_Expanded.Maturated_Tyr_5Hz","LQT1_R190W","Expanded.Maturated","5Hz","Yes","Tyr","Ediast (mV)",-78.0213585988718,"20210712 Cell_ 8 _ HDF29c7"
"1942",2021-07-12,"20210712",8,"21712065","HDF29c7_Expanded.Maturated_Tyr_5Hz","LQT1_R190W","Expanded.Maturated","5Hz","Yes","Tyr","APA (mV)",112.191889202421,"20210712 Cell_ 8 _ HDF29c7"
"1943",2021-07-12,"20210712",8,"21712065","HDF29c7_Expanded.Maturated_Tyr_5Hz","LQT1_R190W","Expanded.Maturated","5Hz","Yes","Tyr","dV/dt max y (V/s)",118.85985763571,"20210712 Cell_ 8 _ HDF29c7"
"1944",2021-07-12,"20210712",8,"21712065","HDF29c7_Expanded.Maturated_Tyr_5Hz","LQT1_R190W","Expanded.Maturated","5Hz","Yes","Tyr","APD 90 (ms)",122.24,"20210712 Cell_ 8 _ HDF29c7"
"1945",2021-07-12,"20210712",10,"21712070","HDF29c7_Expanded.Maturated_Tyr_0.5Hz","LQT1_R190W","Expanded.Maturated","0.5Hz","Yes","Tyr","Ediast (mV)",-67.8532682615177,"20210712 Cell_ 10 _ HDF29c7"
"1946",2021-07-12,"20210712",10,"21712070","HDF29c7_Expanded.Maturated_Tyr_0.5Hz","LQT1_R190W","Expanded.Maturated","0.5Hz","Yes","Tyr","APA (mV)",119.028802940185,"20210712 Cell_ 10 _ HDF29c7"
"1947",2021-07-12,"20210712",10,"21712070","HDF29c7_Expanded.Maturated_Tyr_0.5Hz","LQT1_R190W","Expanded.Maturated","0.5Hz","Yes","Tyr","dV/dt max y (V/s)",191.08275459593,"20210712 Cell_ 10 _ HDF29c7"
"1948",2021-07-12,"20210712",10,"21712070","HDF29c7_Expanded.Maturated_Tyr_0.5Hz","LQT1_R190W","Expanded.Maturated","0.5Hz","Yes","Tyr","APD 90 (ms)",222.68,"20210712 Cell_ 10 _ HDF29c7"
"1949",2021-07-12,"20210712",10,"21712071","HDF29c7_Expanded.Maturated_Tyr_1Hz","LQT1_R190W","Expanded.Maturated","1Hz","Yes","Tyr","Ediast (mV)",-74.604854854897,"20210712 Cell_ 10 _ HDF29c7"
"1950",2021-07-12,"20210712",10,"21712071","HDF29c7_Expanded.Maturated_Tyr_1Hz","LQT1_R190W","Expanded.Maturated","1Hz","Yes","Tyr","APA (mV)",124.726312435193,"20210712 Cell_ 10 _ HDF29c7"
"1951",2021-07-12,"20210712",10,"21712071","HDF29c7_Expanded.Maturated_Tyr_1Hz","LQT1_R190W","Expanded.Maturated","1Hz","Yes","Tyr","dV/dt max y (V/s)",200.964345923456,"20210712 Cell_ 10 _ HDF29c7"
"1952",2021-07-12,"20210712",10,"21712071","HDF29c7_Expanded.Maturated_Tyr_1Hz","LQT1_R190W","Expanded.Maturated","1Hz","Yes","Tyr","APD 90 (ms)",245.24,"20210712 Cell_ 10 _ HDF29c7"
"1953",2021-07-12,"20210712",10,"21712074","HDF29c7_Expanded.Maturated_Tyr_2Hz","LQT1_R190W","Expanded.Maturated","2Hz","Yes","Tyr","Ediast (mV)",-85.4153401812703,"20210712 Cell_ 10 _ HDF29c7"
"1954",2021-07-12,"20210712",10,"21712074","HDF29c7_Expanded.Maturated_Tyr_2Hz","LQT1_R190W","Expanded.Maturated","2Hz","Yes","Tyr","APA (mV)",133.450005868496,"20210712 Cell_ 10 _ HDF29c7"
"1955",2021-07-12,"20210712",10,"21712074","HDF29c7_Expanded.Maturated_Tyr_2Hz","LQT1_R190W","Expanded.Maturated","2Hz","Yes","Tyr","dV/dt max y (V/s)",208.633412942007,"20210712 Cell_ 10 _ HDF29c7"
"1956",2021-07-12,"20210712",10,"21712074","HDF29c7_Expanded.Maturated_Tyr_2Hz","LQT1_R190W","Expanded.Maturated","2Hz","Yes","Tyr","APD 90 (ms)",237.4,"20210712 Cell_ 10 _ HDF29c7"
"1957",2021-07-12,"20210712",10,"21712076","HDF29c7_Expanded.Maturated_Tyr_3.33Hz","LQT1_R190W","Expanded.Maturated","3.33Hz","Yes","Tyr","Ediast (mV)",-85.5626790414596,"20210712 Cell_ 10 _ HDF29c7"
"1958",2021-07-12,"20210712",10,"21712076","HDF29c7_Expanded.Maturated_Tyr_3.33Hz","LQT1_R190W","Expanded.Maturated","3.33Hz","Yes","Tyr","APA (mV)",130.865411264695,"20210712 Cell_ 10 _ HDF29c7"
"1959",2021-07-12,"20210712",10,"21712076","HDF29c7_Expanded.Maturated_Tyr_3.33Hz","LQT1_R190W","Expanded.Maturated","3.33Hz","Yes","Tyr","dV/dt max y (V/s)",200.500478757988,"20210712 Cell_ 10 _ HDF29c7"
"1960",2021-07-12,"20210712",10,"21712076","HDF29c7_Expanded.Maturated_Tyr_3.33Hz","LQT1_R190W","Expanded.Maturated","3.33Hz","Yes","Tyr","APD 90 (ms)",205.88,"20210712 Cell_ 10 _ HDF29c7"
"1961",2021-07-12,"20210712",10,"21712077","HDF29c7_Expanded.Maturated_Tyr_4Hz","LQT1_R190W","Expanded.Maturated","4Hz","Yes","Tyr","Ediast (mV)",-82.1241416071251,"20210712 Cell_ 10 _ HDF29c7"
"1962",2021-07-12,"20210712",10,"21712077","HDF29c7_Expanded.Maturated_Tyr_4Hz","LQT1_R190W","Expanded.Maturated","4Hz","Yes","Tyr","APA (mV)",126.701165857018,"20210712 Cell_ 10 _ HDF29c7"
"1963",2021-07-12,"20210712",10,"21712077","HDF29c7_Expanded.Maturated_Tyr_4Hz","LQT1_R190W","Expanded.Maturated","4Hz","Yes","Tyr","dV/dt max y (V/s)",200.854482647424,"20210712 Cell_ 10 _ HDF29c7"
"1964",2021-07-12,"20210712",10,"21712077","HDF29c7_Expanded.Maturated_Tyr_4Hz","LQT1_R190W","Expanded.Maturated","4Hz","Yes","Tyr","APD 90 (ms)",178.52,"20210712 Cell_ 10 _ HDF29c7"
"1965",2021-07-12,"20210712",10,"21712078","HDF29c7_Expanded.Maturated_Tyr_5Hz","LQT1_R190W","Expanded.Maturated","5Hz","Yes","Tyr","Ediast (mV)",-74.8151209581912,"20210712 Cell_ 10 _ HDF29c7"
"1966",2021-07-12,"20210712",10,"21712078","HDF29c7_Expanded.Maturated_Tyr_5Hz","LQT1_R190W","Expanded.Maturated","5Hz","Yes","Tyr","APA (mV)",118.030450936823,"20210712 Cell_ 10 _ HDF29c7"
"1967",2021-07-12,"20210712",10,"21712078","HDF29c7_Expanded.Maturated_Tyr_5Hz","LQT1_R190W","Expanded.Maturated","5Hz","Yes","Tyr","dV/dt max y (V/s)",190.286245844701,"20210712 Cell_ 10 _ HDF29c7"
"1968",2021-07-12,"20210712",10,"21712078","HDF29c7_Expanded.Maturated_Tyr_5Hz","LQT1_R190W","Expanded.Maturated","5Hz","Yes","Tyr","APD 90 (ms)",142.36,"20210712 Cell_ 10 _ HDF29c7"
"1969",2021-07-14,"20210714",2,"21714003","HDF30c03_Expanded.Maturated_Tyr_0.5Hz","Compound JLNS","Expanded.Maturated","0.5Hz","Yes","Tyr","Ediast (mV)",-71.1729702522778,"20210714 Cell_ 2 _ HDF30c03"
"1970",2021-07-14,"20210714",2,"21714003","HDF30c03_Expanded.Maturated_Tyr_0.5Hz","Compound JLNS","Expanded.Maturated","0.5Hz","Yes","Tyr","APA (mV)",127.04271857517,"20210714 Cell_ 2 _ HDF30c03"
"1971",2021-07-14,"20210714",2,"21714003","HDF30c03_Expanded.Maturated_Tyr_0.5Hz","Compound JLNS","Expanded.Maturated","0.5Hz","Yes","Tyr","dV/dt max y (V/s)",258.767687904506,"20210714 Cell_ 2 _ HDF30c03"
"1972",2021-07-14,"20210714",2,"21714003","HDF30c03_Expanded.Maturated_Tyr_0.5Hz","Compound JLNS","Expanded.Maturated","0.5Hz","Yes","Tyr","APD 90 (ms)",294.8,"20210714 Cell_ 2 _ HDF30c03"
"1973",2021-07-14,"20210714",2,"21714004","HDF30c03_Expanded.Maturated_Tyr_1Hz","Compound JLNS","Expanded.Maturated","1Hz","Yes","Tyr","Ediast (mV)",-75.7833215957979,"20210714 Cell_ 2 _ HDF30c03"
"1974",2021-07-14,"20210714",2,"21714004","HDF30c03_Expanded.Maturated_Tyr_1Hz","Compound JLNS","Expanded.Maturated","1Hz","Yes","Tyr","APA (mV)",128.48290405364,"20210714 Cell_ 2 _ HDF30c03"
"1975",2021-07-14,"20210714",2,"21714004","HDF30c03_Expanded.Maturated_Tyr_1Hz","Compound JLNS","Expanded.Maturated","1Hz","Yes","Tyr","dV/dt max y (V/s)",246.154773464524,"20210714 Cell_ 2 _ HDF30c03"
"1976",2021-07-14,"20210714",2,"21714004","HDF30c03_Expanded.Maturated_Tyr_1Hz","Compound JLNS","Expanded.Maturated","1Hz","Yes","Tyr","APD 90 (ms)",226.72,"20210714 Cell_ 2 _ HDF30c03"
"1977",2021-07-14,"20210714",2,"21714007","HDF30c03_Expanded.Maturated_Tyr_2Hz","Compound JLNS","Expanded.Maturated","2Hz","Yes","Tyr","Ediast (mV)",-74.4449427531175,"20210714 Cell_ 2 _ HDF30c03"
"1978",2021-07-14,"20210714",2,"21714007","HDF30c03_Expanded.Maturated_Tyr_2Hz","Compound JLNS","Expanded.Maturated","2Hz","Yes","Tyr","APA (mV)",128.915155009671,"20210714 Cell_ 2 _ HDF30c03"
"1979",2021-07-14,"20210714",2,"21714007","HDF30c03_Expanded.Maturated_Tyr_2Hz","Compound JLNS","Expanded.Maturated","2Hz","Yes","Tyr","dV/dt max y (V/s)",242.199695527385,"20210714 Cell_ 2 _ HDF30c03"
"1980",2021-07-14,"20210714",2,"21714007","HDF30c03_Expanded.Maturated_Tyr_2Hz","Compound JLNS","Expanded.Maturated","2Hz","Yes","Tyr","APD 90 (ms)",207.6,"20210714 Cell_ 2 _ HDF30c03"
"1981",2021-07-14,"20210714",2,"21714008","HDF30c03_Expanded.Maturated_Tyr_3.33Hz","Compound JLNS","Expanded.Maturated","3.33Hz","Yes","Tyr","Ediast (mV)",-73.6713832195471,"20210714 Cell_ 2 _ HDF30c03"
"1982",2021-07-14,"20210714",2,"21714008","HDF30c03_Expanded.Maturated_Tyr_3.33Hz","Compound JLNS","Expanded.Maturated","3.33Hz","Yes","Tyr","APA (mV)",126.146966664591,"20210714 Cell_ 2 _ HDF30c03"
"1983",2021-07-14,"20210714",2,"21714008","HDF30c03_Expanded.Maturated_Tyr_3.33Hz","Compound JLNS","Expanded.Maturated","3.33Hz","Yes","Tyr","dV/dt max y (V/s)",252.655017296406,"20210714 Cell_ 2 _ HDF30c03"
"1984",2021-07-14,"20210714",2,"21714008","HDF30c03_Expanded.Maturated_Tyr_3.33Hz","Compound JLNS","Expanded.Maturated","3.33Hz","Yes","Tyr","APD 90 (ms)",177.72,"20210714 Cell_ 2 _ HDF30c03"
"1985",2021-07-14,"20210714",2,"21714009","HDF30c03_Expanded.Maturated_Tyr_4Hz","Compound JLNS","Expanded.Maturated","4Hz","Yes","Tyr","Ediast (mV)",-77.9918175846499,"20210714 Cell_ 2 _ HDF30c03"
"1986",2021-07-14,"20210714",2,"21714009","HDF30c03_Expanded.Maturated_Tyr_4Hz","Compound JLNS","Expanded.Maturated","4Hz","Yes","Tyr","APA (mV)",127.507806443704,"20210714 Cell_ 2 _ HDF30c03"
"1987",2021-07-14,"20210714",2,"21714009","HDF30c03_Expanded.Maturated_Tyr_4Hz","Compound JLNS","Expanded.Maturated","4Hz","Yes","Tyr","dV/dt max y (V/s)",218.301381232803,"20210714 Cell_ 2 _ HDF30c03"
"1988",2021-07-14,"20210714",2,"21714009","HDF30c03_Expanded.Maturated_Tyr_4Hz","Compound JLNS","Expanded.Maturated","4Hz","Yes","Tyr","APD 90 (ms)",159.76,"20210714 Cell_ 2 _ HDF30c03"
"1989",2021-07-14,"20210714",2,"21714010","HDF30c03_Expanded.Maturated_Tyr_5Hz","Compound JLNS","Expanded.Maturated","5Hz","Yes","Tyr","Ediast (mV)",-73.539730393769,"20210714 Cell_ 2 _ HDF30c03"
"1990",2021-07-14,"20210714",2,"21714010","HDF30c03_Expanded.Maturated_Tyr_5Hz","Compound JLNS","Expanded.Maturated","5Hz","Yes","Tyr","APA (mV)",121.029352161571,"20210714 Cell_ 2 _ HDF30c03"
"1991",2021-07-14,"20210714",2,"21714010","HDF30c03_Expanded.Maturated_Tyr_5Hz","Compound JLNS","Expanded.Maturated","5Hz","Yes","Tyr","dV/dt max y (V/s)",146.008293846229,"20210714 Cell_ 2 _ HDF30c03"
"1992",2021-07-14,"20210714",2,"21714010","HDF30c03_Expanded.Maturated_Tyr_5Hz","Compound JLNS","Expanded.Maturated","5Hz","Yes","Tyr","APD 90 (ms)",146.92,"20210714 Cell_ 2 _ HDF30c03"
"1993",2021-07-14,"20210714",5,"21714030","HDF29c7_Expanded.Maturated_Tyr_4Hz","LQT1_R190W","Expanded.Maturated","4Hz","Yes","Tyr","Ediast (mV)",-70.6471524061591,"20210714 Cell_ 5 _ HDF29c7"
"1994",2021-07-14,"20210714",5,"21714030","HDF29c7_Expanded.Maturated_Tyr_4Hz","LQT1_R190W","Expanded.Maturated","4Hz","Yes","Tyr","APA (mV)",115.970026230001,"20210714 Cell_ 5 _ HDF29c7"
"1995",2021-07-14,"20210714",5,"21714030","HDF29c7_Expanded.Maturated_Tyr_4Hz","LQT1_R190W","Expanded.Maturated","4Hz","Yes","Tyr","dV/dt max y (V/s)",233.419788717842,"20210714 Cell_ 5 _ HDF29c7"
"1996",2021-07-14,"20210714",5,"21714030","HDF29c7_Expanded.Maturated_Tyr_4Hz","LQT1_R190W","Expanded.Maturated","4Hz","Yes","Tyr","APD 90 (ms)",95.56,"20210714 Cell_ 5 _ HDF29c7"
"1997",2021-07-14,"20210714",5,"21714031","HDF29c7_Expanded.Maturated_Tyr_5Hz","LQT1_R190W","Expanded.Maturated","5Hz","Yes","Tyr","Ediast (mV)",-66.0956389504694,"20210714 Cell_ 5 _ HDF29c7"
"1998",2021-07-14,"20210714",5,"21714031","HDF29c7_Expanded.Maturated_Tyr_5Hz","LQT1_R190W","Expanded.Maturated","5Hz","Yes","Tyr","APA (mV)",109.077204291767,"20210714 Cell_ 5 _ HDF29c7"
"1999",2021-07-14,"20210714",5,"21714031","HDF29c7_Expanded.Maturated_Tyr_5Hz","LQT1_R190W","Expanded.Maturated","5Hz","Yes","Tyr","dV/dt max y (V/s)",211.926259465293,"20210714 Cell_ 5 _ HDF29c7"
"2000",2021-07-14,"20210714",5,"21714031","HDF29c7_Expanded.Maturated_Tyr_5Hz","LQT1_R190W","Expanded.Maturated","5Hz","Yes","Tyr","APD 90 (ms)",100.68,"20210714 Cell_ 5 _ HDF29c7"
"2001",2021-07-14,"20210714",7,"21714042","HDF30c03_Expanded.Maturated_Tyr_0.5Hz","Compound JLNS","Expanded.Maturated","0.5Hz","Yes","Tyr","Ediast (mV)",-64.5122039670847,"20210714 Cell_ 7 _ HDF30c03"
"2002",2021-07-14,"20210714",7,"21714042","HDF30c03_Expanded.Maturated_Tyr_0.5Hz","Compound JLNS","Expanded.Maturated","0.5Hz","Yes","Tyr","APA (mV)",117.064081353817,"20210714 Cell_ 7 _ HDF30c03"
"2003",2021-07-14,"20210714",7,"21714042","HDF30c03_Expanded.Maturated_Tyr_0.5Hz","Compound JLNS","Expanded.Maturated","0.5Hz","Yes","Tyr","dV/dt max y (V/s)",97.1313430427588,"20210714 Cell_ 7 _ HDF30c03"
"2004",2021-07-14,"20210714",7,"21714042","HDF30c03_Expanded.Maturated_Tyr_0.5Hz","Compound JLNS","Expanded.Maturated","0.5Hz","Yes","Tyr","APD 90 (ms)",416.16,"20210714 Cell_ 7 _ HDF30c03"
"2005",2021-07-14,"20210714",7,"21714044","HDF30c03_Expanded.Maturated_Tyr_1Hz","Compound JLNS","Expanded.Maturated","1Hz","Yes","Tyr","Ediast (mV)",-73.9137538135038,"20210714 Cell_ 7 _ HDF30c03"
"2006",2021-07-14,"20210714",7,"21714044","HDF30c03_Expanded.Maturated_Tyr_1Hz","Compound JLNS","Expanded.Maturated","1Hz","Yes","Tyr","APA (mV)",127.592340131095,"20210714 Cell_ 7 _ HDF30c03"
"2007",2021-07-14,"20210714",7,"21714044","HDF30c03_Expanded.Maturated_Tyr_1Hz","Compound JLNS","Expanded.Maturated","1Hz","Yes","Tyr","dV/dt max y (V/s)",257.440173319122,"20210714 Cell_ 7 _ HDF30c03"
"2008",2021-07-14,"20210714",7,"21714044","HDF30c03_Expanded.Maturated_Tyr_1Hz","Compound JLNS","Expanded.Maturated","1Hz","Yes","Tyr","APD 90 (ms)",336.76,"20210714 Cell_ 7 _ HDF30c03"
"2009",2021-07-14,"20210714",7,"21714045","HDF30c03_Expanded.Maturated_Tyr_2Hz","Compound JLNS","Expanded.Maturated","2Hz","Yes","Tyr","Ediast (mV)",-59.3677339965902,"20210714 Cell_ 7 _ HDF30c03"
"2010",2021-07-14,"20210714",7,"21714045","HDF30c03_Expanded.Maturated_Tyr_2Hz","Compound JLNS","Expanded.Maturated","2Hz","Yes","Tyr","APA (mV)",107.712458262839,"20210714 Cell_ 7 _ HDF30c03"
"2011",2021-07-14,"20210714",7,"21714045","HDF30c03_Expanded.Maturated_Tyr_2Hz","Compound JLNS","Expanded.Maturated","2Hz","Yes","Tyr","dV/dt max y (V/s)",174.725333497868,"20210714 Cell_ 7 _ HDF30c03"
"2012",2021-07-14,"20210714",7,"21714045","HDF30c03_Expanded.Maturated_Tyr_2Hz","Compound JLNS","Expanded.Maturated","2Hz","Yes","Tyr","APD 90 (ms)",291.72,"20210714 Cell_ 7 _ HDF30c03"
"2013",2021-07-14,"20210714",8,"21714051","HDF30c03_Expanded.Maturated_Tyr_0.5Hz","Compound JLNS","Expanded.Maturated","0.5Hz","Yes","Tyr","Ediast (mV)",-62.4791840441167,"20210714 Cell_ 8 _ HDF30c03"
"2014",2021-07-14,"20210714",8,"21714051","HDF30c03_Expanded.Maturated_Tyr_0.5Hz","Compound JLNS","Expanded.Maturated","0.5Hz","Yes","Tyr","APA (mV)",110.508356567541,"20210714 Cell_ 8 _ HDF30c03"
"2015",2021-07-14,"20210714",8,"21714051","HDF30c03_Expanded.Maturated_Tyr_0.5Hz","Compound JLNS","Expanded.Maturated","0.5Hz","Yes","Tyr","dV/dt max y (V/s)",72.8210414630601,"20210714 Cell_ 8 _ HDF30c03"
"2016",2021-07-14,"20210714",8,"21714051","HDF30c03_Expanded.Maturated_Tyr_0.5Hz","Compound JLNS","Expanded.Maturated","0.5Hz","Yes","Tyr","APD 90 (ms)",485.84,"20210714 Cell_ 8 _ HDF30c03"
"2017",2021-07-14,"20210714",8,"21714053","HDF30c03_Expanded.Maturated_Tyr_1Hz","Compound JLNS","Expanded.Maturated","1Hz","Yes","Tyr","Ediast (mV)",-73.1151088319062,"20210714 Cell_ 8 _ HDF30c03"
"2018",2021-07-14,"20210714",8,"21714053","HDF30c03_Expanded.Maturated_Tyr_1Hz","Compound JLNS","Expanded.Maturated","1Hz","Yes","Tyr","APA (mV)",123.335443360631,"20210714 Cell_ 8 _ HDF30c03"
"2019",2021-07-14,"20210714",8,"21714053","HDF30c03_Expanded.Maturated_Tyr_1Hz","Compound JLNS","Expanded.Maturated","1Hz","Yes","Tyr","dV/dt max y (V/s)",59.5001192442082,"20210714 Cell_ 8 _ HDF30c03"
"2020",2021-07-14,"20210714",8,"21714053","HDF30c03_Expanded.Maturated_Tyr_1Hz","Compound JLNS","Expanded.Maturated","1Hz","Yes","Tyr","APD 90 (ms)",415.48,"20210714 Cell_ 8 _ HDF30c03"
"2021",2021-07-14,"20210714",8,"21714055","HDF30c03_Expanded.Maturated_Tyr_2Hz","Compound JLNS","Expanded.Maturated","2Hz","Yes","Tyr","Ediast (mV)",-73.0947841258403,"20210714 Cell_ 8 _ HDF30c03"
"2022",2021-07-14,"20210714",8,"21714055","HDF30c03_Expanded.Maturated_Tyr_2Hz","Compound JLNS","Expanded.Maturated","2Hz","Yes","Tyr","APA (mV)",120.256647120147,"20210714 Cell_ 8 _ HDF30c03"
"2023",2021-07-14,"20210714",8,"21714055","HDF30c03_Expanded.Maturated_Tyr_2Hz","Compound JLNS","Expanded.Maturated","2Hz","Yes","Tyr","dV/dt max y (V/s)",77.2582971116776,"20210714 Cell_ 8 _ HDF30c03"
"2024",2021-07-14,"20210714",8,"21714055","HDF30c03_Expanded.Maturated_Tyr_2Hz","Compound JLNS","Expanded.Maturated","2Hz","Yes","Tyr","APD 90 (ms)",313.48,"20210714 Cell_ 8 _ HDF30c03"
"2025",2021-07-14,"20210714",15,"21714078","HDF30c03_Expanded.Maturated_Tyr_0.5Hz","Compound JLNS","Expanded.Maturated","0.5Hz","Yes","Tyr","Ediast (mV)",-74.0265467768965,"20210714 Cell_ 15 _ HDF30c03"
"2026",2021-07-14,"20210714",15,"21714078","HDF30c03_Expanded.Maturated_Tyr_0.5Hz","Compound JLNS","Expanded.Maturated","0.5Hz","Yes","Tyr","APA (mV)",126.368463236101,"20210714 Cell_ 15 _ HDF30c03"
"2027",2021-07-14,"20210714",15,"21714078","HDF30c03_Expanded.Maturated_Tyr_0.5Hz","Compound JLNS","Expanded.Maturated","0.5Hz","Yes","Tyr","dV/dt max y (V/s)",173.114005449401,"20210714 Cell_ 15 _ HDF30c03"
"2028",2021-07-14,"20210714",15,"21714078","HDF30c03_Expanded.Maturated_Tyr_0.5Hz","Compound JLNS","Expanded.Maturated","0.5Hz","Yes","Tyr","APD 90 (ms)",188,"20210714 Cell_ 15 _ HDF30c03"
"2029",2021-07-14,"20210714",15,"21714080","HDF30c03_Expanded.Maturated_Tyr_1Hz","Compound JLNS","Expanded.Maturated","1Hz","Yes","Tyr","Ediast (mV)",-76.8574792596219,"20210714 Cell_ 15 _ HDF30c03"
"2030",2021-07-14,"20210714",15,"21714080","HDF30c03_Expanded.Maturated_Tyr_1Hz","Compound JLNS","Expanded.Maturated","1Hz","Yes","Tyr","APA (mV)",129.103570528066,"20210714 Cell_ 15 _ HDF30c03"
"2031",2021-07-14,"20210714",15,"21714080","HDF30c03_Expanded.Maturated_Tyr_1Hz","Compound JLNS","Expanded.Maturated","1Hz","Yes","Tyr","dV/dt max y (V/s)",167.764274258186,"20210714 Cell_ 15 _ HDF30c03"
"2032",2021-07-14,"20210714",15,"21714080","HDF30c03_Expanded.Maturated_Tyr_1Hz","Compound JLNS","Expanded.Maturated","1Hz","Yes","Tyr","APD 90 (ms)",172.68,"20210714 Cell_ 15 _ HDF30c03"
"2033",2021-07-14,"20210714",15,"21714082","HDF30c03_Expanded.Maturated_Tyr_2Hz","Compound JLNS","Expanded.Maturated","2Hz","Yes","Tyr","Ediast (mV)",-77.4339562830219,"20210714 Cell_ 15 _ HDF30c03"
"2034",2021-07-14,"20210714",15,"21714082","HDF30c03_Expanded.Maturated_Tyr_2Hz","Compound JLNS","Expanded.Maturated","2Hz","Yes","Tyr","APA (mV)",130.259271156767,"20210714 Cell_ 15 _ HDF30c03"
"2035",2021-07-14,"20210714",15,"21714082","HDF30c03_Expanded.Maturated_Tyr_2Hz","Compound JLNS","Expanded.Maturated","2Hz","Yes","Tyr","dV/dt max y (V/s)",162.783805744747,"20210714 Cell_ 15 _ HDF30c03"
"2036",2021-07-14,"20210714",15,"21714082","HDF30c03_Expanded.Maturated_Tyr_2Hz","Compound JLNS","Expanded.Maturated","2Hz","Yes","Tyr","APD 90 (ms)",160.92,"20210714 Cell_ 15 _ HDF30c03"
"2037",2021-07-14,"20210714",15,"21714083","HDF30c03_Expanded.Maturated_Tyr_3.33Hz","Compound JLNS","Expanded.Maturated","3.33Hz","Yes","Tyr","Ediast (mV)",-79.0906944855811,"20210714 Cell_ 15 _ HDF30c03"
"2038",2021-07-14,"20210714",15,"21714083","HDF30c03_Expanded.Maturated_Tyr_3.33Hz","Compound JLNS","Expanded.Maturated","3.33Hz","Yes","Tyr","APA (mV)",131.386834579773,"20210714 Cell_ 15 _ HDF30c03"
"2039",2021-07-14,"20210714",15,"21714083","HDF30c03_Expanded.Maturated_Tyr_3.33Hz","Compound JLNS","Expanded.Maturated","3.33Hz","Yes","Tyr","dV/dt max y (V/s)",157.147209332783,"20210714 Cell_ 15 _ HDF30c03"
"2040",2021-07-14,"20210714",15,"21714083","HDF30c03_Expanded.Maturated_Tyr_3.33Hz","Compound JLNS","Expanded.Maturated","3.33Hz","Yes","Tyr","APD 90 (ms)",148.2,"20210714 Cell_ 15 _ HDF30c03"
"2041",2021-07-14,"20210714",15,"21714084","HDF30c03_Expanded.Maturated_Tyr_4Hz","Compound JLNS","Expanded.Maturated","4Hz","Yes","Tyr","Ediast (mV)",-77.6006432868235,"20210714 Cell_ 15 _ HDF30c03"
"2042",2021-07-14,"20210714",15,"21714084","HDF30c03_Expanded.Maturated_Tyr_4Hz","Compound JLNS","Expanded.Maturated","4Hz","Yes","Tyr","APA (mV)",129.865655452806,"20210714 Cell_ 15 _ HDF30c03"
"2043",2021-07-14,"20210714",15,"21714084","HDF30c03_Expanded.Maturated_Tyr_4Hz","Compound JLNS","Expanded.Maturated","4Hz","Yes","Tyr","dV/dt max y (V/s)",160.253898638347,"20210714 Cell_ 15 _ HDF30c03"
"2044",2021-07-14,"20210714",15,"21714084","HDF30c03_Expanded.Maturated_Tyr_4Hz","Compound JLNS","Expanded.Maturated","4Hz","Yes","Tyr","APD 90 (ms)",138.44,"20210714 Cell_ 15 _ HDF30c03"
"2045",2021-07-14,"20210714",15,"21714085","HDF30c03_Expanded.Maturated_Tyr_5Hz","Compound JLNS","Expanded.Maturated","5Hz","Yes","Tyr","Ediast (mV)",-73.3597377265369,"20210714 Cell_ 15 _ HDF30c03"
"2046",2021-07-14,"20210714",15,"21714085","HDF30c03_Expanded.Maturated_Tyr_5Hz","Compound JLNS","Expanded.Maturated","5Hz","Yes","Tyr","APA (mV)",124.55358295121,"20210714 Cell_ 15 _ HDF30c03"
"2047",2021-07-14,"20210714",15,"21714085","HDF30c03_Expanded.Maturated_Tyr_5Hz","Compound JLNS","Expanded.Maturated","5Hz","Yes","Tyr","dV/dt max y (V/s)",131.680291597084,"20210714 Cell_ 15 _ HDF30c03"
"2048",2021-07-14,"20210714",15,"21714085","HDF30c03_Expanded.Maturated_Tyr_5Hz","Compound JLNS","Expanded.Maturated","5Hz","Yes","Tyr","APD 90 (ms)",124.44,"20210714 Cell_ 15 _ HDF30c03"
"2049",2021-07-14,"20210714",17,"21714094","HDF29c7_Expanded.Maturated_Tyr_0.5Hz","LQT1_R190W","Expanded.Maturated","0.5Hz","Yes","Tyr","Ediast (mV)",-71.4459194580634,"20210714 Cell_ 17 _ HDF29c7"
"2050",2021-07-14,"20210714",17,"21714094","HDF29c7_Expanded.Maturated_Tyr_0.5Hz","LQT1_R190W","Expanded.Maturated","0.5Hz","Yes","Tyr","APA (mV)",116.560053057445,"20210714 Cell_ 17 _ HDF29c7"
"2051",2021-07-14,"20210714",17,"21714094","HDF29c7_Expanded.Maturated_Tyr_0.5Hz","LQT1_R190W","Expanded.Maturated","0.5Hz","Yes","Tyr","dV/dt max y (V/s)",196.874990648944,"20210714 Cell_ 17 _ HDF29c7"
"2052",2021-07-14,"20210714",17,"21714094","HDF29c7_Expanded.Maturated_Tyr_0.5Hz","LQT1_R190W","Expanded.Maturated","0.5Hz","Yes","Tyr","APD 90 (ms)",219.72,"20210714 Cell_ 17 _ HDF29c7"
"2053",2021-07-14,"20210714",17,"21714096","HDF29c7_Expanded.Maturated_Tyr_1Hz","LQT1_R190W","Expanded.Maturated","1Hz","Yes","Tyr","Ediast (mV)",-77.2528649830296,"20210714 Cell_ 17 _ HDF29c7"
"2054",2021-07-14,"20210714",17,"21714096","HDF29c7_Expanded.Maturated_Tyr_1Hz","LQT1_R190W","Expanded.Maturated","1Hz","Yes","Tyr","APA (mV)",123.29900537408,"20210714 Cell_ 17 _ HDF29c7"
"2055",2021-07-14,"20210714",17,"21714096","HDF29c7_Expanded.Maturated_Tyr_1Hz","LQT1_R190W","Expanded.Maturated","1Hz","Yes","Tyr","dV/dt max y (V/s)",219.558705391834,"20210714 Cell_ 17 _ HDF29c7"
"2056",2021-07-14,"20210714",17,"21714096","HDF29c7_Expanded.Maturated_Tyr_1Hz","LQT1_R190W","Expanded.Maturated","1Hz","Yes","Tyr","APD 90 (ms)",202.8,"20210714 Cell_ 17 _ HDF29c7"
"2057",2021-07-14,"20210714",17,"21714097","HDF29c7_Expanded.Maturated_Tyr_2Hz","LQT1_R190W","Expanded.Maturated","2Hz","Yes","Tyr","Ediast (mV)",-79.3675499411812,"20210714 Cell_ 17 _ HDF29c7"
"2058",2021-07-14,"20210714",17,"21714097","HDF29c7_Expanded.Maturated_Tyr_2Hz","LQT1_R190W","Expanded.Maturated","2Hz","Yes","Tyr","APA (mV)",123.908563450597,"20210714 Cell_ 17 _ HDF29c7"
"2059",2021-07-14,"20210714",17,"21714097","HDF29c7_Expanded.Maturated_Tyr_2Hz","LQT1_R190W","Expanded.Maturated","2Hz","Yes","Tyr","dV/dt max y (V/s)",212.23143523205,"20210714 Cell_ 17 _ HDF29c7"
"2060",2021-07-14,"20210714",17,"21714097","HDF29c7_Expanded.Maturated_Tyr_2Hz","LQT1_R190W","Expanded.Maturated","2Hz","Yes","Tyr","APD 90 (ms)",204.2,"20210714 Cell_ 17 _ HDF29c7"
"2061",2021-07-14,"20210714",17,"21714098","HDF29c7_Expanded.Maturated_Tyr_3.33Hz","LQT1_R190W","Expanded.Maturated","3.33Hz","Yes","Tyr","Ediast (mV)",-73.2454799194639,"20210714 Cell_ 17 _ HDF29c7"
"2062",2021-07-14,"20210714",17,"21714098","HDF29c7_Expanded.Maturated_Tyr_3.33Hz","LQT1_R190W","Expanded.Maturated","3.33Hz","Yes","Tyr","APA (mV)",113.547602028653,"20210714 Cell_ 17 _ HDF29c7"
"2063",2021-07-14,"20210714",17,"21714098","HDF29c7_Expanded.Maturated_Tyr_3.33Hz","LQT1_R190W","Expanded.Maturated","3.33Hz","Yes","Tyr","dV/dt max y (V/s)",170.907584655762,"20210714 Cell_ 17 _ HDF29c7"
"2064",2021-07-14,"20210714",17,"21714098","HDF29c7_Expanded.Maturated_Tyr_3.33Hz","LQT1_R190W","Expanded.Maturated","3.33Hz","Yes","Tyr","APD 90 (ms)",150.24,"20210714 Cell_ 17 _ HDF29c7"
"2065",2021-07-14,"20210714",17,"21714099","HDF29c7_Expanded.Maturated_Tyr_4Hz","LQT1_R190W","Expanded.Maturated","4Hz","Yes","Tyr","Ediast (mV)",-72.3909267373967,"20210714 Cell_ 17 _ HDF29c7"
"2066",2021-07-14,"20210714",17,"21714099","HDF29c7_Expanded.Maturated_Tyr_4Hz","LQT1_R190W","Expanded.Maturated","4Hz","Yes","Tyr","APA (mV)",111.695124089298,"20210714 Cell_ 17 _ HDF29c7"
"2067",2021-07-14,"20210714",17,"21714099","HDF29c7_Expanded.Maturated_Tyr_4Hz","LQT1_R190W","Expanded.Maturated","4Hz","Yes","Tyr","dV/dt max y (V/s)",167.572013525132,"20210714 Cell_ 17 _ HDF29c7"
"2068",2021-07-14,"20210714",17,"21714099","HDF29c7_Expanded.Maturated_Tyr_4Hz","LQT1_R190W","Expanded.Maturated","4Hz","Yes","Tyr","APD 90 (ms)",137.24,"20210714 Cell_ 17 _ HDF29c7"
"2069",2021-07-14,"20210714",17,"21714100","HDF29c7_Expanded.Maturated_Tyr_5Hz","LQT1_R190W","Expanded.Maturated","5Hz","Yes","Tyr","Ediast (mV)",-69.0238614676363,"20210714 Cell_ 17 _ HDF29c7"
"2070",2021-07-14,"20210714",17,"21714100","HDF29c7_Expanded.Maturated_Tyr_5Hz","LQT1_R190W","Expanded.Maturated","5Hz","Yes","Tyr","APA (mV)",105.098688855736,"20210714 Cell_ 17 _ HDF29c7"
"2071",2021-07-14,"20210714",17,"21714100","HDF29c7_Expanded.Maturated_Tyr_5Hz","LQT1_R190W","Expanded.Maturated","5Hz","Yes","Tyr","dV/dt max y (V/s)",127.987664819349,"20210714 Cell_ 17 _ HDF29c7"
"2072",2021-07-14,"20210714",17,"21714100","HDF29c7_Expanded.Maturated_Tyr_5Hz","LQT1_R190W","Expanded.Maturated","5Hz","Yes","Tyr","APD 90 (ms)",118.72,"20210714 Cell_ 17 _ HDF29c7"
"2073",2021-07-15,"20210715",1,"21715001","HDF30c03_Expanded.Maturated_Tyr_0.5Hz","Compound JLNS","Expanded.Maturated","0.5Hz","Yes","Tyr","Ediast (mV)",-77.9696007888302,"20210715 Cell_ 1 _ HDF30c03"
"2074",2021-07-15,"20210715",1,"21715001","HDF30c03_Expanded.Maturated_Tyr_0.5Hz","Compound JLNS","Expanded.Maturated","0.5Hz","Yes","Tyr","APA (mV)",177.966544281418,"20210715 Cell_ 1 _ HDF30c03"
"2075",2021-07-15,"20210715",1,"21715001","HDF30c03_Expanded.Maturated_Tyr_0.5Hz","Compound JLNS","Expanded.Maturated","0.5Hz","Yes","Tyr","dV/dt max y (V/s)",18.7164297750801,"20210715 Cell_ 1 _ HDF30c03"
"2076",2021-07-15,"20210715",1,"21715001","HDF30c03_Expanded.Maturated_Tyr_0.5Hz","Compound JLNS","Expanded.Maturated","0.5Hz","Yes","Tyr","APD 90 (ms)",405.52,"20210715 Cell_ 1 _ HDF30c03"
"2077",2021-07-15,"20210715",1,"21715002","HDF30c03_Expanded.Maturated_Tyr_2Hz","Compound JLNS","Expanded.Maturated","2Hz","Yes","Tyr","Ediast (mV)",-78.5262413873912,"20210715 Cell_ 1 _ HDF30c03"
"2078",2021-07-15,"20210715",1,"21715002","HDF30c03_Expanded.Maturated_Tyr_2Hz","Compound JLNS","Expanded.Maturated","2Hz","Yes","Tyr","APA (mV)",173.162467361162,"20210715 Cell_ 1 _ HDF30c03"
"2079",2021-07-15,"20210715",1,"21715002","HDF30c03_Expanded.Maturated_Tyr_2Hz","Compound JLNS","Expanded.Maturated","2Hz","Yes","Tyr","dV/dt max y (V/s)",17.6269522877644,"20210715 Cell_ 1 _ HDF30c03"
"2080",2021-07-15,"20210715",1,"21715002","HDF30c03_Expanded.Maturated_Tyr_2Hz","Compound JLNS","Expanded.Maturated","2Hz","Yes","Tyr","APD 90 (ms)",386.92,"20210715 Cell_ 1 _ HDF30c03"
"2081",2021-07-15,"20210715",1,"21715003","HDF30c03_Expanded.Maturated_Tyr_2Hz","Compound JLNS","Expanded.Maturated","2Hz","Yes","Tyr","Ediast (mV)",-76.7974206687245,"20210715 Cell_ 1 _ HDF30c03"
"2082",2021-07-15,"20210715",1,"21715003","HDF30c03_Expanded.Maturated_Tyr_2Hz","Compound JLNS","Expanded.Maturated","2Hz","Yes","Tyr","APA (mV)",176.794364161312,"20210715 Cell_ 1 _ HDF30c03"
"2083",2021-07-15,"20210715",1,"21715003","HDF30c03_Expanded.Maturated_Tyr_2Hz","Compound JLNS","Expanded.Maturated","2Hz","Yes","Tyr","dV/dt max y (V/s)",17.0471183309304,"20210715 Cell_ 1 _ HDF30c03"
"2084",2021-07-15,"20210715",1,"21715003","HDF30c03_Expanded.Maturated_Tyr_2Hz","Compound JLNS","Expanded.Maturated","2Hz","Yes","Tyr","APD 90 (ms)",293.12,"20210715 Cell_ 1 _ HDF30c03"
"2085",2021-07-15,"20210715",2,"21715013","HDF30c03_Expanded.Maturated_Tyr_0.5Hz","Compound JLNS","Expanded.Maturated","0.5Hz","Yes","Tyr","Ediast (mV)",-74.8547938078693,"20210715 Cell_ 2 _ HDF30c03"
"2086",2021-07-15,"20210715",2,"21715013","HDF30c03_Expanded.Maturated_Tyr_0.5Hz","Compound JLNS","Expanded.Maturated","0.5Hz","Yes","Tyr","APA (mV)",174.851737300457,"20210715 Cell_ 2 _ HDF30c03"
"2087",2021-07-15,"20210715",2,"21715013","HDF30c03_Expanded.Maturated_Tyr_0.5Hz","Compound JLNS","Expanded.Maturated","0.5Hz","Yes","Tyr","dV/dt max y (V/s)",79.1809044422327,"20210715 Cell_ 2 _ HDF30c03"
"2088",2021-07-15,"20210715",2,"21715013","HDF30c03_Expanded.Maturated_Tyr_0.5Hz","Compound JLNS","Expanded.Maturated","0.5Hz","Yes","Tyr","APD 90 (ms)",382.52,"20210715 Cell_ 2 _ HDF30c03"
"2089",2021-07-15,"20210715",2,"21715015","HDF30c03_Expanded.Maturated_Tyr_1Hz","Compound JLNS","Expanded.Maturated","1Hz","Yes","Tyr","Ediast (mV)",-76.4352991038931,"20210715 Cell_ 2 _ HDF30c03"
"2090",2021-07-15,"20210715",2,"21715015","HDF30c03_Expanded.Maturated_Tyr_1Hz","Compound JLNS","Expanded.Maturated","1Hz","Yes","Tyr","APA (mV)",176.432242596481,"20210715 Cell_ 2 _ HDF30c03"
"2091",2021-07-15,"20210715",2,"21715015","HDF30c03_Expanded.Maturated_Tyr_1Hz","Compound JLNS","Expanded.Maturated","1Hz","Yes","Tyr","dV/dt max y (V/s)",78.7536583687773,"20210715 Cell_ 2 _ HDF30c03"
"2092",2021-07-15,"20210715",2,"21715015","HDF30c03_Expanded.Maturated_Tyr_1Hz","Compound JLNS","Expanded.Maturated","1Hz","Yes","Tyr","APD 90 (ms)",389.52,"20210715 Cell_ 2 _ HDF30c03"
"2093",2021-07-15,"20210715",2,"21715017","HDF30c03_Expanded.Maturated_Tyr_2Hz","Compound JLNS","Expanded.Maturated","2Hz","Yes","Tyr","Ediast (mV)",-79.9506797962965,"20210715 Cell_ 2 _ HDF30c03"
"2094",2021-07-15,"20210715",2,"21715017","HDF30c03_Expanded.Maturated_Tyr_2Hz","Compound JLNS","Expanded.Maturated","2Hz","Yes","Tyr","APA (mV)",179.947623288884,"20210715 Cell_ 2 _ HDF30c03"
"2095",2021-07-15,"20210715",2,"21715017","HDF30c03_Expanded.Maturated_Tyr_2Hz","Compound JLNS","Expanded.Maturated","2Hz","Yes","Tyr","dV/dt max y (V/s)",68.3166471457583,"20210715 Cell_ 2 _ HDF30c03"
"2096",2021-07-15,"20210715",2,"21715017","HDF30c03_Expanded.Maturated_Tyr_2Hz","Compound JLNS","Expanded.Maturated","2Hz","Yes","Tyr","APD 90 (ms)",300.84,"20210715 Cell_ 2 _ HDF30c03"
"2097",2021-07-15,"20210715",2,"21715019","HDF30c03_Expanded.Maturated_Tyr_3.33Hz","Compound JLNS","Expanded.Maturated","3.33Hz","Yes","Tyr","Ediast (mV)",-74.7729456672257,"20210715 Cell_ 2 _ HDF30c03"
"2098",2021-07-15,"20210715",2,"21715019","HDF30c03_Expanded.Maturated_Tyr_3.33Hz","Compound JLNS","Expanded.Maturated","3.33Hz","Yes","Tyr","APA (mV)",174.769889159813,"20210715 Cell_ 2 _ HDF30c03"
"2099",2021-07-15,"20210715",2,"21715019","HDF30c03_Expanded.Maturated_Tyr_3.33Hz","Compound JLNS","Expanded.Maturated","3.33Hz","Yes","Tyr","dV/dt max y (V/s)",56.1218235062314,"20210715 Cell_ 2 _ HDF30c03"
"2100",2021-07-15,"20210715",2,"21715019","HDF30c03_Expanded.Maturated_Tyr_3.33Hz","Compound JLNS","Expanded.Maturated","3.33Hz","Yes","Tyr","APD 90 (ms)",230.08,"20210715 Cell_ 2 _ HDF30c03"
"2101",2021-07-15,"20210715",2,"21715021","HDF30c03_Expanded.Maturated_Tyr_5Hz","Compound JLNS","Expanded.Maturated","5Hz","Yes","Tyr","Ediast (mV)",-68.0543180566558,"20210715 Cell_ 2 _ HDF30c03"
"2102",2021-07-15,"20210715",2,"21715021","HDF30c03_Expanded.Maturated_Tyr_5Hz","Compound JLNS","Expanded.Maturated","5Hz","Yes","Tyr","APA (mV)",168.051261549243,"20210715 Cell_ 2 _ HDF30c03"
"2103",2021-07-15,"20210715",2,"21715021","HDF30c03_Expanded.Maturated_Tyr_5Hz","Compound JLNS","Expanded.Maturated","5Hz","Yes","Tyr","dV/dt max y (V/s)",36.1419660567863,"20210715 Cell_ 2 _ HDF30c03"
"2104",2021-07-15,"20210715",2,"21715021","HDF30c03_Expanded.Maturated_Tyr_5Hz","Compound JLNS","Expanded.Maturated","5Hz","Yes","Tyr","APD 90 (ms)",146.64,"20210715 Cell_ 2 _ HDF30c03"
"2105",2021-07-15,"20210715",4,"21715036","HDF29c7_Expanded.Maturated_Tyr_1Hz","LQT1_R190W","Expanded.Maturated","1Hz","Yes","Tyr","Ediast (mV)",-67.4052702359215,"20210715 Cell_ 4 _ HDF29c7"
"2106",2021-07-15,"20210715",4,"21715036","HDF29c7_Expanded.Maturated_Tyr_1Hz","LQT1_R190W","Expanded.Maturated","1Hz","Yes","Tyr","APA (mV)",119.980340980927,"20210715 Cell_ 4 _ HDF29c7"
"2107",2021-07-15,"20210715",4,"21715036","HDF29c7_Expanded.Maturated_Tyr_1Hz","LQT1_R190W","Expanded.Maturated","1Hz","Yes","Tyr","dV/dt max y (V/s)",145.419304616391,"20210715 Cell_ 4 _ HDF29c7"
"2108",2021-07-15,"20210715",4,"21715036","HDF29c7_Expanded.Maturated_Tyr_1Hz","LQT1_R190W","Expanded.Maturated","1Hz","Yes","Tyr","APD 90 (ms)",137.92,"20210715 Cell_ 4 _ HDF29c7"
"2109",2021-07-15,"20210715",4,"21715037","HDF29c7_Expanded.Maturated_Tyr_2Hz","LQT1_R190W","Expanded.Maturated","2Hz","Yes","Tyr","Ediast (mV)",-64.7006805206326,"20210715 Cell_ 4 _ HDF29c7"
"2110",2021-07-15,"20210715",4,"21715037","HDF29c7_Expanded.Maturated_Tyr_2Hz","LQT1_R190W","Expanded.Maturated","2Hz","Yes","Tyr","APA (mV)",115.990350936066,"20210715 Cell_ 4 _ HDF29c7"
"2111",2021-07-15,"20210715",4,"21715037","HDF29c7_Expanded.Maturated_Tyr_2Hz","LQT1_R190W","Expanded.Maturated","2Hz","Yes","Tyr","dV/dt max y (V/s)",128.097528095382,"20210715 Cell_ 4 _ HDF29c7"
"2112",2021-07-15,"20210715",4,"21715037","HDF29c7_Expanded.Maturated_Tyr_2Hz","LQT1_R190W","Expanded.Maturated","2Hz","Yes","Tyr","APD 90 (ms)",127.24,"20210715 Cell_ 4 _ HDF29c7"
"2113",2021-07-15,"20210715",4,"21715038","HDF29c7_Expanded.Maturated_Tyr_3.33Hz","LQT1_R190W","Expanded.Maturated","3.33Hz","Yes","Tyr","Ediast (mV)",-71.6243252113083,"20210715 Cell_ 4 _ HDF29c7"
"2114",2021-07-15,"20210715",4,"21715038","HDF29c7_Expanded.Maturated_Tyr_3.33Hz","LQT1_R190W","Expanded.Maturated","3.33Hz","Yes","Tyr","APA (mV)",120.984064077784,"20210715 Cell_ 4 _ HDF29c7"
"2115",2021-07-15,"20210715",4,"21715038","HDF29c7_Expanded.Maturated_Tyr_3.33Hz","LQT1_R190W","Expanded.Maturated","3.33Hz","Yes","Tyr","dV/dt max y (V/s)",172.756949802297,"20210715 Cell_ 4 _ HDF29c7"
"2116",2021-07-15,"20210715",4,"21715038","HDF29c7_Expanded.Maturated_Tyr_3.33Hz","LQT1_R190W","Expanded.Maturated","3.33Hz","Yes","Tyr","APD 90 (ms)",103.64,"20210715 Cell_ 4 _ HDF29c7"
"2117",2021-07-15,"20210715",4,"21715039","HDF29c7_Expanded.Maturated_Tyr_4Hz","LQT1_R190W","Expanded.Maturated","4Hz","Yes","Tyr","Ediast (mV)",-72.4285854270143,"20210715 Cell_ 4 _ HDF29c7"
"2118",2021-07-15,"20210715",4,"21715039","HDF29c7_Expanded.Maturated_Tyr_4Hz","LQT1_R190W","Expanded.Maturated","4Hz","Yes","Tyr","APA (mV)",121.851190501442,"20210715 Cell_ 4 _ HDF29c7"
"2119",2021-07-15,"20210715",4,"21715039","HDF29c7_Expanded.Maturated_Tyr_4Hz","LQT1_R190W","Expanded.Maturated","4Hz","Yes","Tyr","dV/dt max y (V/s)",172.259513302487,"20210715 Cell_ 4 _ HDF29c7"
"2120",2021-07-15,"20210715",4,"21715039","HDF29c7_Expanded.Maturated_Tyr_4Hz","LQT1_R190W","Expanded.Maturated","4Hz","Yes","Tyr","APD 90 (ms)",102.56,"20210715 Cell_ 4 _ HDF29c7"
"2121",2021-07-15,"20210715",4,"21715040","HDF29c7_Expanded.Maturated_Tyr_5Hz","LQT1_R190W","Expanded.Maturated","5Hz","Yes","Tyr","Ediast (mV)",-72.3842128705281,"20210715 Cell_ 4 _ HDF29c7"
"2122",2021-07-15,"20210715",4,"21715040","HDF29c7_Expanded.Maturated_Tyr_5Hz","LQT1_R190W","Expanded.Maturated","5Hz","Yes","Tyr","APA (mV)",118.808771212355,"20210715 Cell_ 4 _ HDF29c7"
"2123",2021-07-15,"20210715",4,"21715040","HDF29c7_Expanded.Maturated_Tyr_5Hz","LQT1_R190W","Expanded.Maturated","5Hz","Yes","Tyr","dV/dt max y (V/s)",159.60387425516,"20210715 Cell_ 4 _ HDF29c7"
"2124",2021-07-15,"20210715",4,"21715040","HDF29c7_Expanded.Maturated_Tyr_5Hz","LQT1_R190W","Expanded.Maturated","5Hz","Yes","Tyr","APD 90 (ms)",87.8,"20210715 Cell_ 4 _ HDF29c7"
"2125",2021-07-15,"20210715",5,"21715046","HDF29c7_Expanded.Maturated_Tyr_0.5Hz","LQT1_R190W","Expanded.Maturated","0.5Hz","Yes","Tyr","Ediast (mV)",-70.4435391345802,"20210715 Cell_ 5 _ HDF29c7"
"2126",2021-07-15,"20210715",5,"21715046","HDF29c7_Expanded.Maturated_Tyr_0.5Hz","LQT1_R190W","Expanded.Maturated","0.5Hz","Yes","Tyr","APA (mV)",123.421441891702,"20210715 Cell_ 5 _ HDF29c7"
"2127",2021-07-15,"20210715",5,"21715046","HDF29c7_Expanded.Maturated_Tyr_0.5Hz","LQT1_R190W","Expanded.Maturated","0.5Hz","Yes","Tyr","dV/dt max y (V/s)",280.673204442176,"20210715 Cell_ 5 _ HDF29c7"
"2128",2021-07-15,"20210715",5,"21715046","HDF29c7_Expanded.Maturated_Tyr_0.5Hz","LQT1_R190W","Expanded.Maturated","0.5Hz","Yes","Tyr","APD 90 (ms)",276.72,"20210715 Cell_ 5 _ HDF29c7"
"2129",2021-07-15,"20210715",5,"21715048","HDF29c7_Expanded.Maturated_Tyr_1Hz","LQT1_R190W","Expanded.Maturated","1Hz","Yes","Tyr","Ediast (mV)",-73.1188319762606,"20210715 Cell_ 5 _ HDF29c7"
"2130",2021-07-15,"20210715",5,"21715048","HDF29c7_Expanded.Maturated_Tyr_1Hz","LQT1_R190W","Expanded.Maturated","1Hz","Yes","Tyr","APA (mV)",124.984674239328,"20210715 Cell_ 5 _ HDF29c7"
"2131",2021-07-15,"20210715",5,"21715048","HDF29c7_Expanded.Maturated_Tyr_1Hz","LQT1_R190W","Expanded.Maturated","1Hz","Yes","Tyr","dV/dt max y (V/s)",292.373643339559,"20210715 Cell_ 5 _ HDF29c7"
"2132",2021-07-15,"20210715",5,"21715048","HDF29c7_Expanded.Maturated_Tyr_1Hz","LQT1_R190W","Expanded.Maturated","1Hz","Yes","Tyr","APD 90 (ms)",237.88,"20210715 Cell_ 5 _ HDF29c7"
"2133",2021-07-15,"20210715",5,"21715050","HDF29c7_Expanded.Maturated_Tyr_2Hz","LQT1_R190W","Expanded.Maturated","2Hz","Yes","Tyr","Ediast (mV)",-73.1824306060523,"20210715 Cell_ 5 _ HDF29c7"
"2134",2021-07-15,"20210715",5,"21715050","HDF29c7_Expanded.Maturated_Tyr_2Hz","LQT1_R190W","Expanded.Maturated","2Hz","Yes","Tyr","APA (mV)",124.478204536821,"20210715 Cell_ 5 _ HDF29c7"
"2135",2021-07-15,"20210715",5,"21715050","HDF29c7_Expanded.Maturated_Tyr_2Hz","LQT1_R190W","Expanded.Maturated","2Hz","Yes","Tyr","dV/dt max y (V/s)",271.200548642106,"20210715 Cell_ 5 _ HDF29c7"
"2136",2021-07-15,"20210715",5,"21715050","HDF29c7_Expanded.Maturated_Tyr_2Hz","LQT1_R190W","Expanded.Maturated","2Hz","Yes","Tyr","APD 90 (ms)",207.36,"20210715 Cell_ 5 _ HDF29c7"
"2137",2021-07-15,"20210715",5,"21715051","HDF29c7_Expanded.Maturated_Tyr_3.33Hz","LQT1_R190W","Expanded.Maturated","3.33Hz","Yes","Tyr","Ediast (mV)",-72.9190028841895,"20210715 Cell_ 5 _ HDF29c7"
"2138",2021-07-15,"20210715",5,"21715051","HDF29c7_Expanded.Maturated_Tyr_3.33Hz","LQT1_R190W","Expanded.Maturated","3.33Hz","Yes","Tyr","APA (mV)",120.70586584881,"20210715 Cell_ 5 _ HDF29c7"
"2139",2021-07-15,"20210715",5,"21715051","HDF29c7_Expanded.Maturated_Tyr_3.33Hz","LQT1_R190W","Expanded.Maturated","3.33Hz","Yes","Tyr","dV/dt max y (V/s)",261.584460231655,"20210715 Cell_ 5 _ HDF29c7"
"2140",2021-07-15,"20210715",5,"21715051","HDF29c7_Expanded.Maturated_Tyr_3.33Hz","LQT1_R190W","Expanded.Maturated","3.33Hz","Yes","Tyr","APD 90 (ms)",173.08,"20210715 Cell_ 5 _ HDF29c7"
"2141",2021-07-15,"20210715",5,"21715052","HDF29c7_Expanded.Maturated_Tyr_4Hz","LQT1_R190W","Expanded.Maturated","4Hz","Yes","Tyr","Ediast (mV)",-73.5112269771541,"20210715 Cell_ 5 _ HDF29c7"
"2142",2021-07-15,"20210715",5,"21715052","HDF29c7_Expanded.Maturated_Tyr_4Hz","LQT1_R190W","Expanded.Maturated","4Hz","Yes","Tyr","APA (mV)",119.230218946243,"20210715 Cell_ 5 _ HDF29c7"
"2143",2021-07-15,"20210715",5,"21715052","HDF29c7_Expanded.Maturated_Tyr_4Hz","LQT1_R190W","Expanded.Maturated","4Hz","Yes","Tyr","dV/dt max y (V/s)",237.152088345255,"20210715 Cell_ 5 _ HDF29c7"
"2144",2021-07-15,"20210715",5,"21715052","HDF29c7_Expanded.Maturated_Tyr_4Hz","LQT1_R190W","Expanded.Maturated","4Hz","Yes","Tyr","APD 90 (ms)",142.72,"20210715 Cell_ 5 _ HDF29c7"
"2145",2021-07-15,"20210715",5,"21715053","HDF29c7_Expanded.Maturated_Tyr_5Hz","LQT1_R190W","Expanded.Maturated","5Hz","Yes","Tyr","Ediast (mV)",-75.8670007910421,"20210715 Cell_ 5 _ HDF29c7"
"2146",2021-07-15,"20210715",5,"21715053","HDF29c7_Expanded.Maturated_Tyr_5Hz","LQT1_R190W","Expanded.Maturated","5Hz","Yes","Tyr","APA (mV)",119.767145190272,"20210715 Cell_ 5 _ HDF29c7"
"2147",2021-07-15,"20210715",5,"21715053","HDF29c7_Expanded.Maturated_Tyr_5Hz","LQT1_R190W","Expanded.Maturated","5Hz","Yes","Tyr","dV/dt max y (V/s)",253.909289697768,"20210715 Cell_ 5 _ HDF29c7"
"2148",2021-07-15,"20210715",5,"21715053","HDF29c7_Expanded.Maturated_Tyr_5Hz","LQT1_R190W","Expanded.Maturated","5Hz","Yes","Tyr","APD 90 (ms)",105.48,"20210715 Cell_ 5 _ HDF29c7"
"2149",2021-07-15,"20210715",11,"21715076","HDF30c03_Expanded.Maturated_Tyr_1Hz","Compound JLNS","Expanded.Maturated","1Hz","Yes","Tyr","Ediast (mV)",-55.6127292921309,"20210715 Cell_ 11 _ HDF30c03"
"2150",2021-07-15,"20210715",11,"21715076","HDF30c03_Expanded.Maturated_Tyr_1Hz","Compound JLNS","Expanded.Maturated","1Hz","Yes","Tyr","APA (mV)",109.724054846981,"20210715 Cell_ 11 _ HDF30c03"
"2151",2021-07-15,"20210715",11,"21715076","HDF30c03_Expanded.Maturated_Tyr_1Hz","Compound JLNS","Expanded.Maturated","1Hz","Yes","Tyr","dV/dt max y (V/s)",188.299551603127,"20210715 Cell_ 11 _ HDF30c03"
"2152",2021-07-15,"20210715",11,"21715076","HDF30c03_Expanded.Maturated_Tyr_1Hz","Compound JLNS","Expanded.Maturated","1Hz","Yes","Tyr","APD 90 (ms)",230.04,"20210715 Cell_ 11 _ HDF30c03"
"2153",2021-07-15,"20210715",11,"21715077","HDF30c03_Expanded.Maturated_Tyr_2Hz","Compound JLNS","Expanded.Maturated","2Hz","Yes","Tyr","Ediast (mV)",-60.6551484862225,"20210715 Cell_ 11 _ HDF30c03"
"2154",2021-07-15,"20210715",11,"21715077","HDF30c03_Expanded.Maturated_Tyr_2Hz","Compound JLNS","Expanded.Maturated","2Hz","Yes","Tyr","APA (mV)",114.81652286682,"20210715 Cell_ 11 _ HDF30c03"
"2155",2021-07-15,"20210715",11,"21715077","HDF30c03_Expanded.Maturated_Tyr_2Hz","Compound JLNS","Expanded.Maturated","2Hz","Yes","Tyr","dV/dt max y (V/s)",185.75438570839,"20210715 Cell_ 11 _ HDF30c03"
"2156",2021-07-15,"20210715",11,"21715077","HDF30c03_Expanded.Maturated_Tyr_2Hz","Compound JLNS","Expanded.Maturated","2Hz","Yes","Tyr","APD 90 (ms)",221.28,"20210715 Cell_ 11 _ HDF30c03"
"2157",2021-07-15,"20210715",11,"21715078","HDF30c03_Expanded.Maturated_Tyr_3.33Hz","Compound JLNS","Expanded.Maturated","3.33Hz","Yes","Tyr","Ediast (mV)",-60.0212373835192,"20210715 Cell_ 11 _ HDF30c03"
"2158",2021-07-15,"20210715",11,"21715078","HDF30c03_Expanded.Maturated_Tyr_3.33Hz","Compound JLNS","Expanded.Maturated","3.33Hz","Yes","Tyr","APA (mV)",111.386591389108,"20210715 Cell_ 11 _ HDF30c03"
"2159",2021-07-15,"20210715",11,"21715078","HDF30c03_Expanded.Maturated_Tyr_3.33Hz","Compound JLNS","Expanded.Maturated","3.33Hz","Yes","Tyr","dV/dt max y (V/s)",135.366814859484,"20210715 Cell_ 11 _ HDF30c03"
"2160",2021-07-15,"20210715",11,"21715078","HDF30c03_Expanded.Maturated_Tyr_3.33Hz","Compound JLNS","Expanded.Maturated","3.33Hz","Yes","Tyr","APD 90 (ms)",180,"20210715 Cell_ 11 _ HDF30c03"
"2161",2021-07-15,"20210715",11,"21715079","HDF30c03_Expanded.Maturated_Tyr_4Hz","Compound JLNS","Expanded.Maturated","4Hz","Yes","Tyr","Ediast (mV)",-58.1218844463899,"20210715 Cell_ 11 _ HDF30c03"
"2162",2021-07-15,"20210715",11,"21715079","HDF30c03_Expanded.Maturated_Tyr_4Hz","Compound JLNS","Expanded.Maturated","4Hz","Yes","Tyr","APA (mV)",107.123957314229,"20210715 Cell_ 11 _ HDF30c03"
"2163",2021-07-15,"20210715",11,"21715079","HDF30c03_Expanded.Maturated_Tyr_4Hz","Compound JLNS","Expanded.Maturated","4Hz","Yes","Tyr","dV/dt max y (V/s)",116.59240168872,"20210715 Cell_ 11 _ HDF30c03"
"2164",2021-07-15,"20210715",11,"21715079","HDF30c03_Expanded.Maturated_Tyr_4Hz","Compound JLNS","Expanded.Maturated","4Hz","Yes","Tyr","APD 90 (ms)",159.28,"20210715 Cell_ 11 _ HDF30c03"
"2165",2021-07-15,"20210715",11,"21715080","HDF30c03_Expanded.Maturated_Tyr_5Hz","Compound JLNS","Expanded.Maturated","5Hz","Yes","Tyr","Ediast (mV)",-57.494320999635,"20210715 Cell_ 11 _ HDF30c03"
"2166",2021-07-15,"20210715",11,"21715080","HDF30c03_Expanded.Maturated_Tyr_5Hz","Compound JLNS","Expanded.Maturated","5Hz","Yes","Tyr","APA (mV)",102.911188959637,"20210715 Cell_ 11 _ HDF30c03"
"2167",2021-07-15,"20210715",11,"21715080","HDF30c03_Expanded.Maturated_Tyr_5Hz","Compound JLNS","Expanded.Maturated","5Hz","Yes","Tyr","dV/dt max y (V/s)",85.415645357037,"20210715 Cell_ 11 _ HDF30c03"
"2168",2021-07-15,"20210715",11,"21715080","HDF30c03_Expanded.Maturated_Tyr_5Hz","Compound JLNS","Expanded.Maturated","5Hz","Yes","Tyr","APD 90 (ms)",132.52,"20210715 Cell_ 11 _ HDF30c03"
"2169",2021-07-15,"20210715",12,"21715083","HDF30c03_Expanded.Maturated_Tyr_0.5Hz","Compound JLNS","Expanded.Maturated","0.5Hz","Yes","Tyr","Ediast (mV)",-71.7534145606457,"20210715 Cell_ 12 _ HDF30c03"
"2170",2021-07-15,"20210715",12,"21715083","HDF30c03_Expanded.Maturated_Tyr_0.5Hz","Compound JLNS","Expanded.Maturated","0.5Hz","Yes","Tyr","APA (mV)",126.716180504742,"20210715 Cell_ 12 _ HDF30c03"
"2171",2021-07-15,"20210715",12,"21715083","HDF30c03_Expanded.Maturated_Tyr_0.5Hz","Compound JLNS","Expanded.Maturated","0.5Hz","Yes","Tyr","dV/dt max y (V/s)",84.3200643543868,"20210715 Cell_ 12 _ HDF30c03"
"2172",2021-07-15,"20210715",12,"21715083","HDF30c03_Expanded.Maturated_Tyr_0.5Hz","Compound JLNS","Expanded.Maturated","0.5Hz","Yes","Tyr","APD 90 (ms)",247.12,"20210715 Cell_ 12 _ HDF30c03"
"2173",2021-07-15,"20210715",12,"21715084","HDF30c03_Expanded.Maturated_Tyr_1Hz","Compound JLNS","Expanded.Maturated","1Hz","Yes","Tyr","Ediast (mV)",-73.5564540257872,"20210715 Cell_ 12 _ HDF30c03"
"2174",2021-07-15,"20210715",12,"21715084","HDF30c03_Expanded.Maturated_Tyr_1Hz","Compound JLNS","Expanded.Maturated","1Hz","Yes","Tyr","APA (mV)",127.846612579956,"20210715 Cell_ 12 _ HDF30c03"
"2175",2021-07-15,"20210715",12,"21715084","HDF30c03_Expanded.Maturated_Tyr_1Hz","Compound JLNS","Expanded.Maturated","1Hz","Yes","Tyr","dV/dt max y (V/s)",79.0435753471941,"20210715 Cell_ 12 _ HDF30c03"
"2176",2021-07-15,"20210715",12,"21715084","HDF30c03_Expanded.Maturated_Tyr_1Hz","Compound JLNS","Expanded.Maturated","1Hz","Yes","Tyr","APD 90 (ms)",219.04,"20210715 Cell_ 12 _ HDF30c03"
"2177",2021-07-15,"20210715",12,"21715085","HDF30c03_Expanded.Maturated_Tyr_2Hz","Compound JLNS","Expanded.Maturated","2Hz","Yes","Tyr","Ediast (mV)",-73.3526576487482,"20210715 Cell_ 12 _ HDF30c03"
"2178",2021-07-15,"20210715",12,"21715085","HDF30c03_Expanded.Maturated_Tyr_2Hz","Compound JLNS","Expanded.Maturated","2Hz","Yes","Tyr","APA (mV)",127.64159549985,"20210715 Cell_ 12 _ HDF30c03"
"2179",2021-07-15,"20210715",12,"21715085","HDF30c03_Expanded.Maturated_Tyr_2Hz","Compound JLNS","Expanded.Maturated","2Hz","Yes","Tyr","dV/dt max y (V/s)",83.4350546307974,"20210715 Cell_ 12 _ HDF30c03"
"2180",2021-07-15,"20210715",12,"21715085","HDF30c03_Expanded.Maturated_Tyr_2Hz","Compound JLNS","Expanded.Maturated","2Hz","Yes","Tyr","APD 90 (ms)",193.84,"20210715 Cell_ 12 _ HDF30c03"
"2181",2021-07-15,"20210715",12,"21715086","HDF30c03_Expanded.Maturated_Tyr_3.33Hz","Compound JLNS","Expanded.Maturated","3.33Hz","Yes","Tyr","Ediast (mV)",-73.757625891232,"20210715 Cell_ 12 _ HDF30c03"
"2182",2021-07-15,"20210715",12,"21715086","HDF30c03_Expanded.Maturated_Tyr_3.33Hz","Compound JLNS","Expanded.Maturated","3.33Hz","Yes","Tyr","APA (mV)",125.340265042751,"20210715 Cell_ 12 _ HDF30c03"
"2183",2021-07-15,"20210715",12,"21715086","HDF30c03_Expanded.Maturated_Tyr_3.33Hz","Compound JLNS","Expanded.Maturated","3.33Hz","Yes","Tyr","dV/dt max y (V/s)",44.1253641150952,"20210715 Cell_ 12 _ HDF30c03"
"2184",2021-07-15,"20210715",12,"21715086","HDF30c03_Expanded.Maturated_Tyr_3.33Hz","Compound JLNS","Expanded.Maturated","3.33Hz","Yes","Tyr","APD 90 (ms)",164.36,"20210715 Cell_ 12 _ HDF30c03"
"2185",2021-07-15,"20210715",12,"21715087","HDF30c03_Expanded.Maturated_Tyr_4Hz","Compound JLNS","Expanded.Maturated","4Hz","Yes","Tyr","Ediast (mV)",-74.1602137627351,"20210715 Cell_ 12 _ HDF30c03"
"2186",2021-07-15,"20210715",12,"21715087","HDF30c03_Expanded.Maturated_Tyr_4Hz","Compound JLNS","Expanded.Maturated","4Hz","Yes","Tyr","APA (mV)",126.115777701228,"20210715 Cell_ 12 _ HDF30c03"
"2187",2021-07-15,"20210715",12,"21715087","HDF30c03_Expanded.Maturated_Tyr_4Hz","Compound JLNS","Expanded.Maturated","4Hz","Yes","Tyr","dV/dt max y (V/s)",51.7089819189552,"20210715 Cell_ 12 _ HDF30c03"
"2188",2021-07-15,"20210715",12,"21715087","HDF30c03_Expanded.Maturated_Tyr_4Hz","Compound JLNS","Expanded.Maturated","4Hz","Yes","Tyr","APD 90 (ms)",152.12,"20210715 Cell_ 12 _ HDF30c03"
"2189",2021-07-15,"20210715",12,"21715088","HDF30c03_Expanded.Maturated_Tyr_5Hz","Compound JLNS","Expanded.Maturated","5Hz","Yes","Tyr","Ediast (mV)",-73.4539149681575,"20210715 Cell_ 12 _ HDF30c03"
"2190",2021-07-15,"20210715",12,"21715088","HDF30c03_Expanded.Maturated_Tyr_5Hz","Compound JLNS","Expanded.Maturated","5Hz","Yes","Tyr","APA (mV)",125.373468166174,"20210715 Cell_ 12 _ HDF30c03"
"2191",2021-07-15,"20210715",12,"21715088","HDF30c03_Expanded.Maturated_Tyr_5Hz","Compound JLNS","Expanded.Maturated","5Hz","Yes","Tyr","dV/dt max y (V/s)",62.0391816236095,"20210715 Cell_ 12 _ HDF30c03"
"2192",2021-07-15,"20210715",12,"21715088","HDF30c03_Expanded.Maturated_Tyr_5Hz","Compound JLNS","Expanded.Maturated","5Hz","Yes","Tyr","APD 90 (ms)",132.48,"20210715 Cell_ 12 _ HDF30c03"
"2193",2021-07-15,"20210715",15,"21715096","HDF29c7_Expanded.Maturated_Tyr_0.5Hz","LQT1_R190W","Expanded.Maturated","0.5Hz","Yes","Tyr","Ediast (mV)",-71.6178554850531,"20210715 Cell_ 15 _ HDF29c7"
"2194",2021-07-15,"20210715",15,"21715096","HDF29c7_Expanded.Maturated_Tyr_0.5Hz","LQT1_R190W","Expanded.Maturated","0.5Hz","Yes","Tyr","APA (mV)",119.847223311469,"20210715 Cell_ 15 _ HDF29c7"
"2195",2021-07-15,"20210715",15,"21715096","HDF29c7_Expanded.Maturated_Tyr_0.5Hz","LQT1_R190W","Expanded.Maturated","0.5Hz","Yes","Tyr","dV/dt max y (V/s)",189.736929464545,"20210715 Cell_ 15 _ HDF29c7"
"2196",2021-07-15,"20210715",15,"21715096","HDF29c7_Expanded.Maturated_Tyr_0.5Hz","LQT1_R190W","Expanded.Maturated","0.5Hz","Yes","Tyr","APD 90 (ms)",311.2,"20210715 Cell_ 15 _ HDF29c7"
"2197",2021-07-15,"20210715",15,"21715097","HDF29c7_Expanded.Maturated_Tyr_1Hz","LQT1_R190W","Expanded.Maturated","1Hz","Yes","Tyr","Ediast (mV)",-76.210079388028,"20210715 Cell_ 15 _ HDF29c7"
"2198",2021-07-15,"20210715",15,"21715097","HDF29c7_Expanded.Maturated_Tyr_1Hz","LQT1_R190W","Expanded.Maturated","1Hz","Yes","Tyr","APA (mV)",124.734247005129,"20210715 Cell_ 15 _ HDF29c7"
"2199",2021-07-15,"20210715",15,"21715097","HDF29c7_Expanded.Maturated_Tyr_1Hz","LQT1_R190W","Expanded.Maturated","1Hz","Yes","Tyr","dV/dt max y (V/s)",207.723989157077,"20210715 Cell_ 15 _ HDF29c7"
"2200",2021-07-15,"20210715",15,"21715097","HDF29c7_Expanded.Maturated_Tyr_1Hz","LQT1_R190W","Expanded.Maturated","1Hz","Yes","Tyr","APD 90 (ms)",320.68,"20210715 Cell_ 15 _ HDF29c7"
"2201",2021-07-15,"20210715",15,"21715098","HDF29c7_Expanded.Maturated_Tyr_2Hz","LQT1_R190W","Expanded.Maturated","2Hz","Yes","Tyr","Ediast (mV)",-76.9696008363276,"20210715 Cell_ 15 _ HDF29c7"
"2202",2021-07-15,"20210715",15,"21715098","HDF29c7_Expanded.Maturated_Tyr_2Hz","LQT1_R190W","Expanded.Maturated","2Hz","Yes","Tyr","APA (mV)",124.274896441009,"20210715 Cell_ 15 _ HDF29c7"
"2203",2021-07-15,"20210715",15,"21715098","HDF29c7_Expanded.Maturated_Tyr_2Hz","LQT1_R190W","Expanded.Maturated","2Hz","Yes","Tyr","dV/dt max y (V/s)",180.865469924976,"20210715 Cell_ 15 _ HDF29c7"
"2204",2021-07-15,"20210715",15,"21715098","HDF29c7_Expanded.Maturated_Tyr_2Hz","LQT1_R190W","Expanded.Maturated","2Hz","Yes","Tyr","APD 90 (ms)",272.88,"20210715 Cell_ 15 _ HDF29c7"
"2205",2021-07-15,"20210715",15,"21715099","HDF29c7_Expanded.Maturated_Tyr_3.33Hz","LQT1_R190W","Expanded.Maturated","3.33Hz","Yes","Tyr","Ediast (mV)",-71.3349575492713,"20210715 Cell_ 15 _ HDF29c7"
"2206",2021-07-15,"20210715",15,"21715099","HDF29c7_Expanded.Maturated_Tyr_3.33Hz","LQT1_R190W","Expanded.Maturated","3.33Hz","Yes","Tyr","APA (mV)",117.924310805146,"20210715 Cell_ 15 _ HDF29c7"
"2207",2021-07-15,"20210715",15,"21715099","HDF29c7_Expanded.Maturated_Tyr_3.33Hz","LQT1_R190W","Expanded.Maturated","3.33Hz","Yes","Tyr","dV/dt max y (V/s)",158.306877246452,"20210715 Cell_ 15 _ HDF29c7"
"2208",2021-07-15,"20210715",15,"21715099","HDF29c7_Expanded.Maturated_Tyr_3.33Hz","LQT1_R190W","Expanded.Maturated","3.33Hz","Yes","Tyr","APD 90 (ms)",199.92,"20210715 Cell_ 15 _ HDF29c7"
"2209",2021-07-15,"20210715",15,"21715100","HDF29c7_Expanded.Maturated_Tyr_4Hz","LQT1_R190W","Expanded.Maturated","4Hz","Yes","Tyr","Ediast (mV)",-65.39477228454,"20210715 Cell_ 15 _ HDF29c7"
"2210",2021-07-15,"20210715",15,"21715100","HDF29c7_Expanded.Maturated_Tyr_4Hz","LQT1_R190W","Expanded.Maturated","4Hz","Yes","Tyr","APA (mV)",111.363398030835,"20210715 Cell_ 15 _ HDF29c7"
"2211",2021-07-15,"20210715",15,"21715100","HDF29c7_Expanded.Maturated_Tyr_4Hz","LQT1_R190W","Expanded.Maturated","4Hz","Yes","Tyr","dV/dt max y (V/s)",141.864006933695,"20210715 Cell_ 15 _ HDF29c7"
"2212",2021-07-15,"20210715",15,"21715100","HDF29c7_Expanded.Maturated_Tyr_4Hz","LQT1_R190W","Expanded.Maturated","4Hz","Yes","Tyr","APD 90 (ms)",156.2,"20210715 Cell_ 15 _ HDF29c7"
"2213",2021-07-15,"20210715",15,"21715101","HDF29c7_Expanded.Maturated_Tyr_5Hz","LQT1_R190W","Expanded.Maturated","5Hz","Yes","Tyr","Ediast (mV)",-64.0098846550061,"20210715 Cell_ 15 _ HDF29c7"
"2214",2021-07-15,"20210715",15,"21715101","HDF29c7_Expanded.Maturated_Tyr_5Hz","LQT1_R190W","Expanded.Maturated","5Hz","Yes","Tyr","APA (mV)",106.04479476783,"20210715 Cell_ 15 _ HDF29c7"
"2215",2021-07-15,"20210715",15,"21715101","HDF29c7_Expanded.Maturated_Tyr_5Hz","LQT1_R190W","Expanded.Maturated","5Hz","Yes","Tyr","dV/dt max y (V/s)",87.7410846997093,"20210715 Cell_ 15 _ HDF29c7"
"2216",2021-07-15,"20210715",15,"21715101","HDF29c7_Expanded.Maturated_Tyr_5Hz","LQT1_R190W","Expanded.Maturated","5Hz","Yes","Tyr","APD 90 (ms)",122,"20210715 Cell_ 15 _ HDF29c7"
"2217",2021-07-16,"20210716",2,"21716003","HDF30c03_Expanded.Maturated_Tyr_0.5Hz","Compound JLNS","Expanded.Maturated","0.5Hz","Yes","Tyr","Ediast (mV)",-62.5960663627839,"20210716 Cell_ 2 _ HDF30c03"
"2218",2021-07-16,"20210716",2,"21716003","HDF30c03_Expanded.Maturated_Tyr_0.5Hz","Compound JLNS","Expanded.Maturated","0.5Hz","Yes","Tyr","APA (mV)",118.615961162919,"20210716 Cell_ 2 _ HDF30c03"
"2219",2021-07-16,"20210716",2,"21716003","HDF30c03_Expanded.Maturated_Tyr_0.5Hz","Compound JLNS","Expanded.Maturated","0.5Hz","Yes","Tyr","dV/dt max y (V/s)",182.498160277116,"20210716 Cell_ 2 _ HDF30c03"
"2220",2021-07-16,"20210716",2,"21716003","HDF30c03_Expanded.Maturated_Tyr_0.5Hz","Compound JLNS","Expanded.Maturated","0.5Hz","Yes","Tyr","APD 90 (ms)",336.24,"20210716 Cell_ 2 _ HDF30c03"
"2221",2021-07-16,"20210716",2,"21716006","HDF30c03_Expanded.Maturated_Tyr_1Hz","Compound JLNS","Expanded.Maturated","1Hz","Yes","Tyr","Ediast (mV)",-71.3323330376772,"20210716 Cell_ 2 _ HDF30c03"
"2222",2021-07-16,"20210716",2,"21716006","HDF30c03_Expanded.Maturated_Tyr_1Hz","Compound JLNS","Expanded.Maturated","1Hz","Yes","Tyr","APA (mV)",127.01958625205,"20210716 Cell_ 2 _ HDF30c03"
"2223",2021-07-16,"20210716",2,"21716006","HDF30c03_Expanded.Maturated_Tyr_1Hz","Compound JLNS","Expanded.Maturated","1Hz","Yes","Tyr","dV/dt max y (V/s)",255.685412660284,"20210716 Cell_ 2 _ HDF30c03"
"2224",2021-07-16,"20210716",2,"21716006","HDF30c03_Expanded.Maturated_Tyr_1Hz","Compound JLNS","Expanded.Maturated","1Hz","Yes","Tyr","APD 90 (ms)",325.12,"20210716 Cell_ 2 _ HDF30c03"
"2225",2021-07-16,"20210716",2,"21716008","HDF30c03_Expanded.Maturated_Tyr_2Hz","Compound JLNS","Expanded.Maturated","2Hz","Yes","Tyr","Ediast (mV)",-75.0186731946167,"20210716 Cell_ 2 _ HDF30c03"
"2226",2021-07-16,"20210716",2,"21716008","HDF30c03_Expanded.Maturated_Tyr_2Hz","Compound JLNS","Expanded.Maturated","2Hz","Yes","Tyr","APA (mV)",128.569696041705,"20210716 Cell_ 2 _ HDF30c03"
"2227",2021-07-16,"20210716",2,"21716008","HDF30c03_Expanded.Maturated_Tyr_2Hz","Compound JLNS","Expanded.Maturated","2Hz","Yes","Tyr","dV/dt max y (V/s)",247.30833786286,"20210716 Cell_ 2 _ HDF30c03"
"2228",2021-07-16,"20210716",2,"21716008","HDF30c03_Expanded.Maturated_Tyr_2Hz","Compound JLNS","Expanded.Maturated","2Hz","Yes","Tyr","APD 90 (ms)",249.84,"20210716 Cell_ 2 _ HDF30c03"
"2229",2021-07-16,"20210716",2,"21716009","HDF30c03_Expanded.Maturated_Tyr_3.33Hz","Compound JLNS","Expanded.Maturated","3.33Hz","Yes","Tyr","Ediast (mV)",-74.0933802698158,"20210716 Cell_ 2 _ HDF30c03"
"2230",2021-07-16,"20210716",2,"21716009","HDF30c03_Expanded.Maturated_Tyr_3.33Hz","Compound JLNS","Expanded.Maturated","3.33Hz","Yes","Tyr","APA (mV)",124.740960871997,"20210716 Cell_ 2 _ HDF30c03"
"2231",2021-07-16,"20210716",2,"21716009","HDF30c03_Expanded.Maturated_Tyr_3.33Hz","Compound JLNS","Expanded.Maturated","3.33Hz","Yes","Tyr","dV/dt max y (V/s)",211.886586615614,"20210716 Cell_ 2 _ HDF30c03"
"2232",2021-07-16,"20210716",2,"21716009","HDF30c03_Expanded.Maturated_Tyr_3.33Hz","Compound JLNS","Expanded.Maturated","3.33Hz","Yes","Tyr","APD 90 (ms)",190.04,"20210716 Cell_ 2 _ HDF30c03"
"2233",2021-07-16,"20210716",2,"21716011","HDF30c03_Expanded.Maturated_Tyr_4Hz","Compound JLNS","Expanded.Maturated","4Hz","Yes","Tyr","Ediast (mV)",-74.9739954623638,"20210716 Cell_ 2 _ HDF30c03"
"2234",2021-07-16,"20210716",2,"21716011","HDF30c03_Expanded.Maturated_Tyr_4Hz","Compound JLNS","Expanded.Maturated","4Hz","Yes","Tyr","APA (mV)",125.285272369581,"20210716 Cell_ 2 _ HDF30c03"
"2235",2021-07-16,"20210716",2,"21716011","HDF30c03_Expanded.Maturated_Tyr_4Hz","Compound JLNS","Expanded.Maturated","4Hz","Yes","Tyr","dV/dt max y (V/s)",199.185171203275,"20210716 Cell_ 2 _ HDF30c03"
"2236",2021-07-16,"20210716",2,"21716011","HDF30c03_Expanded.Maturated_Tyr_4Hz","Compound JLNS","Expanded.Maturated","4Hz","Yes","Tyr","APD 90 (ms)",162.28,"20210716 Cell_ 2 _ HDF30c03"
"2237",2021-07-16,"20210716",2,"21716012","HDF30c03_Expanded.Maturated_Tyr_5Hz","Compound JLNS","Expanded.Maturated","5Hz","Yes","Tyr","Ediast (mV)",-69.8857388681055,"20210716 Cell_ 2 _ HDF30c03"
"2238",2021-07-16,"20210716",2,"21716012","HDF30c03_Expanded.Maturated_Tyr_5Hz","Compound JLNS","Expanded.Maturated","5Hz","Yes","Tyr","APA (mV)",119.088007038936,"20210716 Cell_ 2 _ HDF30c03"
"2239",2021-07-16,"20210716",2,"21716012","HDF30c03_Expanded.Maturated_Tyr_5Hz","Compound JLNS","Expanded.Maturated","5Hz","Yes","Tyr","dV/dt max y (V/s)",219.149769864383,"20210716 Cell_ 2 _ HDF30c03"
"2240",2021-07-16,"20210716",2,"21716012","HDF30c03_Expanded.Maturated_Tyr_5Hz","Compound JLNS","Expanded.Maturated","5Hz","Yes","Tyr","APD 90 (ms)",143.24,"20210716 Cell_ 2 _ HDF30c03"
"2241",2021-07-16,"20210716",4,"21716026","HDF29c7_Expanded.Maturated_Tyr_0.5Hz","LQT1_R190W","Expanded.Maturated","0.5Hz","Yes","Tyr","Ediast (mV)",-63.4179657378083,"20210716 Cell_ 4 _ HDF29c7"
"2242",2021-07-16,"20210716",4,"21716026","HDF29c7_Expanded.Maturated_Tyr_0.5Hz","LQT1_R190W","Expanded.Maturated","0.5Hz","Yes","Tyr","APA (mV)",117.684930933703,"20210716 Cell_ 4 _ HDF29c7"
"2243",2021-07-16,"20210716",4,"21716026","HDF29c7_Expanded.Maturated_Tyr_0.5Hz","LQT1_R190W","Expanded.Maturated","0.5Hz","Yes","Tyr","dV/dt max y (V/s)",230.233753712918,"20210716 Cell_ 4 _ HDF29c7"
"2244",2021-07-16,"20210716",4,"21716026","HDF29c7_Expanded.Maturated_Tyr_0.5Hz","LQT1_R190W","Expanded.Maturated","0.5Hz","Yes","Tyr","APD 90 (ms)",317.6,"20210716 Cell_ 4 _ HDF29c7"
"2245",2021-07-16,"20210716",4,"21716027","HDF29c7_Expanded.Maturated_Tyr_1Hz","LQT1_R190W","Expanded.Maturated","1Hz","Yes","Tyr","Ediast (mV)",-70.2891201966022,"20210716 Cell_ 4 _ HDF29c7"
"2246",2021-07-16,"20210716",4,"21716027","HDF29c7_Expanded.Maturated_Tyr_1Hz","LQT1_R190W","Expanded.Maturated","1Hz","Yes","Tyr","APA (mV)",122.340509325856,"20210716 Cell_ 4 _ HDF29c7"
"2247",2021-07-16,"20210716",4,"21716027","HDF29c7_Expanded.Maturated_Tyr_1Hz","LQT1_R190W","Expanded.Maturated","1Hz","Yes","Tyr","dV/dt max y (V/s)",227.136219680359,"20210716 Cell_ 4 _ HDF29c7"
"2248",2021-07-16,"20210716",4,"21716027","HDF29c7_Expanded.Maturated_Tyr_1Hz","LQT1_R190W","Expanded.Maturated","1Hz","Yes","Tyr","APD 90 (ms)",274.44,"20210716 Cell_ 4 _ HDF29c7"
"2249",2021-07-16,"20210716",4,"21716029","HDF29c7_Expanded.Maturated_Tyr_2Hz","LQT1_R190W","Expanded.Maturated","2Hz","Yes","Tyr","Ediast (mV)",-75.1494715282479,"20210716 Cell_ 4 _ HDF29c7"
"2250",2021-07-16,"20210716",4,"21716029","HDF29c7_Expanded.Maturated_Tyr_2Hz","LQT1_R190W","Expanded.Maturated","2Hz","Yes","Tyr","APA (mV)",127.791070590406,"20210716 Cell_ 4 _ HDF29c7"
"2251",2021-07-16,"20210716",4,"21716029","HDF29c7_Expanded.Maturated_Tyr_2Hz","LQT1_R190W","Expanded.Maturated","2Hz","Yes","Tyr","dV/dt max y (V/s)",237.34434907831,"20210716 Cell_ 4 _ HDF29c7"
"2252",2021-07-16,"20210716",4,"21716029","HDF29c7_Expanded.Maturated_Tyr_2Hz","LQT1_R190W","Expanded.Maturated","2Hz","Yes","Tyr","APD 90 (ms)",243.12,"20210716 Cell_ 4 _ HDF29c7"
"2253",2021-07-16,"20210716",4,"21716030","HDF29c7_Expanded.Maturated_Tyr_3.33Hz","LQT1_R190W","Expanded.Maturated","3.33Hz","Yes","Tyr","Ediast (mV)",-75.8639490333745,"20210716 Cell_ 4 _ HDF29c7"
"2254",2021-07-16,"20210716",4,"21716030","HDF29c7_Expanded.Maturated_Tyr_3.33Hz","LQT1_R190W","Expanded.Maturated","3.33Hz","Yes","Tyr","APA (mV)",125.995172238207,"20210716 Cell_ 4 _ HDF29c7"
"2255",2021-07-16,"20210716",4,"21716030","HDF29c7_Expanded.Maturated_Tyr_3.33Hz","LQT1_R190W","Expanded.Maturated","3.33Hz","Yes","Tyr","dV/dt max y (V/s)",229.870594550482,"20210716 Cell_ 4 _ HDF29c7"
"2256",2021-07-16,"20210716",4,"21716030","HDF29c7_Expanded.Maturated_Tyr_3.33Hz","LQT1_R190W","Expanded.Maturated","3.33Hz","Yes","Tyr","APD 90 (ms)",186.76,"20210716 Cell_ 4 _ HDF29c7"
"2257",2021-07-16,"20210716",4,"21716031","HDF29c7_Expanded.Maturated_Tyr_4Hz","LQT1_R190W","Expanded.Maturated","4Hz","Yes","Tyr","Ediast (mV)",-75.405819172322,"20210716 Cell_ 4 _ HDF29c7"
"2258",2021-07-16,"20210716",4,"21716031","HDF29c7_Expanded.Maturated_Tyr_4Hz","LQT1_R190W","Expanded.Maturated","4Hz","Yes","Tyr","APA (mV)",122.677545442661,"20210716 Cell_ 4 _ HDF29c7"
"2259",2021-07-16,"20210716",4,"21716031","HDF29c7_Expanded.Maturated_Tyr_4Hz","LQT1_R190W","Expanded.Maturated","4Hz","Yes","Tyr","dV/dt max y (V/s)",228.640736210461,"20210716 Cell_ 4 _ HDF29c7"
"2260",2021-07-16,"20210716",4,"21716031","HDF29c7_Expanded.Maturated_Tyr_4Hz","LQT1_R190W","Expanded.Maturated","4Hz","Yes","Tyr","APD 90 (ms)",152.76,"20210716 Cell_ 4 _ HDF29c7"
"2261",2021-07-16,"20210716",4,"21716032","HDF29c7_Expanded.Maturated_Tyr_5Hz","LQT1_R190W","Expanded.Maturated","5Hz","Yes","Tyr","Ediast (mV)",-72.2115444216982,"20210716 Cell_ 4 _ HDF29c7"
"2262",2021-07-16,"20210716",4,"21716032","HDF29c7_Expanded.Maturated_Tyr_5Hz","LQT1_R190W","Expanded.Maturated","5Hz","Yes","Tyr","APA (mV)",119.330072457126,"20210716 Cell_ 4 _ HDF29c7"
"2263",2021-07-16,"20210716",4,"21716032","HDF29c7_Expanded.Maturated_Tyr_5Hz","LQT1_R190W","Expanded.Maturated","5Hz","Yes","Tyr","dV/dt max y (V/s)",223.361195445601,"20210716 Cell_ 4 _ HDF29c7"
"2264",2021-07-16,"20210716",4,"21716032","HDF29c7_Expanded.Maturated_Tyr_5Hz","LQT1_R190W","Expanded.Maturated","5Hz","Yes","Tyr","APD 90 (ms)",135.16,"20210716 Cell_ 4 _ HDF29c7"
"2265",2021-07-16,"20210716",9,"21716047","HDF30c03_Expanded.Maturated_Tyr_0.5Hz","Compound JLNS","Expanded.Maturated","0.5Hz","Yes","Tyr","Ediast (mV)",-62.944393982958,"20210716 Cell_ 9 _ HDF30c03"
"2266",2021-07-16,"20210716",9,"21716047","HDF30c03_Expanded.Maturated_Tyr_0.5Hz","Compound JLNS","Expanded.Maturated","0.5Hz","Yes","Tyr","APA (mV)",106.547907536902,"20210716 Cell_ 9 _ HDF30c03"
"2267",2021-07-16,"20210716",9,"21716047","HDF30c03_Expanded.Maturated_Tyr_0.5Hz","Compound JLNS","Expanded.Maturated","0.5Hz","Yes","Tyr","dV/dt max y (V/s)",91.925044461921,"20210716 Cell_ 9 _ HDF30c03"
"2268",2021-07-16,"20210716",9,"21716047","HDF30c03_Expanded.Maturated_Tyr_0.5Hz","Compound JLNS","Expanded.Maturated","0.5Hz","Yes","Tyr","APD 90 (ms)",221.08,"20210716 Cell_ 9 _ HDF30c03"
"2269",2021-07-16,"20210716",9,"21716049","HDF30c03_Expanded.Maturated_Tyr_2Hz","Compound JLNS","Expanded.Maturated","2Hz","Yes","Tyr","Ediast (mV)",-71.3029140937621,"20210716 Cell_ 9 _ HDF30c03"
"2270",2021-07-16,"20210716",9,"21716049","HDF30c03_Expanded.Maturated_Tyr_2Hz","Compound JLNS","Expanded.Maturated","2Hz","Yes","Tyr","APA (mV)",120.249444972052,"20210716 Cell_ 9 _ HDF30c03"
"2271",2021-07-16,"20210716",9,"21716049","HDF30c03_Expanded.Maturated_Tyr_2Hz","Compound JLNS","Expanded.Maturated","2Hz","Yes","Tyr","dV/dt max y (V/s)",56.863400619446,"20210716 Cell_ 9 _ HDF30c03"
"2272",2021-07-16,"20210716",9,"21716049","HDF30c03_Expanded.Maturated_Tyr_2Hz","Compound JLNS","Expanded.Maturated","2Hz","Yes","Tyr","APD 90 (ms)",204.04,"20210716 Cell_ 9 _ HDF30c03"
"2273",2021-07-16,"20210716",9,"21716051","HDF30c03_Expanded.Maturated_Tyr_3.33Hz","Compound JLNS","Expanded.Maturated","3.33Hz","Yes","Tyr","Ediast (mV)",-73.1991542380705,"20210716 Cell_ 9 _ HDF30c03"
"2274",2021-07-16,"20210716",9,"21716051","HDF30c03_Expanded.Maturated_Tyr_3.33Hz","Compound JLNS","Expanded.Maturated","3.33Hz","Yes","Tyr","APA (mV)",121.124567000798,"20210716 Cell_ 9 _ HDF30c03"
"2275",2021-07-16,"20210716",9,"21716051","HDF30c03_Expanded.Maturated_Tyr_3.33Hz","Compound JLNS","Expanded.Maturated","3.33Hz","Yes","Tyr","dV/dt max y (V/s)",50.7049536463315,"20210716 Cell_ 9 _ HDF30c03"
"2276",2021-07-16,"20210716",9,"21716051","HDF30c03_Expanded.Maturated_Tyr_3.33Hz","Compound JLNS","Expanded.Maturated","3.33Hz","Yes","Tyr","APD 90 (ms)",175.8,"20210716 Cell_ 9 _ HDF30c03"
"2277",2021-07-16,"20210716",9,"21716052","HDF30c03_Expanded.Maturated_Tyr_4Hz","Compound JLNS","Expanded.Maturated","4Hz","Yes","Tyr","Ediast (mV)",-64.1358612115226,"20210716 Cell_ 9 _ HDF30c03"
"2278",2021-07-16,"20210716",9,"21716052","HDF30c03_Expanded.Maturated_Tyr_4Hz","Compound JLNS","Expanded.Maturated","4Hz","Yes","Tyr","APA (mV)",112.990839359786,"20210716 Cell_ 9 _ HDF30c03"
"2279",2021-07-16,"20210716",9,"21716052","HDF30c03_Expanded.Maturated_Tyr_4Hz","Compound JLNS","Expanded.Maturated","4Hz","Yes","Tyr","dV/dt max y (V/s)",92.7612260628277,"20210716 Cell_ 9 _ HDF30c03"
"2280",2021-07-16,"20210716",9,"21716052","HDF30c03_Expanded.Maturated_Tyr_4Hz","Compound JLNS","Expanded.Maturated","4Hz","Yes","Tyr","APD 90 (ms)",155.28,"20210716 Cell_ 9 _ HDF30c03"
"2281",2021-07-16,"20210716",9,"21716053","HDF30c03_Expanded.Maturated_Tyr_5Hz","Compound JLNS","Expanded.Maturated","5Hz","Yes","Tyr","Ediast (mV)",-56.1754123708736,"20210716 Cell_ 9 _ HDF30c03"
"2282",2021-07-16,"20210716",9,"21716053","HDF30c03_Expanded.Maturated_Tyr_5Hz","Compound JLNS","Expanded.Maturated","5Hz","Yes","Tyr","APA (mV)",97.9417678089532,"20210716 Cell_ 9 _ HDF30c03"
"2283",2021-07-16,"20210716",9,"21716053","HDF30c03_Expanded.Maturated_Tyr_5Hz","Compound JLNS","Expanded.Maturated","5Hz","Yes","Tyr","dV/dt max y (V/s)",61.4868134857833,"20210716 Cell_ 9 _ HDF30c03"
"2284",2021-07-16,"20210716",9,"21716053","HDF30c03_Expanded.Maturated_Tyr_5Hz","Compound JLNS","Expanded.Maturated","5Hz","Yes","Tyr","APD 90 (ms)",81.84,"20210716 Cell_ 9 _ HDF30c03"
"2285",2021-07-16,"20210716",9,"21716054","HDF30c03_Expanded.Maturated_Tyr_1Hz","Compound JLNS","Expanded.Maturated","1Hz","Yes","Tyr","Ediast (mV)",-66.2998015384284,"20210716 Cell_ 9 _ HDF30c03"
"2286",2021-07-16,"20210716",9,"21716054","HDF30c03_Expanded.Maturated_Tyr_1Hz","Compound JLNS","Expanded.Maturated","1Hz","Yes","Tyr","APA (mV)",113.696039521603,"20210716 Cell_ 9 _ HDF30c03"
"2287",2021-07-16,"20210716",9,"21716054","HDF30c03_Expanded.Maturated_Tyr_1Hz","Compound JLNS","Expanded.Maturated","1Hz","Yes","Tyr","dV/dt max y (V/s)",133.499139166944,"20210716 Cell_ 9 _ HDF30c03"
"2288",2021-07-16,"20210716",9,"21716054","HDF30c03_Expanded.Maturated_Tyr_1Hz","Compound JLNS","Expanded.Maturated","1Hz","Yes","Tyr","APD 90 (ms)",289.04,"20210716 Cell_ 9 _ HDF30c03"
"2289",2021-07-16,"20210716",12,"21716063","HDF30c03_Expanded.Maturated_Tyr_0.5Hz","Compound JLNS","Expanded.Maturated","0.5Hz","Yes","Tyr","Ediast (mV)",-74.4915125751243,"20210716 Cell_ 12 _ HDF30c03"
"2290",2021-07-16,"20210716",12,"21716063","HDF30c03_Expanded.Maturated_Tyr_0.5Hz","Compound JLNS","Expanded.Maturated","0.5Hz","Yes","Tyr","APA (mV)",127.387628226756,"20210716 Cell_ 12 _ HDF30c03"
"2291",2021-07-16,"20210716",12,"21716063","HDF30c03_Expanded.Maturated_Tyr_0.5Hz","Compound JLNS","Expanded.Maturated","0.5Hz","Yes","Tyr","dV/dt max y (V/s)",83.5967977871789,"20210716 Cell_ 12 _ HDF30c03"
"2292",2021-07-16,"20210716",12,"21716063","HDF30c03_Expanded.Maturated_Tyr_0.5Hz","Compound JLNS","Expanded.Maturated","0.5Hz","Yes","Tyr","APD 90 (ms)",283.12,"20210716 Cell_ 12 _ HDF30c03"
"2293",2021-07-16,"20210716",12,"21716064","HDF30c03_Expanded.Maturated_Tyr_1Hz","Compound JLNS","Expanded.Maturated","1Hz","Yes","Tyr","Ediast (mV)",-75.7122766772973,"20210716 Cell_ 12 _ HDF30c03"
"2294",2021-07-16,"20210716",12,"21716064","HDF30c03_Expanded.Maturated_Tyr_1Hz","Compound JLNS","Expanded.Maturated","1Hz","Yes","Tyr","APA (mV)",123.872674780426,"20210716 Cell_ 12 _ HDF30c03"
"2295",2021-07-16,"20210716",12,"21716064","HDF30c03_Expanded.Maturated_Tyr_1Hz","Compound JLNS","Expanded.Maturated","1Hz","Yes","Tyr","dV/dt max y (V/s)",80.5328330889585,"20210716 Cell_ 12 _ HDF30c03"
"2296",2021-07-16,"20210716",12,"21716064","HDF30c03_Expanded.Maturated_Tyr_1Hz","Compound JLNS","Expanded.Maturated","1Hz","Yes","Tyr","APD 90 (ms)",231.92,"20210716 Cell_ 12 _ HDF30c03"
"2297",2021-07-16,"20210716",12,"21716066","HDF30c03_Expanded.Maturated_Tyr_2Hz","Compound JLNS","Expanded.Maturated","2Hz","Yes","Tyr","Ediast (mV)",-76.2769128809473,"20210716 Cell_ 12 _ HDF30c03"
"2298",2021-07-16,"20210716",12,"21716066","HDF30c03_Expanded.Maturated_Tyr_2Hz","Compound JLNS","Expanded.Maturated","2Hz","Yes","Tyr","APA (mV)",122.741754423986,"20210716 Cell_ 12 _ HDF30c03"
"2299",2021-07-16,"20210716",12,"21716066","HDF30c03_Expanded.Maturated_Tyr_2Hz","Compound JLNS","Expanded.Maturated","2Hz","Yes","Tyr","dV/dt max y (V/s)",90.1885943490837,"20210716 Cell_ 12 _ HDF30c03"
"2300",2021-07-16,"20210716",12,"21716066","HDF30c03_Expanded.Maturated_Tyr_2Hz","Compound JLNS","Expanded.Maturated","2Hz","Yes","Tyr","APD 90 (ms)",189.32,"20210716 Cell_ 12 _ HDF30c03"
"2301",2021-07-16,"20210716",12,"21716068","HDF30c03_Expanded.Maturated_Tyr_3.33Hz","Compound JLNS","Expanded.Maturated","3.33Hz","Yes","Tyr","Ediast (mV)",-77.0867272956082,"20210716 Cell_ 12 _ HDF30c03"
"2302",2021-07-16,"20210716",12,"21716068","HDF30c03_Expanded.Maturated_Tyr_3.33Hz","Compound JLNS","Expanded.Maturated","3.33Hz","Yes","Tyr","APA (mV)",119.780206713089,"20210716 Cell_ 12 _ HDF30c03"
"2303",2021-07-16,"20210716",12,"21716068","HDF30c03_Expanded.Maturated_Tyr_3.33Hz","Compound JLNS","Expanded.Maturated","3.33Hz","Yes","Tyr","dV/dt max y (V/s)",65.1092498371642,"20210716 Cell_ 12 _ HDF30c03"
"2304",2021-07-16,"20210716",12,"21716068","HDF30c03_Expanded.Maturated_Tyr_3.33Hz","Compound JLNS","Expanded.Maturated","3.33Hz","Yes","Tyr","APD 90 (ms)",148.84,"20210716 Cell_ 12 _ HDF30c03"
"2305",2021-07-16,"20210716",12,"21716069","HDF30c03_Expanded.Maturated_Tyr_4Hz","Compound JLNS","Expanded.Maturated","4Hz","Yes","Tyr","Ediast (mV)",-77.5370446570317,"20210716 Cell_ 12 _ HDF30c03"
"2306",2021-07-16,"20210716",12,"21716069","HDF30c03_Expanded.Maturated_Tyr_4Hz","Compound JLNS","Expanded.Maturated","4Hz","Yes","Tyr","APA (mV)",119.742242847705,"20210716 Cell_ 12 _ HDF30c03"
"2307",2021-07-16,"20210716",12,"21716069","HDF30c03_Expanded.Maturated_Tyr_4Hz","Compound JLNS","Expanded.Maturated","4Hz","Yes","Tyr","dV/dt max y (V/s)",49.7650122847262,"20210716 Cell_ 12 _ HDF30c03"
"2308",2021-07-16,"20210716",12,"21716069","HDF30c03_Expanded.Maturated_Tyr_4Hz","Compound JLNS","Expanded.Maturated","4Hz","Yes","Tyr","APD 90 (ms)",136,"20210716 Cell_ 12 _ HDF30c03"
"2309",2021-07-16,"20210716",12,"21716070","HDF30c03_Expanded.Maturated_Tyr_5Hz","Compound JLNS","Expanded.Maturated","5Hz","Yes","Tyr","Ediast (mV)",-75.5358240489596,"20210716 Cell_ 12 _ HDF30c03"
"2310",2021-07-16,"20210716",12,"21716070","HDF30c03_Expanded.Maturated_Tyr_5Hz","Compound JLNS","Expanded.Maturated","5Hz","Yes","Tyr","APA (mV)",117.215509569281,"20210716 Cell_ 12 _ HDF30c03"
"2311",2021-07-16,"20210716",12,"21716070","HDF30c03_Expanded.Maturated_Tyr_5Hz","Compound JLNS","Expanded.Maturated","5Hz","Yes","Tyr","dV/dt max y (V/s)",50.0946021128215,"20210716 Cell_ 12 _ HDF30c03"
"2312",2021-07-16,"20210716",12,"21716070","HDF30c03_Expanded.Maturated_Tyr_5Hz","Compound JLNS","Expanded.Maturated","5Hz","Yes","Tyr","APD 90 (ms)",122,"20210716 Cell_ 12 _ HDF30c03"
"2313",2021-07-16,"20210716",15,"21716082","HDF29c7_Expanded.Maturated_Tyr_1Hz","LQT1_R190W","Expanded.Maturated","1Hz","Yes","Tyr","Ediast (mV)",-68.9233365700672,"20210716 Cell_ 15 _ HDF29c7"
"2314",2021-07-16,"20210716",15,"21716082","HDF29c7_Expanded.Maturated_Tyr_1Hz","LQT1_R190W","Expanded.Maturated","1Hz","Yes","Tyr","APA (mV)",117.650751247827,"20210716 Cell_ 15 _ HDF29c7"
"2315",2021-07-16,"20210716",15,"21716082","HDF29c7_Expanded.Maturated_Tyr_1Hz","LQT1_R190W","Expanded.Maturated","1Hz","Yes","Tyr","dV/dt max y (V/s)",227.96629776593,"20210716 Cell_ 15 _ HDF29c7"
"2316",2021-07-16,"20210716",15,"21716082","HDF29c7_Expanded.Maturated_Tyr_1Hz","LQT1_R190W","Expanded.Maturated","1Hz","Yes","Tyr","APD 90 (ms)",116.88,"20210716 Cell_ 15 _ HDF29c7"
"2317",2021-07-16,"20210716",15,"21716084","HDF29c7_Expanded.Maturated_Tyr_2Hz","LQT1_R190W","Expanded.Maturated","2Hz","Yes","Tyr","Ediast (mV)",-76.3795129737303,"20210716 Cell_ 15 _ HDF29c7"
"2318",2021-07-16,"20210716",15,"21716084","HDF29c7_Expanded.Maturated_Tyr_2Hz","LQT1_R190W","Expanded.Maturated","2Hz","Yes","Tyr","APA (mV)",126.015130733352,"20210716 Cell_ 15 _ HDF29c7"
"2319",2021-07-16,"20210716",15,"21716084","HDF29c7_Expanded.Maturated_Tyr_2Hz","LQT1_R190W","Expanded.Maturated","2Hz","Yes","Tyr","dV/dt max y (V/s)",229.733265455442,"20210716 Cell_ 15 _ HDF29c7"
"2320",2021-07-16,"20210716",15,"21716084","HDF29c7_Expanded.Maturated_Tyr_2Hz","LQT1_R190W","Expanded.Maturated","2Hz","Yes","Tyr","APD 90 (ms)",129.44,"20210716 Cell_ 15 _ HDF29c7"
"2321",2021-07-16,"20210716",15,"21716085","HDF29c7_Expanded.Maturated_Tyr_3.33Hz","LQT1_R190W","Expanded.Maturated","3.33Hz","Yes","Tyr","Ediast (mV)",-77.1798669396218,"20210716 Cell_ 15 _ HDF29c7"
"2322",2021-07-16,"20210716",15,"21716085","HDF29c7_Expanded.Maturated_Tyr_3.33Hz","LQT1_R190W","Expanded.Maturated","3.33Hz","Yes","Tyr","APA (mV)",126.085504265166,"20210716 Cell_ 15 _ HDF29c7"
"2323",2021-07-16,"20210716",15,"21716085","HDF29c7_Expanded.Maturated_Tyr_3.33Hz","LQT1_R190W","Expanded.Maturated","3.33Hz","Yes","Tyr","dV/dt max y (V/s)",209.173574049164,"20210716 Cell_ 15 _ HDF29c7"
"2324",2021-07-16,"20210716",15,"21716085","HDF29c7_Expanded.Maturated_Tyr_3.33Hz","LQT1_R190W","Expanded.Maturated","3.33Hz","Yes","Tyr","APD 90 (ms)",124.04,"20210716 Cell_ 15 _ HDF29c7"
"2325",2021-07-16,"20210716",15,"21716086","HDF29c7_Expanded.Maturated_Tyr_4Hz","LQT1_R190W","Expanded.Maturated","4Hz","Yes","Tyr","Ediast (mV)",-79.0792809119044,"20210716 Cell_ 15 _ HDF29c7"
"2326",2021-07-16,"20210716",15,"21716086","HDF29c7_Expanded.Maturated_Tyr_4Hz","LQT1_R190W","Expanded.Maturated","4Hz","Yes","Tyr","APA (mV)",126.55913705517,"20210716 Cell_ 15 _ HDF29c7"
"2327",2021-07-16,"20210716",15,"21716086","HDF29c7_Expanded.Maturated_Tyr_4Hz","LQT1_R190W","Expanded.Maturated","4Hz","Yes","Tyr","dV/dt max y (V/s)",214.953603071502,"20210716 Cell_ 15 _ HDF29c7"
"2328",2021-07-16,"20210716",15,"21716086","HDF29c7_Expanded.Maturated_Tyr_4Hz","LQT1_R190W","Expanded.Maturated","4Hz","Yes","Tyr","APD 90 (ms)",117.44,"20210716 Cell_ 15 _ HDF29c7"
"2329",2021-07-16,"20210716",15,"21716087","HDF29c7_Expanded.Maturated_Tyr_5Hz","LQT1_R190W","Expanded.Maturated","5Hz","Yes","Tyr","Ediast (mV)",-77.4890099913445,"20210716 Cell_ 15 _ HDF29c7"
"2330",2021-07-16,"20210716",15,"21716087","HDF29c7_Expanded.Maturated_Tyr_5Hz","LQT1_R190W","Expanded.Maturated","5Hz","Yes","Tyr","APA (mV)",124.752191340214,"20210716 Cell_ 15 _ HDF29c7"
"2331",2021-07-16,"20210716",15,"21716087","HDF29c7_Expanded.Maturated_Tyr_5Hz","LQT1_R190W","Expanded.Maturated","5Hz","Yes","Tyr","dV/dt max y (V/s)",214.294423415312,"20210716 Cell_ 15 _ HDF29c7"
"2332",2021-07-16,"20210716",15,"21716087","HDF29c7_Expanded.Maturated_Tyr_5Hz","LQT1_R190W","Expanded.Maturated","5Hz","Yes","Tyr","APD 90 (ms)",107.88,"20210716 Cell_ 15 _ HDF29c7"
"2333",2021-07-16,"20210716",18,"21716100","HDF30c03_Expanded.Maturated_Tyr_0.5Hz","Compound JLNS","Expanded.Maturated","0.5Hz","Yes","Tyr","Ediast (mV)",-71.2580532560491,"20210716 Cell_ 18 _ HDF30c03"
"2334",2021-07-16,"20210716",18,"21716100","HDF30c03_Expanded.Maturated_Tyr_0.5Hz","Compound JLNS","Expanded.Maturated","0.5Hz","Yes","Tyr","APA (mV)",118.130609623472,"20210716 Cell_ 18 _ HDF30c03"
"2335",2021-07-16,"20210716",18,"21716100","HDF30c03_Expanded.Maturated_Tyr_0.5Hz","Compound JLNS","Expanded.Maturated","0.5Hz","Yes","Tyr","dV/dt max y (V/s)",117.871088151423,"20210716 Cell_ 18 _ HDF30c03"
"2336",2021-07-16,"20210716",18,"21716100","HDF30c03_Expanded.Maturated_Tyr_0.5Hz","Compound JLNS","Expanded.Maturated","0.5Hz","Yes","Tyr","APD 90 (ms)",303.16,"20210716 Cell_ 18 _ HDF30c03"
"2337",2021-07-16,"20210716",18,"21716102","HDF30c03_Expanded.Maturated_Tyr_1Hz","Compound JLNS","Expanded.Maturated","1Hz","Yes","Tyr","Ediast (mV)",-73.3120692717698,"20210716 Cell_ 18 _ HDF30c03"
"2338",2021-07-16,"20210716",18,"21716102","HDF30c03_Expanded.Maturated_Tyr_1Hz","Compound JLNS","Expanded.Maturated","1Hz","Yes","Tyr","APA (mV)",118.600153058201,"20210716 Cell_ 18 _ HDF30c03"
"2339",2021-07-16,"20210716",18,"21716102","HDF30c03_Expanded.Maturated_Tyr_1Hz","Compound JLNS","Expanded.Maturated","1Hz","Yes","Tyr","dV/dt max y (V/s)",155.667106864022,"20210716 Cell_ 18 _ HDF30c03"
"2340",2021-07-16,"20210716",18,"21716102","HDF30c03_Expanded.Maturated_Tyr_1Hz","Compound JLNS","Expanded.Maturated","1Hz","Yes","Tyr","APD 90 (ms)",271,"20210716 Cell_ 18 _ HDF30c03"
"2341",2021-07-16,"20210716",18,"21716104","HDF30c03_Expanded.Maturated_Tyr_2Hz","Compound JLNS","Expanded.Maturated","2Hz","Yes","Tyr","Ediast (mV)",-76.4132654135334,"20210716 Cell_ 18 _ HDF30c03"
"2342",2021-07-16,"20210716",18,"21716104","HDF30c03_Expanded.Maturated_Tyr_2Hz","Compound JLNS","Expanded.Maturated","2Hz","Yes","Tyr","APA (mV)",121.541437098185,"20210716 Cell_ 18 _ HDF30c03"
"2343",2021-07-16,"20210716",18,"21716104","HDF30c03_Expanded.Maturated_Tyr_2Hz","Compound JLNS","Expanded.Maturated","2Hz","Yes","Tyr","dV/dt max y (V/s)",165.039054661065,"20210716 Cell_ 18 _ HDF30c03"
"2344",2021-07-16,"20210716",18,"21716104","HDF30c03_Expanded.Maturated_Tyr_2Hz","Compound JLNS","Expanded.Maturated","2Hz","Yes","Tyr","APD 90 (ms)",214.04,"20210716 Cell_ 18 _ HDF30c03"
"2345",2021-07-16,"20210716",18,"21716106","HDF30c03_Expanded.Maturated_Tyr_3.33Hz","Compound JLNS","Expanded.Maturated","3.33Hz","Yes","Tyr","Ediast (mV)",-78.711055831738,"20210716 Cell_ 18 _ HDF30c03"
"2346",2021-07-16,"20210716",18,"21716106","HDF30c03_Expanded.Maturated_Tyr_3.33Hz","Compound JLNS","Expanded.Maturated","3.33Hz","Yes","Tyr","APA (mV)",125.500604390604,"20210716 Cell_ 18 _ HDF30c03"
"2347",2021-07-16,"20210716",18,"21716106","HDF30c03_Expanded.Maturated_Tyr_3.33Hz","Compound JLNS","Expanded.Maturated","3.33Hz","Yes","Tyr","dV/dt max y (V/s)",158.453361614495,"20210716 Cell_ 18 _ HDF30c03"
"2348",2021-07-16,"20210716",18,"21716106","HDF30c03_Expanded.Maturated_Tyr_3.33Hz","Compound JLNS","Expanded.Maturated","3.33Hz","Yes","Tyr","APD 90 (ms)",173.6,"20210716 Cell_ 18 _ HDF30c03"
"2349",2021-07-16,"20210716",18,"21716107","HDF30c03_Expanded.Maturated_Tyr_4Hz","Compound JLNS","Expanded.Maturated","4Hz","Yes","Tyr","Ediast (mV)",-77.2583581468311,"20210716 Cell_ 18 _ HDF30c03"
"2350",2021-07-16,"20210716",18,"21716107","HDF30c03_Expanded.Maturated_Tyr_4Hz","Compound JLNS","Expanded.Maturated","4Hz","Yes","Tyr","APA (mV)",122.759454618458,"20210716 Cell_ 18 _ HDF30c03"
"2351",2021-07-16,"20210716",18,"21716107","HDF30c03_Expanded.Maturated_Tyr_4Hz","Compound JLNS","Expanded.Maturated","4Hz","Yes","Tyr","dV/dt max y (V/s)",136.987298180952,"20210716 Cell_ 18 _ HDF30c03"
"2352",2021-07-16,"20210716",18,"21716107","HDF30c03_Expanded.Maturated_Tyr_4Hz","Compound JLNS","Expanded.Maturated","4Hz","Yes","Tyr","APD 90 (ms)",159.96,"20210716 Cell_ 18 _ HDF30c03"
"2353",2021-07-16,"20210716",18,"21716108","HDF30c03_Expanded.Maturated_Tyr_5Hz","Compound JLNS","Expanded.Maturated","5Hz","Yes","Tyr","Ediast (mV)",-74.9636194862941,"20210716 Cell_ 18 _ HDF30c03"
"2354",2021-07-16,"20210716",18,"21716108","HDF30c03_Expanded.Maturated_Tyr_5Hz","Compound JLNS","Expanded.Maturated","5Hz","Yes","Tyr","APA (mV)",119.142694536338,"20210716 Cell_ 18 _ HDF30c03"
"2355",2021-07-16,"20210716",18,"21716108","HDF30c03_Expanded.Maturated_Tyr_5Hz","Compound JLNS","Expanded.Maturated","5Hz","Yes","Tyr","dV/dt max y (V/s)",122.363275438056,"20210716 Cell_ 18 _ HDF30c03"
"2356",2021-07-16,"20210716",18,"21716108","HDF30c03_Expanded.Maturated_Tyr_5Hz","Compound JLNS","Expanded.Maturated","5Hz","Yes","Tyr","APD 90 (ms)",142.8,"20210716 Cell_ 18 _ HDF30c03"
