"","Channel Label","Well Label","Plate","Date","Cell Line","Diff Name","Experiment","Drug","Dose Label","Channel ID","Well ID","Compound ID","Compound Name","Dose [pM]","T Detection Timestamp [µs]","Manually Changed","Mean Slope [V/s]","Mean RR Interval [µs]","RR Interval CV","Mean Peak-to-Peak Amplitude [pV]","Active Channel","Max-Min difference [pV]","Mean Conduction Velocity [cm/s]","Differentiation Method","Culture Age","Dissociation Enzyme","Timepoint","Project","Expanded","Medium","MEA Type","Date of plating","FourScore","cFPD","FPD","RR","norm_cFPD","norm_FPD","norm_RR","norm_cond_vel","norm_PtPA","Variant","Disease"
"1",12,"B4",7553,20251014,"WTC-11","2024_DIFF19_CA","20251014_Dofetilide_CARIPLO_002","Dofetilide","1 nM",87,9,"Dofetilide","Dofetilide",1000,409500,FALSE,-13.699,2292826.923,0.009,2725600951.698,TRUE,NA,44.686,"Stanford_Expanded","D11+15","Tryple",0,"CARIPLO","Yes","RBK1","MWMEA24",20251002,3,270.438345143143,409.5,2.292826923,1.04894468899995,1.01461843409316,0.935621774070123,0.963496410013153,0.989318256981066,"WT","Healthy"
"2",12,"B4",7553,20251014,"WTC-11","2024_DIFF19_CA","20251014_Dofetilide_CARIPLO_002","Dofetilide","1 pM",87,9,"Dofetilide","Dofetilide",0,403600,FALSE,-14.037,2450591.667,0.045,2755029468.49,TRUE,NA,46.379,"Stanford_Expanded","D11+15","Tryple",0,"CARIPLO","Yes","RBK1","MWMEA24",20251002,3,257.819452235347,403.6,2.450591667,1,1,1,1,1,"WT","Healthy"
"3",12,"B4",7553,20251014,"WTC-11","2024_DIFF19_CA","20251014_Dofetilide_CARIPLO_002","Dofetilide","10 nM",87,9,"Dofetilide","Dofetilide",10000,448200,FALSE,-13.074,1980520,0.03,2631305543.213,TRUE,NA,42.702,"Stanford_Expanded","D11+15","Tryple",0,"CARIPLO","Yes","RBK1","MWMEA24",20251002,3,318.480052367782,448.2,1.98052,1.23528325580749,1.11050545094153,0.808180337291582,0.92071842859915,0.95509161455728,"WT","Healthy"
"4",12,"B4",7553,20251014,"WTC-11","2024_DIFF19_CA","20251014_Dofetilide_CARIPLO_002","Dofetilide","100 nM",87,9,"Dofetilide","Dofetilide",1e+05,453100,FALSE,-10.398,1872292.063,0.085,2075682291.938,TRUE,NA,45.867,"Stanford_Expanded","D11+15","Tryple",0,"CARIPLO","Yes","RBK1","MWMEA24",20251002,3,331.136660062864,453.1,1.872292063,1.28437422852249,1.12264618434093,0.76401633459076,0.988960520925419,0.753415640623132,"WT","Healthy"
"5",12,"B4",7553,20251014,"WTC-11","2024_DIFF19_CA","20251014_Dofetilide_CARIPLO_002","Dofetilide","3 nM",87,9,"Dofetilide","Dofetilide",3000,427100,FALSE,-12.741,2138162.5,0.016,2528480106.316,TRUE,NA,45.678,"Stanford_Expanded","D11+15","Tryple",0,"CARIPLO","Yes","RBK1","MWMEA24",20251002,3,292.084974993222,427.1,2.1381625,1.13290511038165,1.05822596630327,0.872508679757948,0.984885400720154,0.917768806190604,"WT","Healthy"
"6",12,"B4",7553,20251014,"WTC-11","2024_DIFF19_CA","20251014_Dofetilide_CARIPLO_002","Dofetilide","30 nM",87,9,"Dofetilide","Dofetilide",30000,NA,NA,-11.996,1873046.032,0.016,2380742083.125,FALSE,NA,56.561,"Stanford_Expanded","D11+15","Tryple",0,"CARIPLO","Yes","RBK1","MWMEA24",20251002,3,NA,NA,1.873046032,NA,NA,0.764324002738886,1.21953901550271,0.864143963015342,"WT","Healthy"
"7",12,"B4",7553,20251014,"WTC-11","2024_DIFF19_CA","20251014_Dofetilide_CARIPLO_002","Dofetilide","Control",87,9,"Dofetilide","Dofetilide",0,397100,FALSE,-17.466,2001571.186,0.087,3230580509.6,TRUE,NA,42.262,"Stanford_Expanded","D11+15","Tryple",0,"CARIPLO","Yes","RBK1","MWMEA24",20251002,3,280.68187359619,397.1,2.001571186,1.08867609159286,0.983894945490585,0.816770583591477,0.911231376269432,1.17261196170459,"WT","Healthy"
"8",12,"C5",7553,20251014,"WTC-11","2024_DIFF19_CA","20251014_NIFE_CARIPLO_002","NIFE","1 µM",176,16,"NIFE","Nifedipine",1e+06,275700,FALSE,-9.59,1273608.602,0.03,1709461742.553,TRUE,NA,NA,"Stanford_Expanded","D11+15","Tryple",0,"CARIPLO","Yes","RBK1","MWMEA24",20251002,3,244.297360275077,275.7,1.273608602,0.970507850634311,0.684968944099379,0.49813110010404,NA,0.945962636589606,"WT","Healthy"
"9",12,"C5",7553,20251014,"WTC-11","2024_DIFF19_CA","20251014_NIFE_CARIPLO_002","NIFE","1 pM",176,16,"NIFE","Nifedipine",0,402500,FALSE,-10.463,2556773.913,0.024,1807113385.277,TRUE,NA,37.004,"Stanford_Expanded","D11+15","Tryple",0,"CARIPLO","Yes","RBK1","MWMEA24",20251002,3,251.72115827338,402.5,2.556773913,1,1,1,1,1,"WT","Healthy"
"10",12,"C5",7553,20251014,"WTC-11","2024_DIFF19_CA","20251014_NIFE_CARIPLO_002","NIFE","100 nM",176,16,"NIFE","Nifedipine",1e+05,316000,FALSE,-9.896,1856607.813,0.1,1760264758.338,TRUE,NA,NA,"Stanford_Expanded","D11+15","Tryple",0,"CARIPLO","Yes","RBK1","MWMEA24",20251002,3,231.914015583624,316,1.856607813,0.921313159268699,0.785093167701863,0.726152517264048,NA,0.974075435818977,"WT","Healthy"
"11",12,"C5",7553,20251014,"WTC-11","2024_DIFF19_CA","20251014_NIFE_CARIPLO_002","NIFE","2 µM",176,16,"NIFE","Nifedipine",2e+06,236600,FALSE,-8.195,939317.323,0.068,1543050237.844,FALSE,NA,NA,"Stanford_Expanded","D11+15","Tryple",0,"CARIPLO","Yes","RBK1","MWMEA24",20251002,3,244.122930364562,236.6,0.939317323,0.969814901691474,0.587826086956522,0.367383802777403,NA,0.853875717160645,"WT","Healthy"
"12",12,"C5",7553,20251014,"WTC-11","2024_DIFF19_CA","20251014_NIFE_CARIPLO_002","NIFE","30 nM",176,16,"NIFE","Nifedipine",30000,394500,FALSE,-10.346,2397310.204,0.058,1830615267.84,TRUE,NA,NA,"Stanford_Expanded","D11+15","Tryple",0,"CARIPLO","Yes","RBK1","MWMEA24",20251002,3,254.791473599972,394.5,2.397310204,1.01219728745748,0.980124223602485,0.937630891730707,NA,1.0130052063996,"WT","Healthy"
"13",12,"C5",7553,20251014,"WTC-11","2024_DIFF19_CA","20251014_NIFE_CARIPLO_002","NIFE","300 nM",176,16,"NIFE","Nifedipine",3e+05,298000,FALSE,-10.123,1542589.61,0.063,1781195237.846,TRUE,NA,NA,"Stanford_Expanded","D11+15","Tryple",0,"CARIPLO","Yes","RBK1","MWMEA24",20251002,3,239.933596053748,298,1.54258961,0.953172143730445,0.740372670807453,0.603334382503143,NA,0.98565770823117,"WT","Healthy"
"14",12,"C5",7553,20251014,"WTC-11","2024_DIFF19_CA","20251014_NIFE_CARIPLO_002","NIFE","Control",176,16,"NIFE","Nifedipine",0,391100,FALSE,-9.73,2370206.122,0.019,1707805994.16,TRUE,NA,37.062,"Stanford_Expanded","D11+15","Tryple",0,"CARIPLO","Yes","RBK1","MWMEA24",20251002,3,254.035703074235,391.1,2.370206122,1.0091948758568,0.97167701863354,0.927030000559928,1.00156739811912,0.945046397239884,"WT","Healthy"
"15",12,"D5",7553,20251014,"WTC-11","2024_DIFF19_CA","20251014_ETOH_CARIPLO_002","ETOH","1 µM",188,22,"ETOH","ETOH",1e+06,460800,FALSE,-19.378,1940800,0.038,3860166538.065,TRUE,NA,42.156,"Stanford_Expanded","D11+15","Tryple",0,"CARIPLO","Yes","RBK1","MWMEA24",20251002,3,330.766927154043,460.8,1.9408,1.18484356542427,1.09949892627058,0.86112776148167,0.953022561830266,0.935900948498042,"WT","Healthy"
"16",12,"D5",7553,20251014,"WTC-11","2024_DIFF19_CA","20251014_ETOH_CARIPLO_002","ETOH","1 pM",188,22,"ETOH","ETOH",0,419100,FALSE,-20.84,2253788.679,0.029,4124546026.222,TRUE,NA,44.234,"Stanford_Expanded","D11+15","Tryple",0,"CARIPLO","Yes","RBK1","MWMEA24",20251002,3,279.165061790755,419.1,2.253788679,1,1,1,1,1,"WT","Healthy"
"17",12,"D5",7553,20251014,"WTC-11","2024_DIFF19_CA","20251014_ETOH_CARIPLO_002","ETOH","100 nM",188,22,"ETOH","ETOH",1e+05,456600,FALSE,-20.77,2177435.185,0.034,4142582036.073,TRUE,NA,48.177,"Stanford_Expanded","D11+15","Tryple",0,"CARIPLO","Yes","RBK1","MWMEA24",20251002,3,309.430621038401,456.6,2.177435185,1.10841456682832,1.08947745168218,0.966122159228399,1.08913957589185,1.00437284727491,"WT","Healthy"
"18",12,"D5",7553,20251014,"WTC-11","2024_DIFF19_CA","20251014_ETOH_CARIPLO_002","ETOH","2 µM",188,22,"ETOH","ETOH",2e+06,458800,FALSE,-19.463,1814880,0.013,3897598578.364,TRUE,NA,55.283,"Stanford_Expanded","D11+15","Tryple",0,"CARIPLO","Yes","RBK1","MWMEA24",20251002,3,340.564559727412,458.8,1.81488,1.21993976446336,1.0947267955142,0.805257394763939,1.24978523307863,0.944976381299864,"WT","Healthy"
"19",12,"D5",7553,20251014,"WTC-11","2024_DIFF19_CA","20251014_ETOH_CARIPLO_002","ETOH","30 nM",188,22,"ETOH","ETOH",30000,453800,FALSE,-20.261,2342050,0.061,4052255074.588,TRUE,NA,45.703,"Stanford_Expanded","D11+15","Tryple",0,"CARIPLO","Yes","RBK1","MWMEA24",20251002,3,296.528479242983,453.8,2.34205,1.06219767380935,1.08279646862324,1.03916131171586,1.03320974815753,0.982472991894282,"WT","Healthy"
"20",12,"D5",7553,20251014,"WTC-11","2024_DIFF19_CA","20251014_ETOH_CARIPLO_002","ETOH","300 nM",188,22,"ETOH","ETOH",3e+05,455500,FALSE,-21.117,1993067.797,0.024,4179116578.8,TRUE,NA,60.383,"Stanford_Expanded","D11+15","Tryple",0,"CARIPLO","Yes","RBK1","MWMEA24",20251002,3,322.64678745815,455.5,1.993067797,1.15575633063992,1.08685277976617,0.884318843008972,1.36508115928923,1.01323068096005,"WT","Healthy"
"21",12,"D5",7553,20251014,"WTC-11","2024_DIFF19_CA","20251014_ETOH_CARIPLO_002","ETOH","Control",188,22,"ETOH","ETOH",0,410700,FALSE,-20.65,2157275.926,0.015,4084072582.255,TRUE,NA,56.516,"Stanford_Expanded","D11+15","Tryple",0,"CARIPLO","Yes","RBK1","MWMEA24",20251002,3,279.62233265472,410.7,2.157275926,1.00163799460087,0.979957050823193,0.957177550007562,1.27765971876837,0.990187176065029,"WT","Healthy"
"22",13,"A2",7553,20251014,"WTC-11","2024_DIFF19_CA","20251014_DMSO_CARIPLO_002","DMSO","1 nM",26,1,"DMSO","DMSO",1000,433700,FALSE,-10.473,2663020.455,0.018,2113067762.667,TRUE,NA,40.032,"Stanford_Expanded","D11+15","Tryple",0,"CARIPLO","Yes","RBK1","MWMEA24",20251002,3,265.767683493611,433.7,2.663020455,1.07344160100936,1.03755980861244,0.934263616453102,0.930652098105312,0.937023089715978,"WT","Healthy"
"23",13,"A2",7553,20251014,"WTC-11","2024_DIFF19_CA","20251014_DMSO_CARIPLO_002","DMSO","1 pM",26,1,"DMSO","DMSO",0,418000,FALSE,-11.915,2850395.122,0.043,2255086118.857,TRUE,NA,43.015,"Stanford_Expanded","D11+15","Tryple",0,"CARIPLO","Yes","RBK1","MWMEA24",20251002,3,247.584669015724,418,2.850395122,1,1,1,1,1,"WT","Healthy"
"24",13,"A2",7553,20251014,"WTC-11","2024_DIFF19_CA","20251014_DMSO_CARIPLO_002","DMSO","10 nM",26,1,"DMSO","DMSO",10000,440600,FALSE,-11.206,2151267.273,0.009,2060194165.929,TRUE,NA,45.769,"Stanford_Expanded","D11+15","Tryple",0,"CARIPLO","Yes","RBK1","MWMEA24",20251002,3,300.398187265679,440.6,2.151267273,1.21331497810392,1.05406698564593,0.754725987423999,1.06402417761246,0.913576713856595,"WT","Healthy"
"25",13,"A2",7553,20251014,"WTC-11","2024_DIFF19_CA","20251014_DMSO_CARIPLO_002","DMSO","100 nM",26,1,"DMSO","DMSO",1e+05,440000,FALSE,-10.717,1916180.645,0.021,2148702439.81,TRUE,NA,40.327,"Stanford_Expanded","D11+15","Tryple",0,"CARIPLO","Yes","RBK1","MWMEA24",20251002,3,317.858955485756,440,1.916180645,1.28383941036983,1.05263157894737,0.672250885573891,0.937510170870626,0.952825003818071,"WT","Healthy"
"26",13,"A2",7553,20251014,"WTC-11","2024_DIFF19_CA","20251014_DMSO_CARIPLO_002","DMSO","3 nM",26,1,"DMSO","DMSO",3000,439900,FALSE,-12.287,2332411.765,0.012,2229518568.231,TRUE,NA,41.736,"Stanford_Expanded","D11+15","Tryple",0,"CARIPLO","Yes","RBK1","MWMEA24",20251002,3,288.039037002425,439.9,2.332411765,1.16339609454628,1.05239234449761,0.818276647682251,0.970266186214111,0.988662273067,"WT","Healthy"
"27",13,"A2",7553,20251014,"WTC-11","2024_DIFF19_CA","20251014_DMSO_CARIPLO_002","DMSO","30 nM",26,1,"DMSO","DMSO",30000,439400,FALSE,-12.285,2060550.877,0.015,2286929433.517,TRUE,NA,42.318,"Stanford_Expanded","D11+15","Tryple",0,"CARIPLO","Yes","RBK1","MWMEA24",20251002,3,306.103560717737,439.4,2.060550877,1.23635910872291,1.0511961722488,0.722900085358762,0.983796350110427,1.01412066456963,"WT","Healthy"
"28",13,"A2",7553,20251014,"WTC-11","2024_DIFF19_CA","20251014_DMSO_CARIPLO_002","DMSO","Control",26,1,"DMSO","DMSO",0,403800,FALSE,-11.191,2259659.615,0.027,2041895838.34,TRUE,NA,47.327,"Stanford_Expanded","D11+15","Tryple",0,"CARIPLO","Yes","RBK1","MWMEA24",20251002,3,268.623994366996,403.8,2.259659615,1.08497830433085,0.966028708133971,0.792753116071323,1.10024410089504,0.905462466052047,"WT","Healthy"
"29",13,"A4",7553,20251014,"WTC-11","2024_DIFF19_CA","20251014_DMSO_CARIPLO_002","DMSO","1 nM",74,3,"DMSO","DMSO",1000,419600,FALSE,-6.044,2385336.735,0.016,1426127026.8,TRUE,NA,41.353,"Stanford_Expanded","D11+15","Tryple",0,"CARIPLO","Yes","RBK1","MWMEA24",20251002,3,271.681853372636,419.6,2.385336735,1.06653643458379,1.02142161635833,0.917188702662131,0.970135597991836,0.907165982559561,"WT","Healthy"
"30",13,"A4",7553,20251014,"WTC-11","2024_DIFF19_CA","20251014_DMSO_CARIPLO_002","DMSO","1 pM",74,3,"DMSO","DMSO",0,410800,FALSE,-6.516,2600704.444,0.053,1572068457.391,TRUE,NA,42.626,"Stanford_Expanded","D11+15","Tryple",0,"CARIPLO","Yes","RBK1","MWMEA24",20251002,3,254.732838525726,410.8,2.600704444,1,1,1,1,1,"WT","Healthy"
"31",13,"A4",7553,20251014,"WTC-11","2024_DIFF19_CA","20251014_DMSO_CARIPLO_002","DMSO","10 nM",74,3,"DMSO","DMSO",10000,422000,FALSE,-6.656,1956548.333,0.016,1433403893.508,TRUE,NA,43.45,"Stanford_Expanded","D11+15","Tryple",0,"CARIPLO","Yes","RBK1","MWMEA24",20251002,3,301.694338587901,422,1.956548333,1.184355893547,1.02726387536514,0.752314757455,1.01933092478769,0.911794831051361,"WT","Healthy"
"32",13,"A4",7553,20251014,"WTC-11","2024_DIFF19_CA","20251014_DMSO_CARIPLO_002","DMSO","100 nM",74,3,"DMSO","DMSO",1e+05,426800,FALSE,-5.364,1687121.429,0.028,1301689237.521,TRUE,NA,40.615,"Stanford_Expanded","D11+15","Tryple",0,"CARIPLO","Yes","RBK1","MWMEA24",20251002,3,328.587652663469,426.8,1.687121429,1.28993047996944,1.03894839337877,0.648717093898271,0.952822221179562,0.828010530585468,"WT","Healthy"
"33",13,"A4",7553,20251014,"WTC-11","2024_DIFF19_CA","20251014_DMSO_CARIPLO_002","DMSO","3 nM",74,3,"DMSO","DMSO",3000,422500,FALSE,-5.58,2181535.185,0.034,1365458282.618,TRUE,NA,42.345,"Stanford_Expanded","D11+15","Tryple",0,"CARIPLO","Yes","RBK1","MWMEA24",20251002,3,286.052404246548,422.5,2.181535185,1.12295064076577,1.02848101265823,0.838824723060303,0.993407779289635,0.868574314431644,"WT","Healthy"
"34",13,"A4",7553,20251014,"WTC-11","2024_DIFF19_CA","20251014_DMSO_CARIPLO_002","DMSO","30 nM",74,3,"DMSO","DMSO",30000,423500,FALSE,-9.138,1749558.824,0.015,1831281070.435,TRUE,NA,43.908,"Stanford_Expanded","D11+15","Tryple",0,"CARIPLO","Yes","RBK1","MWMEA24",20251002,3,320.176269492973,423.5,1.749558824,1.25691006839166,1.0309152872444,0.672724971896114,1.03007554074978,1.16488633928461,"WT","Healthy"
"35",13,"A4",7553,20251014,"WTC-11","2024_DIFF19_CA","20251014_DMSO_CARIPLO_002","DMSO","Control",74,3,"DMSO","DMSO",0,392000,FALSE,-6.531,1813761.538,0.05,1539509006.727,TRUE,NA,43.469,"Stanford_Expanded","D11+15","Tryple",0,"CARIPLO","Yes","RBK1","MWMEA24",20251002,3,291.069012813693,392,1.813761538,1.14264424837514,0.954235637779942,0.697411634830121,1.01977666213109,0.979288783188211,"WT","Healthy"
"36",13,"B5",7553,20251014,"WTC-11","2024_DIFF19_CA","20251014_Dofetilide_CARIPLO_002","Dofetilide","1 nM",110,10,"Dofetilide","Dofetilide",1000,408700,FALSE,-8.271,2485244.681,0.017,1633189336,TRUE,NA,44.051,"Stanford_Expanded","D11+15","Tryple",0,"CARIPLO","Yes","RBK1","MWMEA24",20251002,3,259.250773738056,408.7,2.485244681,1.06148231759864,1.03389830508475,0.948702661059762,1.00997340425532,0.959413668698664,"WT","Healthy"
"37",13,"B5",7553,20251014,"WTC-11","2024_DIFF19_CA","20251014_Dofetilide_CARIPLO_002","Dofetilide","1 pM",110,10,"Dofetilide","Dofetilide",0,395300,FALSE,-8.633,2619624.444,0.052,1702278578.348,TRUE,NA,43.616,"Stanford_Expanded","D11+15","Tryple",0,"CARIPLO","Yes","RBK1","MWMEA24",20251002,3,244.23466075681,395.3,2.619624444,1,1,1,1,1,"WT","Healthy"
"38",13,"B5",7553,20251014,"WTC-11","2024_DIFF19_CA","20251014_Dofetilide_CARIPLO_002","Dofetilide","10 nM",110,10,"Dofetilide","Dofetilide",10000,438600,FALSE,-9.243,2064540.351,0.03,1760483269.448,TRUE,NA,43.621,"Stanford_Expanded","D11+15","Tryple",0,"CARIPLO","Yes","RBK1","MWMEA24",20251002,3,305.250890516987,438.6,2.064540351,1.24982625140554,1.10953706046041,0.788105468983782,1.00011463683052,1.03419222437522,"WT","Healthy"
"39",13,"B5",7553,20251014,"WTC-11","2024_DIFF19_CA","20251014_Dofetilide_CARIPLO_002","Dofetilide","100 nM",110,10,"Dofetilide","Dofetilide",1e+05,494100,FALSE,-8.969,1864315.873,0.01,1774581510.188,TRUE,NA,39.693,"Stanford_Expanded","D11+15","Tryple",0,"CARIPLO","Yes","RBK1","MWMEA24",20251002,3,361.872103813462,494.1,1.864315873,1.48165744653985,1.2499367568935,0.711672956507196,0.910055942773294,1.04247420648985,"WT","Healthy"
"40",13,"B5",7553,20251014,"WTC-11","2024_DIFF19_CA","20251014_Dofetilide_CARIPLO_002","Dofetilide","3 nM",110,10,"Dofetilide","Dofetilide",3000,417000,FALSE,-9.523,2197301.852,0.039,1813733464.364,TRUE,NA,41.032,"Stanford_Expanded","D11+15","Tryple",0,"CARIPLO","Yes","RBK1","MWMEA24",20251002,3,281.313901603355,417,2.197301852,1.15181809466211,1.05489501644321,0.838785062123202,0.940755685986794,1.06547394030192,"WT","Healthy"
"41",13,"B5",7553,20251014,"WTC-11","2024_DIFF19_CA","20251014_Dofetilide_CARIPLO_002","Dofetilide","30 nM",110,10,"Dofetilide","Dofetilide",30000,482500,FALSE,-9.493,1959785,0.018,1827185047.869,TRUE,NA,39.699,"Stanford_Expanded","D11+15","Tryple",0,"CARIPLO","Yes","RBK1","MWMEA24",20251002,3,344.66176130381,482.5,1.959785,1.41119102520423,1.22059195547685,0.748116778528579,0.910193506969919,1.07337604497274,"WT","Healthy"
"42",13,"B5",7553,20251014,"WTC-11","2024_DIFF19_CA","20251014_Dofetilide_CARIPLO_002","Dofetilide","Control",110,10,"Dofetilide","Dofetilide",0,384500,FALSE,-8.325,2199151.852,0.01,1665462553.964,TRUE,NA,44.723,"Stanford_Expanded","D11+15","Tryple",0,"CARIPLO","Yes","RBK1","MWMEA24",20251002,3,259.279830950969,384.5,2.199151852,1.06160129011803,0.972678977991399,0.839491270222702,1.02538059427733,0.978372503271627,"WT","Healthy"
"43",21,"D2",7553,20251014,"WTC-11","2024_DIFF19_CA","20251014_ETOH_CARIPLO_002","ETOH","1 µM",262,19,"ETOH","ETOH",1e+06,437800,FALSE,-7.514,2076401.754,0.029,1597798262.069,TRUE,NA,41.501,"Stanford_Expanded","D11+15","Tryple",0,"CARIPLO","Yes","RBK1","MWMEA24",20251002,3,303.822591431079,437.8,2.076401754,1.16820664741326,1.06884765625,0.837128778501865,0.984065634410642,0.985637504094496,"WT","Healthy"
"44",21,"D2",7553,20251014,"WTC-11","2024_DIFF19_CA","20251014_ETOH_CARIPLO_002","ETOH","1 pM",262,19,"ETOH","ETOH",0,409600,FALSE,-7.835,2480385.106,0.033,1621081031.75,TRUE,NA,42.173,"Stanford_Expanded","D11+15","Tryple",0,"CARIPLO","Yes","RBK1","MWMEA24",20251002,3,260.076067966083,409.6,2.480385106,1,1,1,1,1,"WT","Healthy"
"45",21,"D2",7553,20251014,"WTC-11","2024_DIFF19_CA","20251014_ETOH_CARIPLO_002","ETOH","100 nM",262,19,"ETOH","ETOH",1e+05,432400,FALSE,-8.006,2313784.314,0.046,1669042670.308,TRUE,NA,54.343,"Stanford_Expanded","D11+15","Tryple",0,"CARIPLO","Yes","RBK1","MWMEA24",20251002,3,284.265561834796,432.4,2.313784314,1.0930093032315,1.0556640625,0.93283269134418,1.28857325777156,1.02958620674639,"WT","Healthy"
"46",21,"D2",7553,20251014,"WTC-11","2024_DIFF19_CA","20251014_ETOH_CARIPLO_002","ETOH","2 µM",262,19,"ETOH","ETOH",2e+06,432600,FALSE,-7.502,1880300,0.021,1593957176.063,TRUE,NA,58.868,"Stanford_Expanded","D11+15","Tryple",0,"CARIPLO","Yes","RBK1","MWMEA24",20251002,3,315.480806273116,432.6,1.8803,1.21303282051411,1.05615234375,0.75806776756222,1.39586939511062,0.98326804449885,"WT","Healthy"
"47",21,"D2",7553,20251014,"WTC-11","2024_DIFF19_CA","20251014_ETOH_CARIPLO_002","ETOH","30 nM",262,19,"ETOH","ETOH",30000,427200,FALSE,-7.968,2505851.064,0.03,1642219342,TRUE,NA,56.395,"Stanford_Expanded","D11+15","Tryple",0,"CARIPLO","Yes","RBK1","MWMEA24",20251002,3,269.86938324157,427.2,2.505851064,1.03765558035415,1.04296875,1.01026693715359,1.33722998126764,1.0130396382636,"WT","Healthy"
"48",21,"D2",7553,20251014,"WTC-11","2024_DIFF19_CA","20251014_ETOH_CARIPLO_002","ETOH","300 nM",262,19,"ETOH","ETOH",3e+05,453200,FALSE,-8.113,2054662.069,0.061,1681377317.898,TRUE,NA,50.083,"Stanford_Expanded","D11+15","Tryple",0,"CARIPLO","Yes","RBK1","MWMEA24",20251002,3,316.169301259204,453.2,2.054662069,1.21568010363967,1.1064453125,0.828364137500187,1.18756076162474,1.03719510929254,"WT","Healthy"
"49",21,"D2",7553,20251014,"WTC-11","2024_DIFF19_CA","20251014_ETOH_CARIPLO_002","ETOH","Control",262,19,"ETOH","ETOH",0,404500,FALSE,-8.319,2171085.185,0.037,1677386605.091,TRUE,NA,44.37,"Stanford_Expanded","D11+15","Tryple",0,"CARIPLO","Yes","RBK1","MWMEA24",20251002,3,274.523858283738,404.5,2.171085185,1.05555217144985,0.987548828125,0.875301653661841,1.05209494226164,1.03473334906659,"WT","Healthy"
"50",22,"D4",7553,20251014,"WTC-11","2024_DIFF19_CA","20251014_ETOH_CARIPLO_002","ETOH","1 µM",215,21,"ETOH","ETOH",1e+06,454700,FALSE,-16.383,1882079.365,0.053,3393406592.625,TRUE,NA,40.031,"Stanford_Expanded","D11+15","Tryple",0,"CARIPLO","Yes","RBK1","MWMEA24",20251002,3,331.440814562258,454.7,1.882079365,1.19733897498591,1.08416785884597,0.819896093094779,0.971956490069441,0.972148699559288,"WT","Healthy"
"51",22,"D4",7553,20251014,"WTC-11","2024_DIFF19_CA","20251014_ETOH_CARIPLO_002","ETOH","1 pM",215,21,"ETOH","ETOH",0,419400,FALSE,-17.262,2295509.615,0.04,3490625039.321,TRUE,NA,41.186,"Stanford_Expanded","D11+15","Tryple",0,"CARIPLO","Yes","RBK1","MWMEA24",20251002,3,276.814520771914,419.4,2.295509615,1,1,1,1,1,"WT","Healthy"
"52",22,"D4",7553,20251014,"WTC-11","2024_DIFF19_CA","20251014_ETOH_CARIPLO_002","ETOH","100 nM",215,21,"ETOH","ETOH",1e+05,447400,FALSE,-17.207,2146780,0.035,3535216482.643,TRUE,NA,42.959,"Stanford_Expanded","D11+15","Tryple",0,"CARIPLO","Yes","RBK1","MWMEA24",20251002,3,305.353012855705,447.4,2.14678,1.10309608037978,1.06676204101097,0.935208454790114,1.04304860875055,1.01277462999311,"WT","Healthy"
"53",22,"D4",7553,20251014,"WTC-11","2024_DIFF19_CA","20251014_ETOH_CARIPLO_002","ETOH","2 µM",215,21,"ETOH","ETOH",2e+06,460300,FALSE,-15.592,1879385.484,0.036,3253948872.762,TRUE,NA,39.746,"Stanford_Expanded","D11+15","Tryple",0,"CARIPLO","Yes","RBK1","MWMEA24",20251002,3,335.76315790486,460.3,1.879385484,1.21295355810296,1.09752026704816,0.818722549328115,0.965036662943719,0.932196622698542,"WT","Healthy"
"54",22,"D4",7553,20251014,"WTC-11","2024_DIFF19_CA","20251014_ETOH_CARIPLO_002","ETOH","30 nM",215,21,"ETOH","ETOH",30000,435000,FALSE,-17.359,2146805.455,0.038,3545767455,TRUE,NA,42.606,"Stanford_Expanded","D11+15","Tryple",0,"CARIPLO","Yes","RBK1","MWMEA24",20251002,3,296.888183070267,435,2.146805455,1.0725166520975,1.03719599427754,0.935219543831011,1.03447773515272,1.01579728990019,"WT","Healthy"
"55",22,"D4",7553,20251014,"WTC-11","2024_DIFF19_CA","20251014_ETOH_CARIPLO_002","ETOH","300 nM",215,21,"ETOH","ETOH",3e+05,452300,FALSE,-16.413,1946634.426,0.048,3368340286.645,TRUE,NA,42.616,"Stanford_Expanded","D11+15","Tryple",0,"CARIPLO","Yes","RBK1","MWMEA24",20251002,3,324.178634030081,452.3,1.946634426,1.17110414990547,1.07844539818789,0.848018415292066,1.0347205361045,0.96496766301207,"WT","Healthy"
"56",22,"D4",7553,20251014,"WTC-11","2024_DIFF19_CA","20251014_ETOH_CARIPLO_002","ETOH","Control",215,21,"ETOH","ETOH",0,404000,FALSE,-17.512,2083003.571,0.018,3508161775.158,TRUE,NA,45.52,"Stanford_Expanded","D11+15","Tryple",0,"CARIPLO","Yes","RBK1","MWMEA24",20251002,3,279.921565201097,404,2.083003571,1.01122428267317,0.963280877443968,0.907425330475037,1.10522993250134,1.00502395291372,"WT","Healthy"
"57",22,"D6",7553,20251014,"WTC-11","2024_DIFF19_CA","20251014_ETOH_CARIPLO_002","ETOH","1 µM",167,23,"ETOH","ETOH",1e+06,452000,FALSE,-20.451,2035065.517,0.044,4247783114.441,TRUE,NA,43.822,"Stanford_Expanded","D11+15","Tryple",0,"CARIPLO","Yes","RBK1","MWMEA24",20251002,3,316.846735616319,452,2.035065517,1.18368324178675,1.05904404873477,0.800492099557628,0.964923483430585,0.997990134066974,"WT","Healthy"
"58",22,"D6",7553,20251014,"WTC-11","2024_DIFF19_CA","20251014_ETOH_CARIPLO_002","ETOH","1 pM",167,23,"ETOH","ETOH",0,426800,FALSE,-21.498,2542268.085,0.03,4256337782.75,TRUE,NA,45.415,"Stanford_Expanded","D11+15","Tryple",0,"CARIPLO","Yes","RBK1","MWMEA24",20251002,3,267.678652895384,426.8,2.542268085,1,1,1,1,1,"WT","Healthy"
"59",22,"D6",7553,20251014,"WTC-11","2024_DIFF19_CA","20251014_ETOH_CARIPLO_002","ETOH","100 nM",167,23,"ETOH","ETOH",1e+05,446800,FALSE,-20.683,2312333.333,0.061,4206147680.538,TRUE,NA,43.882,"Stanford_Expanded","D11+15","Tryple",0,"CARIPLO","Yes","RBK1","MWMEA24",20251002,3,293.824458592876,446.8,2.312333333,1.09767609562691,1.04686035613871,0.909555269423917,0.966244632830563,0.988208148701118,"WT","Healthy"
"60",22,"D6",7553,20251014,"WTC-11","2024_DIFF19_CA","20251014_ETOH_CARIPLO_002","ETOH","2 µM",167,23,"ETOH","ETOH",2e+06,459400,FALSE,-20.603,1955540.984,0.027,4267757917.161,TRUE,NA,42.74,"Stanford_Expanded","D11+15","Tryple",0,"CARIPLO","Yes","RBK1","MWMEA24",20251002,3,328.516759075765,459.4,1.955540984,1.22728038086832,1.07638238050609,0.769211160513782,0.941098755917648,1.00268308931149,"WT","Healthy"
"61",22,"D6",7553,20251014,"WTC-11","2024_DIFF19_CA","20251014_ETOH_CARIPLO_002","ETOH","30 nM",167,23,"ETOH","ETOH",30000,447100,FALSE,-20.189,2642025,0.037,4147770835.2,TRUE,NA,44.801,"Stanford_Expanded","D11+15","Tryple",0,"CARIPLO","Yes","RBK1","MWMEA24",20251002,3,275.065554414588,447.1,2.642025,1.027596154715,1.04756326148079,1.03923933734156,0.986480237806892,0.974492873194886,"WT","Healthy"
"62",22,"D6",7553,20251014,"WTC-11","2024_DIFF19_CA","20251014_ETOH_CARIPLO_002","ETOH","300 nM",167,23,"ETOH","ETOH",3e+05,461300,FALSE,-21.1,2269859.615,0.024,4306730879.547,TRUE,NA,42.924,"Stanford_Expanded","D11+15","Tryple",0,"CARIPLO","Yes","RBK1","MWMEA24",20251002,3,306.18503158165,461.3,2.269859615,1.14385300534711,1.08083411433927,0.892848251682316,0.945150280744247,1.01183954360982,"WT","Healthy"
"63",22,"D6",7553,20251014,"WTC-11","2024_DIFF19_CA","20251014_ETOH_CARIPLO_002","ETOH","Control",167,23,"ETOH","ETOH",0,421400,FALSE,-22.408,2241837.736,0.022,4428066150.889,TRUE,NA,45.183,"Stanford_Expanded","D11+15","Tryple",0,"CARIPLO","Yes","RBK1","MWMEA24",20251002,3,281.444291063448,421.4,2.241837736,1.05142598417605,0.987347703842549,0.881825858267029,0.994891555653418,1.040346508408,"WT","Healthy"
"64",23,"C1",7553,20251014,"WTC-11","2024_DIFF19_CA","20251014_NIFE_CARIPLO_002","NIFE","1 µM",270,12,"NIFE","Nifedipine",1e+06,124400,FALSE,-13.628,1061166.071,0.055,3017954123.044,TRUE,NA,41.939,"Stanford_Expanded","D11+15","Tryple",0,"CARIPLO","Yes","RBK1","MWMEA24",20251002,3,120.761556634091,124.4,1.061166071,0.524778468959004,0.347195087915155,0.437718727584876,0.969844830377171,0.862176621059128,"WT","Healthy"
"65",23,"C1",7553,20251014,"WTC-11","2024_DIFF19_CA","20251014_NIFE_CARIPLO_002","NIFE","1 pM",270,12,"NIFE","Nifedipine",0,358300,FALSE,-16.838,2424310.417,0.027,3500389652.571,TRUE,NA,43.243,"Stanford_Expanded","D11+15","Tryple",0,"CARIPLO","Yes","RBK1","MWMEA24",20251002,3,230.119114592571,358.3,2.424310417,1,1,1,1,1,"WT","Healthy"
"66",23,"C1",7553,20251014,"WTC-11","2024_DIFF19_CA","20251014_NIFE_CARIPLO_002","NIFE","100 nM",270,12,"NIFE","Nifedipine",1e+05,297700,FALSE,-13.998,1986320,0.049,3272695393.18,TRUE,NA,43.172,"Stanford_Expanded","D11+15","Tryple",0,"CARIPLO","Yes","RBK1","MWMEA24",20251002,3,211.22933263113,297.7,1.98632,0.917913025196163,0.830867987719788,0.819334020128496,0.998358115764401,0.9349517390946,"WT","Healthy"
"67",23,"C1",7553,20251014,"WTC-11","2024_DIFF19_CA","20251014_NIFE_CARIPLO_002","NIFE","2 µM",270,12,"NIFE","Nifedipine",2e+06,118200,FALSE,-13.698,945646.032,0.008,2978570041.795,TRUE,NA,42.981,"Stanford_Expanded","D11+15","Tryple",0,"CARIPLO","Yes","RBK1","MWMEA24",20251002,3,121.549499320283,118.2,0.945646032,0.528202533437903,0.329891152665364,0.390068047956583,0.99394121591934,0.850925279020657,"WT","Healthy"
"68",23,"C1",7553,20251014,"WTC-11","2024_DIFF19_CA","20251014_NIFE_CARIPLO_002","NIFE","30 nM",270,12,"NIFE","Nifedipine",30000,372292,TRUE,-16.5,2456854.167,0.038,3620406564,TRUE,NA,41.299,"Stanford_Expanded","D11+15","Tryple",0,"CARIPLO","Yes","RBK1","MWMEA24",20251002,3,237.516625648927,372.292,2.456854167,1.0321464432429,1.03905107451856,1.01342392037414,0.955044747126703,1.03428672900483,"WT","Healthy"
"69",23,"C1",7553,20251014,"WTC-11","2024_DIFF19_CA","20251014_NIFE_CARIPLO_002","NIFE","300 nM",270,12,"NIFE","Nifedipine",3e+05,176182,TRUE,-14.556,1354491.954,0.031,3251457804,TRUE,NA,44.84,"Stanford_Expanded","D11+15","Tryple",0,"CARIPLO","Yes","RBK1","MWMEA24",20251002,3,151.381680115318,176.182,1.354491954,0.657840529168301,0.491716438738487,0.558712260815237,1.03693083273593,0.928884531929706,"WT","Healthy"
"70",23,"C1",7553,20251014,"WTC-11","2024_DIFF19_CA","20251014_NIFE_CARIPLO_002","NIFE","Control",270,12,"NIFE","Nifedipine",0,351664,TRUE,-15.479,2349480,0.021,3276441229.647,TRUE,NA,45.94,"Stanford_Expanded","D11+15","Tryple",0,"CARIPLO","Yes","RBK1","MWMEA24",20251002,3,229.425684153785,351.664,2.34948,0.99698664563344,0.981479207368127,0.969133318705696,1.06236847582268,0.936021858949471,"WT","Healthy"
"71",23,"C6",7553,20251014,"WTC-11","2024_DIFF19_CA","20251014_NIFE_CARIPLO_002","NIFE","1 µM",150,17,"NIFE","Nifedipine",1e+06,122681,TRUE,-23.057,1033138.261,0.037,4861968160.552,TRUE,NA,NA,"Stanford_Expanded","D11+15","Tryple",0,"CARIPLO","Yes","RBK1","MWMEA24",20251002,3,120.697447190014,122.681,1.033138261,0.54176292416717,0.364091514789984,0.451650561424945,NA,1.01134420160339,"WT","Healthy"
"72",23,"C6",7553,20251014,"WTC-11","2024_DIFF19_CA","20251014_NIFE_CARIPLO_002","NIFE","1 pM",150,17,"NIFE","Nifedipine",0,336951,TRUE,-24.631,2287472.549,0.021,4807431686.308,TRUE,NA,NA,"Stanford_Expanded","D11+15","Tryple",0,"CARIPLO","Yes","RBK1","MWMEA24",20251002,3,222.786465824617,336.951,2.287472549,1,1,1,NA,1,"WT","Healthy"
"73",23,"C6",7553,20251014,"WTC-11","2024_DIFF19_CA","20251014_NIFE_CARIPLO_002","NIFE","100 nM",150,17,"NIFE","Nifedipine",1e+05,271926,TRUE,-28.615,1714950.725,0.054,5746083600.171,TRUE,NA,NA,"Stanford_Expanded","D11+15","Tryple",0,"CARIPLO","Yes","RBK1","MWMEA24",20251002,3,207.646641530869,271.926,1.714950725,0.932043339178124,0.807019418253693,0.749714231871204,NA,1.19525018244905,"WT","Healthy"
"74",23,"C6",7553,20251014,"WTC-11","2024_DIFF19_CA","20251014_NIFE_CARIPLO_002","NIFE","2 µM",150,17,"NIFE","Nifedipine",2e+06,143011,TRUE,-25.393,1003676.471,0.031,5206507249.9,FALSE,NA,NA,"Stanford_Expanded","D11+15","Tryple",0,"CARIPLO","Yes","RBK1","MWMEA24",20251002,3,142.74883476401,143.011,1.003676471,0.640742848698831,0.424426697056842,0.438770935825556,NA,1.083012217257,"WT","Healthy"
"75",23,"C6",7553,20251014,"WTC-11","2024_DIFF19_CA","20251014_NIFE_CARIPLO_002","NIFE","30 nM",150,17,"NIFE","Nifedipine",30000,304583,TRUE,-24.089,2028372.414,0.031,4783961503.932,TRUE,NA,NA,"Stanford_Expanded","D11+15","Tryple",0,"CARIPLO","Yes","RBK1","MWMEA24",20251002,3,213.861107838996,304.583,2.028372414,0.959937611323987,0.90393855486406,0.886730822141114,NA,0.995117937412851,"WT","Healthy"
"76",23,"C6",7553,20251014,"WTC-11","2024_DIFF19_CA","20251014_NIFE_CARIPLO_002","NIFE","300 nM",150,17,"NIFE","Nifedipine",3e+05,242523,TRUE,-22.802,1524000,0.015,4626070904.354,TRUE,NA,NA,"Stanford_Expanded","D11+15","Tryple",0,"CARIPLO","Yes","RBK1","MWMEA24",20251002,3,196.45380657076,242.523,1.524,0.88180314654039,0.719757472154705,0.666237503338013,NA,0.962274912304936,"WT","Healthy"
"77",23,"C6",7553,20251014,"WTC-11","2024_DIFF19_CA","20251014_NIFE_CARIPLO_002","NIFE","Control",150,17,"NIFE","Nifedipine",0,332404,TRUE,-24.735,2116592.857,0.026,4811284027.158,TRUE,NA,NA,"Stanford_Expanded","D11+15","Tryple",0,"CARIPLO","Yes","RBK1","MWMEA24",20251002,3,228.479678070101,332.404,2.116592857,1.02555456959386,0.986505456282961,0.925297598839075,NA,1.00080133033632,"WT","Healthy"
"78",24,"C2",7553,20251014,"WTC-11","2024_DIFF19_CA","20251014_NIFE_CARIPLO_002","NIFE","1 µM",247,13,"NIFE","Nifedipine",1e+06,79200,FALSE,-8.196,994492.437,0.143,1511553466.4,TRUE,NA,50.374,"Stanford_Expanded","D11+15","Tryple",0,"CARIPLO","Yes","RBK1","MWMEA24",20251002,3,79.4190045471478,79.2,0.994492437,0.407888131899572,0.246959775491113,0.366581298454406,0.872503680609682,1.00245535607341,"WT","Healthy"
"79",24,"C2",7553,20251014,"WTC-11","2024_DIFF19_CA","20251014_NIFE_CARIPLO_002","NIFE","1 pM",247,13,"NIFE","Nifedipine",0,320700,FALSE,-8.527,2712883.721,0.092,1507851154.909,TRUE,NA,57.735,"Stanford_Expanded","D11+15","Tryple",0,"CARIPLO","Yes","RBK1","MWMEA24",20251002,3,194.707809166416,320.7,2.712883721,1,1,1,1,1,"WT","Healthy"
"80",24,"C2",7553,20251014,"WTC-11","2024_DIFF19_CA","20251014_NIFE_CARIPLO_002","NIFE","100 nM",247,13,"NIFE","Nifedipine",1e+05,295600,FALSE,-9.516,1989136.667,0.032,1673848383.738,TRUE,NA,52.624,"Stanford_Expanded","D11+15","Tryple",0,"CARIPLO","Yes","RBK1","MWMEA24",20251002,3,209.590753105787,295.6,1.989136667,1.07643732423002,0.921733707514811,0.733218549546525,0.91147484195029,1.11008860409635,"WT","Healthy"
"81",24,"C2",7553,20251014,"WTC-11","2024_DIFF19_CA","20251014_NIFE_CARIPLO_002","NIFE","2 µM",247,13,"NIFE","Nifedipine",2e+06,111800,FALSE,-6.707,1000168.067,0.041,1336997192,FALSE,NA,44.869,"Stanford_Expanded","D11+15","Tryple",0,"CARIPLO","Yes","RBK1","MWMEA24",20251002,3,111.790606238769,111.8,1.000168067,0.574145468111258,0.348612410352354,0.368673400654019,0.777154239196328,0.886690432041145,"WT","Healthy"
"82",24,"C2",7553,20251014,"WTC-11","2024_DIFF19_CA","20251014_NIFE_CARIPLO_002","NIFE","30 nM",247,13,"NIFE","Nifedipine",30000,336900,FALSE,-8.201,2477704.255,0.03,1559655384.5,TRUE,NA,49.917,"Stanford_Expanded","D11+15","Tryple",0,"CARIPLO","Yes","RBK1","MWMEA24",20251002,3,214.030801413337,336.9,2.477704255,1.09924097204754,1.05051449953227,0.91331015620776,0.864588204728501,1.03435632848928,"WT","Healthy"
"83",24,"C2",7553,20251014,"WTC-11","2024_DIFF19_CA","20251014_NIFE_CARIPLO_002","NIFE","300 nM",247,13,"NIFE","Nifedipine",3e+05,274100,FALSE,-10.292,1633023.288,0.045,1810530298.541,TRUE,NA,51.204,"Stanford_Expanded","D11+15","Tryple",0,"CARIPLO","Yes","RBK1","MWMEA24",20251002,3,214.4928631809,274.1,1.633023288,1.10161407546615,0.854692859370128,0.601951080821868,0.886879709015329,1.20073542580552,"WT","Healthy"
"84",24,"C2",7553,20251014,"WTC-11","2024_DIFF19_CA","20251014_NIFE_CARIPLO_002","NIFE","Control",247,13,"NIFE","Nifedipine",0,321400,FALSE,-7.772,2408628.571,0.013,1404035400.24,TRUE,NA,57.794,"Stanford_Expanded","D11+15","Tryple",0,"CARIPLO","Yes","RBK1","MWMEA24",20251002,3,207.090871435352,321.4,2.408628571,1.06359817986731,1.00218272528843,0.88784806822172,1.00102191045293,0.931149865601114,"WT","Healthy"
"85",31,"B2",7553,20251014,"WTC-11","2024_DIFF19_CA","20251014_Dofetilide_CARIPLO_002","Dofetilide","1 nM",42,7,"Dofetilide","Dofetilide",1000,426200,FALSE,-6.83,2563358.696,0.032,1399991433.702,TRUE,NA,40.022,"Stanford_Expanded","D11+15","Tryple",0,"CARIPLO","Yes","RBK1","MWMEA24",20251002,3,266.200431004529,426.2,2.563358696,1.06604356476488,1.02872314747767,0.931208900760877,0.99246143926995,1.00124824674926,"WT","Healthy"
"86",31,"B2",7553,20251014,"WTC-11","2024_DIFF19_CA","20251014_Dofetilide_CARIPLO_002","Dofetilide","1 pM",42,7,"Dofetilide","Dofetilide",0,414300,FALSE,-6.886,2752721.429,0.066,1398246077.581,TRUE,NA,40.326,"Stanford_Expanded","D11+15","Tryple",0,"CARIPLO","Yes","RBK1","MWMEA24",20251002,3,249.70877345265,414.3,2.752721429,1,1,1,1,1,"WT","Healthy"
"87",31,"B2",7553,20251014,"WTC-11","2024_DIFF19_CA","20251014_Dofetilide_CARIPLO_002","Dofetilide","10 nM",42,7,"Dofetilide","Dofetilide",10000,480000,FALSE,-6.697,2073722.807,0.013,1374223658.069,TRUE,NA,36.386,"Stanford_Expanded","D11+15","Tryple",0,"CARIPLO","Yes","RBK1","MWMEA24",20251002,3,333.32346309595,480,2.073722807,1.33484882604317,1.15858073859522,0.753335511960371,0.902296285275009,0.982819605291824,"WT","Healthy"
"88",31,"B2",7553,20251014,"WTC-11","2024_DIFF19_CA","20251014_Dofetilide_CARIPLO_002","Dofetilide","100 nM",42,7,"Dofetilide","Dofetilide",1e+05,556500,FALSE,-6.236,1869598.413,0.006,1294582116.375,TRUE,NA,26.788,"Stanford_Expanded","D11+15","Tryple",0,"CARIPLO","Yes","RBK1","MWMEA24",20251002,3,406.996808145242,556.5,1.869598413,1.62988589675011,1.34322954380883,0.679181842849671,0.664286068541388,0.925861432498819,"WT","Healthy"
"89",31,"B2",7553,20251014,"WTC-11","2024_DIFF19_CA","20251014_Dofetilide_CARIPLO_002","Dofetilide","3 nM",42,7,"Dofetilide","Dofetilide",3000,441100,FALSE,-6.751,2237936.538,0.015,1383159177.962,TRUE,NA,39.857,"Stanford_Expanded","D11+15","Tryple",0,"CARIPLO","Yes","RBK1","MWMEA24",20251002,3,294.858175774512,441.1,2.237936538,1.18080823391824,1.06468742457157,0.812990560695054,0.988369786242127,0.989210125555939,"WT","Healthy"
"90",31,"B2",7553,20251014,"WTC-11","2024_DIFF19_CA","20251014_Dofetilide_CARIPLO_002","Dofetilide","30 nM",42,7,"Dofetilide","Dofetilide",30000,516100,FALSE,-6.236,1904703.226,0.068,1310174445.905,TRUE,NA,32.26,"Stanford_Expanded","D11+15","Tryple",0,"CARIPLO","Yes","RBK1","MWMEA24",20251002,3,373.955737085442,516.1,1.904703226,1.49756747396123,1.24571566497707,0.691934609123138,0.799980161682289,0.937012781163408,"WT","Healthy"
"91",31,"B2",7553,20251014,"WTC-11","2024_DIFF19_CA","20251014_Dofetilide_CARIPLO_002","Dofetilide","Control",42,7,"Dofetilide","Dofetilide",0,399600,FALSE,-6.538,2311880.392,0.033,1337678817.231,TRUE,NA,40.735,"Stanford_Expanded","D11+15","Tryple",0,"CARIPLO","Yes","RBK1","MWMEA24",20251002,3,262.810552212633,399.6,2.311880392,1.05246823561235,0.964518464880521,0.839852651868174,1.01014233992957,0.956683404072348,"WT","Healthy"
"92",32,"B6",7553,20251014,"WTC-11","2024_DIFF19_CA","20251014_Dofetilide_CARIPLO_002","Dofetilide","1 nM",139,11,"Dofetilide","Dofetilide",1000,406600,FALSE,-6.357,2325186.275,0.026,1434131844,TRUE,NA,43.306,"Stanford_Expanded","D11+15","Tryple",0,"CARIPLO","Yes","RBK1","MWMEA24",20251002,3,266.648103350051,406.6,2.325186275,1.03482940735875,1.04176274660518,1.01344485540102,1.00723339923247,0.957365227857417,"WT","Healthy"
"93",32,"B6",7553,20251014,"WTC-11","2024_DIFF19_CA","20251014_Dofetilide_CARIPLO_002","Dofetilide","1 pM",139,11,"Dofetilide","Dofetilide",0,390300,FALSE,-6.66,2294339.216,0.031,1497998676.231,TRUE,NA,42.995,"Stanford_Expanded","D11+15","Tryple",0,"CARIPLO","Yes","RBK1","MWMEA24",20251002,3,257.673488455098,390.3,2.294339216,1,1,1,1,1,"WT","Healthy"
"94",32,"B6",7553,20251014,"WTC-11","2024_DIFF19_CA","20251014_Dofetilide_CARIPLO_002","Dofetilide","10 nM",139,11,"Dofetilide","Dofetilide",10000,444000,FALSE,-6.869,2065119.298,0.024,1537511899.034,TRUE,NA,41.435,"Stanford_Expanded","D11+15","Tryple",0,"CARIPLO","Yes","RBK1","MWMEA24",20251002,3,308.965791715125,444,2.065119298,1.19905929619517,1.13758647194466,0.900093274611926,0.963716711245494,1.02637734160247,"WT","Healthy"
"95",32,"B6",7553,20251014,"WTC-11","2024_DIFF19_CA","20251014_Dofetilide_CARIPLO_002","Dofetilide","100 nM",139,11,"Dofetilide","Dofetilide",1e+05,516500,FALSE,-6.285,1902159.677,0.007,1451555133.905,TRUE,NA,40.157,"Stanford_Expanded","D11+15","Tryple",0,"CARIPLO","Yes","RBK1","MWMEA24",20251002,3,374.495704219363,516.5,1.902159677,1.45337305154939,1.32334101972841,0.829066453528291,0.933992324688917,0.968996272785198,"WT","Healthy"
"96",32,"B6",7553,20251014,"WTC-11","2024_DIFF19_CA","20251014_Dofetilide_CARIPLO_002","Dofetilide","3 nM",139,11,"Dofetilide","Dofetilide",3000,421200,FALSE,-6.817,2178320.37,0.026,1525058287.855,TRUE,NA,41.945,"Stanford_Expanded","D11+15","Tryple",0,"CARIPLO","Yes","RBK1","MWMEA24",20251002,3,285.382597277646,421.2,2.17832037,1.10753573830463,1.07916986933128,0.949432566382983,0.975578555646005,1.0180638421471,"WT","Healthy"
"97",32,"B6",7553,20251014,"WTC-11","2024_DIFF19_CA","20251014_Dofetilide_CARIPLO_002","Dofetilide","30 nM",139,11,"Dofetilide","Dofetilide",30000,498800,FALSE,-6.446,1948831.667,0.008,1462437881.311,TRUE,NA,41.11,"Stanford_Expanded","D11+15","Tryple",0,"CARIPLO","Yes","RBK1","MWMEA24",20251002,3,357.305154029781,498.8,1.948831667,1.38665858164933,1.27799128875224,0.849408689617237,0.956157692754972,0.976261130610962,"WT","Healthy"
"98",32,"B6",7553,20251014,"WTC-11","2024_DIFF19_CA","20251014_Dofetilide_CARIPLO_002","Dofetilide","Control",139,11,"Dofetilide","Dofetilide",0,384100,FALSE,-6.586,2228503.774,0.016,1403043942.889,TRUE,NA,45.614,"Stanford_Expanded","D11+15","Tryple",0,"CARIPLO","Yes","RBK1","MWMEA24",20251002,3,257.298716746398,384.1,2.228503774,0.998545555808059,0.984114783499872,0.97130527101621,1.06091405977439,0.936612271526896,"WT","Healthy"
"99",33,"B1",7553,20251014,"WTC-11","2024_DIFF19_CA","20251014_Dofetilide_CARIPLO_002","Dofetilide","1 nM",22,6,"Dofetilide","Dofetilide",1000,436100,FALSE,-20.507,2498325.532,0.042,3939251953.25,TRUE,NA,41.951,"Stanford_Expanded","D11+15","Tryple",0,"CARIPLO","Yes","RBK1","MWMEA24",20251002,3,275.906272241801,436.1,2.498325532,1.0001132560871,1.05287300820859,1.10829051590383,0.974652664838994,1.15750470949361,"WT","Healthy"
"100",33,"B1",7553,20251014,"WTC-11","2024_DIFF19_CA","20251014_Dofetilide_CARIPLO_002","Dofetilide","1 pM",22,6,"Dofetilide","Dofetilide",0,414200,FALSE,-16.668,2254215.385,0.128,3403227581.66,TRUE,NA,43.042,"Stanford_Expanded","D11+15","Tryple",0,"CARIPLO","Yes","RBK1","MWMEA24",20251002,3,275.875027715633,414.2,2.254215385,1,1,1,1,1,"WT","Healthy"
"101",33,"B1",7553,20251014,"WTC-11","2024_DIFF19_CA","20251014_Dofetilide_CARIPLO_002","Dofetilide","10 nM",22,6,"Dofetilide","Dofetilide",10000,469600,FALSE,-21.246,2091908.929,0.028,4092542396.211,TRUE,NA,40.481,"Stanford_Expanded","D11+15","Tryple",0,"CARIPLO","Yes","RBK1","MWMEA24",20251002,3,324.680870300959,469.6,2.091908929,1.17691286880679,1.13375181071946,0.927998692103683,0.940499976766879,1.20254737539908,"WT","Healthy"
"102",33,"B1",7553,20251014,"WTC-11","2024_DIFF19_CA","20251014_Dofetilide_CARIPLO_002","Dofetilide","100 nM",22,6,"Dofetilide","Dofetilide",1e+05,525300,FALSE,-18.103,1903248.387,0.009,3569998609.714,TRUE,NA,39.934,"Stanford_Expanded","D11+15","Tryple",0,"CARIPLO","Yes","RBK1","MWMEA24",20251002,3,380.767318553108,525.3,1.903248387,1.38021669342829,1.2682279092226,0.84430636028154,0.92779145950467,1.04900378362961,"WT","Healthy"
"103",33,"B1",7553,20251014,"WTC-11","2024_DIFF19_CA","20251014_Dofetilide_CARIPLO_002","Dofetilide","3 nM",22,6,"Dofetilide","Dofetilide",3000,454300,FALSE,-20.948,2244562.264,0.019,4060248763.111,TRUE,NA,40.827,"Stanford_Expanded","D11+15","Tryple",0,"CARIPLO","Yes","RBK1","MWMEA24",20251002,3,303.233311145195,454.3,2.244562264,1.09916911891627,1.09681313375181,0.995717746820364,0.948538636680452,1.19305825593084,"WT","Healthy"
"104",33,"B1",7553,20251014,"WTC-11","2024_DIFF19_CA","20251014_Dofetilide_CARIPLO_002","Dofetilide","30 nM",22,6,"Dofetilide","Dofetilide",30000,511300,FALSE,-19.659,1967840,0.017,3861777359.016,TRUE,NA,40.309,"Stanford_Expanded","D11+15","Tryple",0,"CARIPLO","Yes","RBK1","MWMEA24",20251002,3,364.486041149759,511.3,1.96784,1.32119983518575,1.23442781265089,0.872960061001447,0.93650387993123,1.13473967472147,"WT","Healthy"
"105",33,"B1",7553,20251014,"WTC-11","2024_DIFF19_CA","20251014_Dofetilide_CARIPLO_002","Dofetilide","Control",22,6,"Dofetilide","Dofetilide",0,418100,FALSE,-18.426,2370898,0.027,3532401842.353,TRUE,NA,43.603,"Stanford_Expanded","D11+15","Tryple",0,"CARIPLO","Yes","RBK1","MWMEA24",20251002,3,271.533696821348,418.1,2.370898,0.984263414741693,1.00941574118783,1.0517619637309,1.01303378095813,1.03795639803495,"WT","Healthy"
"106",34,"A3",7553,20251014,"WTC-11","2024_DIFF19_CA","20251014_DMSO_CARIPLO_002","DMSO","1 nM",59,2,"DMSO","DMSO",1000,370700,FALSE,-24.979,2569951.111,0.018,4680068503.565,TRUE,NA,42.278,"Stanford_Expanded","D11+15","Tryple",0,"CARIPLO","Yes","RBK1","MWMEA24",20251002,3,231.238506207817,370.7,2.569951111,1.03179489851356,1.0454032712916,1.02655200836712,0.988173148840688,0.942147170463638,"WT","Healthy"
"107",34,"A3",7553,20251014,"WTC-11","2024_DIFF19_CA","20251014_DMSO_CARIPLO_002","DMSO","1 pM",59,2,"DMSO","DMSO",0,354600,FALSE,-26.934,2503478.723,0.135,4967449513.5,TRUE,NA,42.784,"Stanford_Expanded","D11+15","Tryple",0,"CARIPLO","Yes","RBK1","MWMEA24",20251002,3,224.112860551014,354.6,2.503478723,1,1,1,1,1,"WT","Healthy"
"108",34,"A3",7553,20251014,"WTC-11","2024_DIFF19_CA","20251014_DMSO_CARIPLO_002","DMSO","10 nM",59,2,"DMSO","DMSO",10000,375500,FALSE,-18.676,1918037.705,0.021,3668393552.129,TRUE,NA,43.267,"Stanford_Expanded","D11+15","Tryple",0,"CARIPLO","Yes","RBK1","MWMEA24",20251002,3,271.1323705449,375.5,1.918037705,1.20980281933969,1.05893965031021,0.766148993949329,1.01128926701571,0.738486328277607,"WT","Healthy"
"109",34,"A3",7553,20251014,"WTC-11","2024_DIFF19_CA","20251014_DMSO_CARIPLO_002","DMSO","100 nM",59,2,"DMSO","DMSO",1e+05,380400,FALSE,-17.299,1674749.296,0.031,3735533345.667,TRUE,NA,42.82,"Stanford_Expanded","D11+15","Tryple",0,"CARIPLO","Yes","RBK1","MWMEA24",20251002,3,293.944681258182,380.4,1.674749296,1.31159220642437,1.07275803722504,0.668968855462488,1.00084143605086,0.75200227712732,"WT","Healthy"
"110",34,"A3",7553,20251014,"WTC-11","2024_DIFF19_CA","20251014_DMSO_CARIPLO_002","DMSO","3 nM",59,2,"DMSO","DMSO",3000,377100,FALSE,-13.929,2102087.5,0.032,3047749108.632,TRUE,NA,54.459,"Stanford_Expanded","D11+15","Tryple",0,"CARIPLO","Yes","RBK1","MWMEA24",20251002,3,260.094481387986,377.1,2.1020875,1.16055134341022,1.06345177664975,0.839666612976443,1.27288238593867,0.613544053210638,"WT","Healthy"
"111",34,"A3",7553,20251014,"WTC-11","2024_DIFF19_CA","20251014_DMSO_CARIPLO_002","DMSO","30 nM",59,2,"DMSO","DMSO",30000,379400,FALSE,-20.048,1857717.188,0.015,3959458874.585,TRUE,NA,42.085,"Stanford_Expanded","D11+15","Tryple",0,"CARIPLO","Yes","RBK1","MWMEA24",20251002,3,278.360448072956,379.4,1.857717188,1.24205477270946,1.06993795826283,0.742054314635371,0.983662116679132,0.797080848798646,"WT","Healthy"
"112",34,"A3",7553,20251014,"WTC-11","2024_DIFF19_CA","20251014_DMSO_CARIPLO_002","DMSO","Control",59,2,"DMSO","DMSO",0,340200,FALSE,-27.278,2158298.182,0.024,5055843309.857,TRUE,NA,43.386,"Stanford_Expanded","D11+15","Tryple",0,"CARIPLO","Yes","RBK1","MWMEA24",20251002,3,231.56802242507,340.2,2.158298182,1.03326521224943,0.959390862944162,0.862119642628175,1.01407068062827,1.01779460387404,"WT","Healthy"
"113",34,"A6",7553,20251014,"WTC-11","2024_DIFF19_CA","20251014_DMSO_CARIPLO_002","DMSO","1 nM",131,5,"DMSO","DMSO",1000,440400,FALSE,-23.651,2296128.846,0.033,4819939313.208,TRUE,NA,42.614,"Stanford_Expanded","D11+15","Tryple",0,"CARIPLO","Yes","RBK1","MWMEA24",20251002,3,290.63584960216,440.4,2.296128846,1.06027869767662,1.02347199628166,0.931776721879238,0.995282137518684,0.995995805578746,"WT","Healthy"
"114",34,"A6",7553,20251014,"WTC-11","2024_DIFF19_CA","20251014_DMSO_CARIPLO_002","DMSO","1 pM",131,5,"DMSO","DMSO",0,430300,FALSE,-24.191,2464247.917,0.052,4839316878.857,TRUE,NA,42.816,"Stanford_Expanded","D11+15","Tryple",0,"CARIPLO","Yes","RBK1","MWMEA24",20251002,3,274.112693425821,430.3,2.464247917,1,1,1,1,1,"WT","Healthy"
"115",34,"A6",7553,20251014,"WTC-11","2024_DIFF19_CA","20251014_DMSO_CARIPLO_002","DMSO","10 nM",131,5,"DMSO","DMSO",10000,449900,FALSE,-23.376,2088287.5,0.048,4755241627.579,TRUE,NA,42.61,"Stanford_Expanded","D11+15","Tryple",0,"CARIPLO","Yes","RBK1","MWMEA24",20251002,3,311.329911870427,449.9,2.0882875,1.13577342216251,1.0455496165466,0.8474340124602,0.995188714499253,0.982626628224053,"WT","Healthy"
"116",34,"A6",7553,20251014,"WTC-11","2024_DIFF19_CA","20251014_DMSO_CARIPLO_002","DMSO","100 nM",131,5,"DMSO","DMSO",1e+05,455100,FALSE,-22.121,1785243.939,0.031,4550383756.478,TRUE,NA,42.462,"Stanford_Expanded","D11+15","Tryple",0,"CARIPLO","Yes","RBK1","MWMEA24",20251002,3,340.610515708684,455.1,1.785243939,1.24259300600707,1.05763420869161,0.724457927582779,0.991732062780269,0.940294647031412,"WT","Healthy"
"117",34,"A6",7553,20251014,"WTC-11","2024_DIFF19_CA","20251014_DMSO_CARIPLO_002","DMSO","3 nM",131,5,"DMSO","DMSO",3000,450800,FALSE,-23.509,2253721.154,0.047,4766133770.264,TRUE,NA,42.23,"Stanford_Expanded","D11+15","Tryple",0,"CARIPLO","Yes","RBK1","MWMEA24",20251002,3,300.285123207978,450.8,2.253721154,1.09548054654112,1.04764118057169,0.914567539431545,0.986313527653214,0.984877388601532,"WT","Healthy"
"118",34,"A6",7553,20251014,"WTC-11","2024_DIFF19_CA","20251014_DMSO_CARIPLO_002","DMSO","30 nM",131,5,"DMSO","DMSO",30000,447700,FALSE,-21.244,1869401.587,0.04,4439725941.938,TRUE,NA,42.383,"Stanford_Expanded","D11+15","Tryple",0,"CARIPLO","Yes","RBK1","MWMEA24",20251002,3,327.443060501692,447.7,1.869401587,1.19455635712945,1.04043690448524,0.75860938102195,0.989886958146487,0.917428234826941,"WT","Healthy"
"119",34,"A6",7553,20251014,"WTC-11","2024_DIFF19_CA","20251014_DMSO_CARIPLO_002","DMSO","Control",131,5,"DMSO","DMSO",0,418300,FALSE,-22.71,2022201.724,0.022,4587016754.847,TRUE,NA,44.234,"Stanford_Expanded","D11+15","Tryple",0,"CARIPLO","Yes","RBK1","MWMEA24",20251002,3,294.154587902703,418.3,2.022201724,1.07311552860395,0.97211247966535,0.820616184779756,1.03311846038864,0.947864516764277,"WT","Healthy"
"120",34,"C3",7553,20251014,"WTC-11","2024_DIFF19_CA","20251014_NIFE_CARIPLO_002","NIFE","1 µM",220,14,"NIFE","Nifedipine",1e+06,241453,TRUE,-10.619,1476372.5,0.009,2891002246.074,TRUE,NA,28.607,"Stanford_Expanded","D11+15","Tryple",0,"CARIPLO","Yes","RBK1","MWMEA24",20251002,3,198.716821623037,241.453,1.4763725,1.06537699421634,0.75054397831547,0.496301583749435,1.02545076531527,1.01612577740402,"WT","Healthy"
"121",34,"C3",7553,20251014,"WTC-11","2024_DIFF19_CA","20251014_NIFE_CARIPLO_002","NIFE","1 pM",220,14,"NIFE","Nifedipine",0,321704,TRUE,-12.809,2974748.718,0.097,2845122435,TRUE,NA,27.897,"Stanford_Expanded","D11+15","Tryple",0,"CARIPLO","Yes","RBK1","MWMEA24",20251002,3,186.522538689891,321.704,2.974748718,1,1,1,1,1,"WT","Healthy"
"122",34,"C3",7553,20251014,"WTC-11","2024_DIFF19_CA","20251014_NIFE_CARIPLO_002","NIFE","100 nM",220,14,"NIFE","Nifedipine",1e+05,242523,TRUE,-9.863,1804143.077,0.056,2540762285.273,TRUE,NA,30.283,"Stanford_Expanded","D11+15","Tryple",0,"CARIPLO","Yes","RBK1","MWMEA24",20251002,3,180.558294437573,242.523,1.804143077,0.968024002384859,0.75387001715863,0.606485874280155,1.08552890991863,0.893023883266732,"WT","Healthy"
"123",34,"C3",7553,20251014,"WTC-11","2024_DIFF19_CA","20251014_NIFE_CARIPLO_002","NIFE","2 µM",220,14,"NIFE","Nifedipine",2e+06,95300,FALSE,-8.448,831123.077,0.067,2363878083.333,TRUE,NA,26.655,"Stanford_Expanded","D11+15","Tryple",0,"CARIPLO","Yes","RBK1","MWMEA24",20251002,3,104.534640515035,95.3,0.831123077,0.560439726208274,0.296235048367443,0.279392700287904,0.955479083772449,0.830852849864438,"WT","Healthy"
"124",34,"C3",7553,20251014,"WTC-11","2024_DIFF19_CA","20251014_NIFE_CARIPLO_002","NIFE","30 nM",220,14,"NIFE","Nifedipine",30000,301084,TRUE,-18.911,2014012.069,0.079,3943627943.39,TRUE,NA,33.37,"Stanford_Expanded","D11+15","Tryple",0,"CARIPLO","Yes","RBK1","MWMEA24",20251002,3,212.156646873939,301.084,2.014012069,1.1374316925134,0.935903812200035,0.677036032258238,1.19618596981754,1.38610131320763,"WT","Healthy"
"125",34,"C3",7553,20251014,"WTC-11","2024_DIFF19_CA","20251014_NIFE_CARIPLO_002","NIFE","300 nM",220,14,"NIFE","Nifedipine",3e+05,253223,TRUE,-13.852,1610372.973,0.04,3165291877.44,TRUE,NA,35.013,"Stanford_Expanded","D11+15","Tryple",0,"CARIPLO","Yes","RBK1","MWMEA24",20251002,3,199.544569465266,253.223,1.610372973,1.0698147841373,0.787130405590232,0.541347564335685,1.25508119152597,1.11253274674627,"WT","Healthy"
"126",34,"C3",7553,20251014,"WTC-11","2024_DIFF19_CA","20251014_NIFE_CARIPLO_002","NIFE","Control",220,14,"NIFE","Nifedipine",0,314382,TRUE,-15.775,2380530.612,0.023,3438240050.88,TRUE,NA,23.201,"Stanford_Expanded","D11+15","Tryple",0,"CARIPLO","Yes","RBK1","MWMEA24",20251002,3,203.760870425859,314.382,2.380530612,1.09241956418269,0.97723994728073,0.800245949379043,0.831666487435925,1.20846822216985,"WT","Healthy"
"127",34,"C4",7553,20251014,"WTC-11","2024_DIFF19_CA","20251014_NIFE_CARIPLO_002","NIFE","1 µM",196,15,"NIFE","Nifedipine",1e+06,139700,FALSE,-30.599,1011551.282,0.101,5671182197.492,TRUE,NA,NA,"Stanford_Expanded","D11+15","Tryple",0,"CARIPLO","Yes","RBK1","MWMEA24",20251002,3,138.900066512474,139.7,1.011551282,0.648162729292181,0.407526254375729,0.395314802352619,NA,0.869635731067984,"WT","Healthy"
"128",34,"C4",7553,20251014,"WTC-11","2024_DIFF19_CA","20251014_NIFE_CARIPLO_002","NIFE","1 pM",196,15,"NIFE","Nifedipine",0,342800,FALSE,-36.131,2558850,0.044,6521330707.66,TRUE,NA,NA,"Stanford_Expanded","D11+15","Tryple",0,"CARIPLO","Yes","RBK1","MWMEA24",20251002,3,214.298138777832,342.8,2.55885,1,1,1,NA,1,"WT","Healthy"
"129",34,"C4",7553,20251014,"WTC-11","2024_DIFF19_CA","20251014_NIFE_CARIPLO_002","NIFE","100 nM",196,15,"NIFE","Nifedipine",1e+05,324200,FALSE,-27.335,1909838.71,0.037,5206788784.19,TRUE,NA,NA,"Stanford_Expanded","D11+15","Tryple",0,"CARIPLO","Yes","RBK1","MWMEA24",20251002,3,234.592792342166,324.2,1.90983871,1.09470289233531,0.945740956826138,0.746366027707759,NA,0.798424281423739,"WT","Healthy"
"130",34,"C4",7553,20251014,"WTC-11","2024_DIFF19_CA","20251014_NIFE_CARIPLO_002","NIFE","2 µM",196,15,"NIFE","Nifedipine",2e+06,109700,FALSE,-33.499,849189.286,0.037,6155108090.894,FALSE,NA,NA,"Stanford_Expanded","D11+15","Tryple",0,"CARIPLO","Yes","RBK1","MWMEA24",20251002,3,119.043140209824,109.7,0.849189286,0.555502445745636,0.320011668611435,0.331863644215175,NA,0.943842348566094,"WT","Healthy"
"131",34,"C4",7553,20251014,"WTC-11","2024_DIFF19_CA","20251014_NIFE_CARIPLO_002","NIFE","30 nM",196,15,"NIFE","Nifedipine",30000,341400,FALSE,-26.16,2258932.692,0.05,4982292736.981,TRUE,NA,NA,"Stanford_Expanded","D11+15","Tryple",0,"CARIPLO","Yes","RBK1","MWMEA24",20251002,3,227.149545104483,341.4,2.258932692,1.05996975242036,0.995915985997666,0.882792149598452,NA,0.76399939833273,"WT","Healthy"
"132",34,"C4",7553,20251014,"WTC-11","2024_DIFF19_CA","20251014_NIFE_CARIPLO_002","NIFE","300 nM",196,15,"NIFE","Nifedipine",3e+05,229000,FALSE,-35.012,1466616.25,0.072,6375378500.889,TRUE,NA,NA,"Stanford_Expanded","D11+15","Tryple",0,"CARIPLO","Yes","RBK1","MWMEA24",20251002,3,189.093776737671,229,1.46661625,0.882386463158733,0.668028004667444,0.573154444379311,NA,0.977619260038513,"WT","Healthy"
"133",34,"C4",7553,20251014,"WTC-11","2024_DIFF19_CA","20251014_NIFE_CARIPLO_002","NIFE","Control",196,15,"NIFE","Nifedipine",0,343600,FALSE,-35.347,2335762,0.026,6295404866.353,TRUE,NA,NA,"Stanford_Expanded","D11+15","Tryple",0,"CARIPLO","Yes","RBK1","MWMEA24",20251002,3,224.822027878694,343.6,2.335762,1.04910863510472,1.00233372228705,0.912817085800262,NA,0.965355868083545,"WT","Healthy"
"134",42,"A1",7553,20251014,"WTC-11","2024_DIFF19_CA","20251014_DMSO_CARIPLO_002","DMSO","1 nM",8,0,"DMSO","DMSO",1000,447200,FALSE,-13.524,2816809.756,0.028,2731949340,TRUE,NA,41.02,"Stanford_Expanded","D11+15","Tryple",0,"CARIPLO","Yes","RBK1","MWMEA24",20251002,3,266.454486234941,447.2,2.816809756,1.05304376925018,1.06223277909739,1.01752843029086,0.98141014905376,0.932743182743183,"WT","Healthy"
"135",42,"A1",7553,20251014,"WTC-11","2024_DIFF19_CA","20251014_DMSO_CARIPLO_002","DMSO","1 pM",8,0,"DMSO","DMSO",0,421000,FALSE,-15.078,2768286.047,0.049,2928940560,TRUE,NA,41.797,"Stanford_Expanded","D11+15","Tryple",0,"CARIPLO","Yes","RBK1","MWMEA24",20251002,3,253.032679187371,421,2.768286047,1,1,1,1,1,"WT","Healthy"
"136",42,"A1",7553,20251014,"WTC-11","2024_DIFF19_CA","20251014_DMSO_CARIPLO_002","DMSO","10 nM",8,0,"DMSO","DMSO",10000,433800,FALSE,-10.218,1911262.903,0.029,1899040205.714,TRUE,NA,56.524,"Stanford_Expanded","D11+15","Tryple",0,"CARIPLO","Yes","RBK1","MWMEA24",20251002,3,313.782943373508,433.8,1.911262903,1.240088609824,1.03040380047506,0.690413804986389,1.35234586214322,0.648371029323313,"WT","Healthy"
"137",42,"A1",7553,20251014,"WTC-11","2024_DIFF19_CA","20251014_DMSO_CARIPLO_002","DMSO","100 nM",8,0,"DMSO","DMSO",1e+05,444200,FALSE,-13.175,1837757.813,0.01,2696436359.815,TRUE,NA,41.137,"Stanford_Expanded","D11+15","Tryple",0,"CARIPLO","Yes","RBK1","MWMEA24",20251002,3,327.66829047285,444.2,1.837757813,1.29496431656645,1.05510688836105,0.663861241865372,0.984209393018638,0.920618327541273,"WT","Healthy"
"138",42,"A1",7553,20251014,"WTC-11","2024_DIFF19_CA","20251014_DMSO_CARIPLO_002","DMSO","3 nM",8,0,"DMSO","DMSO",3000,452200,FALSE,-12.403,2496212.766,0.038,2723245914.25,TRUE,NA,43.134,"Stanford_Expanded","D11+15","Tryple",0,"CARIPLO","Yes","RBK1","MWMEA24",20251002,3,286.213265073571,452.2,2.496212766,1.13113162296965,1.07410926365796,0.901717786247253,1.03198794171831,0.929771655813322,"WT","Healthy"
"139",42,"A1",7553,20251014,"WTC-11","2024_DIFF19_CA","20251014_DMSO_CARIPLO_002","DMSO","30 nM",8,0,"DMSO","DMSO",30000,443200,FALSE,-13.59,2031722.414,0.015,2741814307.119,TRUE,NA,41.498,"Stanford_Expanded","D11+15","Tryple",0,"CARIPLO","Yes","RBK1","MWMEA24",20251002,3,310.933536047749,443.2,2.031722414,1.22882758482553,1.05273159144893,0.733927917673748,0.992846376534201,0.936111283569032,"WT","Healthy"
"140",42,"A1",7553,20251014,"WTC-11","2024_DIFF19_CA","20251014_DMSO_CARIPLO_002","DMSO","Control",8,0,"DMSO","DMSO",0,404800,FALSE,-15.493,2231354.717,0.016,2970371962.667,TRUE,NA,42.781,"Stanford_Expanded","D11+15","Tryple",0,"CARIPLO","Yes","RBK1","MWMEA24",20251002,3,270.991829033321,404.8,2.231354717,1.07097561431048,0.961520190023753,0.806041962107972,1.02354235949949,1.01414552525675,"WT","Healthy"
"141",42,"B3",7553,20251014,"WTC-11","2024_DIFF19_CA","20251014_Dofetilide_CARIPLO_002","Dofetilide","1 nM",68,8,"Dofetilide","Dofetilide",1000,427600,FALSE,-8.377,2533569.565,0.023,1571596422.383,TRUE,NA,36.482,"Stanford_Expanded","D11+15","Tryple",0,"CARIPLO","Yes","RBK1","MWMEA24",20251002,3,268.640371801306,427.6,2.533569565,1.06378326542825,1.05009823182711,0.974436506898293,1.25813015139497,0.979770959553554,"WT","Healthy"
"142",42,"B3",7553,20251014,"WTC-11","2024_DIFF19_CA","20251014_Dofetilide_CARIPLO_002","Dofetilide","1 pM",68,8,"Dofetilide","Dofetilide",0,407200,FALSE,-8.235,2600035.556,0.052,1604044707.652,TRUE,NA,28.997,"Stanford_Expanded","D11+15","Tryple",0,"CARIPLO","Yes","RBK1","MWMEA24",20251002,3,252.532992886629,407.2,2.600035556,1,1,1,1,1,"WT","Healthy"
"143",42,"B3",7553,20251014,"WTC-11","2024_DIFF19_CA","20251014_Dofetilide_CARIPLO_002","Dofetilide","10 nM",68,8,"Dofetilide","Dofetilide",10000,469300,FALSE,-7.904,2158498.182,0.026,1576442780.143,TRUE,NA,40.297,"Stanford_Expanded","D11+15","Tryple",0,"CARIPLO","Yes","RBK1","MWMEA24",20251002,3,319.429271201496,469.3,2.158498182,1.26490114242181,1.15250491159136,0.830180255427245,1.3896954857399,0.982792295390941,"WT","Healthy"
"144",42,"B3",7553,20251014,"WTC-11","2024_DIFF19_CA","20251014_Dofetilide_CARIPLO_002","Dofetilide","100 nM",68,8,"Dofetilide","Dofetilide",1e+05,521900,FALSE,-5.365,1832800,0.165,1243126699.569,TRUE,NA,79.335,"Stanford_Expanded","D11+15","Tryple",0,"CARIPLO","Yes","RBK1","MWMEA24",20251002,3,385.504772352776,521.9,1.8328,1.52655210689972,1.28167976424361,0.704913436960706,2.73597268682967,0.774995044488934,"WT","Healthy"
"145",42,"B3",7553,20251014,"WTC-11","2024_DIFF19_CA","20251014_Dofetilide_CARIPLO_002","Dofetilide","3 nM",68,8,"Dofetilide","Dofetilide",3000,439200,FALSE,-8.314,2285921.154,0.027,1651099400.83,TRUE,NA,44.555,"Stanford_Expanded","D11+15","Tryple",0,"CARIPLO","Yes","RBK1","MWMEA24",20251002,3,290.490348855953,439.2,2.285921154,1.15030652246839,1.07858546168959,0.879188420606353,1.53653826257889,1.02933502598371,"WT","Healthy"
"146",42,"B3",7553,20251014,"WTC-11","2024_DIFF19_CA","20251014_Dofetilide_CARIPLO_002","Dofetilide","30 nM",68,8,"Dofetilide","Dofetilide",30000,495000,FALSE,-6.125,1991308.475,0.016,1363696803.8,TRUE,NA,63.017,"Stanford_Expanded","D11+15","Tryple",0,"CARIPLO","Yes","RBK1","MWMEA24",20251002,3,350.780891804966,495,1.991308475,1.38904975462926,1.21561886051081,0.765877401331969,2.17322481636031,0.850161343567648,"WT","Healthy"
"147",42,"B3",7553,20251014,"WTC-11","2024_DIFF19_CA","20251014_Dofetilide_CARIPLO_002","Dofetilide","Control",68,8,"Dofetilide","Dofetilide",0,401600,FALSE,-7.458,2284719.608,0.015,1500980022.462,TRUE,NA,21.566,"Stanford_Expanded","D11+15","Tryple",0,"CARIPLO","Yes","RBK1","MWMEA24",20251002,3,265.691248551223,401.6,2.284719608,1.05210509531521,0.986247544204322,0.878726293849191,0.743732110218298,0.935746999632656,"WT","Healthy"
"148",42,"D1",7553,20251014,"WTC-11","2024_DIFF19_CA","20251014_ETOH_CARIPLO_002","ETOH","1 µM",279,18,"ETOH","ETOH",1e+06,431700,FALSE,-5.653,1981935.593,0.024,1282367145.8,TRUE,NA,40.572,"Stanford_Expanded","D11+15","Tryple",0,"CARIPLO","Yes","RBK1","MWMEA24",20251002,3,306.645983150919,431.7,1.981935593,1.17172358825354,1.05292682926829,0.807506520858633,0.951679489585288,0.968418619933001,"WT","Healthy"
"149",42,"D1",7553,20251014,"WTC-11","2024_DIFF19_CA","20251014_ETOH_CARIPLO_002","ETOH","1 pM",279,18,"ETOH","ETOH",0,410000,FALSE,-6.009,2454389.583,0.027,1324186792.163,TRUE,NA,42.632,"Stanford_Expanded","D11+15","Tryple",0,"CARIPLO","Yes","RBK1","MWMEA24",20251002,3,261.70505247571,410,2.454389583,1,1,1,1,1,"WT","Healthy"
"150",42,"D1",7553,20251014,"WTC-11","2024_DIFF19_CA","20251014_ETOH_CARIPLO_002","ETOH","100 nM",279,18,"ETOH","ETOH",1e+05,426000,FALSE,-6.198,2182872.222,0.04,1364610822.109,TRUE,NA,40.751,"Stanford_Expanded","D11+15","Tryple",0,"CARIPLO","Yes","RBK1","MWMEA24",20251002,3,288.333724510776,426,2.182872222,1.10175069905285,1.0390243902439,0.889374790831648,0.955878213548508,1.03052743780956,"WT","Healthy"
"151",42,"D1",7553,20251014,"WTC-11","2024_DIFF19_CA","20251014_ETOH_CARIPLO_002","ETOH","2 µM",279,18,"ETOH","ETOH",2e+06,433600,FALSE,-5.485,1889009.524,0.038,1259276990.813,TRUE,NA,45.062,"Stanford_Expanded","D11+15","Tryple",0,"CARIPLO","Yes","RBK1","MWMEA24",20251002,3,315.480267032411,433.6,1.889009524,1.20548023069479,1.05756097560976,0.769645347700288,1.0569994370426,0.950981385908575,"WT","Healthy"
"152",42,"D1",7553,20251014,"WTC-11","2024_DIFF19_CA","20251014_ETOH_CARIPLO_002","ETOH","30 nM",279,18,"ETOH","ETOH",30000,427600,FALSE,-5.964,2436079.167,0.032,1324342492.408,TRUE,NA,40.936,"Stanford_Expanded","D11+15","Tryple",0,"CARIPLO","Yes","RBK1","MWMEA24",20251002,3,273.963053240165,427.6,2.436079167,1.04683899163771,1.04292682926829,0.992539727137523,0.960217676862451,1.00011758178372,"WT","Healthy"
"153",42,"D1",7553,20251014,"WTC-11","2024_DIFF19_CA","20251014_ETOH_CARIPLO_002","ETOH","300 nM",279,18,"ETOH","ETOH",3e+05,434500,FALSE,-5.607,2132800,0.039,1269923888.357,TRUE,NA,46.096,"Stanford_Expanded","D11+15","Tryple",0,"CARIPLO","Yes","RBK1","MWMEA24",20251002,3,297.519006245432,434.5,2.1328,1.13684853781356,1.05975609756098,0.868973701148568,1.08125351848377,0.959021714967143,"WT","Healthy"
"154",42,"D1",7553,20251014,"WTC-11","2024_DIFF19_CA","20251014_ETOH_CARIPLO_002","ETOH","Control",279,18,"ETOH","ETOH",0,400200,FALSE,-6.127,2148640,0.048,1338746285.571,TRUE,NA,41.798,"Stanford_Expanded","D11+15","Tryple",0,"CARIPLO","Yes","RBK1","MWMEA24",20251002,3,273.020498985305,400.2,2.14864,1.04323740180999,0.97609756097561,0.875427444315388,0.980437230249578,1.01099504503003,"WT","Healthy"
"155",42,"D3",7553,20251014,"WTC-11","2024_DIFF19_CA","20251014_ETOH_CARIPLO_002","ETOH","1 µM",231,20,"ETOH","ETOH",1e+06,449100,FALSE,-21.386,1804159.091,0.037,4256315412.716,TRUE,NA,43.559,"Stanford_Expanded","D11+15","Tryple",0,"CARIPLO","Yes","RBK1","MWMEA24",20251002,3,334.353319697313,449.1,1.804159091,1.22140700918675,1.08925539655591,0.795313994938065,1.03284013847394,1.38423208758714,"WT","Healthy"
"156",42,"D3",7553,20251014,"WTC-11","2024_DIFF19_CA","20251014_ETOH_CARIPLO_002","ETOH","1 pM",231,20,"ETOH","ETOH",0,412300,FALSE,-12.793,2268486.538,0.051,3074856775.019,TRUE,NA,42.174,"Stanford_Expanded","D11+15","Tryple",0,"CARIPLO","Yes","RBK1","MWMEA24",20251002,3,273.744392477276,412.3,2.268486538,1,1,1,1,1,"WT","Healthy"
"157",42,"D3",7553,20251014,"WTC-11","2024_DIFF19_CA","20251014_ETOH_CARIPLO_002","ETOH","100 nM",231,20,"ETOH","ETOH",1e+05,437600,FALSE,-14.565,2102155.357,0.028,3288607826.947,TRUE,NA,44.172,"Stanford_Expanded","D11+15","Tryple",0,"CARIPLO","Yes","RBK1","MWMEA24",20251002,3,301.817841538512,437.6,2.102155357,1.10255351281238,1.06136308513219,0.926677466137117,1.04737516005122,1.06951577506457,"WT","Healthy"
"158",42,"D3",7553,20251014,"WTC-11","2024_DIFF19_CA","20251014_ETOH_CARIPLO_002","ETOH","2 µM",231,20,"ETOH","ETOH",2e+06,442000,FALSE,-11.726,1769391.045,0.067,2861680075.588,TRUE,NA,42.008,"Stanford_Expanded","D11+15","Tryple",0,"CARIPLO","Yes","RBK1","MWMEA24",20251002,3,332.284709304393,442,1.769391045,1.21385028674871,1.07203492602474,0.779987456553291,0.99606392564139,0.930671014935425,"WT","Healthy"
"159",42,"D3",7553,20251014,"WTC-11","2024_DIFF19_CA","20251014_ETOH_CARIPLO_002","ETOH","30 nM",231,20,"ETOH","ETOH",30000,427100,FALSE,-13.039,2184905.556,0.037,3151685042.836,TRUE,NA,43.336,"Stanford_Expanded","D11+15","Tryple",0,"CARIPLO","Yes","RBK1","MWMEA24",20251002,3,288.943704765857,427.1,2.184905556,1.05552373932132,1.03589619209314,0.963155619132001,1.02755252051027,1.0249859663192,"WT","Healthy"
"160",42,"D3",7553,20251014,"WTC-11","2024_DIFF19_CA","20251014_ETOH_CARIPLO_002","ETOH","300 nM",231,20,"ETOH","ETOH",3e+05,438300,FALSE,-14.191,1970486.667,0.047,3252108562.426,TRUE,NA,43.707,"Stanford_Expanded","D11+15","Tryple",0,"CARIPLO","Yes","RBK1","MWMEA24",20251002,3,312.237255075527,438.3,1.970486667,1.14061607709991,1.06306087800146,0.868634939635687,1.03634940958885,1.05764554266301,"WT","Healthy"
"161",42,"D3",7553,20251014,"WTC-11","2024_DIFF19_CA","20251014_ETOH_CARIPLO_002","ETOH","Control",231,20,"ETOH","ETOH",0,403700,FALSE,-12.743,2080214.035,0.018,2986419369.103,TRUE,NA,43.435,"Stanford_Expanded","D11+15","Tryple",0,"CARIPLO","Yes","RBK1","MWMEA24",20251002,3,279.901185772751,403.7,2.080214035,1.02249102982442,0.979141401891826,0.917005236819263,1.02989993835064,0.971238528365129,"WT","Healthy"
"162",43,"A5",7553,20251014,"WTC-11","2024_DIFF19_CA","20251014_DMSO_CARIPLO_002","DMSO","1 nM",105,4,"DMSO","DMSO",1000,465700,FALSE,-18.585,2485372.34,0.068,3858289853.25,TRUE,NA,43.17,"Stanford_Expanded","D11+15","Tryple",0,"CARIPLO","Yes","RBK1","MWMEA24",20251002,3,295.40001129131,465.7,2.48537234,1.06171863486607,1.04651685393258,0.971568831480146,0.977825092301071,0.92145424237788,"WT","Healthy"
"163",43,"A5",7553,20251014,"WTC-11","2024_DIFF19_CA","20251014_DMSO_CARIPLO_002","DMSO","1 pM",105,4,"DMSO","DMSO",0,445000,FALSE,-21.321,2558102.174,0.044,4187174659.149,TRUE,NA,44.149,"Stanford_Expanded","D11+15","Tryple",0,"CARIPLO","Yes","RBK1","MWMEA24",20251002,3,278.228149709902,445,2.558102174,1,1,1,1,1,"WT","Healthy"
"164",43,"A5",7553,20251014,"WTC-11","2024_DIFF19_CA","20251014_DMSO_CARIPLO_002","DMSO","10 nM",105,4,"DMSO","DMSO",10000,474800,FALSE,-17.921,1915286.885,0.024,3723576281.226,TRUE,NA,42.975,"Stanford_Expanded","D11+15","Tryple",0,"CARIPLO","Yes","RBK1","MWMEA24",20251002,3,343.078729305189,474.8,1.915286885,1.23308417808516,1.06696629213483,0.748713989795468,0.973408231217015,0.889281337498058,"WT","Healthy"
"165",43,"A5",7553,20251014,"WTC-11","2024_DIFF19_CA","20251014_DMSO_CARIPLO_002","DMSO","100 nM",105,4,"DMSO","DMSO",1e+05,475200,FALSE,-17.564,1723131.884,0.022,3656819499.086,TRUE,NA,42.5,"Stanford_Expanded","D11+15","Tryple",0,"CARIPLO","Yes","RBK1","MWMEA24",20251002,3,362.007170311853,475.2,1.723131884,1.30111626264023,1.06786516853933,0.67359775599018,0.962649210627647,0.87333818069801,"WT","Healthy"
"166",43,"A5",7553,20251014,"WTC-11","2024_DIFF19_CA","20251014_DMSO_CARIPLO_002","DMSO","3 nM",105,4,"DMSO","DMSO",3000,471900,FALSE,-16.957,2073617.544,0.039,3570248770.345,TRUE,NA,42.774,"Stanford_Expanded","D11+15","Tryple",0,"CARIPLO","Yes","RBK1","MWMEA24",20251002,3,327.706947029678,471.9,2.073617544,1.1778353389884,1.06044943820225,0.810607787709108,0.968855466714988,0.852662967508171,"WT","Healthy"
"167",43,"A5",7553,20251014,"WTC-11","2024_DIFF19_CA","20251014_DMSO_CARIPLO_002","DMSO","30 nM",105,4,"DMSO","DMSO",30000,469300,FALSE,-17.662,1811975.385,0.017,3698979988.545,TRUE,NA,42.448,"Stanford_Expanded","D11+15","Tryple",0,"CARIPLO","Yes","RBK1","MWMEA24",20251002,3,348.637747813216,469.3,1.811975385,1.25306425024473,1.05460674157303,0.708327995424314,0.961471381005232,0.883407139576255,"WT","Healthy"
"168",43,"A5",7553,20251014,"WTC-11","2024_DIFF19_CA","20251014_DMSO_CARIPLO_002","DMSO","Control",105,4,"DMSO","DMSO",0,443000,FALSE,-18.69,1986010,0.019,3788744870.951,TRUE,NA,44.131,"Stanford_Expanded","D11+15","Tryple",0,"CARIPLO","Yes","RBK1","MWMEA24",20251002,3,314.349671437638,443,1.98601,1.12982698467211,0.995505617977528,0.776360702158568,0.999592289746087,0.90484519499863,"WT","Healthy"
"169",13,"A5",7899,20251014,"SCVI498c1","2024_DIFF9_CA","20251014_DMSO_CARIPLO_001","DMSO","1 nM",98,4,"DMSO","DMSO",1000,453700,FALSE,-5.491,8396338.462,0.2,1351665452.571,FALSE,NA,37.605,"Stanford_Expanded","D11+25","Tryple",0,"CARIPLO","Yes","RBK1","MWMEA24",20250924,2,156.575501281885,453.7,8.396338462,1.02802253437369,0.971104452054795,0.892332315772581,1.92875827050315,1.16955344082018,"KCNH2-p.A561V","LQT2"
"170",13,"A5",7899,20251014,"SCVI498c1","2024_DIFF9_CA","20251014_DMSO_CARIPLO_001","DMSO","1 pM",98,4,"DMSO","DMSO",0,467200,FALSE,-4.98,9409430,0.558,1155710722.909,FALSE,NA,19.497,"Stanford_Expanded","D11+25","Tryple",0,"CARIPLO","Yes","RBK1","MWMEA24",20250924,2,152.307460241887,467.2,9.40943,1,1,1,1,1,"KCNH2-p.A561V","LQT2"
"171",13,"A5",7899,20251014,"SCVI498c1","2024_DIFF9_CA","20251014_DMSO_CARIPLO_001","DMSO","10 nM",98,4,"DMSO","DMSO",10000,434300,FALSE,-5.117,4435507.692,0.411,1234487142.222,TRUE,NA,30.9,"Stanford_Expanded","D11+25","Tryple",0,"CARIPLO","Yes","RBK1","MWMEA24",20250924,2,206.214006894112,434.3,4.435507692,1.35393241123326,0.929580479452055,0.47138962636419,1.58485920910909,1.06816274847283,"KCNH2-p.A561V","LQT2"
"172",13,"A5",7899,20251014,"SCVI498c1","2024_DIFF9_CA","20251014_DMSO_CARIPLO_001","DMSO","100 nM",98,4,"DMSO","DMSO",1e+05,426300,FALSE,-4.687,3720996.774,0.201,1117111206.375,TRUE,NA,27.284,"Stanford_Expanded","D11+25","Tryple",0,"CARIPLO","Yes","RBK1","MWMEA24",20250924,2,220.996647689018,426.3,3.720996774,1.45099030170972,0.912457191780822,0.395454004546503,1.3993947786839,0.966601057021568,"KCNH2-p.A561V","LQT2"
"173",13,"A5",7899,20251014,"SCVI498c1","2024_DIFF9_CA","20251014_DMSO_CARIPLO_001","DMSO","3 nM",98,4,"DMSO","DMSO",3000,447300,FALSE,-5.117,5293028.571,0.364,1363858728,TRUE,NA,31.139,"Stanford_Expanded","D11+25","Tryple",0,"CARIPLO","Yes","RBK1","MWMEA24",20250924,2,194.422614514211,447.3,5.293028571,1.27651406047634,0.957405821917808,0.56252382673552,1.59711750525722,1.18010389707822,"KCNH2-p.A561V","LQT2"
"174",13,"A5",7899,20251014,"SCVI498c1","2024_DIFF9_CA","20251014_DMSO_CARIPLO_001","DMSO","30 nM",98,4,"DMSO","DMSO",30000,434300,FALSE,-4.746,4167475,0.244,1141338498.207,TRUE,NA,23.196,"Stanford_Expanded","D11+25","Tryple",0,"CARIPLO","Yes","RBK1","MWMEA24",20250924,2,212.742044080619,434.3,4.167475,1.39679332675335,0.929580479452055,0.442904086644993,1.18972149561471,0.987564167730638,"KCNH2-p.A561V","LQT2"
"175",13,"A5",7899,20251014,"SCVI498c1","2024_DIFF9_CA","20251014_DMSO_CARIPLO_001","DMSO","Control",98,4,"DMSO","DMSO",0,442900,FALSE,-5.634,7710764.286,0.385,1319163675.2,FALSE,NA,38.555,"Stanford_Expanded","D11+25","Tryple",0,"CARIPLO","Yes","RBK1","MWMEA24",20250924,2,159.498633534532,442.9,7.710764286,1.0472148460832,0.94798801369863,0.819471985656942,1.9774837154434,1.14143067901938,"KCNH2-p.A561V","LQT2"
"176",13,"B4",7899,20251014,"SCVI498c1","2024_DIFF9_CA","20251014_Dofetilide_CARIPLO_001","Dofetilide","1 nM",86,9,"Dofetilide","Dofetilide",1000,629600,FALSE,-2.336,4120551.852,0.433,720452706.429,TRUE,NA,15.474,"Stanford_Expanded","D11+25","Tryple",0,"CARIPLO","Yes","RBK1","MWMEA24",20250924,2,310.160885264463,629.6,4.120551852,1.15367070887771,0.962691131498471,0.696322148804732,1.02118392397545,0.966736511097195,"KCNH2-p.A561V","LQT2"
"177",13,"B4",7899,20251014,"SCVI498c1","2024_DIFF9_CA","20251014_Dofetilide_CARIPLO_001","Dofetilide","1 pM",86,9,"Dofetilide","Dofetilide",0,654000,FALSE,-2.53,5917594.118,0.596,745242057.333,FALSE,NA,15.153,"Stanford_Expanded","D11+25","Tryple",0,"CARIPLO","Yes","RBK1","MWMEA24",20250924,2,268.846979365705,654,5.917594118,1,1,1,1,1,"KCNH2-p.A561V","LQT2"
"178",13,"B4",7899,20251014,"SCVI498c1","2024_DIFF9_CA","20251014_Dofetilide_CARIPLO_001","Dofetilide","10 nM",86,9,"Dofetilide","Dofetilide",10000,746500,FALSE,-1.751,6283057.895,0.227,579115444.2,TRUE,NA,19.866,"Stanford_Expanded","D11+25","Tryple",0,"CARIPLO","Yes","RBK1","MWMEA24",20250924,2,297.813431906788,746.5,6.283057895,1.10774326945917,1.1414373088685,1.06175884484682,1.31102751930311,0.777083685094857,"KCNH2-p.A561V","LQT2"
"179",13,"B4",7899,20251014,"SCVI498c1","2024_DIFF9_CA","20251014_Dofetilide_CARIPLO_001","Dofetilide","100 nM",86,9,"Dofetilide","Dofetilide",1e+05,1047152,TRUE,-1.431,4503496,0.188,478514666.769,TRUE,NA,39.09,"Stanford_Expanded","D11+25","Tryple",0,"CARIPLO","Yes","RBK1","MWMEA24",20250924,2,493.440549728108,1047.152,4.503496,1.83539555062992,1.6011498470948,0.761034959511902,2.57968719065532,0.642092944246145,"KCNH2-p.A561V","LQT2"
"180",13,"B4",7899,20251014,"SCVI498c1","2024_DIFF9_CA","20251014_Dofetilide_CARIPLO_001","Dofetilide","3 nM",86,9,"Dofetilide","Dofetilide",3000,682100,FALSE,-2.06,6835464.706,0.518,632530893.333,FALSE,NA,69.06,"Stanford_Expanded","D11+25","Tryple",0,"CARIPLO","Yes","RBK1","MWMEA24",20250924,2,260.893961278207,682.1,6.835464706,0.970418049307224,1.04296636085627,1.15510874346857,4.55751336369036,0.848758986572283,"KCNH2-p.A561V","LQT2"
"181",13,"B4",7899,20251014,"SCVI498c1","2024_DIFF9_CA","20251014_Dofetilide_CARIPLO_001","Dofetilide","30 nM",86,9,"Dofetilide","Dofetilide",30000,886600,FALSE,-1.99,4675650,0.248,624664224.96,TRUE,NA,61.88,"Stanford_Expanded","D11+25","Tryple",0,"CARIPLO","Yes","RBK1","MWMEA24",20250924,2,410.021594185471,886.6,4.67565,1.52511140408883,1.35565749235474,0.790126849994277,4.08367979937966,0.838203129860233,"KCNH2-p.A561V","LQT2"
"182",13,"B4",7899,20251014,"SCVI498c1","2024_DIFF9_CA","20251014_Dofetilide_CARIPLO_001","Dofetilide","Control",86,9,"Dofetilide","Dofetilide",0,687300,FALSE,-1.667,10502490,0.402,559957905.818,FALSE,NA,28.736,"Stanford_Expanded","D11+25","Tryple",0,"CARIPLO","Yes","RBK1","MWMEA24",20250924,2,212.08023969156,687.3,10.50249,0.788851115946792,1.05091743119266,1.77479052982931,1.89639015376493,0.751377220740766,"KCNH2-p.A561V","LQT2"
"183",21,"B2",7899,20251014,"SCVI498c1","2024_DIFF9_CA","20251014_Dofetilide_CARIPLO_001","Dofetilide","1 nM",41,7,"Dofetilide","Dofetilide",1000,419000,FALSE,-0.191,5837984.211,1.497,135000079.8,TRUE,NA,21.127,"Stanford_Expanded","D11+25","Tryple",0,"CARIPLO","Yes","RBK1","MWMEA24",20250924,2,173.413364734375,419,5.837984211,1.48342429142866,0.989374262101535,0.444826286818615,1.09127066115702,0.787452630115078,"KCNH2-p.A561V","LQT2"
"184",21,"B2",7899,20251014,"SCVI498c1","2024_DIFF9_CA","20251014_Dofetilide_CARIPLO_001","Dofetilide","1 pM",41,7,"Dofetilide","Dofetilide",0,423500,FALSE,-0.368,13124188.889,0.408,171438985.2,FALSE,NA,19.36,"Stanford_Expanded","D11+25","Tryple",0,"CARIPLO","Yes","RBK1","MWMEA24",20250924,2,116.900717978242,423.5,13.124188889,1,1,1,1,1,"KCNH2-p.A561V","LQT2"
"185",21,"B2",7899,20251014,"SCVI498c1","2024_DIFF9_CA","20251014_Dofetilide_CARIPLO_001","Dofetilide","10 nM",41,7,"Dofetilide","Dofetilide",10000,444200,FALSE,-0.302,6016063.158,0.323,173143659.6,TRUE,NA,25.69,"Stanford_Expanded","D11+25","Tryple",0,"CARIPLO","Yes","RBK1","MWMEA24",20250924,2,181.101630650913,444.2,6.016063158,1.54919177386592,1.04887839433294,0.458395045124834,1.32696280991736,1.00994332997253,"KCNH2-p.A561V","LQT2"
"186",21,"B2",7899,20251014,"SCVI498c1","2024_DIFF9_CA","20251014_Dofetilide_CARIPLO_001","Dofetilide","100 nM",41,7,"Dofetilide","Dofetilide",1e+05,872493,TRUE,-0.303,4959352.174,0.285,174115701.5,FALSE,NA,18.312,"Stanford_Expanded","D11+25","Tryple",0,"CARIPLO","Yes","RBK1","MWMEA24",20250924,2,391.786508422338,872.493,4.959352174,3.35144655394895,2.06019598583235,0.377878756237398,0.945867768595041,1.01561322995979,"KCNH2-p.A561V","LQT2"
"187",21,"B2",7899,20251014,"SCVI498c1","2024_DIFF9_CA","20251014_Dofetilide_CARIPLO_001","Dofetilide","3 nM",41,7,"Dofetilide","Dofetilide",3000,439700,FALSE,-0.28,8537223.077,0.587,161620503.429,FALSE,NA,23.823,"Stanford_Expanded","D11+25","Tryple",0,"CARIPLO","Yes","RBK1","MWMEA24",20250924,2,150.486711113224,439.7,8.537223077,1.28730356593048,1.03825265643447,0.650495291496105,1.23052685950413,0.942729002043813,"KCNH2-p.A561V","LQT2"
"188",21,"B2",7899,20251014,"SCVI498c1","2024_DIFF9_CA","20251014_Dofetilide_CARIPLO_001","Dofetilide","30 nM",41,7,"Dofetilide","Dofetilide",30000,719102,TRUE,-0.291,5847465,0.461,162687698.857,TRUE,NA,17.429,"Stanford_Expanded","D11+25","Tryple",0,"CARIPLO","Yes","RBK1","MWMEA24",20250924,2,297.376524270422,719.102,5.847465,2.54383830496038,1.69799763872491,0.445548677290147,0.90025826446281,0.948953930561414,"KCNH2-p.A561V","LQT2"
"189",21,"B2",7899,20251014,"SCVI498c1","2024_DIFF9_CA","20251014_Dofetilide_CARIPLO_001","Dofetilide","Control",41,7,"Dofetilide","Dofetilide",0,424800,FALSE,-0.285,9772691.667,0.925,156437575.385,FALSE,NA,24.028,"Stanford_Expanded","D11+25","Tryple",0,"CARIPLO","Yes","RBK1","MWMEA24",20250924,2,135.886843217162,424.8,9.772691667,1.16241239204753,1.00306965761511,0.744632049237797,1.24111570247934,0.912497091618342,"KCNH2-p.A561V","LQT2"
"190",21,"B5",7899,20251014,"SCVI498c1","2024_DIFF9_CA","20251014_Dofetilide_CARIPLO_001","Dofetilide","1 nM",113,10,"Dofetilide","Dofetilide",1000,468000,FALSE,-1.226,6953733.333,0.806,557774232,FALSE,NA,19.228,"Stanford_Expanded","D11+25","Tryple",0,"CARIPLO","Yes","RBK1","MWMEA24",20250924,2,177.474857879509,468,6.953733333,1.80553633016713,0.964948453608247,0.285624703048177,1.26483357452967,1.37957468764973,"KCNH2-p.A561V","LQT2"
"191",21,"B5",7899,20251014,"SCVI498c1","2024_DIFF9_CA","20251014_Dofetilide_CARIPLO_001","Dofetilide","1 pM",113,10,"Dofetilide","Dofetilide",0,485000,FALSE,-0.843,24345700,0.478,404308833,FALSE,NA,15.202,"Stanford_Expanded","D11+25","Tryple",0,"CARIPLO","Yes","RBK1","MWMEA24",20250924,2,98.2948140750403,485,24.3457,1,1,1,1,1,"KCNH2-p.A561V","LQT2"
"192",21,"B5",7899,20251014,"SCVI498c1","2024_DIFF9_CA","20251014_Dofetilide_CARIPLO_001","Dofetilide","10 nM",113,10,"Dofetilide","Dofetilide",10000,491500,FALSE,-0.768,10482222.222,0.419,375135655.2,FALSE,NA,16.306,"Stanford_Expanded","D11+25","Tryple",0,"CARIPLO","Yes","RBK1","MWMEA24",20250924,2,151.80876281324,491.5,10.482222222,1.54442291021932,1.01340206185567,0.430557438151296,1.07262202341797,0.927844322411823,"KCNH2-p.A561V","LQT2"
"193",21,"B5",7899,20251014,"SCVI498c1","2024_DIFF9_CA","20251014_Dofetilide_CARIPLO_001","Dofetilide","100 nM",113,10,"Dofetilide","Dofetilide",1e+05,782849,TRUE,-0.942,7358368.75,1.075,451871948.471,FALSE,NA,26.998,"Stanford_Expanded","D11+25","Tryple",0,"CARIPLO","Yes","RBK1","MWMEA24",20250924,2,288.593953188975,782.849,7.35836875,2.93600385640545,1.61412164948454,0.302245108992553,1.77595053282463,1.11764055491461,"KCNH2-p.A561V","LQT2"
"194",21,"B5",7899,20251014,"SCVI498c1","2024_DIFF9_CA","20251014_Dofetilide_CARIPLO_001","Dofetilide","3 nM",113,10,"Dofetilide","Dofetilide",3000,456600,FALSE,-0.942,8716400,0.353,481732300.286,FALSE,NA,15.352,"Stanford_Expanded","D11+25","Tryple",0,"CARIPLO","Yes","RBK1","MWMEA24",20250924,2,154.656198595862,456.6,8.7164,1.57339123178761,0.941443298969072,0.358026263364783,1.00986712274701,1.19149585902319,"KCNH2-p.A561V","LQT2"
"195",21,"B5",7899,20251014,"SCVI498c1","2024_DIFF9_CA","20251014_Dofetilide_CARIPLO_001","Dofetilide","30 nM",113,10,"Dofetilide","Dofetilide",30000,627467,TRUE,-0.931,5358971.429,0.662,431841817.091,TRUE,NA,23.161,"Stanford_Expanded","D11+25","Tryple",0,"CARIPLO","Yes","RBK1","MWMEA24",20250924,2,271.050472909094,627.467,5.358971429,2.75752566867026,1.29374639175258,0.220119833440813,1.52354953295619,1.06809889333039,"KCNH2-p.A561V","LQT2"
"196",21,"B5",7899,20251014,"SCVI498c1","2024_DIFF9_CA","20251014_Dofetilide_CARIPLO_001","Dofetilide","Control",113,10,"Dofetilide","Dofetilide",0,469200,FALSE,-1.306,20803600,0.843,548168054,FALSE,NA,16.913,"Stanford_Expanded","D11+25","Tryple",0,"CARIPLO","Yes","RBK1","MWMEA24",20250924,2,102.870003838002,469.2,20.8036,1.04654558641791,0.967422680412371,0.8545081883043,1.11255098013419,1.35581518200469,"KCNH2-p.A561V","LQT2"
"197",21,"B6",7899,20251014,"SCVI498c1","2024_DIFF9_CA","20251014_Dofetilide_CARIPLO_001","Dofetilide","1 nM",137,11,"Dofetilide","Dofetilide",1000,476900,FALSE,-0.527,20363525,0.438,218448660,FALSE,NA,NA,"Stanford_Expanded","D11+25","Tryple",0,"CARIPLO","Yes","RBK1","MWMEA24",20250924,2,105.681956149012,476.9,20.363525,1.13548794050086,0.934365203761755,0.677124084120431,NA,0.92070005024284,"KCNH2-p.A561V","LQT2"
"198",21,"B6",7899,20251014,"SCVI498c1","2024_DIFF9_CA","20251014_Dofetilide_CARIPLO_001","Dofetilide","1 pM",137,11,"Dofetilide","Dofetilide",0,510400,FALSE,-0.553,30073550,0.322,237263656,FALSE,NA,NA,"Stanford_Expanded","D11+25","Tryple",0,"CARIPLO","Yes","RBK1","MWMEA24",20250924,2,93.0718437242023,510.4,30.07355,1,1,1,NA,1,"KCNH2-p.A561V","LQT2"
"199",21,"B6",7899,20251014,"SCVI498c1","2024_DIFF9_CA","20251014_Dofetilide_CARIPLO_001","Dofetilide","10 nM",137,11,"Dofetilide","Dofetilide",10000,470300,FALSE,-1.008,2633313.333,0.162,339208955.478,TRUE,NA,NA,"Stanford_Expanded","D11+25","Tryple",0,"CARIPLO","Yes","RBK1","MWMEA24",20250924,3,289.816901978961,470.3,2.633313333,3.11390524117873,0.921434169278997,0.0875624371914855,NA,1.42967094580217,"KCNH2-p.A561V","LQT2"
"200",21,"B6",7899,20251014,"SCVI498c1","2024_DIFF9_CA","20251014_Dofetilide_CARIPLO_001","Dofetilide","100 nM",137,11,"Dofetilide","Dofetilide",1e+05,580000,TRUE,-0.97,2646482.222,0.103,341479090.435,TRUE,NA,NA,"Stanford_Expanded","D11+25","Tryple",0,"CARIPLO","Yes","RBK1","MWMEA24",20250924,3,356.527885206888,580,2.646482222,3.83067392823311,1.13636363636364,0.0880003265992874,NA,1.43923893019249,"KCNH2-p.A561V","LQT2"
"201",21,"B6",7899,20251014,"SCVI498c1","2024_DIFF9_CA","20251014_Dofetilide_CARIPLO_001","Dofetilide","3 nM",137,11,"Dofetilide","Dofetilide",3000,484500,FALSE,-0.513,19746200,0.004,208951756,FALSE,NA,NA,"Stanford_Expanded","D11+25","Tryple",0,"CARIPLO","Yes","RBK1","MWMEA24",20250924,2,109.031507211342,484.5,19.7462,1.17147681670982,0.949255485893417,0.656596909909206,NA,0.880673254061296,"KCNH2-p.A561V","LQT2"
"202",21,"B6",7899,20251014,"SCVI498c1","2024_DIFF9_CA","20251014_Dofetilide_CARIPLO_001","Dofetilide","30 nM",137,11,"Dofetilide","Dofetilide",30000,523800,FALSE,-1.022,2866090.244,0.123,352502313.429,TRUE,NA,NA,"Stanford_Expanded","D11+25","Tryple",0,"CARIPLO","Yes","RBK1","MWMEA24",20250924,2,309.400181180235,523.8,2.866090244,3.32431559105108,1.0262539184953,0.0953026910358105,NA,1.48569873436073,"KCNH2-p.A561V","LQT2"
"203",21,"B6",7899,20251014,"SCVI498c1","2024_DIFF9_CA","20251014_Dofetilide_CARIPLO_001","Dofetilide","Control",137,11,"Dofetilide","Dofetilide",0,489000,FALSE,-0.604,18793450,0.153,245704717.714,FALSE,NA,NA,"Stanford_Expanded","D11+25","Tryple",0,"CARIPLO","Yes","RBK1","MWMEA24",20250924,2,112.79909173513,489,18.79345,1.21195720662185,0.95807210031348,0.624916247001102,NA,1.03557671603105,"KCNH2-p.A561V","LQT2"
"204",21,"C3",7899,20251014,"SCVI498c1","2024_DIFF9_CA","20251014_NIFE_CARIPLO_001","NIFE","1 µM",226,14,"NIFE","Nifedipine",1e+06,429300,FALSE,-2.481,3095045.946,0.076,994688805.789,TRUE,NA,34.392,"Stanford_Expanded","D11+25","Tryple",0,"CARIPLO","Yes","RBK1","MWMEA24",20250924,3,244.021076241119,429.3,3.095045946,1.38957623617351,0.858085148910654,0.38132564572498,0.603453116226839,0.881821180338829,"KCNH2-p.A561V","LQT2"
"205",21,"C3",7899,20251014,"SCVI498c1","2024_DIFF9_CA","20251014_NIFE_CARIPLO_001","NIFE","1 pM",226,14,"NIFE","Nifedipine",0,500300,FALSE,-3.01,8116542.857,0.591,1127993779.2,FALSE,NA,56.992,"Stanford_Expanded","D11+25","Tryple",0,"CARIPLO","Yes","RBK1","MWMEA24",20250924,2,175.608268109911,500.3,8.116542857,1,1,1,1,1,"KCNH2-p.A561V","LQT2"
"206",21,"C3",7899,20251014,"SCVI498c1","2024_DIFF9_CA","20251014_NIFE_CARIPLO_001","NIFE","100 nM",226,14,"NIFE","Nifedipine",1e+05,428600,FALSE,-2.758,3587933.333,0.303,1088533827.529,TRUE,NA,34.634,"Stanford_Expanded","D11+25","Tryple",0,"CARIPLO","Yes","RBK1","MWMEA24",20250924,2,226.271566888386,428.6,3.587933333,1.28850178481781,0.856685988406956,0.44205191744976,0.607699326221224,0.96501758041699,"KCNH2-p.A561V","LQT2"
"207",21,"C3",7899,20251014,"SCVI498c1","2024_DIFF9_CA","20251014_NIFE_CARIPLO_001","NIFE","2 µM",226,14,"NIFE","Nifedipine",2e+06,385200,FALSE,-2.741,2653150,0.071,1040561333.867,TRUE,NA,31.032,"Stanford_Expanded","D11+25","Tryple",0,"CARIPLO","Yes","RBK1","MWMEA24",20250924,3,236.485967766892,385.2,2.65315,1.34666761600814,0.769938037177693,0.326881782890092,0.54449747332959,0.92248853943591,"KCNH2-p.A561V","LQT2"
"208",21,"C3",7899,20251014,"SCVI498c1","2024_DIFF9_CA","20251014_NIFE_CARIPLO_001","NIFE","30 nM",226,14,"NIFE","Nifedipine",30000,477300,FALSE,-2.968,4320025.926,0.191,1148171010.429,TRUE,NA,34.506,"Stanford_Expanded","D11+25","Tryple",0,"CARIPLO","Yes","RBK1","MWMEA24",20250924,2,229.640380490594,477.3,4.320025926,1.30768546926768,0.95402758344993,0.532249505991859,0.605453396967995,1.01788771498661,"KCNH2-p.A561V","LQT2"
"209",21,"C3",7899,20251014,"SCVI498c1","2024_DIFF9_CA","20251014_NIFE_CARIPLO_001","NIFE","300 nM",226,14,"NIFE","Nifedipine",3e+05,350400,FALSE,-2.438,2657490.909,0.048,1006528774.4,TRUE,NA,32.728,"Stanford_Expanded","D11+25","Tryple",0,"CARIPLO","Yes","RBK1","MWMEA24",20250924,3,214.94542396699,350.4,2.657490909,1.22400514668511,0.700379772136718,0.327416605298657,0.574256035934868,0.892317664299403,"KCNH2-p.A561V","LQT2"
"210",21,"C3",7899,20251014,"SCVI498c1","2024_DIFF9_CA","20251014_NIFE_CARIPLO_001","NIFE","Control",226,14,"NIFE","Nifedipine",0,482400,FALSE,-3.027,6682923.529,0.191,1141181495.333,FALSE,NA,40.97,"Stanford_Expanded","D11+25","Tryple",0,"CARIPLO","Yes","RBK1","MWMEA24",20250924,2,186.605333864775,482.4,6.682923529,1.06262271061167,0.964221467119728,0.823370694486804,0.718872824256036,1.01169130218285,"KCNH2-p.A561V","LQT2"
"211",22,"D5",7899,20251014,"SCVI498c1","2024_DIFF9_CA","20251014_ETOH_CARIPLO_001","ETOH","1 µM",191,22,"ETOH","ETOH",1e+06,490800,FALSE,-1.415,7510627.273,0.449,416304138,FALSE,NA,33.001,"Stanford_Expanded","D11+25","Tryple",0,"CARIPLO","Yes","RBK1","MWMEA24",20250924,2,179.08798460366,490.8,7.510627273,1.87000766210959,0.861354861354861,0.212166809818295,0.809105842547871,1.16267843023014,"KCNH2-p.A561V","LQT2"
"212",22,"D5",7899,20251014,"SCVI498c1","2024_DIFF9_CA","20251014_ETOH_CARIPLO_001","ETOH","1 pM",191,22,"ETOH","ETOH",0,569800,FALSE,-0.81,35399633.333,0.715,358056129,FALSE,NA,40.787,"Stanford_Expanded","D11+25","Tryple",0,"CARIPLO","Yes","RBK1","MWMEA24",20250924,2,95.7685833231442,569.8,35.399633333,1,1,1,1,1,"KCNH2-p.A561V","LQT2"
"213",22,"D5",7899,20251014,"SCVI498c1","2024_DIFF9_CA","20251014_ETOH_CARIPLO_001","ETOH","100 nM",191,22,"ETOH","ETOH",1e+05,508600,FALSE,-0.9,14748314.286,0.818,361565314.5,FALSE,NA,31.919,"Stanford_Expanded","D11+25","Tryple",0,"CARIPLO","Yes","RBK1","MWMEA24",20250924,2,132.435728220544,508.6,14.748314286,1.38287237447876,0.892593892593893,0.416623362938944,0.782577782136465,1.00980065753881,"KCNH2-p.A561V","LQT2"
"214",22,"D5",7899,20251014,"SCVI498c1","2024_DIFF9_CA","20251014_ETOH_CARIPLO_001","ETOH","2 µM",191,22,"ETOH","ETOH",2e+06,484000,FALSE,-1.028,8140233.333,0.241,336959751.692,FALSE,NA,27.656,"Stanford_Expanded","D11+25","Tryple",0,"CARIPLO","Yes","RBK1","MWMEA24",20250924,2,169.639480870939,484,8.140233333,1.77134792000147,0.84942084942085,0.229952475960014,0.6780591855248,0.941080809405723,"KCNH2-p.A561V","LQT2"
"215",22,"D5",7899,20251014,"SCVI498c1","2024_DIFF9_CA","20251014_ETOH_CARIPLO_001","ETOH","30 nM",191,22,"ETOH","ETOH",30000,512300,FALSE,-0.855,18879680,0.991,378008568,FALSE,NA,35.949,"Stanford_Expanded","D11+25","Tryple",0,"CARIPLO","Yes","RBK1","MWMEA24",20250924,2,117.903593374556,512.3,18.87968,1.23113018156198,0.899087399087399,0.533329817922157,0.881383774241793,1.05572433309751,"KCNH2-p.A561V","LQT2"
"216",22,"D5",7899,20251014,"SCVI498c1","2024_DIFF9_CA","20251014_ETOH_CARIPLO_001","ETOH","300 nM",191,22,"ETOH","ETOH",3e+05,482500,FALSE,-1.069,8974116.667,0.325,388975704,FALSE,NA,19.453,"Stanford_Expanded","D11+25","Tryple",0,"CARIPLO","Yes","RBK1","MWMEA24",20250924,2,161.065105747096,482.5,8.974116667,1.68181568692132,0.846788346788347,0.253508746335918,0.476941182239439,1.08635398893004,"KCNH2-p.A561V","LQT2"
"217",22,"D5",7899,20251014,"SCVI498c1","2024_DIFF9_CA","20251014_ETOH_CARIPLO_001","ETOH","Control",191,22,"ETOH","ETOH",0,532000,FALSE,-0.822,23362000,0.113,326594157.6,FALSE,NA,34.258,"Stanford_Expanded","D11+25","Tryple",0,"CARIPLO","Yes","RBK1","MWMEA24",20250924,2,110.066871518202,532,23.362,1.14930040415041,0.933660933660934,0.65995033847488,0.839924485743006,0.912131174830413,"KCNH2-p.A561V","LQT2"
"218",23,"D3",7899,20251014,"SCVI498c1","2024_DIFF9_CA","20251014_ETOH_CARIPLO_001","ETOH","1 µM",234,20,"ETOH","ETOH",1e+06,529200,FALSE,-4.727,2404469.388,0.093,1120208304.72,TRUE,NA,309.187,"Stanford_Expanded","D11+25","Tryple",0,"CARIPLO","Yes","RBK1","MWMEA24",20250924,2,341.279505913964,529.2,2.404469388,1.20094974886891,1.02201622247972,0.724212318169119,3.64383868382596,1.0206896926271,"KCNH2-p.A561V","LQT2"
"219",23,"D3",7899,20251014,"SCVI498c1","2024_DIFF9_CA","20251014_ETOH_CARIPLO_001","ETOH","1 pM",234,20,"ETOH","ETOH",0,517800,FALSE,-4.95,3320116.667,0.076,1097501339.351,TRUE,NA,84.852,"Stanford_Expanded","D11+25","Tryple",0,"CARIPLO","Yes","RBK1","MWMEA24",20250924,2,284.174676113959,517.8,3.320116667,1,1,1,1,1,"KCNH2-p.A561V","LQT2"
"220",23,"D3",7899,20251014,"SCVI498c1","2024_DIFF9_CA","20251014_ETOH_CARIPLO_001","ETOH","100 nM",234,20,"ETOH","ETOH",1e+05,537200,FALSE,-5.015,2774392.857,0.101,1143414027.07,TRUE,NA,195.65,"Stanford_Expanded","D11+25","Tryple",0,"CARIPLO","Yes","RBK1","MWMEA24",20250924,2,322.516564644022,537.2,2.774392857,1.13492366404488,1.03746620316725,0.835631134464589,2.30577947485033,1.04183383297386,"KCNH2-p.A561V","LQT2"
"221",23,"D3",7899,20251014,"SCVI498c1","2024_DIFF9_CA","20251014_ETOH_CARIPLO_001","ETOH","2 µM",234,20,"ETOH","ETOH",2e+06,525200,FALSE,-4.382,2302107.692,0.119,1086132203.094,TRUE,NA,179.063,"Stanford_Expanded","D11+25","Tryple",0,"CARIPLO","Yes","RBK1","MWMEA24",20250924,2,346.148058013084,525.2,2.302107692,1.21808200064341,1.01429123213596,0.693381565437622,2.11029793051431,0.989640890767639,"KCNH2-p.A561V","LQT2"
"222",23,"D3",7899,20251014,"SCVI498c1","2024_DIFF9_CA","20251014_ETOH_CARIPLO_001","ETOH","30 nM",234,20,"ETOH","ETOH",30000,538100,FALSE,-5.217,3197140.541,0.045,1134820946.842,TRUE,NA,147.791,"Stanford_Expanded","D11+25","Tryple",0,"CARIPLO","Yes","RBK1","MWMEA24",20250924,3,300.941532532207,538.1,3.197140541,1.05900193728566,1.03920432599459,0.962960299792381,1.74175034177155,1.03400415667198,"KCNH2-p.A561V","LQT2"
"223",23,"D3",7899,20251014,"SCVI498c1","2024_DIFF9_CA","20251014_ETOH_CARIPLO_001","ETOH","300 nM",234,20,"ETOH","ETOH",3e+05,535800,FALSE,-4.765,2759467.442,0.208,1123612614.273,TRUE,NA,196.407,"Stanford_Expanded","D11+25","Tryple",0,"CARIPLO","Yes","RBK1","MWMEA24",20250924,2,322.544820364499,535.8,2.759467442,1.1350230948628,1.03476245654693,0.831135685509933,2.31470089096309,1.02379156542756,"KCNH2-p.A561V","LQT2"
"224",23,"D3",7899,20251014,"SCVI498c1","2024_DIFF9_CA","20251014_ETOH_CARIPLO_001","ETOH","Control",234,20,"ETOH","ETOH",0,515300,FALSE,-5.178,3559984.848,0.112,1108136531.294,TRUE,NA,170.339,"Stanford_Expanded","D11+25","Tryple",0,"CARIPLO","Yes","RBK1","MWMEA24",20250924,2,273.109034984833,515.3,3.559984848,0.961060424945506,0.995171881035149,1.07224691330403,2.0074836185358,1.00969036807672,"KCNH2-p.A561V","LQT2"
"225",24,"C4",7899,20251014,"SCVI498c1","2024_DIFF9_CA","20251014_NIFE_CARIPLO_001","NIFE","1 µM",199,15,"NIFE","Nifedipine",1e+06,310200,FALSE,-3.368,1704128.986,0.274,996948424.8,TRUE,NA,33.761,"Stanford_Expanded","D11+25","Tryple",0,"CARIPLO","Yes","RBK1","MWMEA24",20250924,2,237.624141975216,310.2,1.704128986,1.11071245088586,0.727346054464198,0.428823812977432,1.2067412517425,1.37259450633773,"KCNH2-p.A561V","LQT2"
"226",24,"C4",7899,20251014,"SCVI498c1","2024_DIFF9_CA","20251014_NIFE_CARIPLO_001","NIFE","1 pM",199,15,"NIFE","Nifedipine",0,426482,TRUE,-2.295,3973960.714,1.001,726324067.448,TRUE,NA,27.977,"Stanford_Expanded","D11+25","Tryple",0,"CARIPLO","Yes","RBK1","MWMEA24",20250924,2,213.938487666809,426.482,3.973960714,1,1,1,1,1,"KCNH2-p.A561V","LQT2"
"227",24,"C4",7899,20251014,"SCVI498c1","2024_DIFF9_CA","20251014_NIFE_CARIPLO_001","NIFE","100 nM",199,15,"NIFE","Nifedipine",1e+05,359400,FALSE,-3.344,3382820,0.238,968874609.667,TRUE,NA,16.076,"Stanford_Expanded","D11+25","Tryple",0,"CARIPLO","Yes","RBK1","MWMEA24",20250924,2,195.406329920517,359.4,3.38282,0.913376232820931,0.842708484766063,0.851246462523535,0.574614862208243,1.33394259269312,"KCNH2-p.A561V","LQT2"
"228",24,"C4",7899,20251014,"SCVI498c1","2024_DIFF9_CA","20251014_NIFE_CARIPLO_001","NIFE","2 µM",199,15,"NIFE","Nifedipine",2e+06,296400,FALSE,-3.26,1722918.841,0.254,979107244.629,TRUE,NA,43.121,"Stanford_Expanded","D11+25","Tryple",0,"CARIPLO","Yes","RBK1","MWMEA24",20250924,2,225.811361444947,296.4,1.722918841,1.05549667059734,0.694988299623431,0.433552056750403,1.54130178360796,1.34803084258129,"KCNH2-p.A561V","LQT2"
"229",24,"C4",7899,20251014,"SCVI498c1","2024_DIFF9_CA","20251014_NIFE_CARIPLO_001","NIFE","30 nM",199,15,"NIFE","Nifedipine",30000,408400,FALSE,-3.28,4596512,0.477,944799051.231,TRUE,NA,17.565,"Stanford_Expanded","D11+25","Tryple",0,"CARIPLO","Yes","RBK1","MWMEA24",20250924,2,190.489715987194,408.4,4.596512,0.890394795553877,0.957601962099221,1.15665763473876,0.627837151946242,1.30079546248637,"KCNH2-p.A561V","LQT2"
"230",24,"C4",7899,20251014,"SCVI498c1","2024_DIFF9_CA","20251014_NIFE_CARIPLO_001","NIFE","300 nM",199,15,"NIFE","Nifedipine",3e+05,361700,FALSE,-3.281,3235691.667,0.182,978505980.649,TRUE,NA,23.784,"Stanford_Expanded","D11+25","Tryple",0,"CARIPLO","Yes","RBK1","MWMEA24",20250924,2,201.078179002549,361.7,3.235691667,0.939887821006339,0.848101443906191,0.814223365520669,0.850126889945312,1.34720302479727,"KCNH2-p.A561V","LQT2"
"231",24,"C4",7899,20251014,"SCVI498c1","2024_DIFF9_CA","20251014_NIFE_CARIPLO_001","NIFE","Control",199,15,"NIFE","Nifedipine",0,489300,FALSE,-2.708,6707443.75,0.442,798265853.647,FALSE,NA,17.428,"Stanford_Expanded","D11+25","Tryple",0,"CARIPLO","Yes","RBK1","MWMEA24",20250924,2,188.928160517718,489.3,6.70744375,0.883095709323504,1.14729343794111,1.68784853015032,0.622940272366587,1.09904915646231,"KCNH2-p.A561V","LQT2"
"232",24,"C5",7899,20251014,"SCVI498c1","2024_DIFF9_CA","20251014_NIFE_CARIPLO_001","NIFE","1 µM",175,16,"NIFE","Nifedipine",1e+06,391900,FALSE,-1.14,2393610.204,0.066,419411890.56,TRUE,NA,39.208,"Stanford_Expanded","D11+25","Tryple",0,"CARIPLO","Yes","RBK1","MWMEA24",20250924,3,253.307792206924,391.9,2.393610204,0.879928597269344,0.62107765451664,0.498192223168587,0.913300722105754,0.897448193533247,"KCNH2-p.A561V","LQT2"
"233",24,"C5",7899,20251014,"SCVI498c1","2024_DIFF9_CA","20251014_NIFE_CARIPLO_001","NIFE","1 pM",175,16,"NIFE","Nifedipine",0,631000,FALSE,-1.412,4804591.667,0.18,467338274.88,TRUE,NA,42.93,"Stanford_Expanded","D11+25","Tryple",0,"CARIPLO","Yes","RBK1","MWMEA24",20250924,2,287.873121743067,631,4.804591667,1,1,1,1,1,"KCNH2-p.A561V","LQT2"
"234",24,"C5",7899,20251014,"SCVI498c1","2024_DIFF9_CA","20251014_NIFE_CARIPLO_001","NIFE","100 nM",175,16,"NIFE","Nifedipine",1e+05,370500,FALSE,-1.208,2778619.048,0.102,436170982.884,TRUE,NA,37.63,"Stanford_Expanded","D11+25","Tryple",0,"CARIPLO","Yes","RBK1","MWMEA24",20250924,3,222.266345057618,370.5,2.778619048,0.772098290079322,0.58716323296355,0.578325743493406,0.876543209876543,0.933308924881013,"KCNH2-p.A561V","LQT2"
"235",24,"C5",7899,20251014,"SCVI498c1","2024_DIFF9_CA","20251014_NIFE_CARIPLO_001","NIFE","2 µM",175,16,"NIFE","Nifedipine",2e+06,266800,FALSE,-0.877,1528714.286,0.051,373811070.923,TRUE,NA,27.157,"Stanford_Expanded","D11+25","Tryple",0,"CARIPLO","Yes","RBK1","MWMEA24",20250924,3,215.785701162023,266.8,1.528714286,0.749586136612699,0.422820919175911,0.318177774918911,0.632587933845795,0.799872578420812,"KCNH2-p.A561V","LQT2"
"236",24,"C5",7899,20251014,"SCVI498c1","2024_DIFF9_CA","20251014_NIFE_CARIPLO_001","NIFE","30 nM",175,16,"NIFE","Nifedipine",30000,535000,FALSE,-1.284,3632631.25,0.081,444524825.818,TRUE,NA,35.217,"Stanford_Expanded","D11+25","Tryple",0,"CARIPLO","Yes","RBK1","MWMEA24",20250924,3,280.700460222959,535,3.63263125,0.975083948523303,0.847860538827258,0.756074917864607,0.820335429769392,0.951184291361845,"KCNH2-p.A561V","LQT2"
"237",24,"C5",7899,20251014,"SCVI498c1","2024_DIFF9_CA","20251014_NIFE_CARIPLO_001","NIFE","300 nM",175,16,"NIFE","Nifedipine",3e+05,309300,FALSE,-1.07,2043722.414,0.062,419611149.763,TRUE,NA,33.539,"Stanford_Expanded","D11+25","Tryple",0,"CARIPLO","Yes","RBK1","MWMEA24",20250924,3,216.356011174076,309.3,2.043722414,0.751567252489721,0.490174326465927,0.425368596469324,0.781248544141626,0.897874563924269,"KCNH2-p.A561V","LQT2"
"238",24,"C5",7899,20251014,"SCVI498c1","2024_DIFF9_CA","20251014_NIFE_CARIPLO_001","NIFE","Control",175,16,"NIFE","Nifedipine",0,600100,FALSE,-1.338,5371980.952,0.184,448289811.818,TRUE,NA,27.016,"Stanford_Expanded","D11+25","Tryple",0,"CARIPLO","Yes","RBK1","MWMEA24",20250924,2,258.914512996322,600.1,5.371980952,0.899404958089172,0.951030110935024,1.11809313347002,0.629303517353832,0.959240524292835,"KCNH2-p.A561V","LQT2"
"239",24,"C6",7899,20251014,"SCVI498c1","2024_DIFF9_CA","20251014_NIFE_CARIPLO_001","NIFE","1 µM",151,17,"NIFE","Nifedipine",1e+06,431500,FALSE,-1.149,5069639.13,0.298,415827306,TRUE,NA,20.7,"Stanford_Expanded","D11+25","Tryple",0,"CARIPLO","Yes","RBK1","MWMEA24",20250924,2,191.64269825865,431.5,5.06963913,0.8617167962383,0.7635816669616,0.785202853618265,0.438206528642195,0.754950762904448,"KCNH2-p.A561V","LQT2"
"240",24,"C6",7899,20251014,"SCVI498c1","2024_DIFF9_CA","20251014_NIFE_CARIPLO_001","NIFE","1 pM",151,17,"NIFE","Nifedipine",0,565100,FALSE,-1.447,6456470.588,0.444,550800564,FALSE,NA,47.238,"Stanford_Expanded","D11+25","Tryple",0,"CARIPLO","Yes","RBK1","MWMEA24",20250924,2,222.396382541502,565.1,6.456470588,1,1,1,1,1,"KCNH2-p.A561V","LQT2"
"241",24,"C6",7899,20251014,"SCVI498c1","2024_DIFF9_CA","20251014_NIFE_CARIPLO_001","NIFE","100 nM",151,17,"NIFE","Nifedipine",1e+05,411400,FALSE,-1.822,4419829.167,0.558,496379727.84,TRUE,NA,25.496,"Stanford_Expanded","D11+25","Tryple",0,"CARIPLO","Yes","RBK1","MWMEA24",20250924,2,195.686806379233,411.4,4.419829167,0.879901031406011,0.728012741107768,0.68455808893712,0.539734959143063,0.901196840168813,"KCNH2-p.A561V","LQT2"
"242",24,"C6",7899,20251014,"SCVI498c1","2024_DIFF9_CA","20251014_NIFE_CARIPLO_001","NIFE","2 µM",151,17,"NIFE","Nifedipine",2e+06,259600,FALSE,-1.084,2312708.333,0.199,344693581.224,TRUE,NA,29.634,"Stanford_Expanded","D11+25","Tryple",0,"CARIPLO","Yes","RBK1","MWMEA24",20250924,2,170.704219224118,259.6,2.312708333,0.767567427461471,0.45938771898779,0.358200088032369,0.627333926076464,0.625804699110657,"KCNH2-p.A561V","LQT2"
"243",24,"C6",7899,20251014,"SCVI498c1","2024_DIFF9_CA","20251014_NIFE_CARIPLO_001","NIFE","30 nM",151,17,"NIFE","Nifedipine",30000,544800,FALSE,-2.428,6281172.222,0.282,669036077.684,FALSE,NA,21.416,"Stanford_Expanded","D11+25","Tryple",0,"CARIPLO","Yes","RBK1","MWMEA24",20250924,2,217.378580381177,544.8,6.281172222,0.977437572936297,0.964077154485932,0.972849196227145,0.453363817265761,1.21466120663595,"KCNH2-p.A561V","LQT2"
"244",24,"C6",7899,20251014,"SCVI498c1","2024_DIFF9_CA","20251014_NIFE_CARIPLO_001","NIFE","300 nM",151,17,"NIFE","Nifedipine",3e+05,413300,FALSE,-1.183,4610672,0.212,426748592.769,TRUE,NA,33.977,"Stanford_Expanded","D11+25","Tryple",0,"CARIPLO","Yes","RBK1","MWMEA24",20250924,2,192.478972364768,413.3,4.610672,0.865477082698723,0.731374977880021,0.714116472329232,0.719272619501249,0.774778786844162,"KCNH2-p.A561V","LQT2"
"245",24,"C6",7899,20251014,"SCVI498c1","2024_DIFF9_CA","20251014_NIFE_CARIPLO_001","NIFE","Control",151,17,"NIFE","Nifedipine",0,579700,FALSE,-2.232,9314281.818,0.201,613235754,FALSE,NA,23.732,"Stanford_Expanded","D11+25","Tryple",0,"CARIPLO","Yes","RBK1","MWMEA24",20250924,2,189.945326894267,579.7,9.314281818,0.854084606609198,1.02583613519731,1.44262746821948,0.502392141919641,1.11335353316741,"KCNH2-p.A561V","LQT2"
"246",24,"D1",7899,20251014,"SCVI498c1","2024_DIFF9_CA","20251014_ETOH_CARIPLO_001","ETOH","1 µM",283,18,"ETOH","ETOH",1e+06,426100,FALSE,-0.644,5706605.556,0.362,255679200.632,FALSE,NA,19.844,"Stanford_Expanded","D11+25","Tryple",0,"CARIPLO","Yes","RBK1","MWMEA24",20250924,2,178.37032628612,426.1,5.706605556,1.2407243115309,1.01913417842621,0.67470223532719,1.12163689803301,0.877994767621391,"KCNH2-p.A561V","LQT2"
"247",24,"D1",7899,20251014,"SCVI498c1","2024_DIFF9_CA","20251014_ETOH_CARIPLO_001","ETOH","1 pM",283,18,"ETOH","ETOH",0,418100,FALSE,-0.769,8457961.538,0.188,291208114.286,FALSE,NA,17.692,"Stanford_Expanded","D11+25","Tryple",0,"CARIPLO","Yes","RBK1","MWMEA24",20250924,2,143.763062131049,418.1,8.457961538,1,1,1,1,1,"KCNH2-p.A561V","LQT2"
"248",24,"D1",7899,20251014,"SCVI498c1","2024_DIFF9_CA","20251014_ETOH_CARIPLO_001","ETOH","100 nM",283,18,"ETOH","ETOH",1e+05,415000,FALSE,-0.753,6486094.118,0.402,287158826.667,FALSE,NA,17.914,"Stanford_Expanded","D11+25","Tryple",0,"CARIPLO","Yes","RBK1","MWMEA24",20250924,2,162.950791219314,415,6.486094118,1.13346772671532,0.992585505859842,0.766862569528038,1.01254804431381,0.986094866796798,"KCNH2-p.A561V","LQT2"
"249",24,"D1",7899,20251014,"SCVI498c1","2024_DIFF9_CA","20251014_ETOH_CARIPLO_001","ETOH","2 µM",283,18,"ETOH","ETOH",2e+06,407600,FALSE,-0.592,4847491.667,0.266,239846496,TRUE,NA,19.893,"Stanford_Expanded","D11+25","Tryple",0,"CARIPLO","Yes","RBK1","MWMEA24",20250924,2,185.129504925294,407.6,4.847491667,1.287740412461,0.974886390815594,0.573127655549289,1.12440651141759,0.823625730993344,"KCNH2-p.A561V","LQT2"
"250",24,"D1",7899,20251014,"SCVI498c1","2024_DIFF9_CA","20251014_ETOH_CARIPLO_001","ETOH","30 nM",283,18,"ETOH","ETOH",30000,422000,FALSE,-0.739,6869523.529,0.402,276996344.667,FALSE,NA,23.599,"Stanford_Expanded","D11+25","Tryple",0,"CARIPLO","Yes","RBK1","MWMEA24",20250924,2,161.008625772812,422,6.869523529,1.11995823813242,1.00932791198278,0.812196118194266,1.3338797196473,0.951197205978119,"KCNH2-p.A561V","LQT2"
"251",24,"D1",7899,20251014,"SCVI498c1","2024_DIFF9_CA","20251014_ETOH_CARIPLO_001","ETOH","300 nM",283,18,"ETOH","ETOH",3e+05,410600,FALSE,-0.621,5106138.095,0.391,260298795.818,TRUE,NA,24.99,"Stanford_Expanded","D11+25","Tryple",0,"CARIPLO","Yes","RBK1","MWMEA24",20250924,2,181.707422076855,410.6,5.106138095,1.26393678169721,0.982061707725425,0.603707887776398,1.41250282613611,0.893858320041029,"KCNH2-p.A561V","LQT2"
"252",24,"D1",7899,20251014,"SCVI498c1","2024_DIFF9_CA","20251014_ETOH_CARIPLO_001","ETOH","Control",283,18,"ETOH","ETOH",0,430100,FALSE,-0.573,14117262.5,0.332,248138074.667,FALSE,NA,30.596,"Stanford_Expanded","D11+25","Tryple",0,"CARIPLO","Yes","RBK1","MWMEA24",20250924,2,114.470662805379,430.1,14.1172625,0.796245301877553,1.02870126763932,1.6691093281252,1.72936920642098,0.852098765432407,"KCNH2-p.A561V","LQT2"
"253",24,"D2",7899,20251014,"SCVI498c1","2024_DIFF9_CA","20251014_ETOH_CARIPLO_001","ETOH","1 µM",259,19,"ETOH","ETOH",1e+06,435400,FALSE,-0.939,4874636.364,0.229,299458270.435,TRUE,NA,13.994,"Stanford_Expanded","D11+25","Tryple",0,"CARIPLO","Yes","RBK1","MWMEA24",20250924,2,197.204723351145,435.4,4.874636364,1.2161096786208,1.02014995313964,0.703691877472691,0.810776361529548,0.79380476403726,"KCNH2-p.A561V","LQT2"
"254",24,"D2",7899,20251014,"SCVI498c1","2024_DIFF9_CA","20251014_ETOH_CARIPLO_001","ETOH","1 pM",259,19,"ETOH","ETOH",0,426800,FALSE,-1.214,6927231.25,0.53,377244234.353,FALSE,NA,17.26,"Stanford_Expanded","D11+25","Tryple",0,"CARIPLO","Yes","RBK1","MWMEA24",20250924,2,162.160310717037,426.8,6.92723125,1,1,1,1,1,"KCNH2-p.A561V","LQT2"
"255",24,"D2",7899,20251014,"SCVI498c1","2024_DIFF9_CA","20251014_ETOH_CARIPLO_001","ETOH","100 nM",259,19,"ETOH","ETOH",1e+05,432200,FALSE,-0.878,5669485,0.339,363624136,TRUE,NA,32.746,"Stanford_Expanded","D11+25","Tryple",0,"CARIPLO","Yes","RBK1","MWMEA24",20250924,2,181.51518275112,432.2,5.669485,1.11935640693151,1.01265229615745,0.818434493579235,1.89721900347625,0.963895807774612,"KCNH2-p.A561V","LQT2"
"256",24,"D2",7899,20251014,"SCVI498c1","2024_DIFF9_CA","20251014_ETOH_CARIPLO_001","ETOH","2 µM",259,19,"ETOH","ETOH",2e+06,428400,FALSE,-1.032,3935746.667,0.201,382240452,TRUE,NA,18.559,"Stanford_Expanded","D11+25","Tryple",0,"CARIPLO","Yes","RBK1","MWMEA24",20250924,2,215.941390706613,428.4,3.935746667,1.3316537798415,1.0037488284911,0.568155807848915,1.0752607184241,1.01324398676515,"KCNH2-p.A561V","LQT2"
"257",24,"D2",7899,20251014,"SCVI498c1","2024_DIFF9_CA","20251014_ETOH_CARIPLO_001","ETOH","30 nM",259,19,"ETOH","ETOH",30000,427600,FALSE,-1.272,6542852.941,0.403,402823700,FALSE,NA,26.222,"Stanford_Expanded","D11+25","Tryple",0,"CARIPLO","Yes","RBK1","MWMEA24",20250924,2,167.168373528511,427.6,6.542852941,1.03088340660751,1.00187441424555,0.944511985362117,1.51923522595597,1.06780611422961,"KCNH2-p.A561V","LQT2"
"258",24,"D2",7899,20251014,"SCVI498c1","2024_DIFF9_CA","20251014_ETOH_CARIPLO_001","ETOH","300 nM",259,19,"ETOH","ETOH",3e+05,431400,FALSE,-1,4999282.609,0.479,325457708,TRUE,NA,18.072,"Stanford_Expanded","D11+25","Tryple",0,"CARIPLO","Yes","RBK1","MWMEA24",20250924,2,192.941787065361,431.4,4.999282609,1.18982127138395,1.0107778819119,0.721685537638144,1.04704519119351,0.862724140922081,"KCNH2-p.A561V","LQT2"
"259",24,"D2",7899,20251014,"SCVI498c1","2024_DIFF9_CA","20251014_ETOH_CARIPLO_001","ETOH","Control",259,19,"ETOH","ETOH",0,414400,FALSE,-0.911,8933200,0.267,368108885.455,FALSE,NA,19.607,"Stanford_Expanded","D11+25","Tryple",0,"CARIPLO","Yes","RBK1","MWMEA24",20250924,2,138.648832877136,414.4,8.9332,0.855010897944519,0.970946579194002,1.28957727519202,1.13597914252607,0.975783993322873,"KCNH2-p.A561V","LQT2"
"260",24,"D4",7899,20251014,"SCVI498c1","2024_DIFF9_CA","20251014_ETOH_CARIPLO_001","ETOH","1 µM",211,21,"ETOH","ETOH",1e+06,471900,FALSE,-1.719,2911651.22,0.064,498377426.857,TRUE,NA,25.585,"Stanford_Expanded","D11+25","Tryple",0,"CARIPLO","Yes","RBK1","MWMEA24",20250924,3,276.554227759179,471.9,2.91165122,0.969953847540708,1.05783456624075,1.18941488168642,1.03881602988347,0.691396787596232,"KCNH2-p.A561V","LQT2"
"261",24,"D4",7899,20251014,"SCVI498c1","2024_DIFF9_CA","20251014_ETOH_CARIPLO_001","ETOH","1 pM",211,21,"ETOH","ETOH",0,446100,FALSE,-3.111,2447969.388,0.241,720826934.4,TRUE,NA,24.629,"Stanford_Expanded","D11+25","Tryple",0,"CARIPLO","Yes","RBK1","MWMEA24",20250924,2,285.121017314767,446.1,2.447969388,1,1,1,1,1,"KCNH2-p.A561V","LQT2"
"262",24,"D4",7899,20251014,"SCVI498c1","2024_DIFF9_CA","20251014_ETOH_CARIPLO_001","ETOH","100 nM",211,21,"ETOH","ETOH",1e+05,460000,FALSE,-2.783,2979165,0.104,675465964.39,TRUE,NA,24.689,"Stanford_Expanded","D11+25","Tryple",0,"CARIPLO","Yes","RBK1","MWMEA24",20250924,2,266.508185918822,460,2.979165,0.934719539193434,1.03115893297467,1.21699438506214,1.00243615250315,0.937070928061592,"KCNH2-p.A561V","LQT2"
"263",24,"D4",7899,20251014,"SCVI498c1","2024_DIFF9_CA","20251014_ETOH_CARIPLO_001","ETOH","2 µM",211,21,"ETOH","ETOH",2e+06,475700,FALSE,-2.189,2817245.238,0.048,587322568.465,TRUE,NA,21.982,"Stanford_Expanded","D11+25","Tryple",0,"CARIPLO","Yes","RBK1","MWMEA24",20250924,3,283.41369008317,475.7,2.817245238,0.99401192080585,1.06635283568707,1.15084986430394,0.892525072069511,0.814789986938923,"KCNH2-p.A561V","LQT2"
"264",24,"D4",7899,20251014,"SCVI498c1","2024_DIFF9_CA","20251014_ETOH_CARIPLO_001","ETOH","30 nM",211,21,"ETOH","ETOH",30000,446600,FALSE,-3.083,2458459.574,0.186,715493866.5,TRUE,NA,27.043,"Stanford_Expanded","D11+25","Tryple",0,"CARIPLO","Yes","RBK1","MWMEA24",20250924,2,284.830953085414,446.6,2.458459574,0.998982662758132,1.00112082492715,1.00428526028611,1.09801453570994,0.992601458622743,"KCNH2-p.A561V","LQT2"
"265",24,"D4",7899,20251014,"SCVI498c1","2024_DIFF9_CA","20251014_ETOH_CARIPLO_001","ETOH","300 nM",211,21,"ETOH","ETOH",3e+05,465500,FALSE,-2.146,3120797.297,0.235,581052731.053,TRUE,NA,20.889,"Stanford_Expanded","D11+25","Tryple",0,"CARIPLO","Yes","RBK1","MWMEA24",20250924,2,263.50381345039,465.5,3.120797297,0.924182355731032,1.04348800717328,1.27485143903278,0.848146493970522,0.80609186938423,"KCNH2-p.A561V","LQT2"
"266",24,"D4",7899,20251014,"SCVI498c1","2024_DIFF9_CA","20251014_ETOH_CARIPLO_001","ETOH","Control",211,21,"ETOH","ETOH",0,441300,FALSE,-3.085,2923722.5,0.207,712437889.463,TRUE,NA,32.085,"Stanford_Expanded","D11+25","Tryple",0,"CARIPLO","Yes","RBK1","MWMEA24",20250924,2,258.086835423728,441.3,2.9237225,0.905183482629082,0.989240080699395,1.19434602178122,1.3027325510577,0.988361915271683,"KCNH2-p.A561V","LQT2"
"267",32,"D6",7899,20251014,"SCVI498c1","2024_DIFF9_CA","20251014_ETOH_CARIPLO_001","ETOH","1 µM",156,23,"ETOH","ETOH",1e+06,488400,FALSE,-0.624,5893229.412,0.325,276718192.667,FALSE,NA,27.948,"Stanford_Expanded","D11+25","Tryple",0,"CARIPLO","Yes","RBK1","MWMEA24",20250924,2,201.186567667049,488.4,5.893229412,1.34055700926529,0.96203279657261,0.515002313575087,1.22353559232992,1.20897832817307,"KCNH2-p.A561V","LQT2"
"268",32,"D6",7899,20251014,"SCVI498c1","2024_DIFF9_CA","20251014_ETOH_CARIPLO_001","ETOH","1 pM",156,23,"ETOH","ETOH",0,507675,TRUE,-0.505,11443112.5,0.762,228885982.667,FALSE,NA,22.842,"Stanford_Expanded","D11+25","Tryple",0,"CARIPLO","Yes","RBK1","MWMEA24",20250924,2,150.076845875665,507.675,11.4431125,1,1,1,1,1,"KCNH2-p.A561V","LQT2"
"269",32,"D6",7899,20251014,"SCVI498c1","2024_DIFF9_CA","20251014_ETOH_CARIPLO_001","ETOH","100 nM",156,23,"ETOH","ETOH",1e+05,484800,FALSE,-0.612,8375775,0.473,260776669.846,FALSE,NA,41.305,"Stanford_Expanded","D11+25","Tryple",0,"CARIPLO","Yes","RBK1","MWMEA24",20250924,2,167.513614638104,484.8,8.375775,1.11618560252049,0.954941645737923,0.731949021736875,1.80829174327992,1.13933001404196,"KCNH2-p.A561V","LQT2"
"270",32,"D6",7899,20251014,"SCVI498c1","2024_DIFF9_CA","20251014_ETOH_CARIPLO_001","ETOH","2 µM",156,23,"ETOH","ETOH",2e+06,477000,FALSE,-0.649,6054226.316,0.186,275203588.8,TRUE,NA,37.168,"Stanford_Expanded","D11+25","Tryple",0,"CARIPLO","Yes","RBK1","MWMEA24",20250924,2,193.860377141389,477,6.054226316,1.29174074794987,0.9395774855961,0.52907164165344,1.6271780054286,1.20236104279215,"KCNH2-p.A561V","LQT2"
"271",32,"D6",7899,20251014,"SCVI498c1","2024_DIFF9_CA","20251014_ETOH_CARIPLO_001","ETOH","30 nM",156,23,"ETOH","ETOH",30000,533300,FALSE,-0.377,12952000,0.641,177533825.333,FALSE,NA,20.31,"Stanford_Expanded","D11+25","Tryple",0,"CARIPLO","Yes","RBK1","MWMEA24",20250924,2,148.184631946607,533.3,12.952,0.987391699778754,1.05047520559413,1.13185988514925,0.889151562910428,0.775643065880924,"KCNH2-p.A561V","LQT2"
"272",32,"D6",7899,20251014,"SCVI498c1","2024_DIFF9_CA","20251014_ETOH_CARIPLO_001","ETOH","300 nM",156,23,"ETOH","ETOH",3e+05,479000,FALSE,-0.767,6514272.222,0.279,329299551.789,FALSE,NA,19.235,"Stanford_Expanded","D11+25","Tryple",0,"CARIPLO","Yes","RBK1","MWMEA24",20250924,2,187.673330790787,479,6.514272222,1.25051489252559,0.943517013837593,0.569274506564538,0.842089134051309,1.43870562955395,"KCNH2-p.A561V","LQT2"
"273",32,"D6",7899,20251014,"SCVI498c1","2024_DIFF9_CA","20251014_ETOH_CARIPLO_001","ETOH","Control",156,23,"ETOH","ETOH",0,472100,FALSE,-0.889,8510084.615,0.173,355912513.714,FALSE,NA,20.94,"Stanford_Expanded","D11+25","Tryple",0,"CARIPLO","Yes","RBK1","MWMEA24",20250924,2,161.832991172219,472.1,8.510084615,1.07833417092396,0.929925641404442,0.743686179350242,0.916732335172052,1.55497732786812,"KCNH2-p.A561V","LQT2"
"274",33,"C2",7899,20251014,"SCVI498c1","2024_DIFF9_CA","20251014_NIFE_CARIPLO_001","NIFE","1 µM",245,13,"NIFE","Nifedipine",1e+06,400400,FALSE,-1.262,4187421.429,0.217,313196411.586,TRUE,NA,16.28,"Stanford_Expanded","D11+25","Tryple",0,"CARIPLO","Yes","RBK1","MWMEA24",20250924,2,195.668417774834,400.4,4.187421429,1.16635263837879,0.797133187338244,0.467091569790538,0.478176584620807,0.894087444903106,"KCNH2-p.A561V","LQT2"
"275",33,"C2",7899,20251014,"SCVI498c1","2024_DIFF9_CA","20251014_NIFE_CARIPLO_001","NIFE","1 pM",245,13,"NIFE","Nifedipine",0,502300,FALSE,-1.576,8964883.333,0.147,350297292.923,FALSE,NA,34.046,"Stanford_Expanded","D11+25","Tryple",0,"CARIPLO","Yes","RBK1","MWMEA24",20250924,2,167.760942391153,502.3,8.964883333,1,1,1,1,1,"KCNH2-p.A561V","LQT2"
"276",33,"C2",7899,20251014,"SCVI498c1","2024_DIFF9_CA","20251014_NIFE_CARIPLO_001","NIFE","100 nM",245,13,"NIFE","Nifedipine",1e+05,438100,FALSE,-1.298,7401081.25,0.204,318607922.824,FALSE,NA,20.956,"Stanford_Expanded","D11+25","Tryple",0,"CARIPLO","Yes","RBK1","MWMEA24",20250924,2,161.036998449742,438.1,7.40108125,0.959919491118899,0.872187935496715,0.825563587956176,0.615520178581919,0.909535783635172,"KCNH2-p.A561V","LQT2"
"277",33,"C2",7899,20251014,"SCVI498c1","2024_DIFF9_CA","20251014_NIFE_CARIPLO_001","NIFE","2 µM",245,13,"NIFE","Nifedipine",2e+06,379600,FALSE,-1.271,3451424.242,0.16,316861876.235,TRUE,NA,16.464,"Stanford_Expanded","D11+25","Tryple",0,"CARIPLO","Yes","RBK1","MWMEA24",20250924,2,204.32759872854,379.6,3.451424242,1.21796883002796,0.755723671112881,0.38499377111749,0.483581037419961,0.904551312946202,"KCNH2-p.A561V","LQT2"
"278",33,"C2",7899,20251014,"SCVI498c1","2024_DIFF9_CA","20251014_NIFE_CARIPLO_001","NIFE","30 nM",245,13,"NIFE","Nifedipine",30000,485100,FALSE,-1.374,10076554.545,0.218,357251475,FALSE,NA,21.641,"Stanford_Expanded","D11+25","Tryple",0,"CARIPLO","Yes","RBK1","MWMEA24",20250924,2,152.818257927862,485.1,10.076554545,0.910928704558359,0.965757515429027,1.12400286436611,0.635640016448335,1.01985222899946,"KCNH2-p.A561V","LQT2"
"279",33,"C2",7899,20251014,"SCVI498c1","2024_DIFF9_CA","20251014_NIFE_CARIPLO_001","NIFE","300 nM",245,13,"NIFE","Nifedipine",3e+05,348900,FALSE,-1.228,3959779.31,0.428,313489224.8,TRUE,NA,19.826,"Stanford_Expanded","D11+25","Tryple",0,"CARIPLO","Yes","RBK1","MWMEA24",20250924,2,175.333732596789,348.9,3.95977931,1.04514036519883,0.694604817837945,0.441698922664608,0.582329789108853,0.894923344066233,"KCNH2-p.A561V","LQT2"
"280",33,"C2",7899,20251014,"SCVI498c1","2024_DIFF9_CA","20251014_NIFE_CARIPLO_001","NIFE","Control",245,13,"NIFE","Nifedipine",0,490600,FALSE,-1.667,10580045.455,0.196,365402322,FALSE,NA,45.056,"Stanford_Expanded","D11+25","Tryple",0,"CARIPLO","Yes","RBK1","MWMEA24",20250924,2,150.828626801193,490.6,10.580045455,0.899068785924673,0.976707147123233,1.18016543685009,1.32338600716677,1.04312059893743,"KCNH2-p.A561V","LQT2"
"281",34,"A1",7899,20251014,"SCVI498c1","2024_DIFF9_CA","20251014_DMSO_CARIPLO_001","DMSO","1 nM",11,0,"DMSO","DMSO",1000,465000,FALSE,-3.763,4139610.714,0.184,1214328734.483,TRUE,NA,65.565,"Stanford_Expanded","D11+25","Tryple",0,"CARIPLO","Yes","RBK1","MWMEA24",20250924,2,228.545777422104,465,4.139610714,0.98950903387652,1.03035674717483,1.08426568081911,0.477544866565668,0.995401893057768,"KCNH2-p.A561V","LQT2"
"282",34,"A1",7899,20251014,"SCVI498c1","2024_DIFF9_CA","20251014_DMSO_CARIPLO_001","DMSO","1 pM",11,0,"DMSO","DMSO",0,451300,FALSE,-3.734,3817893.333,0.07,1219938140.516,TRUE,NA,137.296,"Stanford_Expanded","D11+25","Tryple",0,"CARIPLO","Yes","RBK1","MWMEA24",20250924,3,230.968863949376,451.3,3.817893333,1,1,1,1,1,"KCNH2-p.A561V","LQT2"
"283",34,"A1",7899,20251014,"SCVI498c1","2024_DIFF9_CA","20251014_DMSO_CARIPLO_001","DMSO","10 nM",11,0,"DMSO","DMSO",10000,466000,FALSE,-3.873,2330582.353,0.189,1241213181.923,TRUE,NA,60.192,"Stanford_Expanded","D11+25","Tryple",0,"CARIPLO","Yes","RBK1","MWMEA24",20250924,2,305.248606386017,466,2.330582353,1.32160067450876,1.03257256813649,0.610436738202083,0.438410441673465,1.01743944278847,"KCNH2-p.A561V","LQT2"
"284",34,"A1",7899,20251014,"SCVI498c1","2024_DIFF9_CA","20251014_DMSO_CARIPLO_001","DMSO","100 nM",11,0,"DMSO","DMSO",1e+05,455500,FALSE,-3.539,2843868.293,0.051,1138653528.857,TRUE,NA,40.011,"Stanford_Expanded","D11+25","Tryple",0,"CARIPLO","Yes","RBK1","MWMEA24",20250924,3,270.105633184994,455.5,2.843868293,1.16944608275943,1.009306448039,0.74487892797292,0.291421454375947,0.933369890685917,"KCNH2-p.A561V","LQT2"
"285",34,"A1",7899,20251014,"SCVI498c1","2024_DIFF9_CA","20251014_DMSO_CARIPLO_001","DMSO","3 nM",11,0,"DMSO","DMSO",3000,462700,FALSE,-4.012,2292305.882,0.025,1261148427.462,TRUE,NA,61.692,"Stanford_Expanded","D11+25","Tryple",0,"CARIPLO","Yes","RBK1","MWMEA24",20250924,3,305.606941923911,462.7,2.292305882,1.32315211971989,1.025260358963,0.600411190691587,0.44933574175504,1.03378063655635,"KCNH2-p.A561V","LQT2"
"286",34,"A1",7899,20251014,"SCVI498c1","2024_DIFF9_CA","20251014_DMSO_CARIPLO_001","DMSO","30 nM",11,0,"DMSO","DMSO",30000,442900,FALSE,-3.87,2336598.039,0.176,1214005102.154,TRUE,NA,54.157,"Stanford_Expanded","D11+25","Tryple",0,"CARIPLO","Yes","RBK1","MWMEA24",20250924,2,289.743482925259,442.9,2.336598039,1.25446987949322,0.981387103922003,0.612012394061298,0.394454317678592,0.995136607205763,"KCNH2-p.A561V","LQT2"
"287",34,"A1",7899,20251014,"SCVI498c1","2024_DIFF9_CA","20251014_DMSO_CARIPLO_001","DMSO","Control",11,0,"DMSO","DMSO",0,428700,FALSE,-3.718,4180559.259,0.059,1211232042.429,TRUE,NA,83.918,"Stanford_Expanded","D11+25","Tryple",0,"CARIPLO","Yes","RBK1","MWMEA24",20250924,2,209.669998247933,428.7,4.180559259,0.907784688649155,0.949922446266342,1.09499111011439,0.61121955483044,0.992863492174023,"KCNH2-p.A561V","LQT2"
"288",34,"A2",7899,20251014,"SCVI498c1","2024_DIFF9_CA","20251014_DMSO_CARIPLO_001","DMSO","1 nM",35,1,"DMSO","DMSO",1000,375400,FALSE,-1.933,10757277.778,0.305,587808687.6,FALSE,NA,18.359,"Stanford_Expanded","D11+25","Tryple",0,"CARIPLO","Yes","RBK1","MWMEA24",20250924,2,114.45718925331,375.4,10.757277778,0.907832540320628,1.01734417344173,1.25581108778893,1.07829202396335,1.0351724796032,"KCNH2-p.A561V","LQT2"
"289",34,"A2",7899,20251014,"SCVI498c1","2024_DIFF9_CA","20251014_DMSO_CARIPLO_001","DMSO","1 pM",35,1,"DMSO","DMSO",0,369000,FALSE,-1.826,8566000,0.301,567836470.909,FALSE,NA,17.026,"Stanford_Expanded","D11+25","Tryple",0,"CARIPLO","Yes","RBK1","MWMEA24",20250924,2,126.077425262687,369,8.566,1,1,1,1,1,"KCNH2-p.A561V","LQT2"
"290",34,"A2",7899,20251014,"SCVI498c1","2024_DIFF9_CA","20251014_DMSO_CARIPLO_001","DMSO","10 nM",35,1,"DMSO","DMSO",10000,372600,FALSE,-1.78,7201331.25,0.27,555085039.765,FALSE,NA,16.062,"Stanford_Expanded","D11+25","Tryple",0,"CARIPLO","Yes","RBK1","MWMEA24",20250924,2,138.846985881438,372.6,7.20133125,1.10128348189333,1.00975609756098,0.84068774807378,0.943380711852461,0.977543832076183,"KCNH2-p.A561V","LQT2"
"291",34,"A2",7899,20251014,"SCVI498c1","2024_DIFF9_CA","20251014_DMSO_CARIPLO_001","DMSO","100 nM",35,1,"DMSO","DMSO",1e+05,359300,FALSE,-1.831,4573252,0.291,559395002.308,TRUE,NA,23.067,"Stanford_Expanded","D11+25","Tryple",0,"CARIPLO","Yes","RBK1","MWMEA24",20250924,2,168.013682495414,359.3,4.573252,1.33262304607943,0.973712737127371,0.533884193322438,1.35481029014448,0.985133979528495,"KCNH2-p.A561V","LQT2"
"292",34,"A2",7899,20251014,"SCVI498c1","2024_DIFF9_CA","20251014_DMSO_CARIPLO_001","DMSO","3 nM",35,1,"DMSO","DMSO",3000,373300,FALSE,-1.887,6026981.25,0.493,565421074.588,FALSE,NA,23.855,"Stanford_Expanded","D11+25","Tryple",0,"CARIPLO","Yes","RBK1","MWMEA24",20250924,2,152.05757836836,373.3,6.02698125,1.20606506717235,1.01165311653117,0.703593421667056,1.401092446846,0.995746317038894,"KCNH2-p.A561V","LQT2"
"293",34,"A2",7899,20251014,"SCVI498c1","2024_DIFF9_CA","20251014_DMSO_CARIPLO_001","DMSO","30 nM",35,1,"DMSO","DMSO",30000,361100,FALSE,-1.623,5430820,0.223,530634544,TRUE,NA,19.036,"Stanford_Expanded","D11+25","Tryple",0,"CARIPLO","Yes","RBK1","MWMEA24",20250924,2,154.951142966814,361.1,5.43082,1.22901576268683,0.978590785907859,0.633997198225543,1.1180547398097,0.93448478776038,"KCNH2-p.A561V","LQT2"
"294",34,"A2",7899,20251014,"SCVI498c1","2024_DIFF9_CA","20251014_DMSO_CARIPLO_001","DMSO","Control",35,1,"DMSO","DMSO",0,351900,FALSE,-1.75,8891192.308,0.436,551132643.429,FALSE,NA,23.82,"Stanford_Expanded","D11+25","Tryple",0,"CARIPLO","Yes","RBK1","MWMEA24",20250924,2,118.015558222615,351.9,8.891192308,0.936056220824029,0.953658536585366,1.03796314592575,1.39903676729708,0.970583383886455,"KCNH2-p.A561V","LQT2"
"295",34,"A3",7899,20251014,"SCVI498c1","2024_DIFF9_CA","20251014_DMSO_CARIPLO_001","DMSO","1 nM",59,2,"DMSO","DMSO",1000,509200,FALSE,-3.979,16225300,0.134,997864623.429,FALSE,NA,14.919,"Stanford_Expanded","D11+25","Tryple",0,"CARIPLO","Yes","RBK1","MWMEA24",20250924,2,126.413084185502,509.2,16.2253,0.782516934474939,1.02187437286775,1.70532644097701,0.690119344990286,0.979704741284472,"KCNH2-p.A561V","LQT2"
"296",34,"A3",7899,20251014,"SCVI498c1","2024_DIFF9_CA","20251014_DMSO_CARIPLO_001","DMSO","1 pM",59,2,"DMSO","DMSO",0,498300,FALSE,-4.155,9514483.333,0.935,1018536076.615,FALSE,NA,21.618,"Stanford_Expanded","D11+25","Tryple",0,"CARIPLO","Yes","RBK1","MWMEA24",20250924,2,161.54677121502,498.3,9.514483333,1,1,1,1,1,"KCNH2-p.A561V","LQT2"
"297",34,"A3",7899,20251014,"SCVI498c1","2024_DIFF9_CA","20251014_DMSO_CARIPLO_001","DMSO","10 nM",59,2,"DMSO","DMSO",10000,476900,FALSE,-3.325,5009065.217,0.208,898055951.5,TRUE,NA,16.719,"Stanford_Expanded","D11+25","Tryple",0,"CARIPLO","Yes","RBK1","MWMEA24",20250924,2,213.083086726509,476.9,5.009065217,1.31901792356403,0.95705398354405,0.526467390996059,0.77338329170136,0.881712461756482,"KCNH2-p.A561V","LQT2"
"298",34,"A3",7899,20251014,"SCVI498c1","2024_DIFF9_CA","20251014_DMSO_CARIPLO_001","DMSO","100 nM",59,2,"DMSO","DMSO",1e+05,468900,FALSE,-3.366,3747996.774,0.237,903607815.75,TRUE,NA,17.094,"Stanford_Expanded","D11+25","Tryple",0,"CARIPLO","Yes","RBK1","MWMEA24",20250924,2,242.203619258336,468.9,3.747996774,1.49927861409227,0.94099939795304,0.393925412744217,0.790729947266167,0.887163289054078,"KCNH2-p.A561V","LQT2"
"299",34,"A3",7899,20251014,"SCVI498c1","2024_DIFF9_CA","20251014_DMSO_CARIPLO_001","DMSO","3 nM",59,2,"DMSO","DMSO",3000,479500,FALSE,-3.484,7267646.667,0.591,919626390.75,FALSE,NA,17.08,"Stanford_Expanded","D11+25","Tryple",0,"CARIPLO","Yes","RBK1","MWMEA24",20250924,2,177.865496513763,479.5,7.267646667,1.10101548409793,0.962271723861128,0.763850901056594,0.790082338791748,0.902890346119387,"KCNH2-p.A561V","LQT2"
"300",34,"A3",7899,20251014,"SCVI498c1","2024_DIFF9_CA","20251014_DMSO_CARIPLO_001","DMSO","30 nM",59,2,"DMSO","DMSO",30000,476200,FALSE,-3.31,5024800,0.223,901031184.5,TRUE,NA,20.565,"Stanford_Expanded","D11+25","Tryple",0,"CARIPLO","Yes","RBK1","MWMEA24",20250924,2,212.436922280703,476.2,5.0248,1.31501806370334,0.955649207304836,0.528121162667026,0.951290591174022,0.884633549254813,"KCNH2-p.A561V","LQT2"
"301",34,"A3",7899,20251014,"SCVI498c1","2024_DIFF9_CA","20251014_DMSO_CARIPLO_001","DMSO","Control",59,2,"DMSO","DMSO",0,483200,FALSE,-3.735,9260100,0.083,953118394.154,FALSE,NA,14.68,"Stanford_Expanded","D11+25","Tryple",0,"CARIPLO","Yes","RBK1","MWMEA24",20250924,2,158.788515036952,483.2,9.2601,0.982925959105693,0.96969696969697,0.973263568383404,0.679063743176982,0.935772837150345,"KCNH2-p.A561V","LQT2"
"302",34,"A4",7899,20251014,"SCVI498c1","2024_DIFF9_CA","20251014_DMSO_CARIPLO_001","DMSO","1 nM",83,3,"DMSO","DMSO",1000,488700,FALSE,-4.231,3856520,0.048,1040457037.548,TRUE,NA,19.754,"Stanford_Expanded","D11+25","Tryple",0,"CARIPLO","Yes","RBK1","MWMEA24",20250924,3,248.853953699873,488.7,3.85652,0.98140427348438,1.0530058177117,1.15123941912502,0.977872382555319,1.01464028092873,"KCNH2-p.A561V","LQT2"
"303",34,"A4",7899,20251014,"SCVI498c1","2024_DIFF9_CA","20251014_DMSO_CARIPLO_001","DMSO","1 pM",83,3,"DMSO","DMSO",0,464100,FALSE,-4.291,3349885.294,0.171,1025444245.714,TRUE,NA,20.201,"Stanford_Expanded","D11+25","Tryple",0,"CARIPLO","Yes","RBK1","MWMEA24",20250924,2,253.56925827961,464.1,3.349885294,1,1,1,1,1,"KCNH2-p.A561V","LQT2"
"304",34,"A4",7899,20251014,"SCVI498c1","2024_DIFF9_CA","20251014_DMSO_CARIPLO_001","DMSO","10 nM",83,3,"DMSO","DMSO",10000,479500,FALSE,-2.77,2780300,0.145,814034006.233,TRUE,NA,26.729,"Stanford_Expanded","D11+25","Tryple",0,"CARIPLO","Yes","RBK1","MWMEA24",20250924,2,287.569473082108,479.5,2.7803,1.1340865017833,1.03318250377074,0.829968717131841,1.32315231919212,0.793835461689291,"KCNH2-p.A561V","LQT2"
"305",34,"A4",7899,20251014,"SCVI498c1","2024_DIFF9_CA","20251014_DMSO_CARIPLO_001","DMSO","100 nM",83,3,"DMSO","DMSO",1e+05,501200,FALSE,-2.946,2369556,0.029,889132736,TRUE,NA,23.003,"Stanford_Expanded","D11+25","Tryple",0,"CARIPLO","Yes","RBK1","MWMEA24",20250924,3,325.594885183723,501.2,2.369556,1.28404715694949,1.07993966817496,0.707354369489644,1.13870600465323,0.867070774170576,"KCNH2-p.A561V","LQT2"
"306",34,"A4",7899,20251014,"SCVI498c1","2024_DIFF9_CA","20251014_DMSO_CARIPLO_001","DMSO","3 nM",83,3,"DMSO","DMSO",3000,484800,FALSE,-3.791,2941480,0.221,980133991.024,TRUE,NA,35.027,"Stanford_Expanded","D11+25","Tryple",0,"CARIPLO","Yes","RBK1","MWMEA24",20250924,2,282.66996246833,484.8,2.94148,1.11476432271861,1.04460245636716,0.878083797456737,1.73392406316519,0.955814024136972,"KCNH2-p.A561V","LQT2"
"307",34,"A4",7899,20251014,"SCVI498c1","2024_DIFF9_CA","20251014_DMSO_CARIPLO_001","DMSO","30 nM",83,3,"DMSO","DMSO",30000,469900,FALSE,-3.041,2515565.957,0.114,897490955.25,TRUE,NA,35.171,"Stanford_Expanded","D11+25","Tryple",0,"CARIPLO","Yes","RBK1","MWMEA24",20250924,2,296.269940737006,469.9,2.515565957,1.16839849888392,1.01249730661495,0.750940923710327,1.74105242314737,0.875221601760603,"KCNH2-p.A561V","LQT2"
"308",34,"A4",7899,20251014,"SCVI498c1","2024_DIFF9_CA","20251014_DMSO_CARIPLO_001","DMSO","Control",83,3,"DMSO","DMSO",0,457400,FALSE,-4.11,3835358.065,0.16,993287621.625,TRUE,NA,49.402,"Stanford_Expanded","D11+25","Tryple",0,"CARIPLO","Yes","RBK1","MWMEA24",20250924,2,233.557169062056,457.4,3.835358065,0.921078409294055,0.985563456151691,1.14492220729753,2.44552249888619,0.968641275014801,"KCNH2-p.A561V","LQT2"
"309",34,"C1",7899,20251014,"SCVI498c1","2024_DIFF9_CA","20251014_NIFE_CARIPLO_001","NIFE","1 µM",268,12,"NIFE","Nifedipine",1e+06,378900,FALSE,-2.232,3117316.216,0.198,639315641.053,TRUE,NA,27.145,"Stanford_Expanded","D11+25","Tryple",0,"CARIPLO","Yes","RBK1","MWMEA24",20250924,2,214.602203007704,378.9,3.117316216,1.18223028945151,0.760537936571658,0.41384489286069,1.04379758517265,1.07472605590884,"KCNH2-p.A561V","LQT2"
"310",34,"C1",7899,20251014,"SCVI498c1","2024_DIFF9_CA","20251014_NIFE_CARIPLO_001","NIFE","1 pM",268,12,"NIFE","Nifedipine",0,498200,FALSE,-2.47,7532571.429,0.253,594863814.4,FALSE,NA,26.006,"Stanford_Expanded","D11+25","Tryple",0,"CARIPLO","Yes","RBK1","MWMEA24",20250924,2,181.523181162334,498.2,7.532571429,1,1,1,1,1,"KCNH2-p.A561V","LQT2"
"311",34,"C1",7899,20251014,"SCVI498c1","2024_DIFF9_CA","20251014_NIFE_CARIPLO_001","NIFE","100 nM",268,12,"NIFE","Nifedipine",1e+05,464200,FALSE,-1.964,5587690.476,0.101,530288660.182,TRUE,NA,22.711,"Stanford_Expanded","D11+25","Tryple",0,"CARIPLO","Yes","RBK1","MWMEA24",20250924,2,196.37625145336,464.2,5.587690476,1.08182464738619,0.931754315535929,0.741803848615054,0.873298469583942,0.891445482722575,"KCNH2-p.A561V","LQT2"
"312",34,"C1",7899,20251014,"SCVI498c1","2024_DIFF9_CA","20251014_NIFE_CARIPLO_001","NIFE","2 µM",268,12,"NIFE","Nifedipine",2e+06,350351,TRUE,-1.628,3372242.857,0.216,554491045,TRUE,NA,18.236,"Stanford_Expanded","D11+25","Tryple",0,"CARIPLO","Yes","RBK1","MWMEA24",20250924,2,190.78487406896,350.351,3.372242857,1.05102209451884,0.703233641107989,0.447688135291627,0.701222794739676,0.932131071982045,"KCNH2-p.A561V","LQT2"
"313",34,"C1",7899,20251014,"SCVI498c1","2024_DIFF9_CA","20251014_NIFE_CARIPLO_001","NIFE","30 nM",268,12,"NIFE","Nifedipine",30000,482300,FALSE,-2.147,5330650,0.35,563408105.739,TRUE,NA,21.205,"Stanford_Expanded","D11+25","Tryple",0,"CARIPLO","Yes","RBK1","MWMEA24",20250924,2,208.894582777571,482.3,5.33065,1.15078736192244,0.968085106382979,0.70767998023587,0.815388756440821,0.947121159667903,"KCNH2-p.A561V","LQT2"
"314",34,"C1",7899,20251014,"SCVI498c1","2024_DIFF9_CA","20251014_NIFE_CARIPLO_001","NIFE","300 nM",268,12,"NIFE","Nifedipine",3e+05,452900,FALSE,-1.777,4524646.154,0.329,511777604.444,TRUE,NA,18.163,"Stanford_Expanded","D11+25","Tryple",0,"CARIPLO","Yes","RBK1","MWMEA24",20250924,2,212.916839059135,452.9,4.524646154,1.17294572349262,0.909072661581694,0.600677497272758,0.69841575021149,0.860327342250926,"KCNH2-p.A561V","LQT2"
"315",34,"C1",7899,20251014,"SCVI498c1","2024_DIFF9_CA","20251014_NIFE_CARIPLO_001","NIFE","Control",268,12,"NIFE","Nifedipine",0,483300,FALSE,-2.508,8306021.429,0.237,604829603.2,FALSE,NA,50.089,"Stanford_Expanded","D11+25","Tryple",0,"CARIPLO","Yes","RBK1","MWMEA24",20250924,2,167.69506087979,483.3,8.306021429,0.923821738942658,0.970092332396628,1.10268073888052,1.92605552564793,1.01675305937049,"KCNH2-p.A561V","LQT2"
"316",43,"A6",7899,20251014,"SCVI498c1","2024_DIFF9_CA","20251014_DMSO_CARIPLO_001","DMSO","1 nM",129,5,"DMSO","DMSO",1000,463900,FALSE,-1.493,9412016.667,0.178,506313055.385,FALSE,NA,17.495,"Stanford_Expanded","D11+25","Tryple",0,"CARIPLO","Yes","RBK1","MWMEA24",20250924,2,151.210875778967,463.9,9.412016667,1.33026294621479,0.950809592129535,0.510872023519157,1.01232496238861,0.992361610353018,"KCNH2-p.A561V","LQT2"
"317",43,"A6",7899,20251014,"SCVI498c1","2024_DIFF9_CA","20251014_DMSO_CARIPLO_001","DMSO","1 pM",129,5,"DMSO","DMSO",0,487900,FALSE,-1.48,18423433.333,0.261,510210240,FALSE,NA,17.282,"Stanford_Expanded","D11+25","Tryple",0,"CARIPLO","Yes","RBK1","MWMEA24",20250924,2,113.669914815888,487.9,18.423433333,1,1,1,1,1,"KCNH2-p.A561V","LQT2"
"318",43,"A6",7899,20251014,"SCVI498c1","2024_DIFF9_CA","20251014_DMSO_CARIPLO_001","DMSO","10 nM",129,5,"DMSO","DMSO",10000,446100,FALSE,-1.034,4619900,0.224,449469179.077,TRUE,NA,25.616,"Stanford_Expanded","D11+25","Tryple",0,"CARIPLO","Yes","RBK1","MWMEA24",20250924,2,207.546749318474,446.1,4.6199,1.82587230451118,0.914326706292273,0.250762163408752,1.48223585233191,0.880948957584622,"KCNH2-p.A561V","LQT2"
"319",43,"A6",7899,20251014,"SCVI498c1","2024_DIFF9_CA","20251014_DMSO_CARIPLO_001","DMSO","100 nM",129,5,"DMSO","DMSO",1e+05,449700,FALSE,-1.161,3918076.667,0.184,437193417.29,TRUE,NA,28.612,"Stanford_Expanded","D11+25","Tryple",0,"CARIPLO","Yes","RBK1","MWMEA24",20250924,2,227.188541074901,449.7,3.918076667,1.99866905366192,0.921705267472843,0.212668105677238,1.65559541719708,0.856888754898373,"KCNH2-p.A561V","LQT2"
"320",43,"A6",7899,20251014,"SCVI498c1","2024_DIFF9_CA","20251014_DMSO_CARIPLO_001","DMSO","3 nM",129,5,"DMSO","DMSO",3000,451800,FALSE,-1.206,5630800,0.389,466869617.143,TRUE,NA,20.171,"Stanford_Expanded","D11+25","Tryple",0,"CARIPLO","Yes","RBK1","MWMEA24",20250924,2,190.397471065124,451.8,5.6308,1.67500320004209,0.926009428161509,0.305632500643304,1.16716815183428,0.915053404539666,"KCNH2-p.A561V","LQT2"
"321",43,"A6",7899,20251014,"SCVI498c1","2024_DIFF9_CA","20251014_DMSO_CARIPLO_001","DMSO","30 nM",129,5,"DMSO","DMSO",30000,452000,FALSE,-1.306,5042604.348,0.327,455359659,TRUE,NA,25.823,"Stanford_Expanded","D11+25","Tryple",0,"CARIPLO","Yes","RBK1","MWMEA24",20250924,2,201.284803433897,452,5.042604348,1.77078344573338,0.926419348227096,0.273706005653555,1.4942136326814,0.892494158878505,"KCNH2-p.A561V","LQT2"
"322",43,"A6",7899,20251014,"SCVI498c1","2024_DIFF9_CA","20251014_DMSO_CARIPLO_001","DMSO","Control",129,5,"DMSO","DMSO",0,440100,FALSE,-1.229,7759028.571,0.54,419830708,FALSE,NA,18.938,"Stanford_Expanded","D11+25","Tryple",0,"CARIPLO","Yes","RBK1","MWMEA24",20250924,2,157.996582447247,440.1,7.759028571,1.38995953945383,0.902029104324657,0.421149979526457,1.09582224279597,0.822858255451713,"KCNH2-p.A561V","LQT2"
"323",43,"B1",7899,20251014,"SCVI498c1","2024_DIFF9_CA","20251014_Dofetilide_CARIPLO_001","Dofetilide","1 nM",21,6,"Dofetilide","Dofetilide",1000,585300,FALSE,-1.7,3930886.207,0.171,729618524.4,TRUE,NA,31.254,"Stanford_Expanded","D11+25","Tryple",0,"CARIPLO","Yes","RBK1","MWMEA24",20250924,2,295.211511359069,585.3,3.930886207,1.08297069211791,1.0205754141238,0.888089624726183,1.05221694778305,1.00101976842504,"KCNH2-p.A561V","LQT2"
"324",43,"B1",7899,20251014,"SCVI498c1","2024_DIFF9_CA","20251014_Dofetilide_CARIPLO_001","Dofetilide","1 pM",21,6,"Dofetilide","Dofetilide",0,573500,FALSE,-1.766,4426226.923,0.271,728875240.444,TRUE,NA,29.703,"Stanford_Expanded","D11+25","Tryple",0,"CARIPLO","Yes","RBK1","MWMEA24",20250924,2,272.594183303094,573.5,4.426226923,1,1,1,1,1,"KCNH2-p.A561V","LQT2"
"325",43,"B1",7899,20251014,"SCVI498c1","2024_DIFF9_CA","20251014_Dofetilide_CARIPLO_001","Dofetilide","10 nM",21,6,"Dofetilide","Dofetilide",10000,616700,FALSE,-1.709,3159921.622,0.033,688639519.579,TRUE,NA,22.199,"Stanford_Expanded","D11+25","Tryple",0,"CARIPLO","Yes","RBK1","MWMEA24",20250924,3,346.925156698093,616.7,3.159921622,1.27267996878845,1.07532693984307,0.713908635271296,0.747365585967747,0.94479752002484,"KCNH2-p.A561V","LQT2"
"326",43,"B1",7899,20251014,"SCVI498c1","2024_DIFF9_CA","20251014_Dofetilide_CARIPLO_001","Dofetilide","100 nM",21,6,"Dofetilide","Dofetilide",1e+05,731000,FALSE,-1.683,2791390.476,0.029,665615887.814,FALSE,NA,21.484,"Stanford_Expanded","D11+25","Tryple",0,"CARIPLO","Yes","RBK1","MWMEA24",20250924,3,437.529238604463,731,2.791390476,1.60505713402542,1.27462946817786,0.630647846249161,0.723293943372723,0.913209628863967,"KCNH2-p.A561V","LQT2"
"327",43,"B1",7899,20251014,"SCVI498c1","2024_DIFF9_CA","20251014_Dofetilide_CARIPLO_001","Dofetilide","3 nM",21,6,"Dofetilide","Dofetilide",3000,577900,FALSE,-1.736,3246280,0.062,720355731.667,TRUE,NA,25.218,"Stanford_Expanded","D11+25","Tryple",0,"CARIPLO","Yes","RBK1","MWMEA24",20250924,3,320.744860707454,577.9,3.24628,1.17663868253132,1.00767218831735,0.733419243177831,0.849005150994849,0.988311430675282,"KCNH2-p.A561V","LQT2"
"328",43,"B1",7899,20251014,"SCVI498c1","2024_DIFF9_CA","20251014_Dofetilide_CARIPLO_001","Dofetilide","30 nM",21,6,"Dofetilide","Dofetilide",30000,703000,FALSE,-1.649,3008542.105,0.04,660077620.615,TRUE,NA,21.785,"Stanford_Expanded","D11+25","Tryple",0,"CARIPLO","Yes","RBK1","MWMEA24",20250924,3,405.300629315057,703,3.008542105,1.48682787139449,1.2258064516129,0.679708057751561,0.733427599905733,0.905611254146743,"KCNH2-p.A561V","LQT2"
"329",43,"B1",7899,20251014,"SCVI498c1","2024_DIFF9_CA","20251014_Dofetilide_CARIPLO_001","Dofetilide","Control",21,6,"Dofetilide","Dofetilide",0,539700,FALSE,-1.784,4208042.857,0.267,688718054.069,TRUE,NA,34.991,"Stanford_Expanded","D11+25","Tryple",0,"CARIPLO","Yes","RBK1","MWMEA24",20250924,2,263.094846332552,539.7,4.208042857,0.965152092185403,0.941063644289451,0.950706534076179,1.17802915530418,0.944905267531741,"KCNH2-p.A561V","LQT2"
"330",43,"B3",7899,20251014,"SCVI498c1","2024_DIFF9_CA","20251014_Dofetilide_CARIPLO_001","Dofetilide","1 nM",69,8,"Dofetilide","Dofetilide",1000,406700,FALSE,-2.69,4209681.481,0.218,683396048.143,TRUE,NA,NA,"Stanford_Expanded","D11+25","Tryple",0,"CARIPLO","Yes","RBK1","MWMEA24",20250924,2,198.220950343969,406.7,4.209681481,1.05484220273085,1.0406857727738,0.973339259138152,NA,0.951133377379437,"KCNH2-p.A561V","LQT2"
"331",43,"B3",7899,20251014,"SCVI498c1","2024_DIFF9_CA","20251014_Dofetilide_CARIPLO_001","Dofetilide","1 pM",69,8,"Dofetilide","Dofetilide",0,390800,FALSE,-2.644,4324988.889,0.319,718507061.571,TRUE,NA,NA,"Stanford_Expanded","D11+25","Tryple",0,"CARIPLO","Yes","RBK1","MWMEA24",20250924,2,187.915263373802,390.8,4.324988889,1,1,1,NA,1,"KCNH2-p.A561V","LQT2"
"332",43,"B3",7899,20251014,"SCVI498c1","2024_DIFF9_CA","20251014_Dofetilide_CARIPLO_001","Dofetilide","10 nM",69,8,"Dofetilide","Dofetilide",10000,435600,FALSE,-2.694,3295222.222,0.024,747013710.162,TRUE,NA,NA,"Stanford_Expanded","D11+25","Tryple",0,"CARIPLO","Yes","RBK1","MWMEA24",20250924,3,239.963682056357,435.6,3.295222222,1.27697813231393,1.11463664278403,0.761903049134053,NA,1.03967483427187,"KCNH2-p.A561V","LQT2"
"333",43,"B3",7899,20251014,"SCVI498c1","2024_DIFF9_CA","20251014_Dofetilide_CARIPLO_001","Dofetilide","100 nM",69,8,"Dofetilide","Dofetilide",1e+05,508300,FALSE,-3.043,2798483.333,0.026,797774589.488,FALSE,NA,NA,"Stanford_Expanded","D11+25","Tryple",0,"CARIPLO","Yes","RBK1","MWMEA24",20250924,3,303.849654842091,508.3,2.798483333,1.61695037107056,1.30066530194473,0.647049831762007,NA,1.11032254539529,"KCNH2-p.A561V","LQT2"
"334",43,"B3",7899,20251014,"SCVI498c1","2024_DIFF9_CA","20251014_Dofetilide_CARIPLO_001","Dofetilide","3 nM",69,8,"Dofetilide","Dofetilide",3000,414200,FALSE,-2.748,3571333.333,0.054,709275328.588,TRUE,NA,NA,"Stanford_Expanded","D11+25","Tryple",0,"CARIPLO","Yes","RBK1","MWMEA24",20250924,3,219.176960997782,414.2,3.571333333,1.16636060883353,1.05987717502559,0.825743932448748,NA,0.987151506955527,"KCNH2-p.A561V","LQT2"
"335",43,"B3",7899,20251014,"SCVI498c1","2024_DIFF9_CA","20251014_Dofetilide_CARIPLO_001","Dofetilide","30 nM",69,8,"Dofetilide","Dofetilide",30000,463400,FALSE,-2.881,3095948.649,0.034,788890310.526,TRUE,NA,NA,"Stanford_Expanded","D11+25","Tryple",0,"CARIPLO","Yes","RBK1","MWMEA24",20250924,3,263.365664891008,463.4,3.095948649,1.40151289556038,1.18577277379734,0.715828116200277,NA,1.0979576300908,"KCNH2-p.A561V","LQT2"
"336",43,"B3",7899,20251014,"SCVI498c1","2024_DIFF9_CA","20251014_Dofetilide_CARIPLO_001","Dofetilide","Control",69,8,"Dofetilide","Dofetilide",0,379600,FALSE,-2.63,3589054.545,0.092,827640107.294,TRUE,NA,NA,"Stanford_Expanded","D11+25","Tryple",0,"CARIPLO","Yes","RBK1","MWMEA24",20250924,2,200.3716038464,379.6,3.589054545,1.06628700749986,0.971340839303992,0.829841333032844,NA,1.15188861955564,"KCNH2-p.A561V","LQT2"
